web_scraper_order,web_scraper_start_url,data,raspuns_corect_1,raspuns_corect_2,raspuns_corect_3,raspuns_1,raspuns_2,data3,image,explicatie,categorii
"1790577279-1","https://scoaladrpciv.ro/intrebari/categoria-redobandire","Înscrisul TUBELESS pe o anvelopă, semnifică faptul că:","C - anvelopa este de tipul „fără cameră de aer”.","","","A - anvelopa este cu profil de iarnă;","B - anvelopa este cu profil de vară;","https://scoaladrpciv.ro/intrebare/inscrisul-tubeless-pe-o-anvelopa-semnifica-faptul-ca-3ef1","","<div class="""">
                        <p data-start=""0"" data-end=""115"">Inscripţia <strong data-start=""11"" data-end=""23"">TUBELESS</strong> de pe o anvelopă înseamnă că aceasta este concepută să fie folosită <strong data-start=""92"" data-end=""114"">fără cameră de aer</strong>.</p>
<p data-start=""117"" data-end=""312"">Mai exact, o anvelopă tubeless se montează direct pe jantă, iar etanşarea aerului se face între talonul anvelopei şi jantă. Anvelopa are un strat interior special care nu permite aerului să iasă.</p>


                    </div>","https://scoaladrpciv.ro/intrebari/categoria-redobandire/notiuni-de-mecanica"
"1790577288-2","https://scoaladrpciv.ro/intrebari/categoria-redobandire","Cum veți proceda noaptea, când vizibilitatea este redusă din cauza ceții, din punct de vedere al circulației preventive?","C - păstrați o distanță egală între axa drumului și marginea din dreapta a părții carosabile, rulând cu o viteză care să asigure oprirea într-un spațiu mai mic decât cel de vizibilitate.","","","A - circulați cât mai aproape de axul drumului;","B - circulați cât mai aproape de marginea din dreapta a drumului public;","https://scoaladrpciv.ro/intrebare/cum-veti-proceda-noaptea-cand-vizibilitatea-este-redusa-din-cauza-cetii-din-punct-de-vedere-al-circulatiei-preventive-8b5a","","","https://scoaladrpciv.ro/intrebari/categoria-redobandire/conducerea-preventiva"
"1790577293-3","https://scoaladrpciv.ro/intrebari/categoria-redobandire","Intenționați să transportați o încărcătură cu autoturismul personal. Ce trebuie să aveți în vedere?","C - să nu fie depășite lungimea, lățimea și greutatea admise.","","","A - în față, încărcătura poate depăși cu un metru limitele vehiculului;","B - încărcătura să nu fie voluminoasă;","https://scoaladrpciv.ro/intrebare/intentionati-sa-transportati-o-incarcatura-cu-autoturismul-personal-ce-trebuie-sa-aveti-in-vedere-41c1","","","https://scoaladrpciv.ro/intrebari/categoria-redobandire/reguli-generale"
"1790577295-4","https://scoaladrpciv.ro/intrebari/categoria-redobandire","Este permisă deschiderea portierelor autoturismului pe timpul opririi sau staționării pe un drum public?","A - da, numai după ce conducătorul sau pasagerul s-a asigurat că aceasta nu prezintă pericol pentru trafic;","","","B - da, numai pe drumurile cu trafic redus;","C - nu este permisă.","https://scoaladrpciv.ro/intrebare/este-permisa-deschiderea-portierelor-autoturismului-pe-timpul-opririi-sau-stationarii-pe-un-drum-public-f4d7","","","https://scoaladrpciv.ro/intrebari/categoria-redobandire/reguli-generale"
"1790577298-5","https://scoaladrpciv.ro/intrebari/categoria-redobandire","Într-o zonă pietonală, semnalizată ca atare, sunteți obligat să circulați cu o viteză de:","C - cel mult 5 km/h.","","","A - cel mult 30 km/h;","B - cel mult 20 km/h;","https://scoaladrpciv.ro/intrebare/intr-o-zona-pietonala-semnalizata-ca-atare-sunteti-obligat-sa-circulati-cu-o-viteza-de-1390","","","https://scoaladrpciv.ro/intrebari/categoria-redobandire/reguli-generale"
"1790577300-6","https://scoaladrpciv.ro/intrebari/categoria-redobandire","În timpul deplasării cu vehiculul pe drumurile publice vă este interzis:","C - să reduceți brusc viteza sau să efectuați opriri neașteptate, fără motiv întemeiat.","","","A - să circulați la o distanță mai mică de 50 m față de vehiculul din față;","B - să folosiți fără motiv luminile de drum;","https://scoaladrpciv.ro/intrebare/in-timpul-deplasarii-cu-vehiculul-pe-drumurile-publice-va-este-interzis-0ea5","","","https://scoaladrpciv.ro/intrebari/categoria-redobandire/reguli-generale"
"1790577302-7","https://scoaladrpciv.ro/intrebari/categoria-redobandire","Mijloacele de avertizare sonoră se vor folosi:","B - pe o durata de timp care să asigure perceperea semnalului de către cei cărora li se adresează, dar fără să îi determine pe aceștia la manevre ce pot pune în pericol siguranța circulației;","","","A - de la cel mult 25 m față de cei cărora li se adresează;","C - de la cel puțin 50 m față de cei cărora li se adresează.","https://scoaladrpciv.ro/intrebare/mijloacele-de-avertizare-sonora-se-vor-folosi-cfda","","","https://scoaladrpciv.ro/intrebari/categoria-redobandire/reguli-generale"
"1790577304-8","https://scoaladrpciv.ro/intrebari/categoria-redobandire","Cine este exceptat de la obligația purtării centurii de siguranță:","B - examinatorul din cadrul autorității competente în timpul desfășurării probelor practice ale examenului pentru obținerea permisului de conducere;","","","A - persoana care posedă un certificat medical în care nu este menționată contraindicația purtării acesteia;","C - instructorul auto în afara timpului pregătirii practice a persoanelor care învăță să conducă autovehicule.","https://scoaladrpciv.ro/intrebare/cine-este-exceptat-de-la-obligatia-purtarii-centurii-de-siguranta-4aa3","","","https://scoaladrpciv.ro/intrebari/categoria-redobandire/reguli-generale"
"1790577307-9","https://scoaladrpciv.ro/intrebari/categoria-redobandire","Participanții la trafic vor respecta regulile de circulație, semnalele, indicațiile și dispozițiile polițistului rutier, precum și semnificația mijloacelor de semnalizare, în următoarea ordine de prioritate:","A - semnalele, indicațiile și dispozițiile polițistului rutier; semnalele speciale de avertizare ale autovehiculelor cu regim de circulație prioritară; semnalizarea temporară; semnalele luminoase sau sonore; indicatoarele; marcajele; regulile de circulație.","","","B - semnalizarea temporară; semnalele, indicațiile și dispozițiile polițistului rutier; semnalele speciale de avertizare ale autovehiculelor cu regim de circulație prioritară;","C - semnalele speciale de avertizare ale autovehiculelor cu regim de circulație prioritară; semnalele luminoase sau sonore; semnalele, indicațiile și dispozițiile polițistului rutier; semnalizarea temporară; indicatoarele; marcajele și regulile de circulație.","https://scoaladrpciv.ro/intrebare/participantii-la-trafic-vor-respecta-regulile-de-circulatie-semnalele-indicatiile-si-dispozitiile-politistului-rutier-precum-si-semnificatia-mijloacelor-de-semnalizare-in-urmatoarea-ordine-de-prioritate-7b59","","","https://scoaladrpciv.ro/intrebari/categoria-redobandire/reguli-generale"
"1790577309-10","https://scoaladrpciv.ro/intrebari/categoria-redobandire","Sunt exceptați de la obligația de a purta centura de siguranță:","A - femeile în stare vizibilă de graviditate;","","","B - conducătorii de autovehicule atunci când execută manevra de mers înainte și înapoi;","C - conducătorii de autoturisme de transport în regim de taxi, când nu transporta pasageri.","https://scoaladrpciv.ro/intrebare/sunt-exceptati-de-la-obligatia-de-a-purta-centura-de-siguranta-dadc","","","https://scoaladrpciv.ro/intrebari/categoria-redobandire/reguli-generale"
"1790577312-11","https://scoaladrpciv.ro/intrebari/categoria-redobandire","Ce îi este interzis conducătorului de autovehicul, tractor agricol sau forestier ori tramvai?","A - să transporte în și pe autoturism obiecte a căror lungime sau lățime depășește, împreună cu încărcătura, dimensiunile acestuia;","","","B - să transporte copii în vârstă de până la 12 ani pe scaunul din spate al vehiculului, chiar dacă aceștia sunt supravegheați de o altă persoană, alta decât conducătorul de vehiculului;","C - să transporte în acestea mai puține persoane decât numărul de locuri stabilite în certificatul de înmatriculare sau de înregistrare.","https://scoaladrpciv.ro/intrebare/ce-ii-este-interzis-conducatorului-de-autovehicul-tractor-agricol-sau-forestier-ori-tramvai-10c2","","","https://scoaladrpciv.ro/intrebari/categoria-redobandire/reguli-generale"
"1790577314-12","https://scoaladrpciv.ro/intrebari/categoria-redobandire","Participanții la trafic vor respecta regulile de circulație, semnalele, indicațiile și dispozițiile polițistului rutier, precum și semnificația diverselor mijloace de semnalizare rutieră, conform următoarei ordini de prioritate:","B - semnalele, indicațiile și dispozițiile polițistului rutier; semnalele speciale de avertizare; semnalizarea temporară; semnale luminoase sau sonore; indicatoarele; marcajele; regulile de circulație;","","","A - regulile de circulație; marcajele; indicatoarele; semnalele luminoase sau sonore; semnalizarea temporară; indicațiile și dispozițiile polițistului rutier;","C - semnalizarea temporară; marcajele; indicatoarele; semnalele, indicațiile și dispozițiile polițistului rutier; regulile de circulație.","https://scoaladrpciv.ro/intrebare/participantii-la-trafic-vor-respecta-regulile-de-circulatie-semnalele-indicatiile-si-dispozitiile-politistului-rutier-precum-si-semnificatia-diverselor-mijloace-de-semnalizare-rutiera-conform-urmatoarei-ordini-de-prioritate-70fb","","","https://scoaladrpciv.ro/intrebari/categoria-redobandire/reguli-generale"
"1790577316-13","https://scoaladrpciv.ro/intrebari/categoria-redobandire","Într-o intersecție, prezența unei ambulanțe ce se deplasează la o intervenție obligă pe ceilalți conducători:","C - să acorde prioritate de trecere ambulanței.","","","A - să reducă viteza și să-și continue drumul cu atenție;","B - să respecte semnificația culorii semaforului;","https://scoaladrpciv.ro/intrebare/intr-o-intersectie-prezenta-unei-ambulante-ce-se-deplaseaza-la-o-interventie-obliga-pe-ceilalti-conducatori-dfe3","","<div class="""">
                        <h4>Articolul 130</h4>
<p>Conducãtorul de vehicul care se apropie de intrarea într-o intersecție, simultan cu un autovehicul cu regim de circulație prioritarã care are în funcțiune semnalele luminoase și sonore, are obligația sã îi acorde prioritate de trecere.</p>


                    </div>","https://scoaladrpciv.ro/intrebari/categoria-redobandire/reguli-generale"
"1790577319-14","https://scoaladrpciv.ro/intrebari/categoria-redobandire","Care dintre tipurile de semnalizare de mai jos vor fi respectate cu prioritate?","C - semnalele și indicațiile polițistului.","","","A - semnalele luminoase;","B - semnalizarea temporară, care modifică regimul normal de desfășurare a circulației;","https://scoaladrpciv.ro/intrebare/care-dintre-tipurile-de-semnalizare-de-mai-jos-vor-fi-respectate-cu-prioritate-0c37","","<div class="""">
                        <h4>Articolul 31</h4>
<p>Participanții la trafic trebuie să respecte regulile de circulație, semnalele, indicațiile și dispozițiile polițistului rutier, precum și semnificația diferitelor tipuri de mijloace de semnalizare rutieră, în următoarea ordine de prioritate:</p>
<ul>
<li>a)&nbsp; semnalele, indicațiile și dispozițiile polițistului rutier;</li>
<li>b)&nbsp;&nbsp; semnalele speciale de avertizare, luminoase sau sonore ale autovehiculelor, prevăzute la art. 32 alin. (2) lit. a) și b);</li>
<li>c)&nbsp;&nbsp;semnalizarea temporară și/sau indicatoarele electronice, care modifică regimul normal de desfășurare a circulației;</li>
<li>d)&nbsp; semnalele luminoase sau sonore;</li>
<li>e)&nbsp; indicatoarele;</li>
<li>f)&nbsp; marcajele;</li>
<li>g)&nbsp; regulile de circulație.</li>
</ul>


                    </div>","https://scoaladrpciv.ro/intrebari/categoria-redobandire/reguli-generale"
"1790577322-15","https://scoaladrpciv.ro/intrebari/categoria-redobandire","Circulația autovehiculelor pe drumurile modernizate este interzisă în următoarele situații:","B - atunci când din vehicul cad sau se scurg produse, substanțe ori materiale ce pot pune în pericol siguranța circulației;","","","A - atunci când vehiculul are aplicate folii pe lunetă și pe geamurile laterale, care restrâng vizibilitatea, atât din interior, cât și din exterior, care sunt omologate și certificate, prin marcaj corespunzător, de către autoritatea competentă;","C - atunci când vechimea în practică de conducere a conducătorului este sub vechimea minimă prevăzută de legislația în vigoare.","https://scoaladrpciv.ro/intrebare/circulatia-autovehiculelor-pe-drumurile-modernizate-este-interzisa-in-urmatoarele-situatii-56c5","","","https://scoaladrpciv.ro/intrebari/categoria-redobandire/reguli-generale"
"1790577325-16","https://scoaladrpciv.ro/intrebari/categoria-redobandire","În timpul conducerii unui autovehicul pe drumurile publice, este interzis:","C - să se țină în brațe animale de către ocupanții locurilor din față în timpul deplasării.","","","A - să se transporte copii cu o înălțime de peste 135 cm pe scaunul din spate;","B - să se fumeze în timp ce vehiculul este în mișcare;","https://scoaladrpciv.ro/intrebare/in-timpul-conducerii-unui-autovehicul-pe-drumurile-publice-este-interzis-e271","","","https://scoaladrpciv.ro/intrebari/categoria-redobandire/reguli-generale"
"1790577328-17","https://scoaladrpciv.ro/intrebari/categoria-redobandire","Se interzice conducătorului de autovehicul, tractor agricol sau forestier ori tramvai:","C - să conducă aceste vehicule cu dovada înlocuitoare a permisului de conducere eliberată fără drept de circulație sau a cărei valabilitate a expirat.","","","A - să reducă brusc viteza sau să efectueze o oprire neașteptată;","B - să mărească brusc viteza de deplasare, fără să aibă un motiv justificat;","https://scoaladrpciv.ro/intrebare/se-interzice-conducatorului-de-autovehicul-tractor-agricol-sau-forestier-ori-tramvai-c737","","","https://scoaladrpciv.ro/intrebari/categoria-redobandire/reguli-generale"
"1790577332-18","https://scoaladrpciv.ro/intrebari/categoria-redobandire","Un autoturism care a rămas în pană poate fi remorcat astfel:","B - folosind o legătură flexibilă omologată, cu o lungime cuprinsă între 3 și 5 m, dacă mecanismul de direcție și sistemul de frânare nu sunt defecte;","","","A - folosind o bară metalică cu o lungime de 5 m;","C - cu orice tip de dispozitiv de remorcare.","https://scoaladrpciv.ro/intrebare/un-autoturism-care-a-ramas-in-pana-poate-fi-remorcat-astfel-49fd","","","https://scoaladrpciv.ro/intrebari/categoria-redobandire/reguli-generale"
"1790577335-19","https://scoaladrpciv.ro/intrebari/categoria-redobandire","Puteți schimba poziția vehiculului, dacă sunteți implicat într-un accident de circulație?","C - da, dacă accidentul s-a soldat numai cu avarii.","","","A - da, după ce ați acordat primul ajutor victimelor;","B - da, după ce ați anunțat poliția;","https://scoaladrpciv.ro/intrebare/puteti-schimba-pozitia-vehiculului-daca-sunteti-implicat-intr-un-accident-de-circulatie-da43","","","https://scoaladrpciv.ro/intrebari/categoria-redobandire/reguli-generale"
"1790577339-20","https://scoaladrpciv.ro/intrebari/categoria-redobandire","Când ninge abundent, ce lumini sunteți obligat să folosiți:","C - cele de întâlnire.","","","A - cele de poziție;","B - cele de drum;","https://scoaladrpciv.ro/intrebare/cand-ninge-abundent-ce-lumini-sunteti-obligat-sa-folositi-0b33","","","https://scoaladrpciv.ro/intrebari/categoria-redobandire/reguli-generale"
"1790577343-21","https://scoaladrpciv.ro/intrebari/categoria-redobandire","Prin comportament agresiv se înțelege efectuarea, pe drumul public, de către conducătorul de vehicul:","C - a manevrei de întoarcere a vehiculului prin folosirea frânei de ajutor.","","","A - a manevrei de oprire a vehiculului în loc nepermis;","B - a manevrei de mers înapoi pe o distanță mai mare de 50 de metri;","https://scoaladrpciv.ro/intrebare/prin-comportament-agresiv-se-intelege-efectuarea-pe-drumul-public-de-catre-conducatorul-de-vehicul-cd4a","","<div class="""">
                        <h4>Articolul 54^1</h4>
<p>(1)&nbsp;&nbsp;&nbsp;Se interzice conducătorilor de vehicule să adopte un comportament agresiv în conducerea acestora pe drumurile publice.</p>
<p>(2)&nbsp;&nbsp;Prin comportament agresiv se înțelege efectuarea, pe drumul public, de către conducătorul de vehicul, a uneia dintre următoarele manevre:</p>
<ul>
<li>a)&nbsp;&nbsp;&nbsp;deplasarea succesivă de pe o bandă de circulație pe alta sau de pe un rând pe altul, alternând din stânga în dreapta, în scopul depășirii unui șir de vehicule care circulă în același sens;</li>
<li><span style=""background-color: #fbeeb8;"">b)&nbsp; întoarcerea vehiculului prin folosirea frânei de ajutor;</span></li>
<li>c)&nbsp; pornirea vehiculului de pe loc prin patinarea excesivă, în gol, a roților motoare;</li>
<li>d)&nbsp;circulația cu vehiculul la o distanță foarte redusă față de un alt vehicul, înaintea sau în spatele acestuia, cât și în lateral, ori reducerea bruscă a vitezei de deplasare fără motiv întemeiat, de natură a intimida conducătorul acestuia;</li>
<li>e)&nbsp;&nbsp;&nbsp; folosirea repetată a semnalelor sonore și/sau luminoase de natură a obliga nejustificat conducătorul de vehicul care circulă în fața sa să elibereze banda de circulație;</li>
<li>f)&nbsp;&nbsp;&nbsp; conducerea mopedului sau motocicletei având în contact cu partea carosabilă numai una dintre roți;</li>
<li>g)&nbsp;&nbsp;&nbsp;mersul cu spatele cu vehiculul în scopul intimidării celorlalți participanți la trafic care circulă în spatele acestuia;</li>
<li>h)&nbsp;&nbsp; realizarea intenționată a unui derapaj controlat al vehiculului în vederea întoarcerii sau rotirii acestuia;</li>
<li>i)&nbsp;&nbsp;&nbsp;conducerea intenționată a unui vehicul prin accelerarea repetată a motorului, de natură a stânjeni persoanele aflate în zona drumului public.</li>
</ul>


                    </div>","https://scoaladrpciv.ro/intrebari/categoria-redobandire/reguli-generale"
"1790577345-22","https://scoaladrpciv.ro/intrebari/categoria-redobandire","Prin comportament agresiv se înțelege:","B - pornirea vehiculului de pe loc prin patinarea excesivă, în gol, a roților motoare;","","","A - folosirea în circulația pe drumurile publice a dispozitivelor care perturbă funcționarea normală a dispozitivelor de măsurare a vitezei;","C - nerespectarea semnificației indicatoarelor și marcajelor de obligare.","https://scoaladrpciv.ro/intrebare/prin-comportament-agresiv-se-intelege-bfd0","","<div class="""">
                        <h4>Articolul 54^1</h4>
<p>(1)&nbsp;&nbsp;&nbsp;Se interzice conducătorilor de vehicule să adopte un comportament agresiv în conducerea acestora pe drumurile publice.</p>
<p>(2)&nbsp;&nbsp;Prin comportament agresiv se înțelege efectuarea, pe drumul public, de către conducătorul de vehicul, a uneia dintre următoarele manevre:</p>
<ul>
<li>a)&nbsp;&nbsp;&nbsp;deplasarea succesivă de pe o bandă de circulație pe alta sau de pe un rând pe altul, alternând din stânga în dreapta, în scopul depășirii unui șir de vehicule care circulă în același sens;</li>
<li>b)&nbsp; întoarcerea vehiculului prin folosirea frânei de ajutor;</li>
<li><span style=""background-color: #fbeeb8;"">c)&nbsp; pornirea vehiculului de pe loc prin patinarea excesivă, în gol, a roților motoare;</span></li>
<li>d)&nbsp;circulația cu vehiculul la o distanță foarte redusă față de un alt vehicul, înaintea sau în spatele acestuia, cât și în lateral, ori reducerea bruscă a vitezei de deplasare fără motiv întemeiat, de natură a intimida conducătorul acestuia;</li>
<li>e)&nbsp;&nbsp;&nbsp; folosirea repetată a semnalelor sonore și/sau luminoase de natură a obliga nejustificat conducătorul de vehicul care circulă în fața sa să elibereze banda de circulație;</li>
<li>f)&nbsp;&nbsp;&nbsp; conducerea mopedului sau motocicletei având în contact cu partea carosabilă numai una dintre roți;</li>
<li>g)&nbsp;&nbsp;&nbsp;mersul cu spatele cu vehiculul în scopul intimidării celorlalți participanți la trafic care circulă în spatele acestuia;</li>
<li>h)&nbsp;&nbsp; realizarea intenționată a unui derapaj controlat al vehiculului în vederea întoarcerii sau rotirii acestuia;</li>
<li>i)&nbsp;&nbsp;&nbsp;conducerea intenționată a unui vehicul prin accelerarea repetată a motorului, de natură a stânjeni persoanele aflate în zona drumului public.</li>
</ul>


                    </div>","https://scoaladrpciv.ro/intrebari/categoria-redobandire/reguli-generale"
"1790577350-23","https://scoaladrpciv.ro/intrebari/categoria-redobandire","Ce măsuri vor fi luate în cazul conducerii pe drumurile publice a unui autovehicul cu defecţiuni grave la mecanismul de direcţie?","A - amendă contravenţională, reţinerea certificatului de înmatriculare, precum şi reţinerea permisului de conducere în vederea suspendării exercitării dreptului de a conduce autovehicule","","","B - amendă contravenţională","C - amendă contravenţională şi reţinerea certificatului de înmatriculare","https://scoaladrpciv.ro/intrebare/ce-masuri-vor-fi-luate-in-cazul-conducerii-pe-drumurile-publice-a-unui-autovehicul-cu-defectiuni-grave-la-mecanismul-de-directie-d699","","","https://scoaladrpciv.ro/intrebari/categoria-redobandire/sanctiuni-si-contraventii"
"1790577352-24","https://scoaladrpciv.ro/intrebari/categoria-redobandire","Constituie infracţiune conducerea unui autovehicul sau tramvai, dacă:","A - conducătorul este sub influenţa unor stupefiante sau a unor medicamente cu efecte similare acestora","","","B - conducătorul a consumat medicamente recomandate de medic","C - conducătorul nu a efectuat testul psihologic","https://scoaladrpciv.ro/intrebare/constituie-infractiune-conducerea-unui-autovehicul-sau-tramvai-daca-ad41","","","https://scoaladrpciv.ro/intrebari/categoria-redobandire/sanctiuni-si-contraventii"
"1790577355-25","https://scoaladrpciv.ro/intrebari/categoria-redobandire","În care dintre situaţii este interzis să circulaţi pe drumurile publice?","B - atunci când vehiculul nu este asigurat de răspundere civilă, în caz de pagube materiale produse terţilor prin accidente de circulaţie, conform legii","","","A - atunci când certificatul de înmatriculare este deteriorat","C - atunci când conducătorul auto nu a plătit taxa de folosire a drumurilor publice","https://scoaladrpciv.ro/intrebare/in-care-dintre-situatii-este-interzis-sa-circulati-pe-drumurile-publice-0353","","","https://scoaladrpciv.ro/intrebari/categoria-redobandire/sanctiuni-si-contraventii"
"1790577358-26","https://scoaladrpciv.ro/intrebari/categoria-redobandire","Conducătorul unui vehicul implicat într-un accident de circulaţie, din care au rezultat numai pagube materiale, este obligat să se supună recoltării probelor biologice, dacă aerul expirat, testat cu un aparat autorizat, arată o concentraţie:","C - mai mare de 0,40 mg/l alcool pur","","","A - mai mică de 0,40 mg/l alcool pur","B - mai mare de 0,80 mg/l alcool pur","https://scoaladrpciv.ro/intrebare/conducatorul-unui-vehicul-implicat-intr-un-accident-de-circulatie-din-care-au-rezultat-numai-pagube-materiale-este-obligat-sa-se-supuna-recoltarii-probelor-biologice-daca-aerul-expirat-testat-cu-un-aparat-autorizat-arata-o-concentratie-40f4","","","https://scoaladrpciv.ro/intrebari/categoria-redobandire/sanctiuni-si-contraventii"
"1790577360-27","https://scoaladrpciv.ro/intrebari/categoria-redobandire","Încredinţarea cu ştiinţă a unui autovehicul, pentru a fi condus pe drumul public, unei persoane care nu posedă permis de conducere se pedepseşte:","A - penal","","","B - contravenţional","C - cu amendă contravenţională şi anularea permisului de conducere","https://scoaladrpciv.ro/intrebare/incredintarea-cu-stiinta-a-unui-autovehicul-pentru-a-fi-condus-pe-drumul-public-unei-persoane-care-nu-poseda-permis-de-conducere-se-pedepseste-a422","","","https://scoaladrpciv.ro/intrebari/categoria-redobandire/sanctiuni-si-contraventii"
"1790577362-28","https://scoaladrpciv.ro/intrebari/categoria-redobandire","Este interzis ca autovehiculele să fie echipate cu:","A - dispozitive antiradar","","","B - sistem de navigaţie","C - sistem sonor antifurt","https://scoaladrpciv.ro/intrebare/este-interzis-ca-autovehiculele-sa-fie-echipate-cu-4504","","","https://scoaladrpciv.ro/intrebari/categoria-redobandire/sanctiuni-si-contraventii"
"1790577364-29","https://scoaladrpciv.ro/intrebari/categoria-redobandire","În care dintre situaţii se suspendă exercitarea dreptului de a conduce autovehicule?","C - în cazul neprezentării în termen de 24 de ore la unitatea de poliţie competentă pe raza căreia s-a produs un accident cu avarierea vehiculului","","","A - în cazul depăşirii în mod repetat, cu mai mult de 20 km/h, a vitezei maxime legale","B - în cazul neopririi la semnalul agentului de cale ferată","https://scoaladrpciv.ro/intrebare/in-care-dintre-situatii-se-suspenda-exercitarea-dreptului-de-a-conduce-autovehicule-c782","","","https://scoaladrpciv.ro/intrebari/categoria-redobandire/sanctiuni-si-contraventii"
"1790577367-30","https://scoaladrpciv.ro/intrebari/categoria-redobandire","Permisul de conducere se restituie, după expirarea perioadei de suspendare şi promovarea testului de cunoaştere a regulilor de circulaţie, dacă a fost reţinut pentru:","A - neacordarea priorităţii de trecere vehiculelor care au acest drept, dacă prin aceasta s-a produs un accident de circulaţie soldat cu pagube materiale","","","B - nefolosirea în timpul mersului a centurii de siguranţă","C - utilizarea excesivă a ştergătoarelor de parbriz","https://scoaladrpciv.ro/intrebare/permisul-de-conducere-se-restituie-dupa-expirarea-perioadei-de-suspendare-si-promovarea-testului-de-cunoastere-a-regulilor-de-circulatie-daca-a-fost-retinut-pentru-e5ce","","","https://scoaladrpciv.ro/intrebari/categoria-redobandire/sanctiuni-si-contraventii"
"1790577369-31","https://scoaladrpciv.ro/intrebari/categoria-redobandire","Deţinătorul unui autovehicul poate monta un alt avertizor sonor decât cel omologat de autoritatea competentă?","B - nu","","","A - da","C - legea nu prevede","https://scoaladrpciv.ro/intrebare/detinatorul-unui-autovehicul-poate-monta-un-alt-avertizor-sonor-decat-cel-omologat-de-autoritatea-competenta-0c8b","","","https://scoaladrpciv.ro/intrebari/categoria-redobandire/sanctiuni-si-contraventii"
"1790577371-32","https://scoaladrpciv.ro/intrebari/categoria-redobandire","Conducătorul unui autovehicul angajat într-un accident din care a rezultat moartea sau rănirea unei persoane poate pleca de la locul faptei?","C - da, cu încuviinţarea poliţistului rutier care cercetează cazul","","","A - da, dacă nu este vinovat de accident","B - da, dacă victima a fost transportată la spital","https://scoaladrpciv.ro/intrebare/conducatorul-unui-autovehicul-angajat-intr-un-accident-din-care-a-rezultat-moartea-sau-ranirea-unei-persoane-poate-pleca-de-la-locul-faptei-c250","","","https://scoaladrpciv.ro/intrebari/categoria-redobandire/sanctiuni-si-contraventii"
"1790577374-33","https://scoaladrpciv.ro/intrebari/categoria-redobandire","Permisul de conducere se restituie după promovarea testului de cunoaştere a regulilor de circulaţie, dacă a fost reţinut pentru:","B - conducerea sub influenţa băuturilor alcoolice","","","A - circularea cu viteză redusă în mod nejustificat","C - neîndeplinirea obligaţiei de preschimbare a certificatului de înmatriculare în cazurile prevăzute de lege","https://scoaladrpciv.ro/intrebare/permisul-de-conducere-se-restituie-dupa-promovarea-testului-de-cunoastere-a-regulilor-de-circulatie-daca-a-fost-retinut-pentru-9b8b","","","https://scoaladrpciv.ro/intrebari/categoria-redobandire/sanctiuni-si-contraventii"
"1790577376-34","https://scoaladrpciv.ro/intrebari/categoria-redobandire","Exercitarea dreptului de a conduce se suspendă pe o perioadă de 30 de zile pentru:","C - depăşirea unei coloane de vehicule oprite la culoarea roşie a semaforului","","","A - nerespectarea regulilor referitoare la remorcare","B - utilizarea excesivă a claxonului","https://scoaladrpciv.ro/intrebare/exercitarea-dreptului-de-a-conduce-se-suspenda-pe-o-perioada-de-30-de-zile-pentru-c665","","","https://scoaladrpciv.ro/intrebari/categoria-redobandire/sanctiuni-si-contraventii"
"1790577378-35","https://scoaladrpciv.ro/intrebari/categoria-redobandire","În ce situaţie se reţine permisul de conducere?","A - în cazul încălcării obligaţiilor privind semnificaţia luminilor roşii la trecerea la nivel cu calea ferată prevăzută cu bariere","","","B - în cazul reparării autovehiculului fără autorizaţia poliţiei","C - atunci când autovehiculul nu este dotat cu oglinzi retrovizoare","https://scoaladrpciv.ro/intrebare/in-ce-situatie-se-retine-permisul-de-conducere-fa6b","","","https://scoaladrpciv.ro/intrebari/categoria-redobandire/sanctiuni-si-contraventii"
"1790577380-36","https://scoaladrpciv.ro/intrebari/categoria-redobandire","În care dintre situaţiile de mai jos se anulează permisul de conducere?","B - pentru infracţiunile care s-au soldat cu moartea sau vătămarea gravă a unei persoane, săvârşite ca urmare a nerespectării regulilor de circulaţie","","","A - pentru conducerea unui autovehicul sub influenţa băuturilor alcoolice","C - pentru nerespectarea semnalelor poliţiştilor la trecerea coloanelor oficiale","https://scoaladrpciv.ro/intrebare/in-care-dintre-situatiile-de-mai-jos-se-anuleaza-permisul-de-conducere-fb77","","","https://scoaladrpciv.ro/intrebari/categoria-redobandire/sanctiuni-si-contraventii"
"1790577383-37","https://scoaladrpciv.ro/intrebari/categoria-redobandire","Care sunt sancţiunile ce se aplică în cazul depăşirii unei coloane de vehicule în aşteptare, dacă prin aceasta se intră pe sensul opus de circulaţie?","B - amendă contravenţională şi suspendarea exercitării dreptului de a conduce","","","A - suspendarea certificatului de înmatriculare","C - amendă contravenţională","https://scoaladrpciv.ro/intrebare/care-sunt-sanctiunile-ce-se-aplica-in-cazul-depasirii-unei-coloane-de-vehicule-in-asteptare-daca-prin-aceasta-se-intra-pe-sensul-opus-de-circulatie-6652","","","https://scoaladrpciv.ro/intrebari/categoria-redobandire/sanctiuni-si-contraventii"
"1790577385-38","https://scoaladrpciv.ro/intrebari/categoria-redobandire","Sunteţi obligat să vă supuneţi recoltării probelor biologice, în cazul unui accident de circulaţie din care a rezultat moartea sau vătămarea integrităţii corporale ori a sănătăţii unor persoane?","C - da","","","A - da, dar numai dacă sunteţi vinovat de producerea accidentului","B - nu, dacă aţi fost testat cu un aparat autorizat","https://scoaladrpciv.ro/intrebare/sunteti-obligat-sa-va-supuneti-recoltarii-probelor-biologice-in-cazul-unui-accident-de-circulatie-din-care-a-rezultat-moartea-sau-vatamarea-integritatii-corporale-ori-a-sanatatii-unor-persoane-247d","","","https://scoaladrpciv.ro/intrebari/categoria-redobandire/sanctiuni-si-contraventii"
"1790577388-39","https://scoaladrpciv.ro/intrebari/categoria-redobandire","Cu cât se prelungeşte perioada de suspendare a exercitării dreptului de a conduce, dacă testul de cunoaştere a regulilor de circulaţie nu a fost promovat?","A - cu 30 de zile","","","B - cu 60 de zile","C - cu 90 de zile","https://scoaladrpciv.ro/intrebare/cu-cat-se-prelungeste-perioada-de-suspendare-a-exercitarii-dreptului-de-a-conduce-daca-testul-de-cunoastere-a-regulilor-de-circulatie-nu-a-fost-promovat-9d33","","","https://scoaladrpciv.ro/intrebari/categoria-redobandire/sanctiuni-si-contraventii"
"1790577391-40","https://scoaladrpciv.ro/intrebari/categoria-redobandire","Pentru care dintre faptele de mai jos se aplică măsura reţinerii permisului de conducere?","A - pentru nerespectarea semnalelor, indicaţiilor şi dispoziţiilor poliţistului rutier aflat în exercitarea atribuţiilor de serviciu","","","B - pentru nerespectarea dispoziţiilor legale referitoare la oprire şi staţionare","C - pentru încălcarea normelor legale referitoare la semnalizarea vehiculelor","https://scoaladrpciv.ro/intrebare/pentru-care-dintre-faptele-de-mai-jos-se-aplica-masura-retinerii-permisului-de-conducere-3ee5","","","https://scoaladrpciv.ro/intrebari/categoria-redobandire/sanctiuni-si-contraventii"
"1790577393-41","https://scoaladrpciv.ro/intrebari/categoria-redobandire","Săvârşirea unei contravenţii atrage după sine:","B - amendă şi după caz, sancţiunea contravenţională complementară a reţinerii permisului de conducere sau a certificatului de înmatriculare","","","A - răspundere penală şi anularea permisului de conducere","C - amendă penală şi după caz una din sancţiunile complementare","https://scoaladrpciv.ro/intrebare/savarsirea-unei-contraventii-atrage-dupa-sine-f691","","","https://scoaladrpciv.ro/intrebari/categoria-redobandire/sanctiuni-si-contraventii"
"1790577395-42","https://scoaladrpciv.ro/intrebari/categoria-redobandire","Puteţi schimba poziţia autovehiculului, dacă acesta a fost implicat într-un accident din care a rezultat moartea sau vătămarea integrităţii corporale ori a sănătăţii unor persoane?","A - da, cu încuviinţarea poliţiei, care cercetează accidentul","","","B - da, dacă persoana vătămată se poate deplasa singură","C - nu, până la sosirea ambulanţei","https://scoaladrpciv.ro/intrebare/puteti-schimba-pozitia-autovehiculului-daca-acesta-a-fost-implicat-intr-un-accident-din-care-a-rezultat-moartea-sau-vatamarea-integritatii-corporale-ori-a-sanatatii-unor-persoane-23d5","","","https://scoaladrpciv.ro/intrebari/categoria-redobandire/sanctiuni-si-contraventii"
"1790577398-43","https://scoaladrpciv.ro/intrebari/categoria-redobandire","Trecerea cu autovehiculul la semnalul luminos de culoare roşie se sancţionează astfel:","C - cu amendă contravenţională şi suspendarea exercitării dreptului de a conduce autovehiculul","","","A - cu amendă penală","B - cu amendă contravenţională şi puncte de penalizare","https://scoaladrpciv.ro/intrebare/trecerea-cu-autovehiculul-la-semnalul-luminos-de-culoare-rosie-se-sanctioneaza-astfel-96b1","","","https://scoaladrpciv.ro/intrebari/categoria-redobandire/sanctiuni-si-contraventii"
"1790577400-44","https://scoaladrpciv.ro/intrebari/categoria-redobandire","Care dintre faptele de mai jos constituie infracţiune şi se pedepseşte ca atare?","A - conducerea pe drumul public a unui autovehicul neînmatriculat","","","B - conducerea pe drumul public a unui autovehicul fără certificat de înmatriculare","C - conducerea pe drumul public a unui autovehicul cu defecţiuni","https://scoaladrpciv.ro/intrebare/care-dintre-faptele-de-mai-jos-constituie-infractiune-si-se-pedepseste-ca-atare-1b4e","","","https://scoaladrpciv.ro/intrebari/categoria-redobandire/sanctiuni-si-contraventii"
"1790577402-45","https://scoaladrpciv.ro/intrebari/categoria-redobandire","Suspendarea exercitării dreptului de a conduce se aplică atunci când:","A - acumulezi 15 puncte de penalizare","","","B - conduci un vehicul avariat peste termenul de 30 de zile de la data constatării","C - pătrunzi într-o intersecţie şi circulaţia în interiorul acesteia este blocată","https://scoaladrpciv.ro/intrebare/suspendarea-exercitarii-dreptului-de-a-conduce-se-aplica-atunci-cand-ed38","","","https://scoaladrpciv.ro/intrebari/categoria-redobandire/sanctiuni-si-contraventii"
"1790577404-46","https://scoaladrpciv.ro/intrebari/categoria-redobandire","Imobilizarea unui vehicul de către poliţistul rutier se dispune:","C - pentru refuzul de legitimare","","","A - pentru lipsa triunghiurilor reflectorizante","B - pentru lipsa trusei medicale de prim ajutor","https://scoaladrpciv.ro/intrebare/imobilizarea-unui-vehicul-de-catre-politistul-rutier-se-dispune-e28c","","","https://scoaladrpciv.ro/intrebari/categoria-redobandire/sanctiuni-si-contraventii"
"1790577407-47","https://scoaladrpciv.ro/intrebari/categoria-redobandire","Repararea unui autovehicul cu urme de accident, fără autorizarea poliţiei, constituie:","A - infracţiune şi se pedepseşte cu închisoare sau cu amendă","","","B - contravenţie şi se sancţionează cu amendă","C - abatere administrativă şi se sancţionează cu retragerea autorizaţiei de funcţionare","https://scoaladrpciv.ro/intrebare/repararea-unui-autovehicul-cu-urme-de-accident-fara-autorizarea-politiei-constituie-59b6","","","https://scoaladrpciv.ro/intrebari/categoria-redobandire/sanctiuni-si-contraventii"
"1790577409-48","https://scoaladrpciv.ro/intrebari/categoria-redobandire","Cum se sancţionează neacordarea priorităţii de către conducătorii de autovehicule şi tramvaie pietonilor angajaţi în traversarea drumurilor publice, atunci când au acest drept?","B - prin amendă contravenţională şi suspendarea exercitării dreptului de a conduce autovehicule","","","A - prin anularea permisului de conducere","C - prin amendă contravenţională şi puncte de penalizare","https://scoaladrpciv.ro/intrebare/cum-se-sanctioneaza-neacordarea-prioritatii-de-catre-conducatorii-de-autovehicule-si-tramvaie-pietonilor-angajati-in-traversarea-drumurilor-publice-atunci-cand-au-acest-drept-19e2","","","https://scoaladrpciv.ro/intrebari/categoria-redobandire/sanctiuni-si-contraventii"
"1790577411-49","https://scoaladrpciv.ro/intrebari/categoria-redobandire","În ce situaţie se reţine permisul de conducere?","B - atunci când nu se respectă normele referitoare la prioritatea de trecere a pietonilor","","","A - atunci când nu se respectă obligaţia de reducere a vitezei","C - atunci când se încalcă normele legale referitoare la staţionare","https://scoaladrpciv.ro/intrebare/in-ce-situatie-se-retine-permisul-de-conducere-3901","","","https://scoaladrpciv.ro/intrebari/categoria-redobandire/sanctiuni-si-contraventii"
"1790577413-50","https://scoaladrpciv.ro/intrebari/categoria-redobandire","În ce situaţie se reţine permisul de conducere?","C - pentru depăşirea cu mai mult de 50 km/h a vitezei maxime admise","","","A - pentru neefectuarea examenului medical","B - atunci când s-a încălcat semnificaţia luminii de culoare galbenă a semaforului","https://scoaladrpciv.ro/intrebare/in-ce-situatie-se-retine-permisul-de-conducere-85ec","","","https://scoaladrpciv.ro/intrebari/categoria-redobandire/sanctiuni-si-contraventii"
"1790577416-51","https://scoaladrpciv.ro/intrebari/categoria-redobandire","Conducerea pe drumul public de către o persoană având o imbibaţie de alcool de peste 0,8 g/l pur în sânge se pedepseşte cu:","C - închisoare şi anularea permisului de conducere.","","","A - amendă contravenţională şi reţinerea permisului de conducere;","B - amendă penală şi suspendarea permisului de conducere pe 90 de zile;","https://scoaladrpciv.ro/intrebare/conducerea-pe-drumul-public-de-catre-o-persoana-avand-o-imbibatie-de-alcool-de-peste-0-8-g-l-pur-in-sange-se-pedepseste-cu-62ae","","","https://scoaladrpciv.ro/intrebari/categoria-redobandire/sanctiuni-si-contraventii"
"1790577418-52","https://scoaladrpciv.ro/intrebari/categoria-redobandire","Cum se pedepseşte conducerea pe drumurile publice a unui autovehicul din categoria C, de către o persoană al cărei permis este valabil pentru categoria B?","A - penal","","","B - contravenţional","C - amendă contravenţională şi reţinerea permisului de conducere","https://scoaladrpciv.ro/intrebare/cum-se-pedepseste-conducerea-pe-drumurile-publice-a-unui-autovehicul-din-categoria-c-de-catre-o-persoana-al-carei-permis-este-valabil-pentru-categoria-b-bbda","","","https://scoaladrpciv.ro/intrebari/categoria-redobandire/sanctiuni-si-contraventii"
"1790577423-53","https://scoaladrpciv.ro/intrebari/categoria-redobandire","Cine nu este obligat să poarte centura de siguranţă?","C - examinatorul, în timpul desfăşurării probelor practice ale examenului","","","A - pasagerii din taxiuri","B - persoanele suferinde","https://scoaladrpciv.ro/intrebare/cine-nu-este-obligat-sa-poarte-centura-de-siguranta-751c","","","https://scoaladrpciv.ro/intrebari/categoria-redobandire/obligatiile-conducatorilor-de-autovehicule"
"1790577425-54","https://scoaladrpciv.ro/intrebari/categoria-redobandire","Deţinătorul unui autovehicul poate monta la autovehiculul său alte lumini decât cele omologate de autoritatea competentă?","C - nu","","","A - da, dacă luminile contribuie la sporirea vizibilităţii autovehiculului în trafic","B - da, dacă prin aceasta îşi asigură o vizibilitate mai bună în momentul conducerii pe timpul nopţii","https://scoaladrpciv.ro/intrebare/detinatorul-unui-autovehicul-poate-monta-la-autovehiculul-sau-alte-lumini-decat-cele-omologate-de-autoritatea-competenta-2b33","","","https://scoaladrpciv.ro/intrebari/categoria-redobandire/obligatiile-conducatorilor-de-autovehicule"
"1790577427-55","https://scoaladrpciv.ro/intrebari/categoria-redobandire","Semnalul agenţilor căilor ferate, executat cu un fanion roşu, aflaţi la trecerea la nivel cu o cale ferată industrială din oraşe, vă obligă:","B - să opriţi","","","A - să reduceţi viteza, să vă asiguraţi, iar dacă trenul este la mai mult de 50 m de pasaj, să treceţi cu atenţie","C - nu aveţi nicio obligaţie, deoarece agentul dirijează manevrele garniturii de tren","https://scoaladrpciv.ro/intrebare/semnalul-agentilor-cailor-ferate-executat-cu-un-fanion-rosu-aflati-la-trecerea-la-nivel-cu-o-cale-ferata-industriala-din-orase-va-obliga-7197","","","https://scoaladrpciv.ro/intrebari/categoria-redobandire/obligatiile-conducatorilor-de-autovehicule"
"1790577430-56","https://scoaladrpciv.ro/intrebari/categoria-redobandire","Cum veţi proceda dacă la intrarea într-o intersecţie semaforul este pe semnalul de culoare verde, dar aceasta este blocată din cauza aglomeraţiei?","C - opriţi şi aşteptaţi deblocarea, după care pătrundeţi în intersecţie pe semnalul verde al semaforului","","","A - vă continuaţi deplasarea, deoarece semnalul verde vă permite acest lucru","B - claxonaţi şi găsiţi o modalitate de a avansa printre celelalte vehicule","https://scoaladrpciv.ro/intrebare/cum-veti-proceda-daca-la-intrarea-intr-o-intersectie-semaforul-este-pe-semnalul-de-culoare-verde-dar-aceasta-este-blocata-din-cauza-aglomeratiei-a61e","","","https://scoaladrpciv.ro/intrebari/categoria-redobandire/obligatiile-conducatorilor-de-autovehicule"
"1790577432-57","https://scoaladrpciv.ro/intrebari/categoria-redobandire","Luminile de întâlnire se folosesc pe timpul zilei:","B - la circulația pe toate categoriile de drumuri publice;","","","A - numai pe autostradă și în afara localităților;","C - pe drumurile forestiere.","https://scoaladrpciv.ro/intrebare/luminile-de-intalnire-se-folosesc-pe-timpul-zilei-f37c","","","https://scoaladrpciv.ro/intrebari/categoria-redobandire/obligatiile-conducatorilor-de-autovehicule"
"1790577434-58","https://scoaladrpciv.ro/intrebari/categoria-redobandire","Conducătorul unui autovehicul este obligat:","B - să aibă asupra sa actul de identitate, permisul de conducere, certificatul de înmatriculare sau înregistrare şi, după caz, atestatul profesional, precum şi celelalte documente prevăzute de legislaţia în vigoare","","","A - să nu permită pasagerilor folosirea telefonului mobil în timpul mersului","C - să verifice, la fiecare deplasare, presiunea din pneuri","https://scoaladrpciv.ro/intrebare/conducatorul-unui-autovehicul-este-obligat-aded","","","https://scoaladrpciv.ro/intrebari/categoria-redobandire/obligatiile-conducatorilor-de-autovehicule"
"1790577436-59","https://scoaladrpciv.ro/intrebari/categoria-redobandire","Autovehiculele nu pot circula pe drumurile publice atunci când:","A - nu sunt asigurate pentru răspundere civilă în caz de pagube produse terţilor prin accidente de circulaţie","","","B - au certificatul de înmatriculare deteriorat sau acest document a fost pierdut","C - au o vechime mai mare de 30 de ani de la data fabricaţiei","https://scoaladrpciv.ro/intrebare/autovehiculele-nu-pot-circula-pe-drumurile-publice-atunci-cand-cc06","","","https://scoaladrpciv.ro/intrebari/categoria-redobandire/obligatiile-conducatorilor-de-autovehicule"
"1790577439-60","https://scoaladrpciv.ro/intrebari/categoria-redobandire","Ce obligaţii îi revin conducătorului de autovehicul care a accidentat un pieton ce a traversat strada printr-un loc nepermis?","C - să anunţe poliţia şi, în lipsa altor mijloace de transport, să-l transporte el însuşi la cea mai apropiată unitate sanitară, apoi să se întoarcă la locul accidentului","","","A - să se prezinte de urgenţă la cea mai apropiată unitate de poliţie","B - întrucât nu este vinovat de accident, poate părăsi locul faptei","https://scoaladrpciv.ro/intrebare/ce-obligatii-ii-revin-conducatorului-de-autovehicul-care-a-accidentat-un-pieton-ce-a-traversat-strada-printr-un-loc-nepermis-5682","","","https://scoaladrpciv.ro/intrebari/categoria-redobandire/obligatiile-conducatorilor-de-autovehicule"
"1790577441-61","https://scoaladrpciv.ro/intrebari/categoria-redobandire","Purtarea centurii de siguranţă este obligatorie în timpul circulaţiei pe drumurile din localităţi?","C - da, de către cel de la volan şi de către pasagerii care ocupă locurile prevăzute cu asemenea dispozitive","","","A - nu","B - da, numai de către conducătorul autovehiculului","https://scoaladrpciv.ro/intrebare/purtarea-centurii-de-siguranta-este-obligatorie-in-timpul-circulatiei-pe-drumurile-din-localitati-5159","","","https://scoaladrpciv.ro/intrebari/categoria-redobandire/obligatiile-conducatorilor-de-autovehicule"
"1790577443-62","https://scoaladrpciv.ro/intrebari/categoria-redobandire","Pe timpul nopţii, la apropierea a două vehicule care circulă din sensuri opuse, conducătorii acestora sunt obligaţi să folosească luminile de întâlnire concomitent cu reducerea vitezei, de la cel puţin:","C - 200 m","","","A - 100 m","B - 150 m","https://scoaladrpciv.ro/intrebare/pe-timpul-noptii-la-apropierea-a-doua-vehicule-care-circula-din-sensuri-opuse-conducatorii-acestora-sunt-obligati-sa-foloseasca-luminile-de-intalnire-concomitent-cu-reducerea-vitezei-de-la-cel-putin-a674","","","https://scoaladrpciv.ro/intrebari/categoria-redobandire/obligatiile-conducatorilor-de-autovehicule"
"1790577446-63","https://scoaladrpciv.ro/intrebari/categoria-redobandire","Ce obligaţii are conducătorul unui vehicul care intră pe o autostradă folosind banda de accelerare?","C - să cedeze trecerea tuturor autovehiculelor care circulă pe prima bandă a autostrăzii şi să nu stânjenească în nici un fel circulaţia acestora","","","A - să se asigure că intrarea pe autostradă nu este periculoasă","B - să ajungă la viteza maximă de 130 km/h şi să semnalizeze","https://scoaladrpciv.ro/intrebare/ce-obligatii-are-conducatorul-unui-vehicul-care-intra-pe-o-autostrada-folosind-banda-de-accelerare-eee4","","","https://scoaladrpciv.ro/intrebari/categoria-redobandire/obligatiile-conducatorilor-de-autovehicule"
"1790577448-64","https://scoaladrpciv.ro/intrebari/categoria-redobandire","Cum procedează conducătorul autovehiculului în situaţia în care vehiculul din faţa sa schimbă direcţia de mers spre stânga, iar pe partea dreaptă nu este loc suficient pentru depăşire?","C - aşteaptă eliberarea benzii pentru a-şi continua deplasarea","","","A - semnalizează şi execută depăşirea cu viteză redusă","B - încearcă depăşirea prin stânga","https://scoaladrpciv.ro/intrebare/cum-procedeaza-conducatorul-autovehiculului-in-situatia-in-care-vehiculul-din-fata-sa-schimba-directia-de-mers-spre-stanga-iar-pe-partea-dreapta-nu-este-loc-suficient-pentru-depasire-56e4","","","https://scoaladrpciv.ro/intrebari/categoria-redobandire/obligatiile-conducatorilor-de-autovehicule"
"1790577450-65","https://scoaladrpciv.ro/intrebari/categoria-redobandire","Dacă circulaţi pe un drum naţional european (E), vă este interzis:","B - să opriţi pe partea carosabilă","","","A - să folosiţi pe timpul zilei luminile de întâlnire","C - să depăşiţi","https://scoaladrpciv.ro/intrebare/daca-circulati-pe-un-drum-national-european-e-va-este-interzis-cabd","","","https://scoaladrpciv.ro/intrebari/categoria-redobandire/obligatiile-conducatorilor-de-autovehicule"
"1790577453-66","https://scoaladrpciv.ro/intrebari/categoria-redobandire","La întâlnirea unui vehicul care circulă noaptea, din sens opus, pe un drum neiluminat, conducătorul de autovehicul este obligat:","B - să reducă viteza","","","A - să circule cât mai aproape de marginea din dreapta a drumului","C - să folosească avertizorul sonor","https://scoaladrpciv.ro/intrebare/la-intalnirea-unui-vehicul-care-circula-noaptea-din-sens-opus-pe-un-drum-neiluminat-conducatorul-de-autovehicul-este-obligat-e2ec","","","https://scoaladrpciv.ro/intrebari/categoria-redobandire/obligatiile-conducatorilor-de-autovehicule"
"1790577455-67","https://scoaladrpciv.ro/intrebari/categoria-redobandire","Ce obligaţii vă revin la executarea manevrei de trecere a vehiculului de pe o bandă pe alta?","A - să semnalizaţi din timp şi să vă asiguraţi că puteţi efectua manevra fără a perturba circulaţia sau fără a pune în pericol siguranţa celorlalţi participanţi la trafic","","","B - să vă asiguraţi din spate","C - să vă asiguraţi din faţă şi din spate","https://scoaladrpciv.ro/intrebare/ce-obligatii-va-revin-la-executarea-manevrei-de-trecere-a-vehiculului-de-pe-o-banda-pe-alta-4e68","","<div class="""">
                        <h4>Articolul 54</h4>
<p>(1)&nbsp;&nbsp;Conducătorul de vehicul care executa o manevra de schimbare a direcției de mers, de ieșire dintr-un rând de vehicule staționate sau de intrare într-un asemenea rând, de trecere pe o altă bandă de circulație sau de virare spre dreapta ori spre stânga sau care urmează să efectueze o întoarcere ori să meargă cu spatele <strong>este obligat să semnalizeze din timp și să se asigure că o poate face fără să perturbe circulația sau să pună în pericol siguranța celorlalți participanți la trafic</strong>.</p>
<h4>Articolul 116</h4>
<p>&nbsp;(1)&nbsp;&nbsp; Conducãtorii de vehicule sunt obligați sã semnalizeze schimbarea direcției de deplasare, depãșirea, oprirea și punerea în mișcare.</p>
<p><span style=""background-color: hsl(60,75%,60%);"">&nbsp;(2)&nbsp;&nbsp; Intenția conducãtorilor de autovehicule, tractoare agricole sau forestiere și tramvaie de a schimba direcția de mers, de a ieși dintr-un rând de vehicule staționate ori de a intra într-un asemenea rând, de a trece pe o altã bandã de circulație sau de a vira spre dreapta ori spre stânga sau a celor care urmeazã sã efectueze întoarcere, depãșire ori oprire se semnalizeazã prin punerea în funcțiune a luminilor indicatoare de direcție cu cel puțin 50 m în localitãți și 100 m în afara localitãților înainte de începerea efectuãrii manevrelor.</span></p>
<p>(3)&nbsp;&nbsp; Reducerea vitezei de deplasare sau oprirea autovehiculelor, tractoarelor agricole sau forestiere și a tramvaielor pe partea carosabilã se semnalizeazã cu luminã roșie din spate.</p>


                    </div>","https://scoaladrpciv.ro/intrebari/categoria-redobandire/obligatiile-conducatorilor-de-autovehicule"
"1790577457-68","https://scoaladrpciv.ro/intrebari/categoria-redobandire","Cât timp trebuie menţinută semnalizarea schimbării direcţiei de mers?","B - pe întreaga durată a executării manevrei","","","A - 10 secunde de la începerea manevrei","C - legea nu prevede nimic cu privire la acest aspect","https://scoaladrpciv.ro/intrebare/cat-timp-trebuie-mentinuta-semnalizarea-schimbarii-directiei-de-mers-fe04","","","https://scoaladrpciv.ro/intrebari/categoria-redobandire/obligatiile-conducatorilor-de-autovehicule"
"1790577460-69","https://scoaladrpciv.ro/intrebari/categoria-redobandire","Luminile de poziţie pe timp de zi se folosesc atunci când:","C - vizibilitatea este redusă, autovehiculul fiind oprit pe partea carosabilă","","","A - vehiculul este oprit pentru urcarea sau coborârea pasagerilor","B - vehiculul este avariat","https://scoaladrpciv.ro/intrebare/luminile-de-pozitie-pe-timp-de-zi-se-folosesc-atunci-cand-ef0b","","","https://scoaladrpciv.ro/intrebari/categoria-redobandire/obligatiile-conducatorilor-de-autovehicule"
"1790577462-70","https://scoaladrpciv.ro/intrebari/categoria-redobandire","Poliţistul rutier poate dispune imobilizarea unui vehicul atunci când:","C - conducătorul auto nu respectă timpii legali de conducere şi de odihnă","","","A - vehiculul nu a fost radiat din circulaţie, în cazurile prevăzute de lege","B - vehiculul prezintă defecţiuni tehnice la sistemul de semnalizare","https://scoaladrpciv.ro/intrebare/politistul-rutier-poate-dispune-imobilizarea-unui-vehicul-atunci-cand-8719","","","https://scoaladrpciv.ro/intrebari/categoria-redobandire/obligatiile-conducatorilor-de-autovehicule"
"1790577464-71","https://scoaladrpciv.ro/intrebari/categoria-redobandire","Proprietarul unui autovehicul este obligat:","C - să declare autorității emitente pierderea, furtul sau distrugerea certificatului de înmatriculare, în termen de 30 de zile de la constatare.","","","A - să declare autorităților schimbarea domiciliului în cel mult 24 de ore;","B - să declare organului fiscal valoarea poliței de asigurare auto;","https://scoaladrpciv.ro/intrebare/proprietarul-unui-autovehicul-este-obligat-5b8a","","","https://scoaladrpciv.ro/intrebari/categoria-redobandire/obligatiile-conducatorilor-de-autovehicule"
"1790577466-72","https://scoaladrpciv.ro/intrebari/categoria-redobandire","Care este prima măsură pe care trebuie să o ia un conducator de autovehicul atunci când motorul s-a defectat?","B - scoate autovehiculul în afara părţii carosabile sau, când nu este posibil, îl deplasează cât mai aproape de trotuar sau acostament","","","A - verifică sistemul de alimentare cu benzină între rezervor şi carburator","C - verifică instalaţia electrică","https://scoaladrpciv.ro/intrebare/care-este-prima-masura-pe-care-trebuie-sa-o-ia-un-conducator-de-autovehicul-atunci-cand-motorul-s-a-defectat-367e","","","https://scoaladrpciv.ro/intrebari/categoria-redobandire/obligatiile-conducatorilor-de-autovehicule"
"1790577469-73","https://scoaladrpciv.ro/intrebari/categoria-redobandire","Cum veţi semnaliza faptul că autovehiculul cu care circulaţi a rămas în pană pe partea carosabilă?","B - prin instalarea triunghiurilor reflectorizante şi prin folosirea luminilor de avarie","","","A - prin folosirea luminilor de avarie","C - prin purtarea vestei reflectorizante","https://scoaladrpciv.ro/intrebare/cum-veti-semnaliza-faptul-ca-autovehiculul-cu-care-circulati-a-ramas-in-pana-pe-partea-carosabila-c6e5","","","https://scoaladrpciv.ro/intrebari/categoria-redobandire/obligatiile-conducatorilor-de-autovehicule"
"1790577471-74","https://scoaladrpciv.ro/intrebari/categoria-redobandire","Conducătorului auto i se interzice:","A - să arunce din vehicul obiecte, substanţe sau alte bunuri","","","B - să deschidă uşile, dacă vehiculul este oprit sau staţionat pe partea carosabilă","C - să folosească instalaţia de sonorizare cu care este echipat autoturismul","https://scoaladrpciv.ro/intrebare/conducatorului-auto-i-se-interzice-7831","","","https://scoaladrpciv.ro/intrebari/categoria-redobandire/obligatiile-conducatorilor-de-autovehicule"
"1790577473-75","https://scoaladrpciv.ro/intrebari/categoria-redobandire","Se interzice montarea la autovehicul:","A - a luminilor de altă culoare, altele decât cele omologate","","","B - a dispozitivelor de detectare a aparatelor radar","C - a luminilor de poziţie","https://scoaladrpciv.ro/intrebare/se-interzice-montarea-la-autovehicul-54ae","","","https://scoaladrpciv.ro/intrebari/categoria-redobandire/obligatiile-conducatorilor-de-autovehicule"
"1790577475-76","https://scoaladrpciv.ro/intrebari/categoria-redobandire","Cum se defineşte corect autovehiculul din categoria B?","B - autovehiculul care nu depăşeşte 3.500 kg, al cărui număr de locuri pe scaune, în afara conducătorului, nu este mai mare de 8","","","A - autovehiculul care nu depăşeşte 5.000 kg, al cărui număr de locuri pe scaune, în afara conducătorului, este mai mic de 8","C - autovehiculul care nu depăşeşte 3.500 kg, al cărui număr de locuri pe scaune, în afara conducătorului, nu este mai mare de 5","https://scoaladrpciv.ro/intrebare/cum-se-defineste-corect-autovehiculul-din-categoria-b-602e","","","https://scoaladrpciv.ro/intrebari/categoria-redobandire/obligatiile-conducatorilor-de-autovehicule"
"1790577478-77","https://scoaladrpciv.ro/intrebari/categoria-redobandire","Ce le este interzis conducătorilor de autovehicule şi de tramvaie?","A - să folosească telefoanele mobile în timpul mersului, fără să aibă sistem de tip „mâini libere”","","","B - să folosească luminile de avarie în transportul urban","C - să se angajeze în discuţii cu alţi pasageri","https://scoaladrpciv.ro/intrebare/ce-le-este-interzis-conducatorilor-de-autovehicule-si-de-tramvaie-5eef","","","https://scoaladrpciv.ro/intrebari/categoria-redobandire/obligatiile-conducatorilor-de-autovehicule"
"1790577480-78","https://scoaladrpciv.ro/intrebari/categoria-redobandire","Ce măsuri ia conducătorul de autovehicul, angajat într-un accident cu avarii uşoare?","B - scoate autovehiculul în afara părţii carosabile şi anunţă poliţia în termen de 24 de ore","","","A - aşteaptă sosirea poliţistului din zonă","C - anunţă poliţia, fără a schimba poziţia autovehiculului","https://scoaladrpciv.ro/intrebare/ce-masuri-ia-conducatorul-de-autovehicul-angajat-intr-un-accident-cu-avarii-usoare-4b98","","","https://scoaladrpciv.ro/intrebari/categoria-redobandire/obligatiile-conducatorilor-de-autovehicule"
"1790577482-79","https://scoaladrpciv.ro/intrebari/categoria-redobandire","Când se folosesc triunghiurile reflectorizante?","A - în cazul rămânerii în pană, dacă scoaterea în afara părții carosabile a autovehiculului nu este posibilă;","","","B - în cazul staționării îndelungate pe timp de noapte;","C - în cazul staționării, când vizibilitatea este redusă.","https://scoaladrpciv.ro/intrebare/cand-se-folosesc-triunghiurile-reflectorizante-a5cd","","","https://scoaladrpciv.ro/intrebari/categoria-redobandire/obligatiile-conducatorilor-de-autovehicule"
"1790577484-80","https://scoaladrpciv.ro/intrebari/categoria-redobandire","În care dintre următoarele situaţii poţi schimba poziţia autovehiculului, atunci când ai fost angajat într-un accident de circulaţie?","C - când accidentul nu a avut ca urmare victime omeneşti, ci doar avarii","","","A - după ce ai anunţat poliţia","B - după ce ai acordat primul ajutor victimelor","https://scoaladrpciv.ro/intrebare/in-care-dintre-urmatoarele-situatii-poti-schimba-pozitia-autovehiculului-atunci-cand-ai-fost-angajat-intr-un-accident-de-circulatie-10e5","","","https://scoaladrpciv.ro/intrebari/categoria-redobandire/obligatiile-conducatorilor-de-autovehicule"
"1790577487-81","https://scoaladrpciv.ro/intrebari/categoria-redobandire","La semnalul nevăzătorilor care traversează strada sunteţi obligat:","B - să opriţi autovehiculul","","","A - să reduceţi viteza autovehiculului şi să circulaţi cu atenţie","C - să reduceţi viteza autovehiculului şi să claxonaţi","https://scoaladrpciv.ro/intrebare/la-semnalul-nevazatorilor-care-traverseaza-strada-sunteti-obligat-a93e","","","https://scoaladrpciv.ro/intrebari/categoria-redobandire/obligatiile-conducatorilor-de-autovehicule"
"1790577489-82","https://scoaladrpciv.ro/intrebari/categoria-redobandire","Conducătorul unui autoturism poate transporta obiecte al căror gabarit depăşeşte, împreună cu încărcătura, dimensiunile acestuia?","B - nu","","","A - da, dacă extremitatea obiectelor este semnalizată cu un steag roşu","C - da, dacă obiectele depăşesc lăţimea autovehiculului","https://scoaladrpciv.ro/intrebare/conducatorul-unui-autoturism-poate-transporta-obiecte-al-caror-gabarit-depaseste-impreuna-cu-incarcatura-dimensiunile-acestuia-3f1d","","","https://scoaladrpciv.ro/intrebari/categoria-redobandire/obligatiile-conducatorilor-de-autovehicule"
"1790577494-83","https://scoaladrpciv.ro/intrebari/categoria-redobandire","Cum procedați în cazul în care aveți o defecțiune la sistemul de rulare pe autostradă?","A - părăsiți carosabilul în timp ce rulează autovehiculul, opriți pe banda de urgență și îl semnalizați;","","","B - aprindeți luminile de poziție;","C - aprindeți proiectoarele.","https://scoaladrpciv.ro/intrebare/cum-procedati-in-cazul-in-care-aveti-o-defectiune-la-sistemul-de-rulare-pe-autostrada-4bec","","","https://scoaladrpciv.ro/intrebari/categoria-redobandire/circulatia-pe-autostrazi"
"1790577496-84","https://scoaladrpciv.ro/intrebari/categoria-redobandire","Pe autostradă se interzice:","B - manevra de mers înapoi;","","","A - circulația cu o viteză sub 80 km/h;","C - folosirea benzii de lângă zona mediană ce desparte cele două părți carosabile.","https://scoaladrpciv.ro/intrebare/pe-autostrada-se-interzice-1287","","","https://scoaladrpciv.ro/intrebari/categoria-redobandire/circulatia-pe-autostrazi"
"1790577498-85","https://scoaladrpciv.ro/intrebari/categoria-redobandire","Care dintre următoarele sunt interzise pe autostradă?","B - învățarea conducerii vehiculelor;","","","A - manevra de depășire;","C - oprirea sau staționarea justificată pe banda de urgență.","https://scoaladrpciv.ro/intrebare/care-dintre-urmatoarele-sunt-interzise-pe-autostrada-b8c9","","","https://scoaladrpciv.ro/intrebari/categoria-redobandire/circulatia-pe-autostrazi"
"1790577500-86","https://scoaladrpciv.ro/intrebari/categoria-redobandire","Pe autostradă se interzice:","B - învățarea conducerii unui vehicul, încercarea prototipurilor de șasiuri și de vehicule cu motor;","","","A - circulația autovehiculelor în coloană;","C - executarea de lucrări pe partea carosabilă pe timp de noapte.","https://scoaladrpciv.ro/intrebare/pe-autostrada-se-interzice-7f7d","","<div class="""">
                        <h4>rticolul 74</h4>
<p>(1)&nbsp;&nbsp; Pe autostrăzi sau pe drumurile expres este interzisă circulația pietonilor, a autovehiculelor cu gabarite sau mase depășite, fără autorizație specială de transport eliberată de administratorul drumului public, conform reglementărilor în vigoare, a vehiculelor cu tracțiune animală, a animalelor, a vehiculelor trase sau împinse cu mâna, a bicicletelor, trotinetelor electrice și mopedelor, a tractoarelor agricole sau forestiere și a mașinilor autopropulsate pentru lucrări agricole, precum și a vehiculelor care, prin construcție sau din alte cauze, nu pot depăși viteza de 50 km/h.</p>
<p><span style=""background-color: #fbeeb8;"">(2)&nbsp; De asemenea, pe autostrăzi sau pe drumurile expres sunt interzise învățarea conducerii unui vehicul, încercările prototipurilor de șasiuri și de autovehicule, manifestațiile, defilările, caravanele publicitare, antrenamentele și competițiile sportive de orice fel, precum și cortegiile.</span></p>
<p>(3) Se interzice circulația, oprirea sau staționarea autovehiculelor pe banda de urgență sau acostament, cu excepția cazurilor justificate, precum și a autovehiculelor cu regim de circulație prioritar.</p>
<p>(4)&nbsp;Circulația autovehiculelor destinate transportului public de persoane sau de mărfuri se efectuează, de regulă, numai pe banda marginală din partea dreaptă a autostrăzii sau a drumului expres, în sensul de mers.</p>


                    </div>","https://scoaladrpciv.ro/intrebari/categoria-redobandire/circulatia-pe-autostrazi"
"1790577503-87","https://scoaladrpciv.ro/intrebari/categoria-redobandire","Ce obligații aveți atunci când urmează să părăsiți autostrada?","C - să semnalizați din timp și să vă angajați pe banda de ieșire (decelerare).","","","A - să reduceți viteza începând cu 300 m înainte de ieșirea de pe autostradă, în dreptul panoului care marchează această distanță;","B - să circulați pe prima bandă cu o viteză de maximum 60 km/oră;","https://scoaladrpciv.ro/intrebare/ce-obligatii-aveti-atunci-cand-urmeaza-sa-parasiti-autostrada-ece0","","<div class="""">
                        <h4>Articolul 169</h4>
<p>(1)&nbsp;&nbsp; Conducãtorii de autovehicule care intra pe autostrãzi folosind banda de intrare (de accelerare) trebuie sã cedeze trecerea autovehiculelor care circulã pe prima bandã a autostrãzilor și sã nu stânjeneascã în niciun fel circulația acestora.</p>
<p><span style=""background-color: #fbeeb8;"">(2)&nbsp;&nbsp; Conducãtorii de autovehicule care urmeazã sã pãrãseascã autostrada sunt obligați sã semnalizeze din timp și sã se angajeze pe banda de ieșire (de decelerare).</span></p>


                    </div>","https://scoaladrpciv.ro/intrebari/categoria-redobandire/circulatia-pe-autostrazi"
"1790577505-88","https://scoaladrpciv.ro/intrebari/categoria-redobandire","Ce obligații aveți atunci când intrați pe autostradă folosind banda de accelerare?","A - să cedați trecerea autovehiculelor care circulă pe prima bandă a autostrăzii și să nu stânjeniți în niciun fel circulația acestora;","","","B - să semnalizați stânga, pentru a-i preveni pe ceilalți conducători să vă acorde prioritate;","C - să opriți și să vă asigurați din față și din spate.","https://scoaladrpciv.ro/intrebare/ce-obligatii-aveti-atunci-cand-intrati-pe-autostrada-folosind-banda-de-accelerare-1614","","<div class="""">
                        <h4>Articolul 169</h4>
<p><span style=""background-color: #fbeeb8;"">(1)&nbsp;&nbsp; Conducãtorii de autovehicule care intra pe autostrãzi folosind banda de intrare (de accelerare) trebuie sã cedeze trecerea autovehiculelor care circulã pe prima bandã a autostrãzilor și sã nu stânjeneascã în niciun fel circulația acestora.</span></p>
<p>(2)&nbsp;&nbsp; Conducãtorii de autovehicule care urmeazã sã pãrãseascã autostrada sunt obligați sã semnalizeze din timp și sã se angajeze pe banda de ieșire (de decelerare).</p>


                    </div>","https://scoaladrpciv.ro/intrebari/categoria-redobandire/circulatia-pe-autostrazi"
"1790577507-89","https://scoaladrpciv.ro/intrebari/categoria-redobandire","Pe autostradă vă sunt interzise următoarele:","B - circulația sau staționarea pe banda de urgență, cu excepția cazurilor justificate;","","","A - utilizarea benzii de accelerare sau decelerare pentru schimbarea direcției de mers;","C - deplasarea cu o viteză inferioară limitei maxime permise.","https://scoaladrpciv.ro/intrebare/pe-autostrada-va-sunt-interzise-urmatoarele-1982","","","https://scoaladrpciv.ro/intrebari/categoria-redobandire/circulatia-pe-autostrazi"
"1790577510-90","https://scoaladrpciv.ro/intrebari/categoria-redobandire","La circulația pe autostrăzi, conducătorului auto îi este interzis:","A - să staționeze pe banda de urgență, cu excepția cazurilor justificate;","","","B - să oprească pentru a remedia o defecțiune;","C - să depășească alte autovehicule.","https://scoaladrpciv.ro/intrebare/la-circulatia-pe-autostrazi-conducatorului-auto-ii-este-interzis-2df6","","","https://scoaladrpciv.ro/intrebari/categoria-redobandire/circulatia-pe-autostrazi"
"1790577512-91","https://scoaladrpciv.ro/intrebari/categoria-redobandire","Este permisă întoarcerea pe autostradă?","A - nu;","","","B - da;","C - da, dacă sensul de mers este blocat.","https://scoaladrpciv.ro/intrebare/este-permisa-intoarcerea-pe-autostrada-5d79","","<div class="""">
                        <p>(4)&nbsp;&nbsp;Constituie contravenție și se sancționează cu amenda prevăzută în clasa a IV-a de sancțiuni și cu aplicarea sancțiunii complementare a suspendării exercitării dreptului de a conduce pentru o perioadă de 120 de zile săvârșirea de către conducătorul de autovehicul ori de tractor agricol sau forestier a următoarelor fapte:</p>
<ul>
<li>a)&nbsp;&nbsp;&nbsp;&nbsp;depășirea cu mai mult de 70 km/h a vitezei maxime admise pe sectorul de drum respectiv și pentru categoria din care face parte autovehiculul condus, constatată, potrivit legii, cu mijloace tehnice omologate și verificate metrologic;</li>
<li>b)&nbsp; neoprirea la trecerea la nivel cu calea ferată când barierele sau semibarierele sunt coborâte ori în curs de coborâre sau când semnalele cu lumini roșii și/sau sonore sunt în funcțiune;</li>
<li><span style=""background-color: #fbeeb8;"">c)&nbsp;&nbsp;efectuarea, de către conducătorul de autovehicul, pe autostradă sau pe drumul expres, a manevrei de întoarcere sau de mers înapoi, a circulației în sens contrar sensului de circulație, a circulației sau traversării de pe un sens de circulație pe celălalt prin zonele interzise, respectiv prin zona mediană sau racordurile dintre cele două părți carosabile.</span></li>
</ul>


                    </div>","https://scoaladrpciv.ro/intrebari/categoria-redobandire/circulatia-pe-autostrazi"
"1790577514-92","https://scoaladrpciv.ro/intrebari/categoria-redobandire","Conducătorii de autovehicule ce intenționează să pătrundă pe autostradă folosind banda de intrare (de accelerare) sunt obligați:","C - să cedeze trecerea autovehiculelor care circulă pe prima bandă a autostrăzii și să nu stânjenească în niciun fel circulația acestora.","","","A - să mărească viteza și să treacă pe prima bandă a autostrăzii;","B - să conducă în spiritul conducerii preventive;","https://scoaladrpciv.ro/intrebare/conducatorii-de-autovehicule-ce-intentioneaza-sa-patrunda-pe-autostrada-folosind-banda-de-intrare-de-accelerare-sunt-obligati-42f1","","","https://scoaladrpciv.ro/intrebari/categoria-redobandire/circulatia-pe-autostrazi"
"1790577519-93","https://scoaladrpciv.ro/intrebari/categoria-redobandire","În care dintre următoarele situaţii este interzisă oprirea:","A - în intersecţiile cu sens giratoriu","","","B - pe drumurile cu sens unic","C - pe strazile cu o lăţime mai mică de 8m","https://scoaladrpciv.ro/intrebare/in-care-dintre-urmatoarele-situatii-este-interzisa-oprirea-7c7c","","","https://scoaladrpciv.ro/intrebari/categoria-redobandire/oprirea-stationarea-si-parcarea"
"1790577522-94","https://scoaladrpciv.ro/intrebari/categoria-redobandire","Este interzisă staţionarea unui autoturism pe un drum public cu o lăţime mai mică de 6 m?","A - da","","","B - nu","C - legal, nu este prevăzut","https://scoaladrpciv.ro/intrebare/este-interzisa-stationarea-unui-autoturism-pe-un-drum-public-cu-o-latime-mai-mica-de-6-m-0f8c","","","https://scoaladrpciv.ro/intrebari/categoria-redobandire/oprirea-stationarea-si-parcarea"
"1790577524-95","https://scoaladrpciv.ro/intrebari/categoria-redobandire","Se interzice oprirea voluntară:","C - în locul în care se împiedică vizibilitatea unui semnal luminos","","","A - în locurile în care este permisă depăşirea","B - la o distanţă mai mică de 30m, înainte şi după staţiile mijloacelor de transport public de persoane","https://scoaladrpciv.ro/intrebare/se-interzice-oprirea-voluntara-1ebc","","","https://scoaladrpciv.ro/intrebari/categoria-redobandire/oprirea-stationarea-si-parcarea"
"1790577526-96","https://scoaladrpciv.ro/intrebari/categoria-redobandire","Oprirea este interzisă:","B - în locul în care se împiedică vizibilitatea unui semnal luminos","","","A - la mai puţin de 50 m de colţul intersecţiei","C - în curbe cu vizibilitatea sub 100 m","https://scoaladrpciv.ro/intrebare/oprirea-este-interzisa-b9d4","","","https://scoaladrpciv.ro/intrebari/categoria-redobandire/oprirea-stationarea-si-parcarea"
"1790577528-97","https://scoaladrpciv.ro/intrebari/categoria-redobandire","Oprirea este interzisă:","A - pe sectoarele de drum unde depăşirea este interzisă","","","B - în zona de acţiune a indicatorului „Staţionarea interzisă”","C - în dreptul căilor de acces care deservesc proprietăţile alăturate drumurilor publice","https://scoaladrpciv.ro/intrebare/oprirea-este-interzisa-933f","","","https://scoaladrpciv.ro/intrebari/categoria-redobandire/oprirea-stationarea-si-parcarea"
"1790577531-98","https://scoaladrpciv.ro/intrebari/categoria-redobandire","În care dintre situaţiile de mai jos este interzisă oprirea vehiculelor pe drumurile publice?","A - în intersecţiile cu sens giratoriu","","","B - în zona de acţiune a indicatorului „Staţionarea interzisă”","C - pe arterele cu un singur sens de circulaţie","https://scoaladrpciv.ro/intrebare/in-care-dintre-situatiile-de-mai-jos-este-interzisa-oprirea-vehiculelor-pe-drumurile-publice-f26d","","","https://scoaladrpciv.ro/intrebari/categoria-redobandire/oprirea-stationarea-si-parcarea"
"1790577533-99","https://scoaladrpciv.ro/intrebari/categoria-redobandire","Oprirea voluntară a unui vehicul este interzisă:","C - în intersecţiile cu sens giratoriu","","","A - în zona de acţiune a indicatorului „Staţionarea interzisă”","B - în curbe şi în alte locuri unde vizibilitatea este redusă sub 100 m","https://scoaladrpciv.ro/intrebare/oprirea-voluntara-a-unui-vehicul-este-interzisa-216c","","","https://scoaladrpciv.ro/intrebari/categoria-redobandire/oprirea-stationarea-si-parcarea"
"1790577535-100","https://scoaladrpciv.ro/intrebari/categoria-redobandire","Oprirea este interzisă:","A - la o distanţă mai mică de 25 m de colţul intersecţiei","","","B - pe drumul cu sens unic","C - la o distanţă de 5 m în spatele ultimului vagon de tramvai oprit în staţia fără refugiu pentru pietoni","https://scoaladrpciv.ro/intrebare/oprirea-este-interzisa-99dd","","","https://scoaladrpciv.ro/intrebari/categoria-redobandire/oprirea-stationarea-si-parcarea"
"1790577538-101","https://scoaladrpciv.ro/intrebari/categoria-redobandire","Este permisă parcarea autoturismelor pe trotuar?","B - da, dar numai în acele zone unde există reglementări în acest sens","","","A - nu, întrucât trotuarul este rezervat în exclusivitate deplasării pietonilor","C - da, când vehiculul trebuie scos de pe partea carosabilă pentru a nu stânjeni autovehiculele aflate în mişcare","https://scoaladrpciv.ro/intrebare/este-permisa-parcarea-autoturismelor-pe-trotuar-051b","","","https://scoaladrpciv.ro/intrebari/categoria-redobandire/oprirea-stationarea-si-parcarea"
"1790577540-102","https://scoaladrpciv.ro/intrebari/categoria-redobandire","Este permisă oprirea voluntară a autovehiculului în tuneluri?","B - nu","","","A - da","C - numai dacă lungimea tunelului depăşeşte 1000 m","https://scoaladrpciv.ro/intrebare/este-permisa-oprirea-voluntara-a-autovehiculului-in-tuneluri-b11d","","<div class="""">
                        <h4>Articolul 141</h4>
<p>(1)&nbsp;&nbsp; Conducãtorii autovehiculelor, tractoarelor agricole sau forestiere imobilizate pe drumurile publice, care se îndepãrteazã de acestea, sunt obligați sã acționeze frânã de ajutor, sã opreascã funcționarea motorului și sã cupleze într-o treaptã de vitezã inferioarã sau în cea de parcare dacã autovehiculul, tractorul agricol sau forestier are transmisie automatã.</p>
<p>(2)&nbsp;&nbsp; În cazul imobilizãrii involuntare a autovehiculului, tractorului agricol sau forestier în panta sau în rampa, pe lângã obligațiile prevãzute la alin. (1) conducãtorul trebuie sã bracheze rotile directoare.</p>
<p>(3)&nbsp;&nbsp; În cazul imobilizãrii involuntare a autovehiculului, tractorului agricol sau forestier în pasaje subterane sau în tuneluri, conducãtorul acestuia este obligat sã opreascã funcționarea motorului.</p>
<p>(4)&nbsp;&nbsp; În localitãți, pe drumurile cu sens unic, oprirea sau staționarea voluntarã a vehiculelor este permisã și pe partea stânga, dacã rãmâne liberã cel puțin o bandã de circulație.</p>
<p>(5)&nbsp;&nbsp; În afara localitãților oprirea sau staționarea voluntarã a vehiculelor se face în afara pãrții carosabile, iar atunci când nu este posibil, cât mai aproape de marginea din dreapta a drumului, paralel cu axa acestuia.</p>
<p>(6)&nbsp;&nbsp; Nu este permisã staționarea pe partea carosabilã, în timpul nopții, a tractoarelor agricole sau forestiere, a remorcilor, a mopedelor, a bicicletelor, a trotinetelor electrice, a vehiculelor cu tracțiune animalã ori a celor trase sau împinse cu mâna.</p>
<p><span style=""background-color: #f1c40f;"">(7)&nbsp;&nbsp; Nu este permisã oprirea sau staționarea în tuneluri. În situații de urgențã sau de pericol conducãtorului de autovehicul îi este permisã oprirea sau staționarea numai în locurile special amenajate și semnalizate corespunzãtor. În caz de imobilizare prelungitã a autovehiculului în tunel, conducãtorul de vehicul este obligat sã opreascã motorul.</span></p>
<p>(8)&nbsp;&nbsp; Se considerã staționare pe partea carosabilã situația în care oricare dintre roțile vehiculului sau remorcii se regãsește pe partea carosabilã.</p>


                    </div>","https://scoaladrpciv.ro/intrebari/categoria-redobandire/oprirea-stationarea-si-parcarea"
"1790577542-103","https://scoaladrpciv.ro/intrebari/categoria-redobandire","Oprirea voluntară a vehiculelor este interzisă:","A - pe platforma căii ferate sau de tramvai, dacă prin aceasta este stânjenită circulaţia vehiculelor pe şine","","","B - la mai puţin de 50 m de trecerile pentru pietoni","C - la o distanţă mai mică de 150 m de trecerea la nivel cu calea ferată","https://scoaladrpciv.ro/intrebare/oprirea-voluntara-a-vehiculelor-este-interzisa-b3cb","","","https://scoaladrpciv.ro/intrebari/categoria-redobandire/oprirea-stationarea-si-parcarea"
"1790577544-104","https://scoaladrpciv.ro/intrebari/categoria-redobandire","Este permisă staţionarea vehiculelor în zona de acţiune a indicatorului „Drum îngustat”?","B - nu","","","A - da","C - legea nu prevede nimic cu privire la acest aspect","https://scoaladrpciv.ro/intrebare/este-permisa-stationarea-vehiculelor-in-zona-de-actiune-a-indicatorului-drum-ingustat-f6b0","","","https://scoaladrpciv.ro/intrebari/categoria-redobandire/oprirea-stationarea-si-parcarea"
"1790577547-105","https://scoaladrpciv.ro/intrebari/categoria-redobandire","În care dintre situaţii este interzisă oprirea?","A - în curbe şi pe sectoarele de drum cu vizibilitate redusă sub 50 m","","","B - la mai puţin de 50 m de cel mai apropiat colţ al intersecţiei","C - în zona de acţiune a indicatorului „Staţionarea interzisă”","https://scoaladrpciv.ro/intrebare/in-care-dintre-situatii-este-interzisa-oprirea-170e","","<div class="""">
                        <h4>Articolul 142</h4><p>Se interzice oprirea voluntarã a vehiculelor:</p><p>a)&nbsp; în zona de acțiune a indicatorului ""Oprirea interzisã"";</p><p>&nbsp;b)&nbsp;&nbsp; pe trecerile la nivel cu calea feratã curentã și la o distanțã mai mica de 50 m înainte și dupã acestea;</p><p>&nbsp;c)&nbsp; pe poduri, pe și sub pasaje denivelate, precum și pe viaducte;</p><p><span style=""background-color:hsl(60,75%,60%);"">d)&nbsp;&nbsp; în curbe și în alte locuri cu vizibilitate redusã sub 50 m;</span></p><p>e)&nbsp;&nbsp; pe trecerile pentru pietoni ori la mai puțin de 25 m înainte și dupã acestea;;</p><p>&nbsp;f)&nbsp;&nbsp; în intersecții, inclusiv cele cu circulație în sens giratoriu, precum și în zona de preselecție unde sunt aplicate marcaje continue, iar în lipsa acestora, la o distanțã mai mica de 25 m de coltul intersecției;</p><p>g)&nbsp;&nbsp; în stațiile mijloacelor de transport public de persoane, precum și la mai puțin de 25 m înainte și dupã acestea;</p><p>h)&nbsp;&nbsp; în dreptul altui vehicul oprit pe partea carosabilã, dacã prin aceasta se stânjenește circulația a douã vehicule venind din sensuri opuse, precum și în dreptul marcajului continuu, în cazul în care conducãtorii celorlalte vehicule care circulã în același sens ar fi obligați, din aceastã cauzã, sã treacã peste acest marcaj;</p><p>i)&nbsp;&nbsp; în locul în care se împiedicã vizibilitatea asupra unui indicator sau semnal luminos;</p><p>j)&nbsp;&nbsp; pe sectoarele de drum unde sunt instalate indicatoarele cu semnificațiile ""Drum îngustat"", ""Prioritate pentru circulația din sens invers"" sau ""Prioritate fațã de circulația din sens invers"";</p><p>k)&nbsp;&nbsp; pe pistele obligatorii pentru pietoni sau pentru pietoni și biciclete ori pe benzile rezervate unor anumite categorii de vehicule, semnalizate ca atare;</p><p>l)&nbsp;&nbsp; pe platforma caii ferate industriale sau de tramvai ori la mai puțin de 50 m de acestea, dacã circulația vehiculelor pe sine ar putea fi stânjenitã sau împiedicatã;</p><p>m)&nbsp;&nbsp; pe partea carosabilã a autostrãzilor, a drumurilor expres și a celor naționale europene (E);</p><p>n)&nbsp;&nbsp; pe trotuar, cu excepția situației în care administratorul drumului public a executat amenajãri care respectã prevederile art. 144 alin.(2) și (3);</p><p>o)&nbsp;&nbsp; pe pistele pentru biciclete;</p><p>p)&nbsp;&nbsp; în locurile unde este interzisã depãșirea.</p>


                    </div>","https://scoaladrpciv.ro/intrebari/categoria-redobandire/oprirea-stationarea-si-parcarea"
"1790577549-106","https://scoaladrpciv.ro/intrebari/categoria-redobandire","Într-o intersecţie unde circulaţia se desfăşoară în sens giratoriu, conducătorilor auto le este interzis:","B - să oprească autovehiculele, în afara situaţiilor impuse de trafic","","","A - să reducă viteza, întrucât se creează pericolul de blocare","C - să întoarcă, prin ocolirea sensului giratoriu","https://scoaladrpciv.ro/intrebare/intr-o-intersectie-unde-circulatia-se-desfasoara-in-sens-giratoriu-conducatorilor-auto-le-este-interzis-46a1","","","https://scoaladrpciv.ro/intrebari/categoria-redobandire/oprirea-stationarea-si-parcarea"
"1790577551-107","https://scoaladrpciv.ro/intrebari/categoria-redobandire","Parcarea este permisă:","A - numai în locurile special destinate, semnalizate prin indicatoare sau marcaje","","","B - pe orice drum public, unde staţionarea nu este interzisă, cu condiţia să nu se stânjenească circulaţia celorlalte vehicule","C - numai pe străzile cu o lăţime de cel puţin 6 m","https://scoaladrpciv.ro/intrebare/parcarea-este-permisa-eaa3","","","https://scoaladrpciv.ro/intrebari/categoria-redobandire/oprirea-stationarea-si-parcarea"
"1790577553-108","https://scoaladrpciv.ro/intrebari/categoria-redobandire","Care este diferenţa între oprire şi staţionare?","B - diferenţa constă în durata de imobilizare a vehiculului pe partea carosabilă a drumului public","","","A - nici una întrucât ambele au aceleaşi reguli de aplicare","C - diferenţa este determinată de modul de aşezare şi asigurare a autovehiculului pe partea carosabilă","https://scoaladrpciv.ro/intrebare/care-este-diferenta-intre-oprire-si-stationare-be29","","","https://scoaladrpciv.ro/intrebari/categoria-redobandire/oprirea-stationarea-si-parcarea"
"1790577556-109","https://scoaladrpciv.ro/intrebari/categoria-redobandire","Dacă rămâneţi în pană într-un tunel:","A - opriţi funcţionarea motorului","","","B - motorul trebuie să funcţioneze, pentru a putea folosi luminile de avarie","C - închideţi autovehiculul şi vă îndepărtaţi de acesta","https://scoaladrpciv.ro/intrebare/daca-ramaneti-in-pana-intr-un-tunel-c9c0","","","https://scoaladrpciv.ro/intrebari/categoria-redobandire/oprirea-stationarea-si-parcarea"
"1790577558-110","https://scoaladrpciv.ro/intrebari/categoria-redobandire","În care dintre situaţii oprirea este interzisă:","B - în intersecţiile cu sens giratoriu","","","A - pe străzile cu sens unic","C - în dreptul indicatorului „Parcarea interzisă""","https://scoaladrpciv.ro/intrebare/in-care-dintre-situatii-oprirea-este-interzisa-fafe","","","https://scoaladrpciv.ro/intrebari/categoria-redobandire/oprirea-stationarea-si-parcarea"
"1790577560-111","https://scoaladrpciv.ro/intrebari/categoria-redobandire","Se interzice oprirea voluntară:","C - în zona de acţiune a indicatorului „Prioritate faţă de circulaţia din sens invers""","","","A - la mai puţin de 100 m de calea ferată industrială","B - pe trotuar","https://scoaladrpciv.ro/intrebare/se-interzice-oprirea-voluntara-8651","","","https://scoaladrpciv.ro/intrebari/categoria-redobandire/oprirea-stationarea-si-parcarea"
"1790577563-112","https://scoaladrpciv.ro/intrebari/categoria-redobandire","Oprirea voluntară este interzisă:","A - în intersecţiile dirijate","","","B - pe drumurile cu prioritate","C - pe sectoarele de drum neiluminate","https://scoaladrpciv.ro/intrebare/oprirea-voluntara-este-interzisa-f0b0","","","https://scoaladrpciv.ro/intrebari/categoria-redobandire/oprirea-stationarea-si-parcarea"
"1790577565-113","https://scoaladrpciv.ro/intrebari/categoria-redobandire","În ce situaţie vă este permis să opriţi vehiculul sau să staţionaţi pe partea stângă a sensului de mers?","A - pe drumurile cu sens unic, dacă rămâne liberă cel puţin o bandă de circulaţie","","","B - pe drumurile secundare","C - pe drumurile cu cel puţin două benzi pe sens","https://scoaladrpciv.ro/intrebare/in-ce-situatie-va-este-permis-sa-opriti-vehiculul-sau-sa-stationati-pe-partea-stanga-a-sensului-de-mers-4d1e","","","https://scoaladrpciv.ro/intrebari/categoria-redobandire/oprirea-stationarea-si-parcarea"
"1790577567-114","https://scoaladrpciv.ro/intrebari/categoria-redobandire","Este interzisă staţionarea unui autoturism în zona marcajului longitudinal continuu?","B - da, în cazul în care conducătorii celorlalte vehicule ar fi determinaţi să treacă peste marcajul respectiv","","","A - nu","C - legal, nu este prevăzut","https://scoaladrpciv.ro/intrebare/este-interzisa-stationarea-unui-autoturism-in-zona-marcajului-longitudinal-continuu-77ef","","","https://scoaladrpciv.ro/intrebari/categoria-redobandire/oprirea-stationarea-si-parcarea"
"1790577569-115","https://scoaladrpciv.ro/intrebari/categoria-redobandire","Pe ce drumuri sunt permise oprirea şi staţionarea vehiculelor şi pe partea stângă, în sensul de mers?","B - pe drumurile cu sens unic, dacă rămâne liberă cel puţin o bandă de circulaţie","","","A - pe drumurile cu trafic redus","C - pe orice drum","https://scoaladrpciv.ro/intrebare/pe-ce-drumuri-sunt-permise-oprirea-si-stationarea-vehiculelor-si-pe-partea-stanga-in-sensul-de-mers-34b8","","","https://scoaladrpciv.ro/intrebari/categoria-redobandire/oprirea-stationarea-si-parcarea"
"1790577572-116","https://scoaladrpciv.ro/intrebari/categoria-redobandire","În care dintre situaţiile prezentate mai jos nu este permisă oprirea voluntară a vehiculelor?","B - pe pistele obligatorii pentru pietoni","","","A - la o distanţă mai mică de 100 m de trecerea la nivel cu calea ferată","C - pe bordura carosabilului","https://scoaladrpciv.ro/intrebare/in-care-dintre-situatiile-prezentate-mai-jos-nu-este-permisa-oprirea-voluntara-a-vehiculelor-b584","","","https://scoaladrpciv.ro/intrebari/categoria-redobandire/oprirea-stationarea-si-parcarea"
"1790577574-117","https://scoaladrpciv.ro/intrebari/categoria-redobandire","Imobilizarea voluntară a unui vehicul se consideră oprire, dacă:","A - durează cel mult 5 minute","","","B - vehiculul a fost oprit pentru îmbarcarea sau debarcarea unor persoane, fără ca prin aceasta să fie perturbată circulaţia","C - vehiculele de până la 3,5 tone execută operaţiunea de aprovizionare cu mărfuri alimentare","https://scoaladrpciv.ro/intrebare/imobilizarea-voluntara-a-unui-vehicul-se-considera-oprire-daca-fa41","","","https://scoaladrpciv.ro/intrebari/categoria-redobandire/oprirea-stationarea-si-parcarea"
"1790577577-118","https://scoaladrpciv.ro/intrebari/categoria-redobandire","În care dintre situaţiile de mai jos este interzisă oprirea vehiculelor pe drumurile publice?","B - la o distanţă mai mică de 25 m înainte şi după indicatorul staţiei pentru mijloacele de transport public de persoane","","","A - pe partea carosabilă a drumurilor naţionale","C - la mai puţin de 50 m de cel mai apropiat colţ al intersecţiei","https://scoaladrpciv.ro/intrebare/in-care-dintre-situatiile-de-mai-jos-este-interzisa-oprirea-vehiculelor-pe-drumurile-publice-2328","","","https://scoaladrpciv.ro/intrebari/categoria-redobandire/oprirea-stationarea-si-parcarea"
"1790577579-119","https://scoaladrpciv.ro/intrebari/categoria-redobandire","Este interzisă staţionarea în dreptul marcajului longitudinal continuu, aplicat între sensurile de circulaţie?","B - da, atunci când conducătorii celorlalte vehicule ar fi obligaţi astfel să treacă peste marcajul respectiv","","","A - nu","C - legal, nu este prevăzut","https://scoaladrpciv.ro/intrebare/este-interzisa-stationarea-in-dreptul-marcajului-longitudinal-continuu-aplicat-intre-sensurile-de-circulatie-c2ca","","","https://scoaladrpciv.ro/intrebari/categoria-redobandire/oprirea-stationarea-si-parcarea"
"1790577581-120","https://scoaladrpciv.ro/intrebari/categoria-redobandire","Se interzice staţionarea voluntară:","C - în dreptul căilor de acces care deservesc proprietăţi alăturate drumurilor publice","","","A - pe drumurile cu mai puţin de două benzi pe sensul de mers","B - în zona de acţionare a indicatorului „Circulaţie în ambele sensuri""","https://scoaladrpciv.ro/intrebare/se-interzice-stationarea-voluntara-05f9","","","https://scoaladrpciv.ro/intrebari/categoria-redobandire/oprirea-stationarea-si-parcarea"
"1790577584-121","https://scoaladrpciv.ro/intrebari/categoria-redobandire","Oprirea voluntară a unui vehicul este interzisă:","C - în locurile unde s-ar împiedica observarea unui indicator sau a unui semnal luminos","","","A - pe drumurile cu un singur sens de circulaţie","B - pe drumurile cu o lăţime mai mică de 6 m","https://scoaladrpciv.ro/intrebare/oprirea-voluntara-a-unui-vehicul-este-interzisa-4a57","","","https://scoaladrpciv.ro/intrebari/categoria-redobandire/oprirea-stationarea-si-parcarea"
"1790577586-122","https://scoaladrpciv.ro/intrebari/categoria-redobandire","Este interzisă oprirea voluntară:","A - pe trecerile pentru pietoni sau la mai puţin de 25 m, înainte şi după acestea","","","B - la o distanţă mai mică de 100 m, înainte şi după trecerea la nivel cu calea ferată","C - la o distanţă mai mică de 50 m, înainte şi după staţiile mijloacelor de transport public","https://scoaladrpciv.ro/intrebare/este-interzisa-oprirea-voluntara-b22e","","","https://scoaladrpciv.ro/intrebari/categoria-redobandire/oprirea-stationarea-si-parcarea"
"1790577591-123","https://scoaladrpciv.ro/intrebari/categoria-redobandire","Apropiindu-vă de o trecere la nivel cu calea ferată, observați că se coboară bariera. Cum procedați?","B - opriți în fața barierei;","","","A - accelerați și treceți fără ezitare peste nivelul cu calea ferată;","C - pentru a nu fi lovit de barieră, o ocoliți cu atenție prin stânga.","https://scoaladrpciv.ro/intrebare/apropiindu-va-de-o-trecere-la-nivel-cu-calea-ferata-observati-ca-se-coboara-bariera-cum-procedati-4ed2","","","https://scoaladrpciv.ro/intrebari/categoria-redobandire/trecerea-la-nivel-cu-calea-ferata"
"1790577593-124","https://scoaladrpciv.ro/intrebari/categoria-redobandire","Ce obligații aveți la trecerea la nivel cu calea ferată curentă prevăzută cu bariere, dacă acestea sunt ridicate?","C - reduceți viteza, vă asigurați că din partea stângă sau din partea dreaptă nu se apropie un vehicul feroviar, apoi vă angajați în traversare.","","","A - vă asigurați că nu sunteți depășit de alt vehicul și vă angajați în traversarea căii ferate;","B - ziua dați semnale sonore, iar noaptea aprindeți faza de drum intermitentă, apoi traversați;","https://scoaladrpciv.ro/intrebare/ce-obligatii-aveti-la-trecerea-la-nivel-cu-calea-ferata-curenta-prevazuta-cu-bariere-daca-acestea-sunt-ridicate-8dc7","","","https://scoaladrpciv.ro/intrebari/categoria-redobandire/trecerea-la-nivel-cu-calea-ferata"
"1790577595-125","https://scoaladrpciv.ro/intrebari/categoria-redobandire","În care dintre următoarele situații semnalizarea de interzicere a circulației rutiere, la trecerea la nivel cu calea ferată curentă, se consideră realizată?","A - atunci când barierele sau semibarierele sunt în curs de coborâre sau de ridicare;","","","B - atunci când barierele sau semibarierele sunt în poziție verticală;","C - prin aprinderea unei singure unități luminoase cu lumină intermitent-alternativa albă.","https://scoaladrpciv.ro/intrebare/in-care-dintre-urmatoarele-situatii-semnalizarea-de-interzicere-a-circulatiei-rutiere-la-trecerea-la-nivel-cu-calea-ferata-curenta-se-considera-realizata-f7d1","","","https://scoaladrpciv.ro/intrebari/categoria-redobandire/trecerea-la-nivel-cu-calea-ferata"
"1790577598-126","https://scoaladrpciv.ro/intrebari/categoria-redobandire","Semnalul luminos intermitent de culoare albă, având cadență lentă, de la trecerile la nivel cu calea ferată curentă prevăzută cu instalație automată de semnalizare se găsește în funcțiune:","A - pe timpul cât circulația rutieră este permisă, luminile intermitent-alternative roșii fiind stinse;","","","B - pe timpul cât instalație automată de semnalizare este defectă;","C - pe timpul cât barierele ori semibarierele sunt în curs de coborâre sau de ridicare.","https://scoaladrpciv.ro/intrebare/semnalul-luminos-intermitent-de-culoare-alba-avand-cadenta-lenta-de-la-trecerile-la-nivel-cu-calea-ferata-curenta-prevazuta-cu-instalatie-automata-de-semnalizare-se-gaseste-in-functiune-8d25","","","https://scoaladrpciv.ro/intrebari/categoria-redobandire/trecerea-la-nivel-cu-calea-ferata"
"1790577600-127","https://scoaladrpciv.ro/intrebari/categoria-redobandire","Ce obligații are conducătorul unui vehicul în cazul în care acesta rămâne imobilizat pe calea ferată?","C - să scoată imediat pasagerii din vehicul și să elibereze platforma caii ferate, iar când nu este posibil, să semnalizeze prezența vehiculului cu orice mijloc adecvat.","","","A - să ia toate măsurile ca autovehiculul să pornească;","B - să anunțe poliția sau cel mai apropiat agent de cale ferată;","https://scoaladrpciv.ro/intrebare/ce-obligatii-are-conducatorul-unui-vehicul-in-cazul-in-care-acesta-ramane-imobilizat-pe-calea-ferata-b90a","","","https://scoaladrpciv.ro/intrebari/categoria-redobandire/trecerea-la-nivel-cu-calea-ferata"
"1790577602-128","https://scoaladrpciv.ro/intrebari/categoria-redobandire","Vă apropiați de o trecere la nivel cu calea ferată curentă fără bariere, în traversarea căreia s-a angajat o căruță aflată în fața dvs. În această situație puteți efectua depășirea?","C - nu.","","","A - da, dacă aceasta nu a ajuns încă la calea ferată;","B - da, întrucât căruța este un vehicul lent;","https://scoaladrpciv.ro/intrebare/va-apropiati-de-o-trecere-la-nivel-cu-calea-ferata-curenta-fara-bariere-in-traversarea-careia-s-a-angajat-o-caruta-aflata-in-fata-dvs-in-aceasta-situatie-puteti-efectua-depasirea-1a95","","<div class="""">
                        <h4>Articolul 120</h4>
<p>(1)&nbsp;&nbsp; Se interzice depãșirea vehiculelor:</p>
<ul>
<li>a) în intersecții cu circulația nedirijatã;</li>
<li>b)&nbsp;&nbsp; în apropierea vârfurilor de rampa, când vizibilitatea este redusã sub 50 m;</li>
<li>c)&nbsp; în curbe și în orice alte locuri unde vizibilitatea este redusã sub 50 m;</li>
<li>d)&nbsp;&nbsp;pe pasaje denivelate, pe poduri, sub poduri și în tuneluri. Prin excepție, pot fi depãșite în aceste locuri vehiculele cu tracțiune animalã, motocicletele fãrã ataș, mopedele, bicicletele și trotinetele electrice, dacã vizibilitatea asupra drumului este asiguratã pe o distanțã mai mare de 20 m, iar lãțimea drumului este de cel puțin 7 m;</li>
<li>e)&nbsp;&nbsp; pe trecerile pentru pietoni semnalizate prin indicatoare și marcaje;</li>
<li><span style=""background-color: #fbeeb8;"">f)&nbsp;&nbsp; pe trecerile la nivel cu calea feratã curentã și la mai puțin de 50 m înainte de acestea;</span></li>
<li>g)&nbsp;&nbsp; în dreptul stației pentru tramvai, atunci când acesta este oprit, iar stația nu este prevãzutã cu refugiu pentru pietoni;</li>
<li>h)&nbsp;&nbsp; în zona de acțiune a indicatorului ""Depãșirea interzisã"";</li>
<li>i)&nbsp;&nbsp; când pentru efectuarea manevrei se încalcã marcajul continuu, simplu sau dublu, care desparte sensurile de mers, iar autovehiculul circulã, chiar și parțial, pe sensul opus, ori se încalcã marcajul care delimiteazã spațiul de interzicere;</li>
<li>j)&nbsp;&nbsp; când din sens opus se apropie un alt vehicul, iar conducãtorul acestuia este obligat sã efectueze manevre de evitare a coliziunii;</li>
<li>k)&nbsp;&nbsp; pe sectorul de drum unde s-a format o coloana de vehicule în așteptare, dacã prin aceasta se intrã pe sensul opus de circulație.</li>
</ul>


                    </div>","https://scoaladrpciv.ro/intrebari/categoria-redobandire/trecerea-la-nivel-cu-calea-ferata"
"1790577604-129","https://scoaladrpciv.ro/intrebari/categoria-redobandire","Cum trebuie procedat atunci când, la o trecere la nivel cu calea ferată prevăzută cu bariere sau semibariere, observați că dispozitivul cu lumină roșie intermitent-alternativă este în funcțiune?","B - opriți înaintea barierelor ori semibarierelor;","","","A - grăbiți trecerea, deoarece peste câteva secunde urmează ca barierele ori semibarierele să se coboare;","C - așteptați și traversați doar după apariția culorii verzi a semaforului electric.","https://scoaladrpciv.ro/intrebare/cum-trebuie-procedat-atunci-cand-la-o-trecere-la-nivel-cu-calea-ferata-prevazuta-cu-bariere-sau-semibariere-observati-ca-dispozitivul-cu-lumina-rosie-intermitent-alternativa-este-in-functiune-80cd","","","https://scoaladrpciv.ro/intrebari/categoria-redobandire/trecerea-la-nivel-cu-calea-ferata"
"1790577607-130","https://scoaladrpciv.ro/intrebari/categoria-redobandire","Ce obligații vă revin la semnalul agentului de cale ferată de la trecerile la nivel, executat cu un dispozitiv cu lumină roșie ori cu bastonul fluorescent-reflectorizant?","B - să opriți autovehiculul;","","","A - să reduceți viteza doar până traversați calea ferată;","C - să reduceți viteza și să opriți numai dacă circulă un vehicul feroviar.","https://scoaladrpciv.ro/intrebare/ce-obligatii-va-revin-la-semnalul-agentului-de-cale-ferata-de-la-trecerile-la-nivel-executat-cu-un-dispozitiv-cu-lumina-rosie-ori-cu-bastonul-fluorescent-reflectorizant-0f63","","<div class="""">
                        <h4>Articolul 89</h4>
<p>(1)&nbsp;&nbsp; Oprirea participanților la trafic este obligatorie și la semnalele date de:</p>
<ul>
<li>a)&nbsp; polițiștii de frontierã;</li>
<li>b)&nbsp;&nbsp; îndrumãtorii de circulație ai Ministerului Apãrãrii;</li>
<li><span style=""background-color: #fbeeb8;"">&nbsp;c)&nbsp; agenții de cale feratã, la trecerile la nivel;</span></li>
<li>&nbsp;d)&nbsp;&nbsp; personalul autorizat din zona lucrãrilor pe drumurile publice;</li>
<li>&nbsp;e)&nbsp;&nbsp; membrii patrulelor școlare de circulație, la trecerile pentru pietoni din apropierea unitãților de învãțãmânt;</li>
<li>&nbsp;f)&nbsp;&nbsp; nevãzãtori, prin ridicarea bastonului alb, atunci când aceștia traverseazã strada.</li>
</ul>


                    </div>","https://scoaladrpciv.ro/intrebari/categoria-redobandire/trecerea-la-nivel-cu-calea-ferata"
"1790577609-131","https://scoaladrpciv.ro/intrebari/categoria-redobandire","La calea ferată curentă prevăzută cu bariere, atunci când semnalele sonore şi luminoase de culoare roşie sunt în funcţiune, sunteţi avertizat că:","B - trenul se apropie, urmând ca barierele să se închidă automat","","","A - instalaţia de închidere şi deschidere a barierelor nu funcţionează normal","C - trebuie să traversaţi de urgenţă calea ferată","https://scoaladrpciv.ro/intrebare/la-calea-ferata-curenta-prevazuta-cu-bariere-atunci-cand-semnalele-sonore-si-luminoase-de-culoare-rosie-sunt-in-functiune-sunteti-avertizat-ca-4f3f","","","https://scoaladrpciv.ro/intrebari/categoria-redobandire/trecerea-la-nivel-cu-calea-ferata"
"1790577611-132","https://scoaladrpciv.ro/intrebari/categoria-redobandire","Când este permisă trecerea la nivel cu o cale ferată fără bariere, prevăzută cu semnalizare luminoasă, dacă tocmai a trecut un tren?","A - după ce s-a stins lumina roşie intermitentă","","","B - după ce a trecut ultimul vagon","C - atunci când pleacă vehiculele aflate de cealaltă parte a căii ferate","https://scoaladrpciv.ro/intrebare/cand-este-permisa-trecerea-la-nivel-cu-o-cale-ferata-fara-bariere-prevazuta-cu-semnalizare-luminoasa-daca-tocmai-a-trecut-un-tren-94bd","","","https://scoaladrpciv.ro/intrebari/categoria-redobandire/trecerea-la-nivel-cu-calea-ferata"
"1790577614-133","https://scoaladrpciv.ro/intrebari/categoria-redobandire","Cum veţi proceda corect dacă, la apropierea de o trecere la nivel cu o cale ferată prevăzută cu semibariere automate, semnalele sonore şi luminile roşii sunt în funcţiune?","A - reduceţi viteza şi opriţi înaintea semibarierelor","","","B - ocoliţi semibariera şi vă continuaţi drumul, dacă trenul nu se apropie","C - măriţi viteza pentru a nu fi surprinşi de închiderea semibarierei","https://scoaladrpciv.ro/intrebare/cum-veti-proceda-corect-daca-la-apropierea-de-o-trecere-la-nivel-cu-o-cale-ferata-prevazuta-cu-semibariere-automate-semnalele-sonore-si-luminile-rosii-sunt-in-functiune-e541","","","https://scoaladrpciv.ro/intrebari/categoria-redobandire/trecerea-la-nivel-cu-calea-ferata"
"1790577616-134","https://scoaladrpciv.ro/intrebari/categoria-redobandire","Vă apropiaţi de o trecere peste calea ferată şi observaţi că se coboară semibariera. Cum procedaţi?","B - opriţi în faţa semibarierei","","","A - acceleraţi şi treceţi cât mai repede peste calea ferată","C - dacă nu se apropie trenul, ocoliţi semibariera","https://scoaladrpciv.ro/intrebare/va-apropiati-de-o-trecere-peste-calea-ferata-si-observati-ca-se-coboara-semibariera-cum-procedati-3ed8","","","https://scoaladrpciv.ro/intrebari/categoria-redobandire/trecerea-la-nivel-cu-calea-ferata"
"1790577618-135","https://scoaladrpciv.ro/intrebari/categoria-redobandire","Dacă la trecerea la nivel cu calea ferată constați că un vehicul este blocat pe calea ferată, cum vei proceda?","C - acorzi sprijin pentru scoaterea vehiculului de pe calea ferată sau, dacă nu este posibil, semnalizezi prezența acestuia.","","","A - îți continui drumul, deoarece degajarea căii ferate se va face de către personalul calificat;","B - oprești și anunți telefonic poliția despre acest incident;","https://scoaladrpciv.ro/intrebare/daca-la-trecerea-la-nivel-cu-calea-ferata-constati-ca-un-vehicul-este-blocat-pe-calea-ferata-cum-vei-proceda-7318","","","https://scoaladrpciv.ro/intrebari/categoria-redobandire/trecerea-la-nivel-cu-calea-ferata"
"1790577621-136","https://scoaladrpciv.ro/intrebari/categoria-redobandire","Cum procedează conducătorul de autovehicul când, la apropierea de o trecere la nivel cu calea ferată fără bariere, luminile roşii din dreptul indicatorului de atenţie în cruce se aprind şi se sting alternativ?","B - opreşte vehiculul fără a depăşi indicatorul","","","A - reduce viteza şi opreşte numai în cazul apropierii trenului","C - reduce viteza şi, după ce se asigură, îşi continuă deplasarea","https://scoaladrpciv.ro/intrebare/cum-procedeaza-conducatorul-de-autovehicul-cand-la-apropierea-de-o-trecere-la-nivel-cu-calea-ferata-fara-bariere-luminile-rosii-din-dreptul-indicatorului-de-atentie-in-cruce-se-aprind-si-se-sting-alternativ-f75b","","","https://scoaladrpciv.ro/intrebari/categoria-redobandire/trecerea-la-nivel-cu-calea-ferata"
"1790577623-137","https://scoaladrpciv.ro/intrebari/categoria-redobandire","Ce obligaţii ai la trecerea la nivel cu o cale ferată unde este prezent un agent de cale ferată?","B - să respecţi semnalele acestuia","","","A - nicio obligaţie, deoarece agentul de cale ferată dirijează garniturile de tren","C - să reduci viteza şi să continui traversarea căii ferate","https://scoaladrpciv.ro/intrebare/ce-obligatii-ai-la-trecerea-la-nivel-cu-o-cale-ferata-unde-este-prezent-un-agent-de-cale-ferata-4d2f","","","https://scoaladrpciv.ro/intrebari/categoria-redobandire/trecerea-la-nivel-cu-calea-ferata"
"1790577625-138","https://scoaladrpciv.ro/intrebari/categoria-redobandire","Dacă autovehiculul pe care îl conduceţi rămâne imobilizat pe calea ferată, aveţi următoarea obligaţie:","A - să scoateţi imediat pasagerii din vehicul şi să eliberaţi platforma căii ferate sau, când nu este posibil, să semnalizaţi prezenţa vehiculului cu orice mijloc adecvat","","","B - să anunţaţi poliţia","C - să porniţi autovehiculul prin orice mijloace","https://scoaladrpciv.ro/intrebare/daca-autovehiculul-pe-care-il-conduceti-ramane-imobilizat-pe-calea-ferata-aveti-urmatoarea-obligatie-8e05","","","https://scoaladrpciv.ro/intrebari/categoria-redobandire/trecerea-la-nivel-cu-calea-ferata"
"1790577627-139","https://scoaladrpciv.ro/intrebari/categoria-redobandire","La ce distanţă de trecerea la nivel cu calea ferată sunt instalate panourile suplimentare de avertizare?","C - primul la 150 m, al doilea la 100 m şi al treilea la 50 m","","","A - primul la 90 m, al doilea la 60 m şi al treilea la 30 m","B - primul la 200 m, al doilea la 150 m şi al treilea la 100 m","https://scoaladrpciv.ro/intrebare/la-ce-distanta-de-trecerea-la-nivel-cu-calea-ferata-sunt-instalate-panourile-suplimentare-de-avertizare-9e0e","","","https://scoaladrpciv.ro/intrebari/categoria-redobandire/trecerea-la-nivel-cu-calea-ferata"
"1790577630-140","https://scoaladrpciv.ro/intrebari/categoria-redobandire","Cum procedează conducătorul de autovehicul atunci când, apropiindu-se de o trecere la nivel cu calea ferată, prevăzută cu bariere ori semibariere, cele două lumini roşii funcţionează intermitent-alternativ?","B - opreşte, deoarece barierele sunt închise sau urmează să coboare","","","A - continuă deplasarea, dacă barierele nu sunt coborâte","C - continuă deplasarea fără interdicţie, deoarece luminile semnalizează doar prezenţa unei treceri la nivel cu calea ferată","https://scoaladrpciv.ro/intrebare/cum-procedeaza-conducatorul-de-autovehicul-atunci-cand-apropiindu-se-de-o-trecere-la-nivel-cu-calea-ferata-prevazuta-cu-bariere-ori-semibariere-cele-doua-lumini-rosii-functioneaza-intermitent-alternativ-bc75","","","https://scoaladrpciv.ro/intrebari/categoria-redobandire/trecerea-la-nivel-cu-calea-ferata"
"1790577632-141","https://scoaladrpciv.ro/intrebari/categoria-redobandire","Vă apropiați de o trecere la nivel cu calea ferată curentă fără bariere, în traversarea căreia s-a angajat o căruță aflată în fața dvs. În această situație puteți efectua depășirea?","C - nu, întrucât depășirea este interzisă pe trecerile la nivel cu calea ferată și la mai puțin de 50 m înainte de acestea.","","","A - da, dacă aceasta nu a ajuns încă la linia de tren;","B - da, întrucât căruța este un vehicul lent;","https://scoaladrpciv.ro/intrebare/va-apropiati-de-o-trecere-la-nivel-cu-calea-ferata-curenta-fara-bariere-in-traversarea-careia-s-a-angajat-o-caruta-aflata-in-fata-dvs-in-aceasta-situatie-puteti-efectua-depasirea-36fe","","","https://scoaladrpciv.ro/intrebari/categoria-redobandire/trecerea-la-nivel-cu-calea-ferata"
"1790577634-142","https://scoaladrpciv.ro/intrebari/categoria-redobandire","Ce obligaţii are conducătorul de vehicul la trecerea la nivel cu calea ferata curentă prevăzută cu bariere?","C - să reducă viteza, să se asigure şi apoi să se angajeze în traversare","","","A - să se asigure că nu este depăşit de alt vehicul şi să se angajeze în traversarea căii ferate","B - ziua să dea semnale sonore, iar noaptea să aprindă faza de drum intermitentă şi apoi să traverseze","https://scoaladrpciv.ro/intrebare/ce-obligatii-are-conducatorul-de-vehicul-la-trecerea-la-nivel-cu-calea-ferata-curenta-prevazuta-cu-bariere-a659","","","https://scoaladrpciv.ro/intrebari/categoria-redobandire/trecerea-la-nivel-cu-calea-ferata"
"1790577636-143","https://scoaladrpciv.ro/intrebari/categoria-redobandire","În cazul în care vehiculul pe care îl conduci rămâne blocat pe calea ferată, eşti obligat:","B - să scoţi imediat pasagerii din vehicul şi să eliberezi platforma căii ferate sau dacă nu este posibil, să semnalizezi prezenţa vehiculului cu orice mijloc adecvat","","","A - să te îndepărtezi de vehicul","C - să părăseşti împreună cu ceilalţi pasageri platforma căii ferate","https://scoaladrpciv.ro/intrebare/in-cazul-in-care-vehiculul-pe-care-il-conduci-ramane-blocat-pe-calea-ferata-esti-obligat-a3ae","","","https://scoaladrpciv.ro/intrebari/categoria-redobandire/trecerea-la-nivel-cu-calea-ferata"
"1790577639-144","https://scoaladrpciv.ro/intrebari/categoria-redobandire","Cum trebuie să procedeze conducătorul unui autovehicul la trecerea la nivel cu calea ferată, atunci când barierele sunt ridicate?","C - să reducă viteza autovehiculului şi să traverseze cu atenţie, asigurându-se că din partea stângă sau din partea dreaptă nu se apropie un vehicul feroviar","","","A - să reducă viteza, fără a depăşi linia continuă pentru oprire","B - să oprească autovehiculul în locul unde vizibilitatea este maximă, fără a depăşi indicatorul de prioritate în cruce","https://scoaladrpciv.ro/intrebare/cum-trebuie-sa-procedeze-conducatorul-unui-autovehicul-la-trecerea-la-nivel-cu-calea-ferata-atunci-cand-barierele-sunt-ridicate-77eb","","","https://scoaladrpciv.ro/intrebari/categoria-redobandire/trecerea-la-nivel-cu-calea-ferata"
"1790577644-145","https://scoaladrpciv.ro/intrebari/categoria-redobandire","Conducătorii de vehicule trebuie să respecte regulile de circulaţie, generale şi particulare, în următoarea ordine:","A - semnalele, indicaţiile şi dispoziţiile poliţistului rutier; semnalele speciale de avertizare, luminoase sau sonore, ale autovehiculelor cu regim de circulaţie prioritară; semnalizarea temporară;","","","B - semnalele, indicaţiile şi dispoziţiile poliţistului rutier; semnalizarea temporară; semnalele speciale de avertizare, luminoase sau sonore, ale autovehiculelor cu regim de circulaţie prioritară;","C - semnalele speciale de avertizare, luminoase sau sonore, ale autovehiculelor cu regim de circulaţie prioritară; semnalele, indicaţiile şi dispoziţiile poliţistului rutier; semnalizarea temporară.","https://scoaladrpciv.ro/intrebare/conducatorii-de-vehicule-trebuie-sa-respecte-regulile-de-circulatie-generale-si-particulare-in-urmatoarea-ordine-83bb","","","https://scoaladrpciv.ro/intrebari/categoria-redobandire/prioritate-de-trecere"
"1790577646-146","https://scoaladrpciv.ro/intrebari/categoria-redobandire","Ce obligaţii are conducătorul de autovehicul când este avertizat cu semnale speciale sonore şi luminoase ale unui autovehicul destinat stingerii incendiilor?","A - să oprească imediat pe partea dreaptă a drumului","","","B - să reducă viteza şi să se apropie cât mai mult de marginea din dreapta drumului, până este depăşit","C - să circule cu viteză redusă","https://scoaladrpciv.ro/intrebare/ce-obligatii-are-conducatorul-de-autovehicul-cand-este-avertizat-cu-semnale-speciale-sonore-si-luminoase-ale-unui-autovehicul-destinat-stingerii-incendiilor-f8ca","","","https://scoaladrpciv.ro/intrebari/categoria-redobandire/prioritate-de-trecere"
"1790577648-147","https://scoaladrpciv.ro/intrebari/categoria-redobandire","Ce obligaţii revin conducătorilor de vehicule la trecerea autovehiculelor cu regim de circulaţie prioritară, care au în funcţiune mijloacele speciale de avertizare luminoasă de culoare albastră şi pe cele de avertizare sonoră?","B - să reducă viteza, să circule cât mai aproape de marginea drumului în sensul de deplasare","","","A - să oprească imediat, pe acostament sau, în lipsa acestuia, cât mai aproape de marginea drumului sau de bordura trotuarului, în sensul de deplasare","C - să scoată vehiculul în afara drumului, indiferent prin ce mijloace","https://scoaladrpciv.ro/intrebare/ce-obligatii-revin-conducatorilor-de-vehicule-la-trecerea-autovehiculelor-cu-regim-de-circulatie-prioritara-care-au-in-functiune-mijloacele-speciale-de-avertizare-luminoasa-de-culoare-albastra-si-pe-cele-de-avertizare-sonora-8a67","","","https://scoaladrpciv.ro/intrebari/categoria-redobandire/prioritate-de-trecere"
"1790577650-148","https://scoaladrpciv.ro/intrebari/categoria-redobandire","Într-o intersecţie cu sens giratoriu au prioritate de trecere:","C - vehiculele care circulă în interiorul intersecţiei, faţă de cele care intră în intersecţie","","","A - vehiculele care circulă din dreapta, faţă de cele care vin din stânga","B - vehiculele care aparţin armatei şi poliţiei","https://scoaladrpciv.ro/intrebare/intr-o-intersectie-cu-sens-giratoriu-au-prioritate-de-trecere-8387","","","https://scoaladrpciv.ro/intrebari/categoria-redobandire/prioritate-de-trecere"
"1790577653-149","https://scoaladrpciv.ro/intrebari/categoria-redobandire","La intersecţia nedirijată dintre un drum naţional şi unul judeţean, comunal sau local, prioritatea de trecere se acordă:","C - vehiculelor care circulă pe drumul naţional","","","A - vehiculelor care circulă pe drumul judeţean, comunal sau local","B - vehiculelor care vin din dreapta","https://scoaladrpciv.ro/intrebare/la-intersectia-nedirijata-dintre-un-drum-national-si-unul-judetean-comunal-sau-local-prioritatea-de-trecere-se-acorda-7981","","","https://scoaladrpciv.ro/intrebari/categoria-redobandire/prioritate-de-trecere"
"1790577655-150","https://scoaladrpciv.ro/intrebari/categoria-redobandire","Nu au prioritate de trecere conducătorii vehiculelor care întâlnesc indicatorul:","A - ”Prioritate pentru circulaţia din sens invers”","","","B - ”Intersecţie cu un drum fără prioritate”","C - ”Drum cu prioritate”","https://scoaladrpciv.ro/intrebare/nu-au-prioritate-de-trecere-conducatorii-vehiculelor-care-intalnesc-indicatorul-eb35","","","https://scoaladrpciv.ro/intrebari/categoria-redobandire/prioritate-de-trecere"
"1790577657-151","https://scoaladrpciv.ro/intrebari/categoria-redobandire","Cum veţi proceda corect dacă, aflându-vă în interiorul unei intersecţii cu circulaţie în sens giratoriu, observaţi că pe un drum lateral circulă o coloană cu regim de circulaţie prioritară?","B - opriţi şi acordaţi prioritate coloanei cu regim prioritar","","","A - vă continuaţi drumul, deoarece aveţi prioritate de trecere în sensul giratoriu","C - viraţi la dreapta şi părăsiţi intersecţia","https://scoaladrpciv.ro/intrebare/cum-veti-proceda-corect-daca-aflandu-va-in-interiorul-unei-intersectii-cu-circulatie-in-sens-giratoriu-observati-ca-pe-un-drum-lateral-circula-o-coloana-cu-regim-de-circulatie-prioritara-1161","","","https://scoaladrpciv.ro/intrebari/categoria-redobandire/prioritate-de-trecere"
"1790577659-152","https://scoaladrpciv.ro/intrebari/categoria-redobandire","Într-o intersecţie nedirijată, conducătorul unui vehicul este obligat să acorde prioritate unui autovehicul destinat stingerii incendiilor, care circulă din stânga, având în funcţiune semnalizarea specială luminoasă şi sonoră?","C - da","","","A - nu, deoarece şi în acest caz se aplică regula priorităţii de dreapta","B - nu, deoarece autovehiculul destinat stingerii incendiilor nu face parte din categoria autovehiculelor cu regim prioritar","https://scoaladrpciv.ro/intrebare/intr-o-intersectie-nedirijata-conducatorul-unui-vehicul-este-obligat-sa-acorde-prioritate-unui-autovehicul-destinat-stingerii-incendiilor-care-circula-din-stanga-avand-in-functiune-semnalizarea-speciala-luminoasa-si-sonora-4e20","","","https://scoaladrpciv.ro/intrebari/categoria-redobandire/prioritate-de-trecere"
"1790577662-153","https://scoaladrpciv.ro/intrebari/categoria-redobandire","Dacă un vehicul coboara şi, din sens opus, un alt vehicul intenţionează să depăşească un obstacol, cine acordă prioritate de trecere?","B - vehiculul care coboară","","","A - vehiculul care urcă, deoarece execută o depaşire interzisă","C - vehiculul care are posibilitatea să se retragă pe un refugiu","https://scoaladrpciv.ro/intrebare/daca-un-vehicul-coboara-si-din-sens-opus-un-alt-vehicul-intentioneaza-sa-depaseasca-un-obstacol-cine-acorda-prioritate-de-trecere-cd23","","","https://scoaladrpciv.ro/intrebari/categoria-redobandire/prioritate-de-trecere"
"1790577664-154","https://scoaladrpciv.ro/intrebari/categoria-redobandire","Nu au prioritate de trecere:","B - vehiculele care urmează să intre într-o intersecţie cu sens giratoriu, faţă de vehiculele care circulă printr-o asemenea intersecţie","","","A - autovehiculele din serviciile regulate de transport public, care se pun în mişcare din staţia prevăzută cu alveolă","C - vehiculele care intră într-o zonă rezidenţială sau pietonală","https://scoaladrpciv.ro/intrebare/nu-au-prioritate-de-trecere-d3ea","","","https://scoaladrpciv.ro/intrebari/categoria-redobandire/prioritate-de-trecere"
"1790577666-155","https://scoaladrpciv.ro/intrebari/categoria-redobandire","Prioritatea de trecere se acordă în următoarea situaţie:","A - la întâlnirea indicatorului „Prioritate pentru circulaţia din sens invers""","","","B - la întâlnirea indicatorului „Intersecţie cu un drum fără prioritate""","C - la întâlnirea indicatorului „Sfârşitul drumului cu prioritate""","https://scoaladrpciv.ro/intrebare/prioritatea-de-trecere-se-acorda-in-urmatoarea-situatie-05d8","","","https://scoaladrpciv.ro/intrebari/categoria-redobandire/prioritate-de-trecere"
"1790577669-156","https://scoaladrpciv.ro/intrebari/categoria-redobandire","Care sunt vehiculele care au prioritate de trecere într-o intersecţie dirijată?","C - vehiculele aparţinând Serviciului de Ambulanţă, când au în funcţiune semnalele speciale luminoase şi sonore","","","A - autocamioanele de mare tonaj","B - vehiculele cu numere de înmatriculare aparţinând M.A.I","https://scoaladrpciv.ro/intrebare/care-sunt-vehiculele-care-au-prioritate-de-trecere-intr-o-intersectie-dirijata-46bf","","","https://scoaladrpciv.ro/intrebari/categoria-redobandire/prioritate-de-trecere"
"1790577671-157","https://scoaladrpciv.ro/intrebari/categoria-redobandire","Care este regula priorităţii de trecere la intersecţia a două drumuri de aceeaşi categorie, cu circulaţie nedirijată?","A - prioritatea de dreapta","","","B - prioritatea primului sosit","C - prioritatea de drum principal","https://scoaladrpciv.ro/intrebare/care-este-regula-prioritatii-de-trecere-la-intersectia-a-doua-drumuri-de-aceeasi-categorie-cu-circulatie-nedirijata-6f84","","","https://scoaladrpciv.ro/intrebari/categoria-redobandire/prioritate-de-trecere"
"1790577673-158","https://scoaladrpciv.ro/intrebari/categoria-redobandire","În intersecţii au prioritate de trecere vehiculele care întâlnesc unul dintre indicatoarele:","A - „Intersecţie cu un drum fără prioritate”","","","B - „Înainte”","C - „Circulaţie în ambele sensuri”","https://scoaladrpciv.ro/intrebare/in-intersectii-au-prioritate-de-trecere-vehiculele-care-intalnesc-unul-dintre-indicatoarele-06d9","","","https://scoaladrpciv.ro/intrebari/categoria-redobandire/prioritate-de-trecere"
"1790577675-159","https://scoaladrpciv.ro/intrebari/categoria-redobandire","Ce obligații iți revin la plecarea de pe loc cu autovehiculul:","B - să semnalizezi din timp plecarea de pe loc, să te asiguri că poți efectua manevra fără a perturba circulația sau fără a pune în pericol siguranța celorlalți participanți la trafic și să acorzi prioritate vehiculelor care circula pe drumul public, indiferent de direcția de deplasare;","","","A - să aprinzi luminile de poziție;","C - să accelerezi progresiv motorul.","https://scoaladrpciv.ro/intrebare/ce-obligatii-iti-revin-la-plecarea-de-pe-loc-cu-autovehiculul-c946","","","https://scoaladrpciv.ro/intrebari/categoria-redobandire/prioritate-de-trecere"
"1790577678-160","https://scoaladrpciv.ro/intrebari/categoria-redobandire","Ce măsuri trebuie să ia conducătorul autoturismului care, circulând cu viteza maximă de 90km/h, observă că un alt conducător de autovehicul încearcă să-l depășească?","A - să nu mărească viteza și să circule cât mai aproape de partea din dreapta drumului, permițând efectuarea depășirii;","","","B - să mențină poziția autoturismului cat mai aproape de axul drumului;","C - să folosească semnalul sonor pentru a-l atenționa că depășește limita legală a vitezei.","https://scoaladrpciv.ro/intrebare/ce-masuri-trebuie-sa-ia-conducatorul-autoturismului-care-circuland-cu-viteza-maxima-de-90km-h-observa-ca-un-alt-conducator-de-autovehicul-incearca-sa-l-depaseasca-a1ae","","","https://scoaladrpciv.ro/intrebari/categoria-redobandire/prioritate-de-trecere"
"1790577680-161","https://scoaladrpciv.ro/intrebari/categoria-redobandire","Dacă într-o intersecţie conducătorul de vehicul întâlneşte semnalul verde al semaforului, precum şi indicatorul „Cedează trecerea”, el este obligat:","A - să respecte semnificaţia semnalului verde","","","B - să respecte semnificaţia indicatorului","C - să respecte semnificaţia semnalului verde, acordând prioritate de trecere vehiculelor care circulă pe drumul prioritar","https://scoaladrpciv.ro/intrebare/daca-intr-o-intersectie-conducatorul-de-vehicul-intalneste-semnalul-verde-al-semaforului-precum-si-indicatorul-cedeaza-trecerea-el-este-obligat-9c37","","","https://scoaladrpciv.ro/intrebari/categoria-redobandire/prioritate-de-trecere"
"1790577682-162","https://scoaladrpciv.ro/intrebari/categoria-redobandire","Care dintre conducătorii de vehicule, ce se apropie simultan de o intersecţie, are prioritate de trecere, în situaţia în care unul întâlneşte indicatorul „Oprire"", iar celălalt indicatorul „Cedează trecerea""?","B - conducătorul care circulă din dreapta","","","A - conducătorul care întâlneşte indicatorul „Cedează trecerea”","C - conducătorul care întâlneşte indicatorul „Oprire”","https://scoaladrpciv.ro/intrebare/care-dintre-conducatorii-de-vehicule-ce-se-apropie-simultan-de-o-intersectie-are-prioritate-de-trecere-in-situatia-in-care-unul-intalneste-indicatorul-oprire-iar-celalalt-indicatorul-cedeaza-trecerea-4ed9","","","https://scoaladrpciv.ro/intrebari/categoria-redobandire/prioritate-de-trecere"
"1790577684-163","https://scoaladrpciv.ro/intrebari/categoria-redobandire","Ce obligație revine conducătorului de vehicul care schimbă direcția de mers la dreapta, la semnalul verde al semaforului, în timp ce pietonii sunt angajați la rândul lor în traversare?","A - să semnalizeze schimbarea direcției de mers și să acorde prioritate de trecere pietonilor angajați în traversarea străzii pe care urmează să intre, pe sensul său de mers;","","","B - să semnalizeze schimbarea direcției de mers și să-și continue deplasarea cu prudență, pietonii fiind obligați să-i cedeze trecerea;","C - să semnalizeze schimbarea direcției de mers și să păstreze o distanță laterală suficientă față de bordura din dreapta.","https://scoaladrpciv.ro/intrebare/ce-obligatie-revine-conducatorului-de-vehicul-care-schimba-directia-de-mers-la-dreapta-la-semnalul-verde-al-semaforului-in-timp-ce-pietonii-sunt-angajati-la-randul-lor-in-traversare-2226","","","https://scoaladrpciv.ro/intrebari/categoria-redobandire/prioritate-de-trecere"
"1790577687-164","https://scoaladrpciv.ro/intrebari/categoria-redobandire","La ieşirea din zonele rezidenţiale sau pietonale, sunteţi obligat să acordaţi prioritate:","C - tuturor vehiculelor cu care vă intersectaţi","","","A - autovehiculelor","B - pietonilor de pe sensul opus de circulaţie","https://scoaladrpciv.ro/intrebare/la-iesirea-din-zonele-rezidentiale-sau-pietonale-sunteti-obligat-sa-acordati-prioritate-d944","","","https://scoaladrpciv.ro/intrebari/categoria-redobandire/prioritate-de-trecere"
"1790577689-165","https://scoaladrpciv.ro/intrebari/categoria-redobandire","Conducătorul unui vehicul este obligat să acorde prioritate de trecere într-o intersecţie nedirijată dacă:","B - pătrunde pe un drum naţional, venind de pe un drum judeţean, comunal sau local","","","A - pătrunde pe un drum judeţean, venind de pe un drum naţional","C - pătrunde pe un drum comunal sau local, venind de pe un drum judeţean","https://scoaladrpciv.ro/intrebare/conducatorul-unui-vehicul-este-obligat-sa-acorde-prioritate-de-trecere-intr-o-intersectie-nedirijata-daca-89d8","","","https://scoaladrpciv.ro/intrebari/categoria-redobandire/prioritate-de-trecere"
"1790577691-166","https://scoaladrpciv.ro/intrebari/categoria-redobandire","Dacă circuli în interiorul unei intersecții cu sens giratoriu, acorzi prioritate:","A - niciunui vehicul;","","","B - vehiculelor care urmează să intre în intersecție;","C - autobuzelor și troleibuzelor.","https://scoaladrpciv.ro/intrebare/daca-circuli-in-interiorul-unei-intersectii-cu-sens-giratoriu-acorzi-prioritate-b402","","","https://scoaladrpciv.ro/intrebari/categoria-redobandire/prioritate-de-trecere"
"1790577694-167","https://scoaladrpciv.ro/intrebari/categoria-redobandire","Care sunt vehiculele care au prioritate în sensul giratoriu?","A - toate vehiculele care au pătruns în sensul giratoriu, faţă de cele care urmează să pătrundă","","","B - toate autovehiculele care vin din faţă","C - toate vehiculele care vin din dreapta","https://scoaladrpciv.ro/intrebare/care-sunt-vehiculele-care-au-prioritate-in-sensul-giratoriu-8c34","","","https://scoaladrpciv.ro/intrebari/categoria-redobandire/prioritate-de-trecere"
"1790577696-168","https://scoaladrpciv.ro/intrebari/categoria-redobandire","În cazul în care, într-o intersecţie, lângă semaforul în stare de funcţionare este instalat indicatorul „Oprire”, sunteţi obligat să respectaţi:","C - semnificaţia luminii semaforului","","","A - semnificaţia indicatorului","B - regula priorităţii de dreapta","https://scoaladrpciv.ro/intrebare/in-cazul-in-care-intr-o-intersectie-langa-semaforul-in-stare-de-functionare-este-instalat-indicatorul-oprire-sunteti-obligat-sa-respectati-196d","","","https://scoaladrpciv.ro/intrebari/categoria-redobandire/prioritate-de-trecere"
"1790577698-169","https://scoaladrpciv.ro/intrebari/categoria-redobandire","La întâlnirea cărui indicator conducătorul auto nu are prioritate de trecere?","A - „Prioritate pentru circulaţia din sens invers”","","","B - „Prioritate faţă de circulaţia din sens invers”","C - „Drum cu prioritate”","https://scoaladrpciv.ro/intrebare/la-intalnirea-carui-indicator-conducatorul-auto-nu-are-prioritate-de-trecere-13ec","","","https://scoaladrpciv.ro/intrebari/categoria-redobandire/prioritate-de-trecere"
"1790577700-170","https://scoaladrpciv.ro/intrebari/categoria-redobandire","La intersecţia nedirijată dintre un drum comunal şi unul local, prioritatea de trecere se acordă:","A - vehiculelor care circulă pe drumul comunal","","","B - vehiculelor care circulă pe drumul local","C - vehiculelor care vin din dreapta","https://scoaladrpciv.ro/intrebare/la-intersectia-nedirijata-dintre-un-drum-comunal-si-unul-local-prioritatea-de-trecere-se-acorda-0190","","","https://scoaladrpciv.ro/intrebari/categoria-redobandire/prioritate-de-trecere"
"1790577703-171","https://scoaladrpciv.ro/intrebari/categoria-redobandire","Ce obligaţii are conducătorul auto care intenţionează să repună în mişcare autovehiculul aflat între alte vehicule staţionate?","B - se asigură, semnalizează manevra şi acordă prioritate vehiculelor care circulă pe drum, indiferent de direcţia lor de mers","","","A - semnalizează plecarea de pe loc, pentru a fi observat de cei care circulă în acelaşi sens","C - manevrează cu grijă pentru a nu lovi vehiculele din faţa sau din spatele său, după care se repune în mişcare","https://scoaladrpciv.ro/intrebare/ce-obligatii-are-conducatorul-auto-care-intentioneaza-sa-repuna-in-miscare-autovehiculul-aflat-intre-alte-vehicule-stationate-87af","","","https://scoaladrpciv.ro/intrebari/categoria-redobandire/prioritate-de-trecere"
"1790577705-172","https://scoaladrpciv.ro/intrebari/categoria-redobandire","Ce obligaţii aveţi dacă, circulând pe un drumul public cu mai multe benzi, banda pe care circulaţi se sfârşeşte şi trebuie să vă continuaţi deplasarea pe banda din stânga?","A - să permiteţi trecerea vehiculelor care circulă pe banda din stânga","","","B - să semnalizaţi, pentru ca cei din spate să vă acorde prioritate","C - să măriţi viteza, pentru a nu-i stânjeni pe ceilalţi participanţi la trafic","https://scoaladrpciv.ro/intrebare/ce-obligatii-aveti-daca-circuland-pe-un-drumul-public-cu-mai-multe-benzi-banda-pe-care-circulati-se-sfarseste-si-trebuie-sa-va-continuati-deplasarea-pe-banda-din-stanga-93db","","","https://scoaladrpciv.ro/intrebari/categoria-redobandire/prioritate-de-trecere"
"1790577707-173","https://scoaladrpciv.ro/intrebari/categoria-redobandire","Precizaţi în care situaţie vehiculele enumerate mai jos au prioritate de trecere:","A - vehiculele aflate în sensul giratoriu, faţă de cele care se pregătesc să intre în sensul giratoriu","","","B - autovehiculele din serviciile regulate de transport public, care se pun în mişcare din staţie","C - vehiculele care execută manevra de întoarcere","https://scoaladrpciv.ro/intrebare/precizati-in-care-situatie-vehiculele-enumerate-mai-jos-au-prioritate-de-trecere-3ecf","","","https://scoaladrpciv.ro/intrebari/categoria-redobandire/prioritate-de-trecere"
"1790577709-174","https://scoaladrpciv.ro/intrebari/categoria-redobandire","Ce obligaţii ai atunci când intri pe autostrada folosind banda de accelerare?","A - să cedezi trecerea autovehiculelor care circulă pe prima bandă a autostrăzii şi să nu stânjeneşti în niciun fel circulaţia acestora","","","B - să semnalizezi stânga, pentru a-i preveni pe ceilalţi conducători să iţi acorde prioritate","C - să accelerezi şi să te înscrii pe a doua bandă de circulaţie","https://scoaladrpciv.ro/intrebare/ce-obligatii-ai-atunci-cand-intri-pe-autostrada-folosind-banda-de-accelerare-956e","","","https://scoaladrpciv.ro/intrebari/categoria-redobandire/prioritate-de-trecere"
"1790577714-175","https://scoaladrpciv.ro/intrebari/categoria-redobandire","În care dintre situațiile de mai jos este interzisă întoarcerea?","C - la întâlnirea indicatorului „Drum îngustat”.","","","A - în curbe cu vizibilitate redusă;","B - la întâlnirea indicatorului „Drum cu prioritate”;","https://scoaladrpciv.ro/intrebare/in-care-dintre-situatiile-de-mai-jos-este-interzisa-intoarcerea-5417","","<div class="""">
                        <h4>Articolul 126</h4>
<p>Se interzice întoarcerea vehiculului:</p>
<p><span style=""background-color: #fbeeb8;"">a)&nbsp;&nbsp; în locurile în care este interzisã oprirea voluntarã a vehiculelor, cu excepția cazurilor prevãzute la art. 142 lit. f);</span></p>
<p>b)&nbsp;&nbsp; în intersecțiile în care este interzis virajul la stânga, precum și în cele în care, pentru efectuare, este necesarã manevrarea înainte și înapoi a vehiculului;</p>
<p>c)&nbsp; în locurile unde soliditatea drumului nu permite;</p>
<p>d)&nbsp;&nbsp; pe drumurile cu sens unic;</p>
<p>e)&nbsp; pe marcajul pietonal;</p>
<p>f)&nbsp;&nbsp; în locurile în care este instalat indicatorul ""Întoarcerea interzisã"".</p>
<h4>Articolul 142</h4>
<p>Se interzice oprirea voluntarã a vehiculelor:</p>
<p>a)&nbsp; în zona de acțiune a indicatorului ""Oprirea interzisã"";</p>
<p>&nbsp;b)&nbsp;&nbsp; pe trecerile la nivel cu calea feratã curentã și la o distanțã mai mica de 50 m înainte și dupã acestea;</p>
<p>&nbsp;c)&nbsp; pe poduri, pe și sub pasaje denivelate, precum și pe viaducte;</p>
<p>d)&nbsp;&nbsp; în curbe și în alte locuri cu vizibilitate redusã sub 50 m;</p>
<p>e)&nbsp;&nbsp; pe trecerile pentru pietoni ori la mai puțin de 25 m înainte și dupã acestea;;</p>
<p><span style=""background-color: #fbeeb8;"">&nbsp;f)&nbsp;&nbsp; în intersecții, inclusiv cele cu circulație în sens giratoriu, precum și în zona de preselecție unde sunt aplicate marcaje continue, iar în lipsa acestora, la o distanțã mai mica de 25 m de coltul intersecției;</span></p>
<p>g)&nbsp;&nbsp; în stațiile mijloacelor de transport public de persoane, precum și la mai puțin de 25 m înainte și dupã acestea;</p>
<p>h)&nbsp;&nbsp; în dreptul altui vehicul oprit pe partea carosabilã, dacã prin aceasta se stânjenește circulația a douã vehicule venind din sensuri opuse, precum și în dreptul marcajului continuu, în cazul în care conducãtorii celorlalte vehicule care circulã în același sens ar fi obligați, din aceastã cauzã, sã treacã peste acest marcaj;</p>
<p>i)&nbsp;&nbsp; în locul în care se împiedicã vizibilitatea asupra unui indicator sau semnal luminos;</p>
<p>j)&nbsp;&nbsp; pe sectoarele de drum unde sunt instalate indicatoarele cu semnificațiile ""Drum îngustat"", ""Prioritate pentru circulația din sens invers"" sau ""Prioritate fațã de circulația din sens invers"";</p>
<p>k)&nbsp;&nbsp; pe pistele obligatorii pentru pietoni sau pentru pietoni și biciclete ori pe benzile rezervate unor anumite categorii de vehicule, semnalizate ca atare;</p>
<p>l)&nbsp;&nbsp; pe platforma caii ferate industriale sau de tramvai ori la mai puțin de 50 m de acestea, dacã circulația vehiculelor pe sine ar putea fi stânjenitã sau împiedicatã;</p>
<p>m)&nbsp;&nbsp; pe partea carosabilã a autostrãzilor, a drumurilor expres și a celor naționale europene (E);</p>
<p>n)&nbsp;&nbsp; pe trotuar, cu excepția situației în care administratorul drumului public a executat amenajãri care respectã prevederile art. 144 alin.(2) și (3);</p>
<p>o)&nbsp;&nbsp; pe pistele pentru biciclete;</p>
<p>p)&nbsp;&nbsp; în locurile unde este interzisã depãșirea.</p>


                    </div>","https://scoaladrpciv.ro/intrebari/categoria-redobandire/reguli-referitoare-la-manevre"
"1790577717-176","https://scoaladrpciv.ro/intrebari/categoria-redobandire","Care dintre următoarele manevre, efectuate pe drumul public de către conducătorul de vehicul, sunt considerate a fi comportament agresiv?","A - deplasarea succesivă de pe o bandă de circulație pe alta sau de pe un rând pe altul, alternând din stânga în dreapta, în scopul depășirii unui șir de vehicule care circulă în același sens;","","","B - depășirea pe partea dreaptă a vehiculului care a semnalizat intenția și s-a încadrat corespunzător părăsirii sensului de mers spre stânga;","C - pătrunderea într-o intersecție atunci când circulația în interiorul acesteia este blocată.","https://scoaladrpciv.ro/intrebare/care-dintre-urmatoarele-manevre-efectuate-pe-drumul-public-de-catre-conducatorul-de-vehicul-sunt-considerate-a-fi-comportament-agresiv-9c52","","<div class="""">
                        <h4>Articolul 54^1</h4><p>(1)&nbsp;&nbsp;&nbsp;Se interzice conducătorilor de vehicule să adopte un comportament agresiv în conducerea acestora pe drumurile publice.</p><p>(2)&nbsp;&nbsp;Prin comportament agresiv se înțelege efectuarea, pe drumul public, de către conducătorul de vehicul, a uneia dintre următoarele manevre:</p><ul><li><span style=""background-color:hsl(60,75%,60%);"">a)&nbsp;&nbsp;&nbsp;deplasarea succesivă de pe o bandă de circulație pe alta sau de pe un rând pe altul, alternând din stânga în dreapta, în scopul depășirii unui șir de vehicule care circulă în același sens;</span></li><li>b)&nbsp; întoarcerea vehiculului prin folosirea frânei de ajutor;</li><li>c)&nbsp; pornirea vehiculului de pe loc prin patinarea excesivă, în gol, a roților motoare;</li><li>d)&nbsp;circulația cu vehiculul la o distanță foarte redusă față de un alt vehicul, înaintea sau în spatele acestuia, cât și în lateral, ori reducerea bruscă a vitezei de deplasare fără motiv întemeiat, de natură a intimida conducătorul acestuia;</li><li>e)&nbsp;&nbsp;&nbsp; folosirea repetată a semnalelor sonore și/sau luminoase de natură a obliga nejustificat conducătorul de vehicul care circulă în fața sa să elibereze banda de circulație;</li><li>f)&nbsp;&nbsp;&nbsp; conducerea mopedului sau motocicletei având în contact cu partea carosabilă numai una dintre roți;</li><li>g)&nbsp;&nbsp;&nbsp;mersul cu spatele cu vehiculul în scopul intimidării celorlalți participanți la trafic care circulă în spatele acestuia;</li><li>h)&nbsp;&nbsp; realizarea intenționată a unui derapaj controlat al vehiculului în vederea întoarcerii sau rotirii acestuia;</li><li>i)&nbsp;&nbsp;&nbsp;conducerea intenționată a unui vehicul prin accelerarea repetată a motorului, de natură a stânjeni persoanele aflate în zona drumului public.</li></ul>


                    </div>","https://scoaladrpciv.ro/intrebari/categoria-redobandire/reguli-referitoare-la-manevre"
"1790577719-177","https://scoaladrpciv.ro/intrebari/categoria-redobandire","Care dintre cele enumerate mai jos sunt considerate a fi comportament agresiv?","C - folosirea repetată a semnalelor sonore și/sau luminoase de natură a obliga nejustificat conducătorul de vehicul care circulă în fața sa să elibereze banda de circulație.","","","A - nerespectarea obligației de semnalizare a manevrei de schimbare a direcției de mers;","B - folosirea telefoanelor mobile atunci când conducătorii de vehicule se află în timpul deplasării pe drumurile publice, cu excepția celor prevăzute cu dispozitive tip «mâini libere»;","https://scoaladrpciv.ro/intrebare/care-dintre-cele-enumerate-mai-jos-sunt-considerate-a-fi-comportament-agresiv-e3b9","","<div class="""">
                        <h4>Articolul 54^1</h4><p>(1)&nbsp;&nbsp;&nbsp;Se interzice conducătorilor de vehicule să adopte un comportament agresiv în conducerea acestora pe drumurile publice.</p><p>(2)&nbsp;&nbsp;Prin comportament agresiv se înțelege efectuarea, pe drumul public, de către conducătorul de vehicul, a uneia dintre următoarele manevre:</p><ul><li>a)&nbsp;&nbsp;&nbsp;deplasarea succesivă de pe o bandă de circulație pe alta sau de pe un rând pe altul, alternând din stânga în dreapta, în scopul depășirii unui șir de vehicule care circulă în același sens;</li><li>b)&nbsp; întoarcerea vehiculului prin folosirea frânei de ajutor;</li><li>c)&nbsp; pornirea vehiculului de pe loc prin patinarea excesivă, în gol, a roților motoare;</li><li>d)&nbsp;circulația cu vehiculul la o distanță foarte redusă față de un alt vehicul, înaintea sau în spatele acestuia, cât și în lateral, ori reducerea bruscă a vitezei de deplasare fără motiv întemeiat, de natură a intimida conducătorul acestuia;</li><li><span style=""background-color:hsl(60,75%,60%);"">e)&nbsp;&nbsp;&nbsp; folosirea repetată a semnalelor sonore și/sau luminoase de natură a obliga nejustificat conducătorul de vehicul care circulă în fața sa să elibereze banda de circulație;</span></li><li>f)&nbsp;&nbsp;&nbsp; conducerea mopedului sau motocicletei având în contact cu partea carosabilă numai una dintre roți;</li><li>g)&nbsp;&nbsp;&nbsp;mersul cu spatele cu vehiculul în scopul intimidării celorlalți participanți la trafic care circulă în spatele acestuia;</li><li>h)&nbsp;&nbsp; realizarea intenționată a unui derapaj controlat al vehiculului în vederea întoarcerii sau rotirii acestuia;</li><li>i)&nbsp;&nbsp;&nbsp;conducerea intenționată a unui vehicul prin accelerarea repetată a motorului, de natură a stânjeni persoanele aflate în zona drumului public.</li></ul>


                    </div>","https://scoaladrpciv.ro/intrebari/categoria-redobandire/reguli-referitoare-la-manevre"
"1790577721-178","https://scoaladrpciv.ro/intrebari/categoria-redobandire","Cum se efectuează schimbarea direcţiei de mers spre stânga, în cazul în care două vehicule intră într-o intersecţie, circulând pe acelaşi drum, dar din sensuri opuse?","B - prin stânga centrului intersecţiei, fără intersectarea traiectoriei acestora","","","A - prin ocolirea centrului intersecţiei","C - pe traiectoria cea mai scurtă","https://scoaladrpciv.ro/intrebare/cum-se-efectueaza-schimbarea-directiei-de-mers-spre-stanga-in-cazul-in-care-doua-vehicule-intra-intr-o-intersectie-circuland-pe-acelasi-drum-dar-din-sensuri-opuse-9fea","","","https://scoaladrpciv.ro/intrebari/categoria-redobandire/reguli-referitoare-la-manevre"
"1790577724-179","https://scoaladrpciv.ro/intrebari/categoria-redobandire","Mersul înapoi este interzis:","A - când vizibilitatea în spate nu este asigurată","","","B - pe timp de noapte","C - pe timp de zi","https://scoaladrpciv.ro/intrebare/mersul-inapoi-este-interzis-9189","","","https://scoaladrpciv.ro/intrebari/categoria-redobandire/reguli-referitoare-la-manevre"
"1790577726-180","https://scoaladrpciv.ro/intrebari/categoria-redobandire","Mersul înapoi este interzis:","A - pe o distanţă mai mare de 50 m","","","B - legal, nu este prevăzută o anumită distanţă","C - pe o distanţă mai mare de 100 m","https://scoaladrpciv.ro/intrebare/mersul-inapoi-este-interzis-4a3e","","","https://scoaladrpciv.ro/intrebari/categoria-redobandire/reguli-referitoare-la-manevre"
"1790577728-181","https://scoaladrpciv.ro/intrebari/categoria-redobandire","Întoarcerea autovehiculelor este interzisă:","A - pe marcajul pietonal","","","B - în zona pieţelor aglomerate","C - în zona de acţiune a indicatorului „Staţionarea interzisă”","https://scoaladrpciv.ro/intrebare/intoarcerea-autovehiculelor-este-interzisa-78a0","","","https://scoaladrpciv.ro/intrebari/categoria-redobandire/reguli-referitoare-la-manevre"
"1790577731-182","https://scoaladrpciv.ro/intrebari/categoria-redobandire","Întoarcerea autovehiculului este interzisă:","A - pe marcajul pietonal","","","B - în locurile în care drumul este cu denivelări","C - pe drumurile in pantă","https://scoaladrpciv.ro/intrebare/intoarcerea-autovehiculului-este-interzisa-ec12","","","https://scoaladrpciv.ro/intrebari/categoria-redobandire/reguli-referitoare-la-manevre"
"1790577733-183","https://scoaladrpciv.ro/intrebari/categoria-redobandire","Cum veţi proceda corect dacă, la apropierea de o trecere la nivel cu calea ferată curentă fără bariere, luminile roşii şi semnalele sonore sunt în funcţiune?","C - reduceţi viteza şi opriţi, fără a trece de indicatoarele sau marcajul de oprire","","","A - reduceţi viteza şi opriţi, dacă trenul se apropie","B - grăbiţi trecerea, dacă observaţi că trenul nu se apropie","https://scoaladrpciv.ro/intrebare/cum-veti-proceda-corect-daca-la-apropierea-de-o-trecere-la-nivel-cu-calea-ferata-curenta-fara-bariere-luminile-rosii-si-semnalele-sonore-sunt-in-functiune-379a","","","https://scoaladrpciv.ro/intrebari/categoria-redobandire/reguli-referitoare-la-manevre"
"1790577735-184","https://scoaladrpciv.ro/intrebari/categoria-redobandire","Mersul înapoi este interzis:","B - la ieşirea din curţi, garaje sau ganguri","","","A - la mai puţin de 100 m de trecerile la nivel cu calea ferată","C - pe străzile unde circulaţia se desfăşoară într-un singur sens","https://scoaladrpciv.ro/intrebare/mersul-inapoi-este-interzis-2930","","","https://scoaladrpciv.ro/intrebari/categoria-redobandire/reguli-referitoare-la-manevre"
"1790577737-185","https://scoaladrpciv.ro/intrebari/categoria-redobandire","Se interzice mersul înapoi cu vehiculul:","C - la iesirea de pe proprietăţile alăturate drumurilor publice","","","A - pe o distanţă de 30m","B - pe drumurile naţionale","https://scoaladrpciv.ro/intrebare/se-interzice-mersul-inapoi-cu-vehiculul-47a0","","","https://scoaladrpciv.ro/intrebari/categoria-redobandire/reguli-referitoare-la-manevre"
"1790577740-186","https://scoaladrpciv.ro/intrebari/categoria-redobandire","Pe străzile cu sens unic este interzis:","A - să întoarceţi autovehiculul","","","B - să viraţi la stânga sau la dreapta","C - să manevraţi înapoi autovehiculul","https://scoaladrpciv.ro/intrebare/pe-strazile-cu-sens-unic-este-interzis-2c0d","","","https://scoaladrpciv.ro/intrebari/categoria-redobandire/reguli-referitoare-la-manevre"
"1790577742-187","https://scoaladrpciv.ro/intrebari/categoria-redobandire","Mersul înapoi este interzis:","A - când vizibilitatea în spate nu este asigurată","","","B - nu există prevedere legală în acest sens","C - la mai puţin de 50 m de staţiile de autobuz şi tramvai","https://scoaladrpciv.ro/intrebare/mersul-inapoi-este-interzis-ef95","","","https://scoaladrpciv.ro/intrebari/categoria-redobandire/reguli-referitoare-la-manevre"
"1790577744-188","https://scoaladrpciv.ro/intrebari/categoria-redobandire","Când circuli pe un drum naţional european îţi este interzisă:","C - staţionarea voluntară pe partea carosabilă","","","A - folosirea mijloacelor de avertizare sonoră","B - remorcarea altui autovehicul","https://scoaladrpciv.ro/intrebare/cand-circuli-pe-un-drum-national-european-iti-este-interzisa-60f0","","","https://scoaladrpciv.ro/intrebari/categoria-redobandire/reguli-referitoare-la-manevre"
"1790577746-189","https://scoaladrpciv.ro/intrebari/categoria-redobandire","Se interzice întoarcerea vehiculului:","A - pe marcajul pietonal","","","B - la o distanţă mai mică de 50 m de marcajul pietonal","C - în intersecţii, inclusiv în cele cu circulaţie în sens giratoriu","https://scoaladrpciv.ro/intrebare/se-interzice-intoarcerea-vehiculului-2629","","","https://scoaladrpciv.ro/intrebari/categoria-redobandire/reguli-referitoare-la-manevre"
"1790577749-190","https://scoaladrpciv.ro/intrebari/categoria-redobandire","Pe străzile cu sens unic, se poate manevra vehiculul cu spatele?","C - da, dar nu mai mult de 50m","","","A - nu, pe străzile cu sens unic această manevră este interzisă prin lege","B - da, dar nu mai mult de 100m","https://scoaladrpciv.ro/intrebare/pe-strazile-cu-sens-unic-se-poate-manevra-vehiculul-cu-spatele-b513","","","https://scoaladrpciv.ro/intrebari/categoria-redobandire/reguli-referitoare-la-manevre"
"1790577751-191","https://scoaladrpciv.ro/intrebari/categoria-redobandire","Întoarcerea autovehiculelor este interzisă:","B - în curbe şi alte locuri cu vizibilitate redusă sub 50m","","","A - pe drumurile publice cu o lăţime mai mica de 6m","C - pe drumurile cu circulaţie aglomerată","https://scoaladrpciv.ro/intrebare/intoarcerea-autovehiculelor-este-interzisa-f6cd","","","https://scoaladrpciv.ro/intrebari/categoria-redobandire/reguli-referitoare-la-manevre"
"1790577753-192","https://scoaladrpciv.ro/intrebari/categoria-redobandire","Ce manevre sunt interzise pe străzile cu sens unic?","B - întoarcerea autovehiculului","","","A - schimbarea direcţiei de mers la stânga sau la dreapta","C - mersul inapoi","https://scoaladrpciv.ro/intrebare/ce-manevre-sunt-interzise-pe-strazile-cu-sens-unic-2b92","","","https://scoaladrpciv.ro/intrebari/categoria-redobandire/reguli-referitoare-la-manevre"
"1790577756-193","https://scoaladrpciv.ro/intrebari/categoria-redobandire","Cum se execută corect manevra de a vira la stânga, pentru două autovehicule care ajung simultan într-o intersecţie?","C - efectuează manevra prin stânga centrului intersecţiei, fără intersectarea traiectoriilor","","","A - îşi acordă reciproc prioritate","B - ocolesc centrul imaginar al intersecţiei","https://scoaladrpciv.ro/intrebare/cum-se-executa-corect-manevra-de-a-vira-la-stanga-pentru-doua-autovehicule-care-ajung-simultan-intr-o-intersectie-2f2b","","","https://scoaladrpciv.ro/intrebari/categoria-redobandire/reguli-referitoare-la-manevre"
"1790577758-194","https://scoaladrpciv.ro/intrebari/categoria-redobandire","Întoarcerea este interzisă:","C - la trecerile pentru pietoni.","","","A - în rampă, dacă vizibilitatea este sub 100 m;","B - în dreptul unui garaj;","https://scoaladrpciv.ro/intrebare/intoarcerea-este-interzisa-8e84","","","https://scoaladrpciv.ro/intrebari/categoria-redobandire/reguli-referitoare-la-manevre"
"1790577760-195","https://scoaladrpciv.ro/intrebari/categoria-redobandire","Se interzice întoarcerea vehiculului:","C - în intersecţiile în care este interzis virajul la stânga","","","A - pe drumurile supuse restricţiilor de viteză","B - pe drumurile cu o singură bandă pe sens","https://scoaladrpciv.ro/intrebare/se-interzice-intoarcerea-vehiculului-67a7","","","https://scoaladrpciv.ro/intrebari/categoria-redobandire/reguli-referitoare-la-manevre"
"1790577762-196","https://scoaladrpciv.ro/intrebari/categoria-redobandire","Este permis mersul înapoi al unui autoturism pe o stradă pe care circulaţia se desfăşoară în sens unic?","B - da, dar numai pe o distanţă de cel mult 50m","","","A - nu","C - da, numai pe o distanţă care să nu depaşească 100m","https://scoaladrpciv.ro/intrebare/este-permis-mersul-inapoi-al-unui-autoturism-pe-o-strada-pe-care-circulatia-se-desfasoara-in-sens-unic-cf16","","","https://scoaladrpciv.ro/intrebari/categoria-redobandire/reguli-referitoare-la-manevre"
"1790577765-197","https://scoaladrpciv.ro/intrebari/categoria-redobandire","Întoarcerea este interzisă:","A - în curbe cu vizibilitate redusă redusă sub 50 m;","","","B - pe sectoarele de drum înaintea cărora este instalat indicatorul „Drum cu prioritate”;","C - pe drumurile fără ieșire.","https://scoaladrpciv.ro/intrebare/intoarcerea-este-interzisa-8607","","","https://scoaladrpciv.ro/intrebari/categoria-redobandire/reguli-referitoare-la-manevre"
"1790577767-198","https://scoaladrpciv.ro/intrebari/categoria-redobandire","În ce situaţie este interzisă întoarcerea?","C - în zona de acţiune a indicatorului „Prioritate pentru circulaţia din sens invers”.","","","A - în apropierea staţiilor de tramvai;","B - când vizibilitatea este redusă sub 100 m;","https://scoaladrpciv.ro/intrebare/in-ce-situatie-este-interzisa-intoarcerea-7c82","","","https://scoaladrpciv.ro/intrebari/categoria-redobandire/reguli-referitoare-la-manevre"
"1790577769-199","https://scoaladrpciv.ro/intrebari/categoria-redobandire","Întoarcerea este interzisă:","A - pe poduri şi sub poduri","","","B - pe drumurile naţionale","C - la mai puţin de 50 m de intrarea în sediile instituţiilor","https://scoaladrpciv.ro/intrebare/intoarcerea-este-interzisa-0650","","","https://scoaladrpciv.ro/intrebari/categoria-redobandire/reguli-referitoare-la-manevre"
"1790577771-200","https://scoaladrpciv.ro/intrebari/categoria-redobandire","Întoarcerea este interzisă:","C - când se circulă pe poduri","","","A - pe drumurile cu circulaţie intensă","B - când există riscul ca marginile drumului să se îngusteze","https://scoaladrpciv.ro/intrebare/intoarcerea-este-interzisa-69dc","","","https://scoaladrpciv.ro/intrebari/categoria-redobandire/reguli-referitoare-la-manevre"
"1790577774-201","https://scoaladrpciv.ro/intrebari/categoria-redobandire","În ce situaţie este interzisă întoarcerea?","A - când vehiculul se află pe un pod, sub un pod, într-un tunel, pe un viaduct sau un pasaj denivelat","","","B - pe drumurile cu două benzi de circulaţie pe sens","C - la întâlnirea indicatorului „Limitare de viteză”","https://scoaladrpciv.ro/intrebare/in-ce-situatie-este-interzisa-intoarcerea-1d7e","","","https://scoaladrpciv.ro/intrebari/categoria-redobandire/reguli-referitoare-la-manevre"
"1790577776-202","https://scoaladrpciv.ro/intrebari/categoria-redobandire","Mersul înapoi cu autovehiculul este interzis:","A - la iesirea de pe proprietăţi alăturate drumurilor publice","","","B - în zona de acţiune a indicatoarelor de avertizare","C - pe străzile cu sens unic","https://scoaladrpciv.ro/intrebare/mersul-inapoi-cu-autovehiculul-este-interzis-fdde","","","https://scoaladrpciv.ro/intrebari/categoria-redobandire/reguli-referitoare-la-manevre"
"1790577778-203","https://scoaladrpciv.ro/intrebari/categoria-redobandire","În care dintre situaţii este interzisă schimbarea direcţiei de mers spre stânga?","B - când drumul pe care urmează să se intre este semnalizat cu indicatorul „Circulaţia interzisă în ambele sensuri”","","","A - când conducătorul de vehicul este încadrat pe rândul din stânga şi drumul are două rânduri pe sens","C - când strada pe care urmează să se intre este semnalizată cu indicatorul „Drum fără ieşire”","https://scoaladrpciv.ro/intrebare/in-care-dintre-situatii-este-interzisa-schimbarea-directiei-de-mers-spre-stanga-9bbf","","","https://scoaladrpciv.ro/intrebari/categoria-redobandire/reguli-referitoare-la-manevre"
"1790577780-204","https://scoaladrpciv.ro/intrebari/categoria-redobandire","Întoarcerea unui autovehicul este interzisă:","B - în rampă, unde vizibilitatea este sub 50 m","","","A - la o distanţă mai mică de 50 m de staţia de autobuz, troleibuz sau tramvai","C - pe străzile pe care circulaţia se desfăşoară în ambele sensuri","https://scoaladrpciv.ro/intrebare/intoarcerea-unui-autovehicul-este-interzisa-5226","","","https://scoaladrpciv.ro/intrebari/categoria-redobandire/reguli-referitoare-la-manevre"
"1790577786-205","https://scoaladrpciv.ro/intrebari/categoria-redobandire","În condiții de ceață, ploi torențiale sau ninsori abundente, atunci când vizibilitatea scade sub 100 m, conducătorul de vehicul trebuie:","C - să circule cu o viteză de maximum 30 km/h în localități și 50 km/h în afara localităților.","","","A - să circule cu o viteză care să nu depășească 50 km/h în localități și 60 km/h în afara localităților;","B - să adapteze viteza de deplasare în funcție de condițiile de drum, astfel încât orice manevră să poată fi efectuată în condiții siguranță;","https://scoaladrpciv.ro/intrebare/in-conditii-de-ceata-ploi-torentiale-sau-ninsori-abundente-atunci-cand-vizibilitatea-scade-sub-100-m-conducatorul-de-vehicul-trebuie-63a9","","","https://scoaladrpciv.ro/intrebari/categoria-redobandire/viteza-si-distanta-intre-vehicule"
"1790577788-206","https://scoaladrpciv.ro/intrebari/categoria-redobandire","În care dintre următoarele situații sunteți obligat să circulați cu o viteză care să nu depășească 30 km/h în localități?","B - la trecerea prin intersecțiile cu circulație nedirijată;","","","A - într-o zonă rezidențială, semnalizată ca atare;","C - într-o zonă pietonală, semnalizată ca atare.","https://scoaladrpciv.ro/intrebare/in-care-dintre-urmatoarele-situatii-sunteti-obligat-sa-circulati-cu-o-viteza-care-sa-nu-depaseasca-30-kmh-in-localitati-dea6","","<div class="""">
                        <h4>Articolul 123</h4>
<p>Conducãtorul de vehicul este obligat sã circule cu o viteza care sã nu depãșeascã 30 km/h în localitãți sau 50 km/h în afara localitãților, în urmãtoarele situații:</p>
<p><span style=""background-color: #fbeeb8;"">a)&nbsp; la trecerea prin intersecțiile cu circulație nedirijatã;</span></p>
<p>b)&nbsp;&nbsp; în curbe deosebit de periculoase semnalizate ca atare sau în care vizibilitatea este mai mica de 50 m;</p>
<p>c)&nbsp;&nbsp; la trecerea pe lângã grupuri organizate, coloane militare sau cortegii, indiferent dacã acestea se aflã în mers sau staționeazã pe partea carosabilã a drumurilor cu o singurã bandã de circulație pe sens;</p>
<p>&nbsp;d)&nbsp;&nbsp; la trecerea pe lângã animale care sunt conduse pe partea carosabilã sau pe acostament;</p>
<p>e)&nbsp;&nbsp; când partea carosabilã este acoperitã cu polei, gheațã, zãpadã bãtãtoritã, mâzgã sau piatrã cubicã umedã;</p>
<p>f)&nbsp;&nbsp; pe drumuri cu denivelãri, semnalizate ca atare;</p>
<p>g)&nbsp;&nbsp; în zona de acțiune a indicatorului de avertizare ""Copii"" în intervalul orar 7,00-22,00, precum și a indicatorului ""Accident"";</p>
<p>h)&nbsp;&nbsp; la trecerile pentru pietoni nesemaforizate, semnalizate prin indicatoare și marcaje, când drumul public are cel mult o bandã pe sens, iar pietonii aflați pe trotuar, în imediatã apropiere a pãrții carosabile, intenționeazã sã se angajeze în traversare;</p>
<p>i)&nbsp;&nbsp; la schimbarea direcției de mers prin viraje;</p>
<p>&nbsp;j)&nbsp;&nbsp; când vizibilitatea este sub 100 m în condiții de ceațã, ploi torențiale, ninsori abundente.</p>


                    </div>","https://scoaladrpciv.ro/intrebari/categoria-redobandire/viteza-si-distanta-intre-vehicule"
"1790577790-207","https://scoaladrpciv.ro/intrebari/categoria-redobandire","Dacă, din motive obiective, vă deplasați cu viteză redusă, trebuie:","A - să circulați numai pe banda de lângă acostament sau bordură;","","","B - să circulați numai pe banda de lângă axul drumului, semnalizând cu luminile de avarie;","C - să emiteți semnale luminoase și sonore, pentru a preveni orice posibil eveniment.","https://scoaladrpciv.ro/intrebare/daca-din-motive-obiective-va-deplasati-cu-viteza-redusa-trebuie-e47e","","<div class="""">
                        <h4>Articolul 101</h4>
<p>Când drumul are douã sau mai multe benzi pe sensul de mers, vehiculele se conduc pe banda situatã lângã acostament sau bordura. Celelalte benzi pot fi folosite succesiv, de la dreapta spre stânga, dacã banda de circulație utilizatã este ocupatã, cu obligația de a reveni pe banda din dreapta atunci când acest lucru este posibil.</p>


                    </div>","https://scoaladrpciv.ro/intrebari/categoria-redobandire/viteza-si-distanta-intre-vehicule"
"1790577792-208","https://scoaladrpciv.ro/intrebari/categoria-redobandire","Care este limita legală de viteză în afara localităților, pe celelalte categorii de drumuri, altele decât autostrăzile, drumurile expres sau cele naționale europene (E)?","B - 90 km/h;","","","A - 70 km/h;","C - 100 km/h.","https://scoaladrpciv.ro/intrebare/care-este-limita-legala-de-viteza-in-afara-localitatilor-pe-celelalte-categorii-de-drumuri-altele-decat-autostrazile-drumurile-expres-sau-cele-nationale-europene-e-045f","","<div class="""">
                        <h4>Articolul 49</h4>
<p>(1)&nbsp; Limita maximă de viteză în localități este de 50 km/h.</p>
<p>(2)&nbsp;&nbsp;&nbsp;Pe anumite sectoare de drum din interiorul localităților, administratorul drumului poate stabili, pentru autovehiculele din categoriile A și B, și limite de viteză superioare, dar nu mai mult de 80 km/h. Limitele de viteză mai mari de 50 km/h se stabilesc numai cu avizul poliției rutiere.</p>
<p>(3)&nbsp;&nbsp;&nbsp;Pe anumite sectoare de drum, ținând seama de împrejurări și de intensitatea circulației, administratorul drumului, cu avizul poliției rutiere, poate stabili și limite de viteză inferioare, dar nu mai puțin de 10 km/h pentru tramvaie și de 30 km/h pentru toate autovehiculele.</p>
<p>(4)&nbsp; Limitele maxime de viteză în afara localităților sunt:</p>
<ul>
<li>a)&nbsp; pe autostrăzi - 130 km/h;</li>
<li>b)&nbsp; pe drumurile expres - 120 km/h;</li>
<li>c)&nbsp; pe drumurile naționale europene (E) - 100 km/h;</li>
<li><span style=""background-color: #fbeeb8;"">d)&nbsp; pe celelalte categorii de drumuri - 90 km/h.</span></li>
</ul>


                    </div>","https://scoaladrpciv.ro/intrebari/categoria-redobandire/viteza-si-distanta-intre-vehicule"
"1790577795-209","https://scoaladrpciv.ro/intrebari/categoria-redobandire","Limita maximă de viteză cu care este permisă circulația autovehiculelor în afara localităților, atunci când vizibilitatea este redusă sub 100 m, în condiții de ceață, este de:","B - 50 km/h;","","","A - 70 km/h;","C - 90 km/h.","https://scoaladrpciv.ro/intrebare/limita-maxima-de-viteza-cu-care-este-permisa-circulatia-autovehiculelor-in-afara-localitatilor-atunci-cand-vizibilitatea-este-redusa-sub-100-m-in-conditii-de-ceata-este-de-f889","","<div class="""">
                        <h4>Articolul 123</h4>
<p>Conducãtorul de vehicul este obligat sã circule cu o viteza care sã nu depãșeascã 30 km/h în localitãți sau 50 km/h în afara localitãților, în urmãtoarele situații:</p>
<p>a)&nbsp; la trecerea prin intersecțiile cu circulație nedirijatã;</p>
<p>b)&nbsp;&nbsp; în curbe deosebit de periculoase semnalizate ca atare sau în care vizibilitatea este mai mica de 50 m;</p>
<p>c)&nbsp;&nbsp; la trecerea pe lângã grupuri organizate, coloane militare sau cortegii, indiferent dacã acestea se aflã în mers sau staționeazã pe partea carosabilã a drumurilor cu o singurã bandã de circulație pe sens;</p>
<p>&nbsp;d)&nbsp;&nbsp; la trecerea pe lângã animale care sunt conduse pe partea carosabilã sau pe acostament;</p>
<p>e)&nbsp;&nbsp; când partea carosabilã este acoperitã cu polei, gheațã, zãpadã bãtãtoritã, mâzgã sau piatrã cubicã umedã;</p>
<p>f)&nbsp;&nbsp; pe drumuri cu denivelãri, semnalizate ca atare;</p>
<p>g)&nbsp;&nbsp; în zona de acțiune a indicatorului de avertizare ""Copii"" în intervalul orar 7,00-22,00, precum și a indicatorului ""Accident"";</p>
<p>h)&nbsp;&nbsp; la trecerile pentru pietoni nesemaforizate, semnalizate prin indicatoare și marcaje, când drumul public are cel mult o bandã pe sens, iar pietonii aflați pe trotuar, în imediatã apropiere a pãrții carosabile, intenționeazã sã se angajeze în traversare;</p>
<p>i)&nbsp;&nbsp; la schimbarea direcției de mers prin viraje;</p>
<p><span style=""background-color: #fbeeb8;"">&nbsp;j)&nbsp;&nbsp; când vizibilitatea este sub 100 m în condiții de ceațã, ploi torențiale, ninsori abundente.</span></p>


                    </div>","https://scoaladrpciv.ro/intrebari/categoria-redobandire/viteza-si-distanta-intre-vehicule"
"1790577797-210","https://scoaladrpciv.ro/intrebari/categoria-redobandire","Conduceți un autoturism care tractează o semiremorcă pe un drum național european (E). Care este viteza maximă cu care aveți voie să circulați în afara localităților?","C - 90 km/h.","","","A - 70 km/h;","B - 110 km/h;","https://scoaladrpciv.ro/intrebare/conduceti-un-autoturism-care-tracteaza-o-semiremorca-pe-un-drum-national-european-e-care-este-viteza-maxima-cu-care-aveti-voie-sa-circulati-in-afara-localitatilor-67ae","","<div class="""">
                        <h4>Articolul 50</h4>
<p>(1)&nbsp;&nbsp; Vitezele maxime admise în afara localităților pentru categoriile de autovehicule prevăzute în anexa nr. 1 sunt următoarele:</p>
<ul>
<li>a)&nbsp;&nbsp;&nbsp;130 km/h pe autostrăzi, 120 km/h pe drumurile expres, <span style=""background-color: #fbeeb8;"">100 km/h pe drumurile naționale europene (E)</span> și 90 km/h pe celelalte categorii de drumuri, pentru autovehiculele din categoriile A și B;</li>
<li>b)&nbsp;&nbsp;&nbsp;110 km/h pe autostrăzi, 100 km/h pe drumurile expres, 90 km/h pe drumurile naționale europene (E) și 80 km/h pe celelalte categorii de drumuri, pentru autovehiculele din categoriile C, D și categoria D1;</li>
<li>c)&nbsp;&nbsp;&nbsp;90 km/h pe autostrăzi, 85 km/h pe drumuri expres, 80 km/h pe drumurile naționale europene (E) și 70 km/h pentru celelalte categorii de drumuri, pentru autovehiculele din categoriile A1, B1 și C1;</li>
<li>d)&nbsp; 45 km/h, pentru tractoarele agricole sau forestiere și mopede.</li>
</ul>
<p>(2)&nbsp; Viteza maximă admisă în afara localităților pentru <span style=""background-color: #fbeeb8;"">autovehiculele care tractează remorci sau semiremorci este cu 10 km/h mai mică decât viteza maximă</span> admisă pentru categoria din care face parte autovehiculul trăgător.</p>


                    </div>","https://scoaladrpciv.ro/intrebari/categoria-redobandire/viteza-si-distanta-intre-vehicule"
"1790577799-211","https://scoaladrpciv.ro/intrebari/categoria-redobandire","Sunteți obligat să nu depășiți viteza de 50 km/h în afara localităților, în următoarele situații:","A - când partea carosabilă este acoperită cu mâzgă;","","","B - la coborârea drumurilor în pantă;","C - la întâlnirea indicatorului „Prioritate pentru circulația din sens invers“.","https://scoaladrpciv.ro/intrebare/sunteti-obligat-sa-nu-depasiti-viteza-de-50-kmh-in-afara-localitatilor-in-urmatoarele-situatii-b5ed","","<div class="""">
                        <h4>Articolul 123</h4>
<p>Conducãtorul de vehicul este obligat sã circule cu o viteza care sã nu depãșeascã 30 km/h în localitãți sau 50 km/h în afara localitãților, în urmãtoarele situații:</p>
<p>a)&nbsp; la trecerea prin intersecțiile cu circulație nedirijatã;</p>
<p>b)&nbsp;&nbsp; în curbe deosebit de periculoase semnalizate ca atare sau în care vizibilitatea este mai mica de 50 m;</p>
<p>c)&nbsp;&nbsp; la trecerea pe lângã grupuri organizate, coloane militare sau cortegii, indiferent dacã acestea se aflã în mers sau staționeazã pe partea carosabilã a drumurilor cu o singurã bandã de circulație pe sens;</p>
<p>&nbsp;d)&nbsp;&nbsp; la trecerea pe lângã animale care sunt conduse pe partea carosabilã sau pe acostament;</p>
<p><span style=""background-color: #fbeeb8;"">e)&nbsp;&nbsp; când partea carosabilã este acoperitã cu polei, gheațã, zãpadã bãtãtoritã, mâzgã sau piatrã cubicã umedã;</span></p>
<p>f)&nbsp;&nbsp; pe drumuri cu denivelãri, semnalizate ca atare;</p>
<p>g)&nbsp;&nbsp; în zona de acțiune a indicatorului de avertizare ""Copii"" în intervalul orar 7,00-22,00, precum și a indicatorului ""Accident"";</p>
<p>h)&nbsp;&nbsp; la trecerile pentru pietoni nesemaforizate, semnalizate prin indicatoare și marcaje, când drumul public are cel mult o bandã pe sens, iar pietonii aflați pe trotuar, în imediatã apropiere a pãrții carosabile, intenționeazã sã se angajeze în traversare;</p>
<p>i)&nbsp;&nbsp; la schimbarea direcției de mers prin viraje;</p>
<p>&nbsp;j)&nbsp;&nbsp; când vizibilitatea este sub 100 m în condiții de ceațã, ploi torențiale, ninsori abundente.</p>


                    </div>","https://scoaladrpciv.ro/intrebari/categoria-redobandire/viteza-si-distanta-intre-vehicule"
"1790577801-212","https://scoaladrpciv.ro/intrebari/categoria-redobandire","Viteza de deplasare nu trebuie să fie mai mare de 30 km/h în localități sau 50 km/h în afara localităților:","A - la trecerea pe lângă grupuri organizate, coloane militare sau cortegii, dacă se află pe partea carosabilă a drumurilor cu o singură bandă de circulație pe sens;","","","B - la trecerea printr-o intersecție cu circulație dirijată;","C - în curbele în care vizibilitatea este sub 100 m;","https://scoaladrpciv.ro/intrebare/viteza-de-deplasare-nu-trebuie-sa-fie-mai-mare-de-30-kmh-in-localitati-sau-50-kmh-in-afara-localitatilor-7950","","","https://scoaladrpciv.ro/intrebari/categoria-redobandire/viteza-si-distanta-intre-vehicule"
"1790577804-213","https://scoaladrpciv.ro/intrebari/categoria-redobandire","Care este limita maximă de viteză pe drumurile expres?","B - 120 km/h;","","","A - 130 km/h;","C - 110 km/h.","https://scoaladrpciv.ro/intrebare/care-este-limita-maxima-de-viteza-pe-drumurile-expres-5ea9","","<div class="""">
                        <h4>Articolul 49</h4><p>(1)&nbsp; Limita maximă de viteză în localități este de 50 km/h.</p><p>(2)&nbsp;&nbsp;&nbsp;Pe anumite sectoare de drum din interiorul localităților, administratorul drumului poate stabili, pentru autovehiculele din categoriile A și B, și limite de viteză superioare, dar nu mai mult de 80 km/h. Limitele de viteză mai mari de 50 km/h se stabilesc numai cu avizul poliției rutiere.</p><p style=""margin-left:0cm;text-align:justify;"">(3)&nbsp;&nbsp;&nbsp;Pe anumite sectoare de drum, ținând seama de împrejurări și de intensitatea circulației, administratorul drumului, cu avizul poliției rutiere, poate stabili și limite de viteză inferioare, dar nu mai puțin de 10 km/h pentru tramvaie și de 30 km/h pentru toate autovehiculele.</p><p>(4)&nbsp; Limitele maxime de viteză în afara localităților sunt:</p><ul><li>a)&nbsp; pe autostrăzi - 130 km/h;</li><li><span style=""background-color:hsl(60, 75%, 60%);"">b)&nbsp; pe drumurile expres - 120 km/h;</span></li><li>c)&nbsp; pe drumurile naționale europene (E) - 100 km/h;</li><li>d)&nbsp; pe celelalte categorii de drumuri - 90 km/h.</li></ul>


                    </div>","https://scoaladrpciv.ro/intrebari/categoria-redobandire/viteza-si-distanta-intre-vehicule"
"1790577806-214","https://scoaladrpciv.ro/intrebari/categoria-redobandire","În care dintre situaţiile de mai jos eşti obligat să nu depăşeşti viteza de 30 km/h?","C - în interiorul localităţilor, la schimbarea direcţiei de mers prin viraje","","","A - la trecerea prin intersecţiile cu circulaţie dirijată","B - în perimetrul pieţelor aglomerate","https://scoaladrpciv.ro/intrebare/in-care-dintre-situatiile-de-mai-jos-esti-obligat-sa-nu-depasesti-viteza-de-30-km-h-1a9b","","","https://scoaladrpciv.ro/intrebari/categoria-redobandire/viteza-si-distanta-intre-vehicule"
"1790577808-215","https://scoaladrpciv.ro/intrebari/categoria-redobandire","Sunteţi obligat să nu depăşiţi viteza de 50 km/h în afara localităţilor, în următoarele situaţii:","C - în condiţii de ceaţă, ploi torenţiale sau ninsori abundente, când vizibilitatea este sub 100m","","","A - pe poduri","B - la întâlnirea indicatorului „Prioritate pentru circulaţia din sens invers”","https://scoaladrpciv.ro/intrebare/sunteti-obligat-sa-nu-depasiti-viteza-de-50-km-h-in-afara-localitatilor-in-urmatoarele-situatii-fd21","","","https://scoaladrpciv.ro/intrebari/categoria-redobandire/viteza-si-distanta-intre-vehicule"
"1790577811-216","https://scoaladrpciv.ro/intrebari/categoria-redobandire","Care este limita maximă de viteză admisă pentru autoturisme în localităţi?","A - 50 km/h:","","","B - 60 km/h","C - 100 km/h","https://scoaladrpciv.ro/intrebare/care-este-limita-maxima-de-viteza-admisa-pentru-autoturisme-in-localitati-a6e2","","","https://scoaladrpciv.ro/intrebari/categoria-redobandire/viteza-si-distanta-intre-vehicule"
"1790577813-217","https://scoaladrpciv.ro/intrebari/categoria-redobandire","Distanţa pe care trebuie să o păstraţi, faţă de autovehiculul care circulă înaintea dvs., o stabiliţi în funcţie de:","C - viteza de deplasare, condiţiile meteo şi de trafic","","","A - abilitatea dvs. de a evita un obstacol apărut brusc","B - marca, categoria şi capacitatea cilindrică a autovehiculului din faţă","https://scoaladrpciv.ro/intrebare/distanta-pe-care-trebuie-sa-o-pastrati-fata-de-autovehiculul-care-circula-inaintea-dvs-o-stabiliti-in-functie-de-f0e5","","","https://scoaladrpciv.ro/intrebari/categoria-redobandire/viteza-si-distanta-intre-vehicule"
"1790577815-218","https://scoaladrpciv.ro/intrebari/categoria-redobandire","Cu ce viteză veţi circula când partea carosabilă este acoperită cu polei, gheaţă, zăpadă bătătorită, mâzgă sau piatră cubică umedă?","B - viteza să nu depăşească 30 km/h în localităţi sau 50 km/h în afara localităţilor","","","A - viteza maximă nu poate fi mai mare de 20 km/h","C - viteza va fi redusă în funcţie de condiţiile atmosferice","https://scoaladrpciv.ro/intrebare/cu-ce-viteza-veti-circula-cand-partea-carosabila-este-acoperita-cu-polei-gheata-zapada-batatorita-mazga-sau-piatra-cubica-umeda-28eb","","","https://scoaladrpciv.ro/intrebari/categoria-redobandire/viteza-si-distanta-intre-vehicule"
"1790577817-219","https://scoaladrpciv.ro/intrebari/categoria-redobandire","Care este limita maximă de viteză admisă pentru autoturisme pe autostrăzi?","C - 130 km/h","","","A - 100 km/h:","B - 120 km/h","https://scoaladrpciv.ro/intrebare/care-este-limita-maxima-de-viteza-admisa-pentru-autoturisme-pe-autostrazi-2dfc","","","https://scoaladrpciv.ro/intrebari/categoria-redobandire/viteza-si-distanta-intre-vehicule"
"1790577820-220","https://scoaladrpciv.ro/intrebari/categoria-redobandire","În ce situaţii conducatorii de vehicule sunt obligaţi să reducă viteza?","B - la schimbarea direcţiei de mers prin viraje;","","","A - la urcarea pantelor;","C - la depășirea tramvaiului oprit în staţiile fără refugiu pentru pietoni.","https://scoaladrpciv.ro/intrebare/in-ce-situatii-conducatorii-de-vehicule-sunt-obligati-sa-reduca-viteza-6b57","","","https://scoaladrpciv.ro/intrebari/categoria-redobandire/viteza-si-distanta-intre-vehicule"
"1790577822-221","https://scoaladrpciv.ro/intrebari/categoria-redobandire","Care este viteza maximă cu care poate circula conducătorul unu autovehicul din categoria „B”, în afara localităţilor, pe un drum naţional european?","C - 100 km/h","","","A - 80 km/h","B - 90 km/h","https://scoaladrpciv.ro/intrebare/care-este-viteza-maxima-cu-care-poate-circula-conducatorul-unu-autovehicul-din-categoria-b-in-afara-localitatilor-pe-un-drum-national-european-d4ee","","","https://scoaladrpciv.ro/intrebari/categoria-redobandire/viteza-si-distanta-intre-vehicule"
"1790577824-222","https://scoaladrpciv.ro/intrebari/categoria-redobandire","Când nu este permis să măriţi viteza de deplasare a autovehiculului?","B - când un alt vehicul s-a angajat în depăşirea dvs","","","A - când circulaţi pe prima bandă","C - în intersecţii","https://scoaladrpciv.ro/intrebare/cand-nu-este-permis-sa-mariti-viteza-de-deplasare-a-autovehiculului-7733","","","https://scoaladrpciv.ro/intrebari/categoria-redobandire/viteza-si-distanta-intre-vehicule"
"1790577827-223","https://scoaladrpciv.ro/intrebari/categoria-redobandire","În ce situaţii sunteţi obligat să reduceţi viteza?","C - la apropierea si trecerea autovehiculelor cu regim de circulaţie prioritară, care au în funcţiune mijloacele speciale de avertizare luminoasă de culoare albastră şi mijloacele de avertizare sonoră","","","A - când circulaţi pe poduri, sub poduri sau în tuneluri","B - în timp ce sunteţi depăşit de un alt vehicul","https://scoaladrpciv.ro/intrebare/in-ce-situatii-sunteti-obligat-sa-reduceti-viteza-5d4f","","","https://scoaladrpciv.ro/intrebari/categoria-redobandire/viteza-si-distanta-intre-vehicule"
"1790577829-224","https://scoaladrpciv.ro/intrebari/categoria-redobandire","Eşti obligat să reduci viteza până la maximum 30km/h în localităţi, într-unul din cazurile:","C - la trecerea prin intersecţiile cu circulaţie nedirijată","","","A - la întâlnirea indicatorului „Oprire”","B - la întâlnirea indicatorului „Intersecţie cu un drum fără prioritate”","https://scoaladrpciv.ro/intrebare/esti-obligat-sa-reduci-viteza-pana-la-maximum-30km-h-in-localitati-intr-unul-din-cazurile-8f77","","","https://scoaladrpciv.ro/intrebari/categoria-redobandire/viteza-si-distanta-intre-vehicule"
"1790577831-225","https://scoaladrpciv.ro/intrebari/categoria-redobandire","Într-o zonă rezidenţială semnalizată ca atare:","B - pietonii pot folosi toată lăţimea părţii carosabile","","","A - copiii nu se pot juca pe partea carosabilă","C - viteza maximă admisă este de 30 km/h","https://scoaladrpciv.ro/intrebare/intr-o-zona-rezidentiala-semnalizata-ca-atare-3d51","","","https://scoaladrpciv.ro/intrebari/categoria-redobandire/viteza-si-distanta-intre-vehicule"
"1790577833-226","https://scoaladrpciv.ro/intrebari/categoria-redobandire","Ce conduită trebuie să adopte un conducator de autovehicul atunci când se apropie de o intersecție cu circulație nedirijată?","B - să conducă cu viteză redusă pentru a avea posibilitatea să acorde prioritate de trecere celor care au acest drept","","","A - să reducă viteza, dar numai dacă schimbă direcția de deplasare la dreapta","C - să avertizeze pe ceilalți participanți la trafic, prin semnale sonore și luminoase că s-a angajat în traversarea intersecției și să acorde prioritate de trecere tuturor vehiculelor","https://scoaladrpciv.ro/intrebare/ce-conduita-trebuie-sa-adopte-un-conducator-de-autovehicul-atunci-cand-se-apropie-de-o-intersectie-cu-circulatie-nedirijata-c077","","","https://scoaladrpciv.ro/intrebari/categoria-redobandire/viteza-si-distanta-intre-vehicule"
"1790577836-227","https://scoaladrpciv.ro/intrebari/categoria-redobandire","Într-o zonă pietonală, dacă este permisă circulaţia, viteza maximă admisă este de:","C - 5 km/h","","","A - 20 km/h","B - 10 km/h","https://scoaladrpciv.ro/intrebare/intr-o-zona-pietonala-daca-este-permisa-circulatia-viteza-maxima-admisa-este-de-605b","","","https://scoaladrpciv.ro/intrebari/categoria-redobandire/viteza-si-distanta-intre-vehicule"
"1790577838-228","https://scoaladrpciv.ro/intrebari/categoria-redobandire","Cu ce viteză maximă poţi circula în afara localităţilor, dacă rulezi cu un autoturism?","C - 130 km/h pe autostrăzi, 120 km/h pe drumurile expres, 100 km/h pe drumurile naționale europene (E) și 90 km/h pe celelalte categorii de drumuri.","","","A - 120 km/h pe autostrăzi şi 100 km/h pe drumurile naţionale europene;","B - 110 km/h pe autostrăzi şi 90 km/h pe celelalte categorii de drumuri;","https://scoaladrpciv.ro/intrebare/cu-ce-viteza-maxima-poti-circula-in-afara-localitatilor-daca-rulezi-cu-un-autoturism-9cd3","","","https://scoaladrpciv.ro/intrebari/categoria-redobandire/viteza-si-distanta-intre-vehicule"
"1790577840-229","https://scoaladrpciv.ro/intrebari/categoria-redobandire","Cu ce viteză veţi circula în condiţii de ceaţă, ploi torenţiale, ninsori abundente, dacă vizibilitatea este redusă sub 100 m?","C - maxim 30 km/h în localităţi sau 50 km/h în afara localităţilor","","","A - maxim 50 km/h în localităţi sau 60 km/h în afara localităţilor","B - reduceţi viteza până la limita evitării oricărui pericol","https://scoaladrpciv.ro/intrebare/cu-ce-viteza-veti-circula-in-conditii-de-ceata-ploi-torentiale-ninsori-abundente-daca-vizibilitatea-este-redusa-sub-100-m-b3ae","","","https://scoaladrpciv.ro/intrebari/categoria-redobandire/viteza-si-distanta-intre-vehicule"
"1790577843-230","https://scoaladrpciv.ro/intrebari/categoria-redobandire","Care sunt limitele maxime de viteză admise în afara localităţilor pentru autovehiculele din categoria B?","B - 130 km/h pe autostrăzi, 120 km/h pe drumurile expres, 100 km/h pe drumurile naționale europene (E) și 90 km/h pe celelalte categorii de drumuri;","","","A - 110 km/h pe autostrăzi, 100 km/h pe drumurile expres, 90 km/h pe drumurile naționale europene (E) și 80 km/h pe celelalte categorii de drumuri;","C - 100 km/h pe autostrăzi, 90 km/h pe drumurile expres, 80 km/h pe drumurile naționale europene (E) și 70 km/h pe celelalte categorii de drumuri.","https://scoaladrpciv.ro/intrebare/care-sunt-limitele-maxime-de-viteza-admise-in-afara-localitatilor-pentru-autovehiculele-din-categoria-b-eeda","","","https://scoaladrpciv.ro/intrebari/categoria-redobandire/viteza-si-distanta-intre-vehicule"
"1790577845-231","https://scoaladrpciv.ro/intrebari/categoria-redobandire","Viteza de deplasare trebuie să nu depăşească 30 km/h în localităţi sau 50 km/h în afara localităţilor:","B - în curbe deosebit de periculoase semnalizate ca atare sau în care vizibilitatea este mai mică de 50m","","","A - la întâlnirea indicatorului „Drum cu prioritate”","C - atunci cand se circulă în aceeaşi direcţie cu autobuzele oprite în staţie, pe drumurile cu o singură bandă pe sens","https://scoaladrpciv.ro/intrebare/viteza-de-deplasare-trebuie-sa-nu-depaseasca-30-km-h-in-localitati-sau-50-km-h-in-afara-localitatilor-af11","","","https://scoaladrpciv.ro/intrebari/categoria-redobandire/viteza-si-distanta-intre-vehicule"
"1790577847-232","https://scoaladrpciv.ro/intrebari/categoria-redobandire","Care este limita maximă de viteză admisă pentru autoturisme pe drumurile expres și pe cele naționale europene (E)?","B - 100 km/h pe drumurile naționale europene (E) și 120 km/h pe drumurile expres;","","","A - 90 km/h pe drumurile naționale europene (E) și 110 km/h pe drumurile expres;","C - 110 km/h pe drumurile naționale europene (E) și 130 km/h pe drumurile expres;","https://scoaladrpciv.ro/intrebare/care-este-limita-maxima-de-viteza-admisa-pentru-autoturisme-pe-drumurile-expres-sau-nationale-europene-41e5","","<div class="""">
                        <h4>Articolul 49</h4><p>(1)&nbsp; Limita maximă de viteză în localități este de 50 km/h.</p><p>(2)&nbsp;&nbsp;&nbsp;Pe anumite sectoare de drum din interiorul localităților, administratorul drumului poate stabili, pentru autovehiculele din categoriile A și B, și limite de viteză superioare, dar nu mai mult de 80 km/h. Limitele de viteză mai mari de 50 km/h se stabilesc numai cu avizul poliției rutiere.</p><p style=""margin-left:0cm;text-align:justify;"">(3)&nbsp;&nbsp;&nbsp;Pe anumite sectoare de drum, ținând seama de împrejurări și de intensitatea circulației, administratorul drumului, cu avizul poliției rutiere, poate stabili și limite de viteză inferioare, dar nu mai puțin de 10 km/h pentru tramvaie și de 30 km/h pentru toate autovehiculele.</p><p>(4)&nbsp; Limitele maxime de viteză în afara localităților sunt:</p><ul><li>a)&nbsp; pe autostrăzi - 130 km/h;</li><li><span style=""background-color:hsl(60,75%,60%);"">b)&nbsp; pe drumurile expres - 120 km/h;</span></li><li><span style=""background-color:hsl(60,75%,60%);"">c)&nbsp; pe drumurile naționale europene (E) - 100 km/h;</span></li><li>d)&nbsp; pe celelalte categorii de drumuri - 90 km/h.</li></ul>


                    </div>","https://scoaladrpciv.ro/intrebari/categoria-redobandire/viteza-si-distanta-intre-vehicule"
"1790577850-233","https://scoaladrpciv.ro/intrebari/categoria-redobandire","Reducerea vitezei până la 30 km/h în localități și până la 50 km/h în afara localităților este obligatorie:","C - în zona de acțiune a indicatorului „Copii”, între orele 7:00-22:00.","","","A - în dreptul stațiilor mijloacelor de transport public de persoane;","B - în zona de acțiune a indicatorului „Aeroport”;","https://scoaladrpciv.ro/intrebare/reducerea-vitezei-pana-la-30-km-h-in-localitati-si-pana-la-50-km-h-in-afara-localitatilor-este-obligatorie-92f4","","","https://scoaladrpciv.ro/intrebari/categoria-redobandire/viteza-si-distanta-intre-vehicule"
"1790577852-234","https://scoaladrpciv.ro/intrebari/categoria-redobandire","Ce reprezintă distanţa de 50 m necesară pentru semnalizarea schimbării direcţiei de mers în localităţi?","C - distanţa dintre locul în care se semnalizează intenţia de a depăşi şi locul în care se începe manevra","","","A - distanţa faţă de vehiculul care se deplasează în spatele dvs","B - distanţa faţă de locul în care se termină executarea manevrei de depăşire","https://scoaladrpciv.ro/intrebare/ce-reprezinta-distanta-de-50-m-necesara-pentru-semnalizarea-schimbarii-directiei-de-mers-in-localitati-2d81","","","https://scoaladrpciv.ro/intrebari/categoria-redobandire/viteza-si-distanta-intre-vehicule"
"1790577857-235","https://scoaladrpciv.ro/intrebari/categoria-redobandire","Cum trebuie să procedezi înainte de a te angaja într-o depăşire?","C - te asiguri că vehiculul care circulă în faţa sau în spatele tău nu a iniţiat o astfel de manevră","","","A - semnalizezi şi te apropii cât mai mult de cel pe care intenţionezi să îl depăşeşti","B - avertizezi sonor şi optic conducătorul auto pe care intenţionezi să îl depăşeşti","https://scoaladrpciv.ro/intrebare/cum-trebuie-sa-procedezi-inainte-de-a-te-angaja-intr-o-depasire-3da1","","","https://scoaladrpciv.ro/intrebari/categoria-redobandire/depasirea"
"1790577859-236","https://scoaladrpciv.ro/intrebari/categoria-redobandire","În care dintre următoarele situaţii este interzisă efectuarea depăşirii?","B - când depăşirea urmează să se efectueze în vârfuri de rampă, iar vizibilitatea este redusă sub 50m","","","A - la mai puţin de 50m de staţiile de tramvai, troleibuz, sau autobuz","C - pe drumurile publice care au o lăţime mai mică de 6m","https://scoaladrpciv.ro/intrebare/in-care-dintre-urmatoarele-situatii-este-interzisa-efectuarea-depasirii-a408","","","https://scoaladrpciv.ro/intrebari/categoria-redobandire/depasirea"
"1790577861-237","https://scoaladrpciv.ro/intrebari/categoria-redobandire","Înainte de efectuarea unei depăşiri, conducătorul de autovehicul trebuie să se asigure că:","B - din sens opus nu se apropie alt autovehicul, spaţiul lateral îi permite trecerea, iar manevra respectivă nu este interzisă","","","A - cel depăşit a înţeles intenţia de a fi depăşit","C - celălalt conducător a redus viteza","https://scoaladrpciv.ro/intrebare/inainte-de-efectuarea-unei-depasiri-conducatorul-de-autovehicul-trebuie-sa-se-asigure-ca-154a","","","https://scoaladrpciv.ro/intrebari/categoria-redobandire/depasirea"
"1790577864-238","https://scoaladrpciv.ro/intrebari/categoria-redobandire","Din ce direcţie trebuie să se asigure un conducător auto, înainte de a trece la efectuarea unei depăşiri?","C - atât din faţă, cât şi din spate","","","A - din faţă","B - din spate","https://scoaladrpciv.ro/intrebare/din-ce-directie-trebuie-sa-se-asigure-un-conducator-auto-inainte-de-a-trece-la-efectuarea-unei-depasiri-7471","","","https://scoaladrpciv.ro/intrebari/categoria-redobandire/depasirea"
"1790577866-239","https://scoaladrpciv.ro/intrebari/categoria-redobandire","Care dintre situaţiile următoare reprezintă o depăşire?","B - trecerea înaintea altui vehicul aflat pe acelasi sens de circulaţie, prin schimbarea direcţiei de mers şi ieşirea de pe banda sau şirul iniţial în care te-ai aflat","","","A - trecerea unui vehicul prin dreptul altuia care circula din sens opus","C - circulaţia cu o viteză mai mare, pe lângă cei aflaţi pe alte benzi","https://scoaladrpciv.ro/intrebare/care-dintre-situatiile-urmatoare-reprezinta-o-depasire-1b6b","","","https://scoaladrpciv.ro/intrebari/categoria-redobandire/depasirea"
"1790577868-240","https://scoaladrpciv.ro/intrebari/categoria-redobandire","Ce obligaţii aveţi dacă sunteţi oprit regulamentar de către un poliţist rutier?","A - să rămâneţi în vehicul, cu mâinile pe volan, respectând indicaţiile poliţistului","","","B - să coborâţi din vehicul pentru a prezenta permisul de conducere","C - să coborâţi din vehicul pentru a lua la cunoştinţă abaterea comisă","https://scoaladrpciv.ro/intrebare/ce-obligatii-aveti-daca-sunteti-oprit-regulamentar-de-catre-un-politist-rutier-1c64","","","https://scoaladrpciv.ro/intrebari/categoria-redobandire/depasirea"
"1790577871-241","https://scoaladrpciv.ro/intrebari/categoria-redobandire","Este permisă depășirea altor vehicule la întâlnirea indicatorului „Limitare de viteză”?","A - da, dar fără a se depăși viteza înscrisă pe indicator;","","","B - în asemenea zone depășirea este interzisă până la întâlnirea indicatorului „Sfârșitul tuturor restricțiilor”;","C - da, dar numai a vehiculelor care se deplasează cu viteză redusă.","https://scoaladrpciv.ro/intrebare/este-permisa-depasirea-altor-vehicule-la-intalnirea-indicatorului-limitare-de-viteza-5f59","","","https://scoaladrpciv.ro/intrebari/categoria-redobandire/depasirea"
"1790577873-242","https://scoaladrpciv.ro/intrebari/categoria-redobandire","Depăşirea este interzisă:","B - in intersecţii cu circulaţia nedirijată","","","A - în staţiile de autobuz","C - în intersecţii cu circulaţia dirijată","https://scoaladrpciv.ro/intrebare/depasirea-este-interzisa-2825","","","https://scoaladrpciv.ro/intrebari/categoria-redobandire/depasirea"
"1790577875-243","https://scoaladrpciv.ro/intrebari/categoria-redobandire","În care dintre situaţii depăşirea este interzisă?","A - în intersecţiile cu circulaţie nedirijată şi la trecerile pentru pietoni semnalizate","","","B - în intersecţii şi la o distanţă de 50 m de acestea","C - în zona de acţiune a indicatorului „Limitare de viteză”","https://scoaladrpciv.ro/intrebare/in-care-dintre-situatii-depasirea-este-interzisa-017f","","","https://scoaladrpciv.ro/intrebari/categoria-redobandire/depasirea"
"1790577877-244","https://scoaladrpciv.ro/intrebari/categoria-redobandire","În care dintre situaţii este interzisă depăşirea vehiculelor?","B - în apropierea vârfurilor de rampă, când vizibilitatea este redusă sub 50m;","","","A - când din sens opus se apropie alt vehicul;","C - în staţiile de tramvai prevăzute cu refugiu pentru pietoni.","https://scoaladrpciv.ro/intrebare/in-care-dintre-situatii-este-interzisa-depasirea-vehiculelor-06e3","","","https://scoaladrpciv.ro/intrebari/categoria-redobandire/depasirea"
"1790577880-245","https://scoaladrpciv.ro/intrebari/categoria-redobandire","În ce situaţie poţi depăşi tramvaiele pe partea stângă?","C - atunci când între şina din dreapta şi bordură nu există spaţiu suficient pentru depăşire","","","A - în nicio situaţie","B - când există două benzi pe sensul de mers","https://scoaladrpciv.ro/intrebare/in-ce-situatie-poti-depasi-tramvaiele-pe-partea-stanga-909e","","","https://scoaladrpciv.ro/intrebari/categoria-redobandire/depasirea"
"1790577882-246","https://scoaladrpciv.ro/intrebari/categoria-redobandire","Cum este definită depăşirea?","B - manevra prin care un vehicul trece înaintea altui vehicul ori pe lângă un obstacol, aflat pe acelaşi sens de circulaţie, prin schimbarea direcţiei de mers şi ieşirea de pe banda de circulaţie sau din şirul de vehicule în care s-a aflat iniţial","","","A - trecerea unui vehicul pe lângă altul, când circulă în acelaşi sens, dar pe o bandă alăturată","C - trecerea unui vehicul prin dreptul altuia","https://scoaladrpciv.ro/intrebare/cum-este-definita-depasirea-4442","","","https://scoaladrpciv.ro/intrebari/categoria-redobandire/depasirea"
"1790577884-247","https://scoaladrpciv.ro/intrebari/categoria-redobandire","Ce vehicule pot fi depăşite, prin excepţie, pe un pod?","A - vehiculele cu tracţiune animală, motociclete fără ataş şi biciclete","","","B - tractoarele şi alte autovehicule lente","C - niciun vehicul","https://scoaladrpciv.ro/intrebare/ce-vehicule-pot-fi-depasite-prin-exceptie-pe-un-pod-6729","","","https://scoaladrpciv.ro/intrebari/categoria-redobandire/depasirea"
"1790577887-248","https://scoaladrpciv.ro/intrebari/categoria-redobandire","În care dintre situaţiile prezentate este interzisă depăşirea vehiculelor pe drumurile publice?","C - la trecerile pentru pietoni prevăzute cu indicatoare şi marcaje","","","A - la întâlnirea indicatorului „Circulaţie în ambele sensuri”","B - la o distanţă mai mică de 50 m de staţia de tramvai, când acesta este oprit","https://scoaladrpciv.ro/intrebare/in-care-dintre-situatiile-prezentate-este-interzisa-depasirea-vehiculelor-pe-drumurile-publice-1c09","","","https://scoaladrpciv.ro/intrebari/categoria-redobandire/depasirea"
"1790577889-249","https://scoaladrpciv.ro/intrebari/categoria-redobandire","Manevra de evitare prin schimbarea direcţiei de mers a unui obstacol aflat pe sensul tău de circulaţie, urmată de revenirea pe acelaşi sens, constituie:","B - depăşire","","","A - situaţie de urgenţă","C - ocolire","https://scoaladrpciv.ro/intrebare/manevra-de-evitare-prin-schimbarea-directiei-de-mers-a-unui-obstacol-aflat-pe-sensul-tau-de-circulatie-urmata-de-revenirea-pe-acelasi-sens-constituie-4004","","","https://scoaladrpciv.ro/intrebari/categoria-redobandire/depasirea"
"1790577891-250","https://scoaladrpciv.ro/intrebari/categoria-redobandire","În care dintre situaţiile prezentate nu este permisă depaşirea?","C - în intersecţiile nedirijate ale drumurilor","","","A - pe drumurile judeţene din interiorul comunelor","B - în zonele cu trafic intens","https://scoaladrpciv.ro/intrebare/in-care-dintre-situatiile-prezentate-nu-este-permisa-depasirea-ab8d","","","https://scoaladrpciv.ro/intrebari/categoria-redobandire/depasirea"
"1790577893-251","https://scoaladrpciv.ro/intrebari/categoria-redobandire","Se consideră depăşire faptul că vehiculele de pe o bandă circulă mai repede decât vehiculele de pe celelalte benzi?","A - nu","","","B - nu, dacă se circulă pe banda din stânga","C - da, dacă se circulă pe banda din dreapta","https://scoaladrpciv.ro/intrebare/se-considera-depasire-faptul-ca-vehiculele-de-pe-o-banda-circula-mai-repede-decat-vehiculele-de-pe-celelalte-benzi-79d8","","","https://scoaladrpciv.ro/intrebari/categoria-redobandire/depasirea"
"1790577896-252","https://scoaladrpciv.ro/intrebari/categoria-redobandire","Este interzisă depăşirea:","C - în intersecţiile cu circulaţie nedirijată","","","A - tuturor vehiculelor, la 100 m de trecerile la nivel cu calea ferată curentă","B - vehiculelor cu tracţiune animală, motocicletelor fără ataş, mopedelor şi bicicletelor, dacă vizibilitatea asupra drumului este asigurată pe o distanţă mai mare de 20 m, iar lăţimea drumului este de cel puţin 7 m","https://scoaladrpciv.ro/intrebare/este-interzisa-depasirea-4155","","","https://scoaladrpciv.ro/intrebari/categoria-redobandire/depasirea"
"1790577898-253","https://scoaladrpciv.ro/intrebari/categoria-redobandire","Care este momentul în care poţi începe depăşirea unui tramvai oprit într-o staţie fără refugiu?","B - când uşile tramvaiului au fost închise","","","A - când călătorii au coborât din tramvai şi au părăsit partea carosabilă","C - când autovehiculul din faţă s-a pus în mişcare","https://scoaladrpciv.ro/intrebare/care-este-momentul-in-care-poti-incepe-depasirea-unui-tramvai-oprit-intr-o-statie-fara-refugiu-d0f7","","","https://scoaladrpciv.ro/intrebari/categoria-redobandire/depasirea"
"1790577900-254","https://scoaladrpciv.ro/intrebari/categoria-redobandire","Cum trebuie să procedezi atunci când intenţionezi să finalizezi o depăşire?","A - te încadrezi cât se poate de repede pe dreapta, fără a-l stânjeni pe cel depăşit","","","B - după reîncadrare, semnalizezi cu luminile de avarie","C - claxonezi şi te angajezi pe partea dreaptă, direct în faţa vehiculului depăşit","https://scoaladrpciv.ro/intrebare/cum-trebuie-sa-procedezi-atunci-cand-intentionezi-sa-finalizezi-o-depasire-65ae","","","https://scoaladrpciv.ro/intrebari/categoria-redobandire/depasirea"
"1790577903-255","https://scoaladrpciv.ro/intrebari/categoria-redobandire","Se interzice depăşirea:","A - atunci când se încalcă marcajul continuu longitudinal","","","B - în zonele cu trafic intens","C - când se încalcă marcajul discontinuu longitudinal","https://scoaladrpciv.ro/intrebare/se-interzice-depasirea-4438","","","https://scoaladrpciv.ro/intrebari/categoria-redobandire/depasirea"
"1790577905-256","https://scoaladrpciv.ro/intrebari/categoria-redobandire","Ce obligaţii ai înainte de efectuarea unei depăşiri?","C - să semnalizezi din timp şi să te asiguri că nu deranjezi circulaţia sau că nu pui în pericol siguranta celorlalţi participanţi la trafic","","","A - să te asiguri atât din faţă, cât şi din spate","B - să te asiguri din faţă şi să reduci corespunzător viteza","https://scoaladrpciv.ro/intrebare/ce-obligatii-ai-inainte-de-efectuarea-unei-depasiri-848d","","","https://scoaladrpciv.ro/intrebari/categoria-redobandire/depasirea"
"1790577907-257","https://scoaladrpciv.ro/intrebari/categoria-redobandire","Puteţi depăşi tramvaiul oprit într-o staţie fără refugiu pentru pietoni, pe o stradă cu sens unic?","C - nu, deoarece depăşirea este interzisă","","","A - da, dar numai pe partea stângă","B - da, dar numai dacă nu există pietoni în staţia de tramvai","https://scoaladrpciv.ro/intrebare/puteti-depasi-tramvaiul-oprit-intr-o-statie-fara-refugiu-pentru-pietoni-pe-o-strada-cu-sens-unic-232e","","","https://scoaladrpciv.ro/intrebari/categoria-redobandire/depasirea"
"1790577909-258","https://scoaladrpciv.ro/intrebari/categoria-redobandire","De regulă, depăşirea vehiculelor se efectuează:","C - pe partea stanga","","","A - pe partea dreaptă","B - pe partea dreaptă, dacă există bandă de refugiu","https://scoaladrpciv.ro/intrebare/de-regula-depasirea-vehiculelor-se-efectueaza-8e9f","","","https://scoaladrpciv.ro/intrebari/categoria-redobandire/depasirea"
"1790577912-259","https://scoaladrpciv.ro/intrebari/categoria-redobandire","Ce obligaţii ai când urmează să fii depăşit?","A - să nu măreşti viteza de mers","","","B - să reduci viteza de mers","C - să confirmi prin semnale că ai observat manevra","https://scoaladrpciv.ro/intrebare/ce-obligatii-ai-cand-urmeaza-sa-fii-depasit-41c6","","","https://scoaladrpciv.ro/intrebari/categoria-redobandire/depasirea"
"1790577914-260","https://scoaladrpciv.ro/intrebari/categoria-redobandire","În timp ce conduceţi un autoturism, aveţi voie să efectuaţi manevra de depăşire a unui autobuz oprit în staţie pentru urcarea şi coborârea călătorilor?","A - da","","","B - da, numai dacă lăţimea drumului public este mai mare de 6 m","C - nu, în acest caz depăşirea este interzisă","https://scoaladrpciv.ro/intrebare/in-timp-ce-conduceti-un-autoturism-aveti-voie-sa-efectuati-manevra-de-depasire-a-unui-autobuz-oprit-in-statie-pentru-urcarea-si-coborarea-calatorilor-dc47","","<div class="""">
                        <h4>Articolul 118</h4>
<p>(1) Conducãtorul de vehicul care efectueazã depãșirea este obligat:</p>
<ul style=""list-style-type: circle;"">
<li>a)&nbsp;&nbsp; sã se asigure cã acela care îl urmeazã sau îl precedã nu a semnalizat intenția începerii unei manevre similare și cã poate depãși fãrã a pune în pericol sau fãrã a stânjeni circulația din sens opus;</li>
<li>b)&nbsp;&nbsp; sã semnalizeze intenția de efectuare a depãșirii;</li>
<li>c)&nbsp;&nbsp; sã pãstreze în timpul depãșirii o distanțã lateralã suficientã fațã de vehiculul depãșit;</li>
<li>d)&nbsp;&nbsp; sã reintre pe banda sau în șirul de circulație inițial dupã ce a semnalizat și s-a asigurat cã poate efectua aceastã manevrã în condiții de siguranțã pentru vehiculul depãșit și pentru ceilalți participanți la trafic.</li>
</ul>


                    </div>","https://scoaladrpciv.ro/intrebari/categoria-redobandire/depasirea"
"1790577916-261","https://scoaladrpciv.ro/intrebari/categoria-redobandire","Ce obligaţii revin celui care urmează a fi depăşit?","A - să nu mărească viteza şi să se angajeze cât mai aproape de marginea din dreapta a drumului","","","B - să reducă viteza şi să nu depăşească alt autovehicul","C - să semnalizeze că a înţeles intenţia celui care îl urmează","https://scoaladrpciv.ro/intrebare/ce-obligatii-revin-celui-care-urmeaza-a-fi-depasit-3cc9","","","https://scoaladrpciv.ro/intrebari/categoria-redobandire/depasirea"
"1790577918-262","https://scoaladrpciv.ro/intrebari/categoria-redobandire","Ce vehicule pot fi depăşite pe un pod?","C - vehiculele cu tracţiune animală, motocicletele fără ataş şi bicicletele","","","A - numai vehiculele cu tracţiune animală","B - numai bicicletele si motocicletele fără ataş","https://scoaladrpciv.ro/intrebare/ce-vehicule-pot-fi-depasite-pe-un-pod-6a2b","","","https://scoaladrpciv.ro/intrebari/categoria-redobandire/depasirea"
"1790577921-263","https://scoaladrpciv.ro/intrebari/categoria-redobandire","Tramvaiele în mers se depăşesc, de regulă:","B - pe partea dreaptă","","","A - pe partea stângă","C - pe ambele părţi","https://scoaladrpciv.ro/intrebare/tramvaiele-in-mers-se-depasesc-de-regula-2e98","","","https://scoaladrpciv.ro/intrebari/categoria-redobandire/depasirea"
"1790577923-264","https://scoaladrpciv.ro/intrebari/categoria-redobandire","Conducătorul unui autovehicul poate executa o depăşire la întâlnirea indicatorului „Limitare de viteză”?","A - da, dacă în timpul manevrei viteza sa nu este mai mare decât cea înscrisă pe indicator","","","B - nu, până la întâlnirea indicatorului care semnalizează terminarea zonei de limitare a vitezei","C - da, dacă depăşirea se execută în afara unei localităţi","https://scoaladrpciv.ro/intrebare/conducatorul-unui-autovehicul-poate-executa-o-depasire-la-intalnirea-indicatorului-limitare-de-viteza-04b4","","","https://scoaladrpciv.ro/intrebari/categoria-redobandire/depasirea"
"1790577928-265","https://scoaladrpciv.ro/intrebari/categoria-redobandire","Luminile de avarie se folosesc în următoarele situații:","A - în situația în care vehiculul se deplasează foarte lent și/sau constituie el însuși un pericol pentru ceilalți participanți la trafic;","","","B - în situația în care vehiculul este oprit sau staționat voluntar pe partea carosabilă;","C - în situația în care vehiculul circulă printr-un tunel.","https://scoaladrpciv.ro/intrebare/luminile-de-avarie-se-folosesc-in-urmatoarele-situatii-d365","","","https://scoaladrpciv.ro/intrebari/categoria-redobandire/pozitia-in-timpul-mersului-si-semnalele-conducatorilor-de-autovehicule"
"1790577930-266","https://scoaladrpciv.ro/intrebari/categoria-redobandire","Circulați în spatele unui vehicul cu tracțiune animală și constatați că acesta dorește să schimbe direcția de mers. Cum procedați?","B - permiteți vehiculului efectuarea în siguranță a manevrei;","","","A - semnalizați sonor intenția de a-l depăși;","C - nu aveți nicio obligație.","https://scoaladrpciv.ro/intrebare/circulati-in-spatele-unui-vehicul-cu-tractiune-animala-si-constatati-ca-acesta-doreste-sa-schimbe-directia-de-mers-cum-procedati-9d3c","","","https://scoaladrpciv.ro/intrebari/categoria-redobandire/pozitia-in-timpul-mersului-si-semnalele-conducatorilor-de-autovehicule"
"1790577932-267","https://scoaladrpciv.ro/intrebari/categoria-redobandire","Ce obligații are conducătorul de vehicul care intenționează să intre pe prima stradă la dreapta, într-o intersecție cu sens giratoriu?","B - semnalizează intenția de a executa manevra, se asigură, se angajează cât mai aproape de marginea din dreapta, apoi intră pe strada respectivă;","","","A - ocolește sensul giratoriu, apoi schimbă direcția de mers spre dreapta;","C - oprește autovehiculul, se asigură și execută schimbarea direcției de mers spre dreapta.","https://scoaladrpciv.ro/intrebare/ce-obligatii-are-conducatorul-de-vehicul-care-intentioneaza-sa-intre-pe-prima-strada-la-dreapta-intr-o-intersectie-cu-sens-giratoriu-4b1d","","","https://scoaladrpciv.ro/intrebari/categoria-redobandire/pozitia-in-timpul-mersului-si-semnalele-conducatorilor-de-autovehicule"
"1790577935-268","https://scoaladrpciv.ro/intrebari/categoria-redobandire","Circulați în spatele unui autobuz și vă apropiați de o intersecție semnalizată cu indicatorul „Oprire“. Cum veți proceda în această situație pentru a traversa în siguranță intersecția?","C - vă opriți în locul în care aveți vizibilitate maximă și vă asigurați, chiar dacă în același mod a procedat și conducătorul autobuzului.","","","A - vă continuați deplasarea, traversând intersecția odată cu autobuzul, în cazul în care conducătorul acestuia a oprit și s-a asigurat că prin intersecție nu circulă alte vehicule;","B - vă opriți în dreptul indicatorului, după care vă continuați drumul întrucât, dacă a trecut autobuzul, nu sunt pericole;","https://scoaladrpciv.ro/intrebare/circulati-in-spatele-unui-autobuz-si-va-apropiati-de-o-intersectie-semnalizata-cu-indicatorul-oprire-cum-veti-proceda-in-aceasta-situatie-pentru-a-traversa-in-siguranta-intersectia-4ca8","","<div class="""">
                        <h4>Articolul 81</h4>
<p><span style=""background-color: #fbeeb8;"">(1)&nbsp;&nbsp; Marcajul transversal constând dintr-o linie continuã, aplicatã pe lãțimea uneia sau mai multor benzi, indicã linia înaintea cãreia vehiculul trebuie oprit la întâlnirea indicatorului ""Oprire"". Un asemenea marcaj poate fi folosit pentru a indicã linia de oprire impusã printr-un semnal luminos, printr-o comandã a agentului care dirijeazã circulația, de prezența unei treceri la nivel cu o cale feratã, cu o linie de tramvai sau a unei treceri pentru pietoni. Înaintea marcajului ce însoțește indicatorul ""Oprire"" se poate aplica pe partea carosabilã inscripția ""Stop"".</span></p>


                    </div>","https://scoaladrpciv.ro/intrebari/categoria-redobandire/pozitia-in-timpul-mersului-si-semnalele-conducatorilor-de-autovehicule"
"1790577937-269","https://scoaladrpciv.ro/intrebari/categoria-redobandire","Schimbarea direcției de mers spre stânga, într-o intersecție neprevăzută cu marcaje de ghidare, se face:","B - prin stânga centrului imaginar al intersecției, fără a intersecta traiectoria celor care se deplasează din sens opus și care virează la stânga;","","","A - prin ocolirea centrului imaginar al intersecției;","C - la libera înțelegere cu cei care se deplasează din sens opus.","https://scoaladrpciv.ro/intrebare/schimbarea-directiei-de-mers-spre-stanga-intr-o-intersectie-neprevazuta-cu-marcaje-de-ghidare-se-face-0aa1","","","https://scoaladrpciv.ro/intrebari/categoria-redobandire/pozitia-in-timpul-mersului-si-semnalele-conducatorilor-de-autovehicule"
"1790577939-270","https://scoaladrpciv.ro/intrebari/categoria-redobandire","În care dintre situațiile de mai jos vă este permisă folosirea benzii de lângă axa drumului?","C - când circulați mai repede decât vehiculele care circulă pe altă bandă în același sens de circulație, dacă celelalte benzi în direcția de mers sunt ocupate.","","","A - numai atunci când efectuați depășirea altor vehicule;","B - atunci când circulați cu viteza maximă admisă;","https://scoaladrpciv.ro/intrebare/in-care-dintre-situatiile-de-mai-jos-va-este-permisa-folosirea-benzii-de-langa-axa-drumului-b584","","","https://scoaladrpciv.ro/intrebari/categoria-redobandire/pozitia-in-timpul-mersului-si-semnalele-conducatorilor-de-autovehicule"
"1790577941-271","https://scoaladrpciv.ro/intrebari/categoria-redobandire","Pe drumul public cu cel mult două benzi pe sens și cu o a treia bandă pe care este amplasată linia tramvaiului lângă axa drumului, conducătorii de vehicule:","A - pot folosi banda pe care este amplasată linia tramvaiului, fără să incomodeze circulația acestuia;","","","B - nu pot folosi banda pe care este amplasată linia tramvaiului;","C - legal, nu este prevăzut.","https://scoaladrpciv.ro/intrebare/pe-drumul-public-cu-cel-mult-doua-benzi-pe-sens-si-cu-o-a-treia-banda-pe-care-este-amplasata-linia-tramvaiului-langa-axa-drumului-conducatorii-de-vehicule-f18f","","","https://scoaladrpciv.ro/intrebari/categoria-redobandire/pozitia-in-timpul-mersului-si-semnalele-conducatorilor-de-autovehicule"
"1790577944-272","https://scoaladrpciv.ro/intrebari/categoria-redobandire","Pe care dintre cele două benzi trebuie să se încadreze conducătorul de vehicul și de la ce distanță față de intersecție, pentru a schimba direcția de mers spre dreapta, într-o localitate?","B - pe banda din dreapta, de la cel puțin 50 m;","","","A - pe banda de lângă axul drumului, de la cel puțin 100 m;","C - pe oricare bandă, de la cel puțin 50 m.","https://scoaladrpciv.ro/intrebare/pe-care-dintre-cele-doua-benzi-trebuie-sa-se-incadreze-conducatorul-de-vehicul-si-de-la-ce-distanta-fata-de-intersectie-pentru-a-schimba-directia-de-mers-spre-dreapta-intr-o-localitate-82dc","","<div class="""">
                        <h4>Articolul 107</h4>
<p>(1)&nbsp;&nbsp; La intersecțiile prevãzute cu indicatoare și/sau cu marcaje pentru semnalizarea direcției de mers, conducãtorii de vehicule trebuie sã se încadreze pe benzile corespunzãtoare direcției de mers voite cu cel puțin 50 m înainte de intersecție și sunt obligați sã respecte semnificația indicatoarelor și marcajelor.</p>
<p>(2)&nbsp;&nbsp; La intersecțiile fãrã marcaje de delimitare a benzilor, conducãtorii vehiculelor ocupa în mers, cu cel puțin 50 m înainte de intersecție, urmãtoarele poziții:</p>
<ul>
<li><span style=""background-color: #fbeeb8;"">a)&nbsp;&nbsp; rândul de lângã bordurã sau acostament, cei care vor sã schimbe direcția de mers spre dreapta;</span></li>
<li>b)&nbsp;&nbsp; rândul de lângã axa drumului sau de lângã marcajul de separare a sensurilor, cei care vor sã schimbe direcția de mers spre stânga. Când circulația se desfãșoarã pe drumuri cu sens unic, conducãtorii de vehicule care intenționeazã sã vireze la stânga sunt obligați sã ocupe rândul de lângã bordura sau acostamentul din partea stânga;</li>
<li>c)&nbsp; oricare dintre rânduri, cei care vor sã meargã înainte.</li>
</ul>


                    </div>","https://scoaladrpciv.ro/intrebari/categoria-redobandire/pozitia-in-timpul-mersului-si-semnalele-conducatorilor-de-autovehicule"
"1790577946-273","https://scoaladrpciv.ro/intrebari/categoria-redobandire","Ce rând trebuie să ocupați și de la ce distanță, pentru a putea executa virajul la stânga într-o intersecție nedirijată?","A - rândul de lângă axa drumului, de la o distanță de cel puțin 50 m;","","","B - rândul din mijloc, de la o distanță de cel puțin 100 m;","C - rândul de lângă bordură, de la o distanță de cel puțin 50 m.","https://scoaladrpciv.ro/intrebare/ce-rand-trebuie-sa-ocupati-si-de-la-ce-distanta-pentru-a-putea-executa-virajul-la-stanga-intr-o-intersectie-nedirijata-8eb7","","<div class="""">
                        <h4>Articolul 107</h4>
<p>(1)&nbsp;&nbsp; La intersecțiile prevãzute cu indicatoare și/sau cu marcaje pentru semnalizarea direcției de mers, conducãtorii de vehicule trebuie sã se încadreze pe benzile corespunzãtoare direcției de mers voite cu cel puțin 50 m înainte de intersecție și sunt obligați sã respecte semnificația indicatoarelor și marcajelor.</p>
<p>(2)&nbsp;&nbsp; La intersecțiile fãrã marcaje de delimitare a benzilor, conducãtorii vehiculelor ocupa în mers, cu cel puțin 50 m înainte de intersecție, urmãtoarele poziții:</p>
<ul>
<li>a)&nbsp;&nbsp; rândul de lângã bordurã sau acostament, cei care vor sã schimbe direcția de mers spre dreapta;</li>
<li><span style=""background-color: #fbeeb8;"">b)&nbsp;&nbsp; rândul de lângã axa drumului sau de lângã marcajul de separare a sensurilor, cei care vor sã schimbe direcția de mers spre stânga. Când circulația se desfãșoarã pe drumuri cu sens unic, conducãtorii de vehicule care intenționeazã sã vireze la stânga sunt obligați sã ocupe rândul de lângã bordura sau acostamentul din partea stânga;</span></li>
<li>c)&nbsp; oricare dintre rânduri, cei care vor sã meargã înainte.</li>
</ul>
<p>(3)&nbsp;&nbsp; Dacã în intersecție circulã și tramvaie, iar spațiul dintre șina din dreapta și trotuar nu permite circulația pe douã sau mai multe rânduri, toți conducãtorii de vehicule, indiferent de direcția de deplasare, vor circula pe un singur rând, lãsând liber traseul tramvaiului.</p>
<p>(4)&nbsp;&nbsp; În cazul în care tramvaiul este oprit într-o stație fãrã refugiu pentru pietoni, vehiculele trebuie sã opreascã în ordinea sosirii, în spatele acestuia, și sã își reia deplasarea numai dupã ce ușile tramvaiului au fost închise și s-au asigurat cã nu pun în pericol siguranța pietonilor angajați în traversarea drumului public.</p>


                    </div>","https://scoaladrpciv.ro/intrebari/categoria-redobandire/pozitia-in-timpul-mersului-si-semnalele-conducatorilor-de-autovehicule"
"1790577948-274","https://scoaladrpciv.ro/intrebari/categoria-redobandire","Când se vor folosi luminile de avarie?","B - atunci când, din motive justificate, circulați cu vehiculul cu o viteză foarte redusă (acesta se deplasează foarte lent);","","","A - atunci când circulați pe un drum alunecos, semnalizat corespunzător;","C - atunci când circulați pe un drum aglomerat, aflându-vă în coloană ce se deplasează cu viteză redusă.","https://scoaladrpciv.ro/intrebare/cand-se-vor-folosi-luminile-de-avarie-9645","","","https://scoaladrpciv.ro/intrebari/categoria-redobandire/pozitia-in-timpul-mersului-si-semnalele-conducatorilor-de-autovehicule"
"1790577950-275","https://scoaladrpciv.ro/intrebari/categoria-redobandire","Cum semnalizează conducătorii de autovehicule, tractoare agricole, forestiere și tramvaie intenția de a schimba direcția, de a ieși sau intra într-un rând de vehicule staționate, de a schimba banda, de a vira la dreapta sau stânga, de a întoarce, depăși sau opri:","C - prin punerea în funcțiune a luminilor indicatoare de direcție cu cel puțin 50 m în localități și 100 m în afara localităților înainte de începerea efectuării manevrelor.","","","A - prin punerea în funcțiune a luminilor indicatoare de direcție cu cel puțin 75 m în localități și 150 m în afara localităților înainte de începerea efectuării manevrelor;","B - prin punerea în funcțiune a luminilor indicatoare de direcție cu cel puțin 50 m în localități și 100 m în afara localităților simultan cu începerea efectuării manevrelor;","https://scoaladrpciv.ro/intrebare/cum-semnalizeaza-conducatorii-de-autovehicule-tractoare-agricole-forestiere-si-tramvaie-intentia-de-a-schimba-directia-de-a-iesi-sau-intra-intr-un-rand-de-vehicule-stationate-de-a-schimba-banda-de-a-vira-la-dreapta-sau-stanga-de-a-intoarce-depasi-sau-opri-90e4","","","https://scoaladrpciv.ro/intrebari/categoria-redobandire/pozitia-in-timpul-mersului-si-semnalele-conducatorilor-de-autovehicule"
"1790577953-276","https://scoaladrpciv.ro/intrebari/categoria-redobandire","Luminile de avarie se folosesc în următoarea situație:","B - când vehiculul este imobilizat involuntar pe partea carosabilă sau în timp ce sunteți remorcat;","","","A - când sunteți dezorientat în privința traseului de urmat;","C - când luminile de drum s-au defectat.","https://scoaladrpciv.ro/intrebare/luminile-de-avarie-se-folosesc-in-urmatoarea-situatie-23ff","","<div class="""">
                        <p>(5) Luminile de avarie se folosesc în urmãtoarele situații:</p>
<ul>
<li><span style=""background-color: #fbeeb8;"">a)&nbsp; când vehiculul este imobilizat involuntar pe partea carosabilã;</span></li>
<li>b)&nbsp;&nbsp; când vehiculul se deplaseazã foarte lent și/sau constituie el însuși un pericol pentru ceilalți participanți la trafic;</li>
<li><span style=""background-color: #fbeeb8;"">c)&nbsp;&nbsp; când autovehiculul, tractorul agricol sau forestier ori tramvaiul este remorcat.</span></li>
</ul>
<p>&nbsp;(6)&nbsp;&nbsp; În situațiile prevãzute la alin. (5), conducãtorii de autovehicule, tractoare agricole sau forestiere și tramvaie trebuie sã punã în funcțiune luminile de avarie, în mod succesiv, în ordinea opririi și în cazul în care aceastã manevrã este impusã de blocarea circulației pe sensul de mers.</p>


                    </div>","https://scoaladrpciv.ro/intrebari/categoria-redobandire/pozitia-in-timpul-mersului-si-semnalele-conducatorilor-de-autovehicule"
"1790577955-277","https://scoaladrpciv.ro/intrebari/categoria-redobandire","Brațul stâng, întins orizontal, al unui biciclist semnifică:","A - intenția de a schimba direcția de mers la stânga sau de a depăși;","","","B - intenția de a opri;","C - faptul că nu trebuie să fie depășit.","https://scoaladrpciv.ro/intrebare/bratul-stang-intins-orizontal-al-unui-biciclist-semnifica-2e1e","","<div class="""">
                        <h4>Articolul 117</h4>
<p>(1)&nbsp;&nbsp; Conducãtorii vehiculelor cu douã roți, precum și ai celor cu tracțiune animalã ori ai celor trase sau împinse cu mâna sunt obligați sã efectueze urmãtoarele semnale:</p>
<ul>
<li><span style=""background-color: #fbeeb8;"">a)&nbsp;&nbsp; brațul stâng întins orizontal atunci când intenționeazã sã schimbe direcția de mers spre stânga sau de a depãși;</span></li>
<li>b)&nbsp;&nbsp; brațul drept întins orizontal atunci când intenționeazã sã schimbe direcția de mers spre dreapta;</li>
<li>c)&nbsp;&nbsp; brațul drept întins orizontal balansat în plan vertical atunci când intenționeazã sã opreascã.</li>
</ul>


                    </div>","https://scoaladrpciv.ro/intrebari/categoria-redobandire/pozitia-in-timpul-mersului-si-semnalele-conducatorilor-de-autovehicule"
"1790577957-278","https://scoaladrpciv.ro/intrebari/categoria-redobandire","Pe drumurile publice prevăzute cu minimum 3 benzi pe sens, atunci când conducătorii a două vehicule circulă în aceeași direcție, dar pe benzi diferite, și intenționează să se înscrie pe banda liberă dintre ei, această bandă va fi ocupată de:","A - vehiculul care circulă pe banda din stânga, față de cel care circulă pe banda din dreapta;","","","B - vehiculul care circulă pe banda din dreapta, față de cel care circulă pe banda din stânga;","C - vehiculul care circulă cu viteza maximă admisă pe sectorul de drum respectiv.","https://scoaladrpciv.ro/intrebare/pe-drumurile-publice-prevazute-cu-minimum-3-benzi-pe-sens-atunci-cand-conducatorii-a-doua-vehicule-circula-in-aceeasi-directie-dar-pe-benzi-diferite-si-intentioneaza-sa-se-inscrie-pe-banda-libera-dintre-ei-aceasta-banda-va-fi-ocupata-de-6c1d","","<div class="""">
                        <h4>Articolul 106</h4><p><span style=""background-color:hsl(60, 75%, 60%);"">(1)&nbsp;&nbsp; Pe un drum public prevãzut cu minimum 3 benzi pe sens, când conducãtorii a douã autovehicule circulã în aceeași direcție, dar pe benzi diferite, și intenționeazã sã se înscrie pe banda liberã dintre ei, cel care circulã pe banda din dreapta este obligat sã permitã celui care vine din stânga sã ocupe acea bandã.</span></p>


                    </div>","https://scoaladrpciv.ro/intrebari/categoria-redobandire/pozitia-in-timpul-mersului-si-semnalele-conducatorilor-de-autovehicule"
"1790577960-279","https://scoaladrpciv.ro/intrebari/categoria-redobandire","Care sunt consecinţele fenomenului de acvaplanare?","B - pierderea controlului direcţiei","","","A - uzura rapidă a pneurilor","C - împroşcarea cu criblură a celorlalţi participanţi la trafic","https://scoaladrpciv.ro/intrebare/care-sunt-consecintele-fenomenului-de-acvaplanare-8d43","","","https://scoaladrpciv.ro/intrebari/categoria-redobandire/pozitia-in-timpul-mersului-si-semnalele-conducatorilor-de-autovehicule"
"1790577962-280","https://scoaladrpciv.ro/intrebari/categoria-redobandire","Circulaţia pe banda rezervată transportului public de persoane, semnalizată ca atare, este permisă:","A - vehiculelor care efectuează transport public de persoane şi autovehiculelor cu regim de circulaţie prioritar, atunci când se deplasează în acţiuni de intervenţie sau în misiuni care au caracter de urgenţă","","","B - numai vehiculelor care efectuează transport public de persoane","C - tuturor vehiculelor, dacă nu incomodează circulaţia vehiculelor prioritare","https://scoaladrpciv.ro/intrebare/circulatia-pe-banda-rezervata-transportului-public-de-persoane-semnalizata-ca-atare-este-permisa-ee34","","","https://scoaladrpciv.ro/intrebari/categoria-redobandire/pozitia-in-timpul-mersului-si-semnalele-conducatorilor-de-autovehicule"
"1790577964-281","https://scoaladrpciv.ro/intrebari/categoria-redobandire","Ce bandă trebuie să ocupi și de la ce distanță, pentru a putea executa virajul la stânga într-o intersecție nedirijată:","A - banda din stânga, de la o distanță de cel puțin 50m;","","","B - banda din mijloc, de la o distanță de cel puțin 100m;","C - banda de lângă bordură, de la o distanțăde cel puțin 50m.","https://scoaladrpciv.ro/intrebare/ce-banda-trebuie-sa-ocupi-si-de-la-ce-distanta-pentru-a-putea-executa-virajul-la-stanga-intr-o-intersectie-nedirijata-3495","","","https://scoaladrpciv.ro/intrebari/categoria-redobandire/pozitia-in-timpul-mersului-si-semnalele-conducatorilor-de-autovehicule"
"1790577966-282","https://scoaladrpciv.ro/intrebari/categoria-redobandire","Ce obligaţii vă revin atunci când conduceţi un autovehicul pe timpul nopţii şi vă apropiaţi de un alt autovehicul care circulă în faţa dvs.?","C - să folosiţi luminile de întâlnire de la o distanţă de cel puţin 100 m","","","A - să reduceţi viteza şi să circulaţi cu atenţie sporită","B - să nu vă angajaţi în depăşirea acestuia","https://scoaladrpciv.ro/intrebare/ce-obligatii-va-revin-atunci-cand-conduceti-un-autovehicul-pe-timpul-noptii-si-va-apropiati-de-un-alt-autovehicul-care-circula-in-fata-dvs-178d","","","https://scoaladrpciv.ro/intrebari/categoria-redobandire/pozitia-in-timpul-mersului-si-semnalele-conducatorilor-de-autovehicule"
"1790577969-283","https://scoaladrpciv.ro/intrebari/categoria-redobandire","Când ai obligația de a folosi sistemul de lumini al autovehiculului pe care îl conduci?","A - de la lăsarea serii şi până în zorii zilei, precum şi ziua când plouă torenţial, ninge abundent sau este ceaţă densă, ori în alte condiţii meteorologice ce reduc vizibilitatea pe drum;","","","B - când parchezi autovehiculul în locuri special amenajate, dar neiluminate în mod corespunzător;","C - numai la întâlnirea cortegiilor.","https://scoaladrpciv.ro/intrebare/cand-ai-obligatia-de-a-folosi-sistemul-de-lumini-al-autovehuculului-pe-care-il-conduci-0234","","","https://scoaladrpciv.ro/intrebari/categoria-redobandire/pozitia-in-timpul-mersului-si-semnalele-conducatorilor-de-autovehicule"
"1790577971-284","https://scoaladrpciv.ro/intrebari/categoria-redobandire","La intersecţiile fără marcaje, conducătorii auto care vor să circule pe direcţia înainte vor ocupa:","C - oricare dintre rânduri","","","A - rândul din stânga","B - rândul din dreapta","https://scoaladrpciv.ro/intrebare/la-intersectiile-fara-marcaje-conducatorii-auto-care-vor-sa-circule-pe-directia-inainte-vor-ocupa-76de","","","https://scoaladrpciv.ro/intrebari/categoria-redobandire/pozitia-in-timpul-mersului-si-semnalele-conducatorilor-de-autovehicule"
"1790577973-285","https://scoaladrpciv.ro/intrebari/categoria-redobandire","Dacă într-o intersecţie doreşti să circuli pe direcţia înainte, ce rând vei ocupa?","C - oricare dintre rânduri, dar numai de la o distanţă de cel puţin 50m","","","A - rândul de lângă axul drumului, de la o distanţă de cel puţin 50m","B - rândul de lângă bordură, de la o distanţă de cel puţin 100m","https://scoaladrpciv.ro/intrebare/daca-intr-o-intersectie-doresti-sa-circuli-pe-directia-inainte-ce-rand-vei-ocupa-9d33","","","https://scoaladrpciv.ro/intrebari/categoria-redobandire/pozitia-in-timpul-mersului-si-semnalele-conducatorilor-de-autovehicule"
"1790577976-286","https://scoaladrpciv.ro/intrebari/categoria-redobandire","Cum procedaţi la apropierea de o intersecţie în care semnalul luminos ori un indicator de prioritate permite intrarea, dar în care riscaţi să rămâneţi imobilizat din cauza aglomerării circulaţiei?","A - vă este interzisă intrarea în intersecţie","","","B - vă continuaţi deplasarea, deoarece aveţi prioritate","C - nu vă revine nicio obligaţie","https://scoaladrpciv.ro/intrebare/cum-procedati-la-apropierea-de-o-intersectie-in-care-semnalul-luminos-ori-un-indicator-de-prioritate-permite-intrarea-dar-in-care-riscati-sa-ramaneti-imobilizat-din-cauza-aglomerarii-circulatiei-0a16","","","https://scoaladrpciv.ro/intrebari/categoria-redobandire/pozitia-in-timpul-mersului-si-semnalele-conducatorilor-de-autovehicule"
"1790577978-287","https://scoaladrpciv.ro/intrebari/categoria-redobandire","Te afli într-o intersecţie cu sens giratoriu şi vrei să virezi pe prima stradă la dreapta. Ce obligaţii ai?","C - să semnalizezi intenţia de a executa manevra, să te angajezi cât mai aproape de marginea din dreapta, apoi să intri pe strada respectivă","","","A - să opreşti autovehiculul, să te asiguri, apoi să execuţi schimbarea direcţiei de mers spre dreapta","B - să ocoleşti sensul giratoriu, apoi să schimbi direcţia de mers spre dreapta","https://scoaladrpciv.ro/intrebare/te-afli-intr-o-intersectie-cu-sens-giratoriu-si-vrei-sa-virezi-pe-prima-strada-la-dreapta-ce-obligatii-ai-2ab4","","","https://scoaladrpciv.ro/intrebari/categoria-redobandire/pozitia-in-timpul-mersului-si-semnalele-conducatorilor-de-autovehicule"
"1790577980-288","https://scoaladrpciv.ro/intrebari/categoria-redobandire","Reducerea vitezei este obligatorie:","B - în zona de acţiune a indicatorului „Copii”, între orele 7:00 si 22:00","","","A - la trecerile pentru pietoni prevăzute cu indicatoare şi marcaje","C - la trecerea pe lângă troleibuzele sau autobuzele oprite în staţie","https://scoaladrpciv.ro/intrebare/reducerea-vitezei-este-obligatorie-c268","","","https://scoaladrpciv.ro/intrebari/categoria-redobandire/pozitia-in-timpul-mersului-si-semnalele-conducatorilor-de-autovehicule"
"1790577983-289","https://scoaladrpciv.ro/intrebari/categoria-redobandire","Cum trebuie să se încadreze conducătorul de autovehicul, dacă intenţionează să schimbe direcţia de mers spre stânga într-o intersecţie prin care circulă şi tramvaie, iar spaţiul dintre şina din dreapta şi bordura trotuarului permite deplasarea vehiculelor doar pe un singur rând?","B - pe singurul rând rămas la dispoziţie, lăsând liber traseul tramvaiului","","","A - pe linia tramvaiului","C - în această situaţie nu se poate schimba direcţia de mers spre stânga","https://scoaladrpciv.ro/intrebare/cum-trebuie-sa-se-incadreze-conducatorul-de-autovehicul-daca-intentioneaza-sa-schimbe-directia-de-mers-spre-stanga-intr-o-intersectie-prin-care-circula-si-tramvaie-iar-spatiul-dintre-sina-din-dreapta-si-bordura-trotuarului-permite-deplasarea-vehiculelor-doar-pe-un-singur-rand-429d","","","https://scoaladrpciv.ro/intrebari/categoria-redobandire/pozitia-in-timpul-mersului-si-semnalele-conducatorilor-de-autovehicule"
"1790577985-290","https://scoaladrpciv.ro/intrebari/categoria-redobandire","În care dintre următoarele situații conducătorul unui autovehicul este obligat să folosească luminile de întâlnire sau de drum?","A - în cazul arterelor de circulație slab iluminate, când vizibilitatea este redusă, în mers, atât în localități, cât și în afara acestora;","","","B - în cazul staționării pe timp de noapte pe partea carosabilă a drumurilor naționale sau în cazul parcării autovehiculului în locuri special amenajate, dar neiluminate;","C - pe timp de zi pe drumurile naționale, numai în situațiile în care traficul este supraaglomerat.","https://scoaladrpciv.ro/intrebare/in-care-dintre-urmatoarele-situatii-conducatorul-unui-autovehicul-este-obligat-sa-foloseasca-luminile-de-intalnire-sau-de-drum-e41e","","","https://scoaladrpciv.ro/intrebari/categoria-redobandire/pozitia-in-timpul-mersului-si-semnalele-conducatorilor-de-autovehicule"
"1790577990-291","https://scoaladrpciv.ro/intrebari/categoria-redobandire","Ce vehicule au voie să pătrundă în intersecție la culoarea roșie a semaforului?","A - niciun vehicul, cu excepția celor destinate stingerii incendiilor, ale ambulanței și ale poliției, când se deplasează în acțiuni de intervenție sau în misiuni care impun urgență;","","","B - autovehiculele care virează la stânga;","C - autovehiculele poliției și cele care execută virajul la stânga.","https://scoaladrpciv.ro/intrebare/ce-vehicule-au-voie-sa-patrunda-in-intersectie-la-culoarea-rosie-a-semaforului-db50","","","https://scoaladrpciv.ro/intrebari/categoria-redobandire/semnale-luminoase"
"1790577992-292","https://scoaladrpciv.ro/intrebari/categoria-redobandire","Semnalul verde al semaforului permite deplasarea:","A - pe oricare direcție, dacă printr-un mijloc de semnalizare nu se dispune altfel;","","","B - numai pe direcția înainte;","C - pe oricare direcție, dacă vehiculul se află pe banda din mijloc.","https://scoaladrpciv.ro/intrebare/semnalul-verde-al-semaforului-permite-deplasarea-5c5b","","","https://scoaladrpciv.ro/intrebari/categoria-redobandire/semnale-luminoase"
"1790577994-293","https://scoaladrpciv.ro/intrebari/categoria-redobandire","La semnalul intermitent de culoare galbenă:","B - reduceți viteza și respectați regulile de circulație;","","","A - opriți și așteptați culoarea verde;","C - nu aveți nicio obligație.","https://scoaladrpciv.ro/intrebare/la-semnalul-intermitent-de-culoare-galbena-b126","","<div class="""">
                        <h4>Articolul 53</h4>
<p>(1)&nbsp;&nbsp; Când semnalul de culoare galbenã apare dupã semnalul de culoare verde, conducãtorul vehiculului care se apropie de intersecție nu trebuie sã treacã de locurile prevãzute la art. 52 alin.</p>
<p>(2), cu excepția situației în care, la apariția semnalului, se aflã atât de aproape de acele locuri încât nu ar mai putea opri vehiculul în condiții de siguranțã.</p>
<p><span style=""background-color: #fbeeb8;"">(2)&nbsp;&nbsp; Semnalul de culoare galbenã intermitent permite trecerea, conducãtorul de vehicul fiind obligat sã circule cu viteza redusã, sã respecte semnificația semnalizãrii rutiere și a regulilor de circulație aplicabile în acel loc.</span></p>


                    </div>","https://scoaladrpciv.ro/intrebari/categoria-redobandire/semnale-luminoase"
"1790577996-294","https://scoaladrpciv.ro/intrebari/categoria-redobandire","În care dintre următoarele situații conducătorilor de vehicule le este interzis să execute virajul spre stânga la lumina de culoare verde a semaforului electric?","C - când întâlnesc indicatorul „Înainte sau la dreapta“.","","","A - când întâlnesc indicatorul „Înainte sau la stânga“;","B - când se află pe o stradă cu sens unic;","https://scoaladrpciv.ro/intrebare/in-care-dintre-urmatoarele-situatii-conducatorilor-de-vehicule-le-este-interzis-sa-execute-virajul-spre-stanga-la-lumina-de-culoare-verde-a-semaforului-electric-abe3","","<div class="""">
                        <h4>Articolul 107</h4>
<p>(1)&nbsp;&nbsp; La intersecțiile prevãzute cu indicatoare și/sau cu marcaje pentru semnalizarea direcției de mers, conducãtorii de vehicule trebuie sã se încadreze pe benzile corespunzãtoare direcției de mers voite cu cel puțin 50 m înainte de intersecție și sunt obligați sã respecte semnificația indicatoarelor și marcajelor.</p>
<p>(2)&nbsp;&nbsp; La intersecțiile fãrã marcaje de delimitare a benzilor, conducãtorii vehiculelor ocupa în mers, cu cel puțin 50 m înainte de intersecție, urmãtoarele poziții:</p>
<ul>
<li>a)&nbsp;&nbsp; rândul de lângã bordurã sau acostament, cei care vor sã schimbe direcția de mers spre dreapta;</li>
<li>b)&nbsp;&nbsp; rândul de lângã axa drumului sau de lângã marcajul de separare a sensurilor, cei care vor sã schimbe direcția de mers spre stânga. Când circulația se desfãșoarã pe drumuri cu sens unic, conducãtorii de vehicule care intenționeazã sã vireze la stânga sunt obligați sã ocupe rândul de lângã bordura sau acostamentul din partea stânga;</li>
<li>c)&nbsp; oricare dintre rânduri, cei care vor sã meargã înainte.</li>
</ul>


                    </div>","https://scoaladrpciv.ro/intrebari/categoria-redobandire/semnale-luminoase"
"1790577999-295","https://scoaladrpciv.ro/intrebari/categoria-redobandire","Semnalul de culoare galbenă al semaforului:","C - interzice intrarea în intersecție, dacă vehiculul poate fi oprit în condiții de siguranță.","","","A - permite intrarea în intersecție, dacă urmează după lumina verde;","B - permite schimbarea direcției de mers către dreapta;","https://scoaladrpciv.ro/intrebare/semnalul-de-culoare-galbena-al-semaforului-28bc","","","https://scoaladrpciv.ro/intrebari/categoria-redobandire/semnale-luminoase"
"1790578001-296","https://scoaladrpciv.ro/intrebari/categoria-redobandire","Când este interzisă schimbarea direcției de mers la dreapta, deși este în funcțiune semnalul verde?","C - când banda pe care se află încadrat conducătorul de vehicul este semnalizată cu indicator și marcaj direcțional care indică mersul înainte.","","","A - când semaforul nu este însoțit de un semn adițional ce conține o săgeată cu vârful către dreapta;","B - când la dreapta se află o stradă cu sens unic;","https://scoaladrpciv.ro/intrebare/cand-este-interzisa-schimbarea-directiei-de-mers-la-dreapta-desi-este-in-functiune-semnalul-verde-4099","","","https://scoaladrpciv.ro/intrebari/categoria-redobandire/semnale-luminoase"
"1790578003-297","https://scoaladrpciv.ro/intrebari/categoria-redobandire","Conducătorul unui vehicul are obligația de a acorda prioritate când efectuează virajul spre stânga, iar semnalul verde al semaforului este în funcțiune?","C - da, va acorda prioritate vehiculelor cu care se intersectează și circulă din partea dreaptă.","","","A - nu, deoarece semnalul verde îi conferă prioritate de trecere;","B - nu, cu excepția cazului în care, din sens opus, se apropie un mijloc de transport public;","https://scoaladrpciv.ro/intrebare/conducatorul-unui-vehicul-are-obligatia-de-a-acorda-prioritate-cand-efectueaza-virajul-spre-stanga-iar-semnalul-verde-al-semaforului-este-in-functiune-9c01","","","https://scoaladrpciv.ro/intrebari/categoria-redobandire/semnale-luminoase"
"1790578006-298","https://scoaladrpciv.ro/intrebari/categoria-redobandire","Ce semnificație are lumina de culoare roșie a semaforului, atât pentru conducătorii de vehicule, cât și pentru pietoni?","A - îi obligă atât pe conducători, cât și pe pietoni să se oprească;","","","B - îi obligă pe conducători să oprească, iar pe pietoni să traverseze cu prudență;","C - permite vehiculelor să vireze la dreapta, cu respectarea priorității.","https://scoaladrpciv.ro/intrebare/ce-semnificatie-are-lumina-de-culoare-rosie-a-semaforului-atat-pentru-conducatorii-de-vehicule-cat-si-pentru-pietoni-0d58","","","https://scoaladrpciv.ro/intrebari/categoria-redobandire/semnale-luminoase"
"1790578008-299","https://scoaladrpciv.ro/intrebari/categoria-redobandire","Când un semafor cu trei culori este prevăzut cu o lumină verde intermitentă suplimentară, sub forma unei săgeți verzi pe fond negru, orientată spre dreapta și montată la același nivel cu lumina verde obișnuită, aveți obligația:","C - să vă continuați deplasarea doar în direcția indicată de săgeată, indiferent de culoarea semaforului electric, dar cu condiția acordării priorității de trecere vehiculelor și pietonilor care au drept de circulație.","","","A - să vă continuați deplasarea doar în direcția indicată de săgeată, indiferent de culoarea semaforului electric, cu condiția de a acorda prioritate vehiculelor care au drept de trecere;","B - să vă continuați deplasarea doar în direcția indicată de săgeată, indiferent de culoarea semaforului electric, fără a avea alte obligații adiționale;","https://scoaladrpciv.ro/intrebare/cand-un-semafor-cu-trei-culori-este-prevazut-cu-o-lumina-verde-intermitenta-suplimentara-sub-forma-unei-sageti-verzi-pe-fond-negru-orientata-spre-dreapta-si-montata-la-acelasi-nivel-cu-lumina-verde-obisnuita-aveti-obligatia-d7c9","","","https://scoaladrpciv.ro/intrebari/categoria-redobandire/semnale-luminoase"
"1790578010-300","https://scoaladrpciv.ro/intrebari/categoria-redobandire","Semnalul galben intermitent al semaforului:","B - obligă conducătorii vehiculelor să reducă viteza şi să circule respectând regulile de circulaţie aplicabile în acea intersecţie","","","A - anunţă apariţia semnalului roşu","C - interzice intrarea în intersecţie","https://scoaladrpciv.ro/intrebare/semnalul-galben-intermitent-al-semaforului-878d","","","https://scoaladrpciv.ro/intrebari/categoria-redobandire/semnale-luminoase"
"1790578012-301","https://scoaladrpciv.ro/intrebari/categoria-redobandire","Ce semnificaţie are semnalul de culoare galbenă intermitent într-o intersecţie?","A - reduci viteza şi respecţi regulile de circulaţie aplicabile în intersecţia respectivă","","","B - te avertizează că semaforul este defect","C - îţi este interzisă pătrunderea în intersecţie","https://scoaladrpciv.ro/intrebare/ce-semnificatie-are-semnalul-de-culoare-galbena-intermitent-intr-o-intersectie-ee5f","","","https://scoaladrpciv.ro/intrebari/categoria-redobandire/semnale-luminoase"
"1790578015-302","https://scoaladrpciv.ro/intrebari/categoria-redobandire","Semafoarele de avertizare constituite dintr-un corp de iluminat de culoare galbenă intermitentă te informează în legătură cu:","B - treceri de pietoni izolate","","","A - intersecţii nedirijate","C - avarii ale sistemului de semafoare într-o intersecţie","https://scoaladrpciv.ro/intrebare/semafoarele-de-avertizare-constituite-dintr-un-corp-de-iluminat-de-culoare-galbena-intermitenta-te-informeaza-in-legatura-cu-36ce","","","https://scoaladrpciv.ro/intrebari/categoria-redobandire/semnale-luminoase"
"1790578017-303","https://scoaladrpciv.ro/intrebari/categoria-redobandire","Într-o intersecţie întâlneşti semnalul de culoare galbenă intermitentă. Cum vei proceda corect?","B - reduci viteza şi respecţi semnificaţia semnalizării rutiere şi a regulilor de circulaţie aplicabile în acel loc","","","A - măreşti viteza şi grăbeşti traversarea","C - aştepţi semnalul de culoare verde","https://scoaladrpciv.ro/intrebare/intr-o-intersectie-intalnesti-semnalul-de-culoare-galbena-intermitenta-cum-vei-proceda-corect-0070","","","https://scoaladrpciv.ro/intrebari/categoria-redobandire/semnale-luminoase"
"1790578019-304","https://scoaladrpciv.ro/intrebari/categoria-redobandire","Dacă semaforul în funcţiune se află instalat de cealaltă parte a intersecţiei, conducătorul de autovehicul:","C - este obligat să respecte semnificaţia semnalelor luminoase ale acestuia, dacă un alt semafor instalat la intrarea în intersecţie are în funcţiune un semnal similar","","","A - nu este obligat să respecte semnificaţia semnalelor luminoase, deoarece nu i se adresează","B - este obligat să respecte semnificaţia semnalelor luminoase, doar dacă semaforul este însoţit de un semn adiţional care indică direcţiile cărora li se adresează semnalele","https://scoaladrpciv.ro/intrebare/daca-semaforul-in-functiune-se-afla-instalat-de-cealalta-parte-a-intersectiei-conducatorul-de-autovehicul-0fb8","","<div class="""">
                        <h4>Articolul 48</h4>
<p><span style=""background-color: #fbeeb8;"">&nbsp;(1)&nbsp;&nbsp; Semafoarele care emit semnale luminoase pentru dirijarea circulației în intersecții se instaleazã obligatoriu înainte de intersecție, astfel încât sã fie vizibile de la o distanțã de cel puțin 50 m. Acestea pot fi repetate în mijlocul, deasupra ori de cealaltã parte a intersecției.</span></p>
<h4>Codul rutier Articolul 52</h4>
<p>(1)&nbsp;&nbsp; Semnalul de culoare roșie interzice trecerea.</p>
<p><span style=""background-color: hsl(60, 75%, 60%);"">(2)&nbsp;&nbsp; La semnalul de culoare roșie vehiculul trebuie oprit înaintea marcajului pentru oprire sau, dupã caz, pentru trecerea pietonilor, iar în lipsa acestuia, în dreptul semaforului. Dacã semaforul este instalat deasupra ori de cealaltã parte a intersecției, în lipsa marcajului pentru oprire sau pentru trecerea pietonilor, vehiculul trebuie oprit înainte de marginea pãrții carosabile a drumului ce urmeazã a fi intersectat.</span></p>
<p>(3)&nbsp;&nbsp; Atunci când semnalul de culoare roșie funcționeazã concomitent cu cel de culoare galbenã, acesta anunțã apariția semnalului de culoare verde.</p>


                    </div>","https://scoaladrpciv.ro/intrebari/categoria-redobandire/semnale-luminoase"
"1790578022-305","https://scoaladrpciv.ro/intrebari/categoria-redobandire","Interzicerea trecerii la nivel cu calea ferată curentă, prevăzută cu instalaţii de semnalizare automată fără bariere, se realizează prin:","A - dispozitivele cu lumini intermitent-alternative roşii şi stingerea semnalizării reprezentată de lumina albă intermitentă","","","B - semnalele luminoase intermitente de culoare albă","C - dispozitivele optice cu lumini alternative roşii şi albe","https://scoaladrpciv.ro/intrebare/interzicerea-trecerii-la-nivel-cu-calea-ferata-curenta-prevazuta-cu-instalatii-de-semnalizare-automata-fara-bariere-se-realizeaza-prin-322a","","","https://scoaladrpciv.ro/intrebari/categoria-redobandire/semnale-luminoase"
"1790578024-306","https://scoaladrpciv.ro/intrebari/categoria-redobandire","Lumina galbenă intermitentă instalată în zona trecerilor pentru pietoni vă obligă la:","C - reducerea vitezei şi respectarea semnalizării şi a regulilor de circulaţie aplicabile în acea zonă","","","A - reducerea vitezei, având grijă să feriţi pietonii care traversează","B - reducerea vitezei şi folosirea luminii farurilor, pentru avertizarea pietonilor care intenţionează să se angajeze în traversare","https://scoaladrpciv.ro/intrebare/lumina-galbena-intermitenta-instalata-in-zona-trecerilor-pentru-pietoni-va-obliga-la-3435","","","https://scoaladrpciv.ro/intrebari/categoria-redobandire/semnale-luminoase"
"1790578026-307","https://scoaladrpciv.ro/intrebari/categoria-redobandire","Ce obligaţii aveţi la semnalul galben intermitent al semaforului electric?","C - reduceţi viteza şi circulaţi respectând regulile aplicabile în acea intersecţie","","","A - opriţi, pentru că nu puteţi intra în intersecţie","B - reduceţi viteza şi vă continuaţi deplasarea cu atenţie, ocolind pietonii","https://scoaladrpciv.ro/intrebare/ce-obligatii-aveti-la-semnalul-galben-intermitent-al-semaforului-electric-e01a","","","https://scoaladrpciv.ro/intrebari/categoria-redobandire/semnale-luminoase"
"1790578028-308","https://scoaladrpciv.ro/intrebari/categoria-redobandire","Semnalul luminos intermitent de culoare albă, având cadenţa lentă, funcţionează:","A - pe timpul cât semnalele luminoase de culoare roşie de la trecerea la nivel cu calea ferată sunt stinse","","","B - pe timpul cât semnalele luminoase ale semaforului defect sunt stinse","C - pe timpul cât barierele ori semibarierele sunt în curs de coborâre sau de ridicare","https://scoaladrpciv.ro/intrebare/semnalul-luminos-intermitent-de-culoare-alba-avand-cadenta-lenta-functioneaza-2148","","","https://scoaladrpciv.ro/intrebari/categoria-redobandire/semnale-luminoase"
"1790578031-309","https://scoaladrpciv.ro/intrebari/categoria-redobandire","Cum vei proceda dacă, apropiindu-te de o intersecţie, observi aprinse simultan luminile de culoare roşie şi galbenă ale semaforului?","C - opreşti şi aştepţi culoarea verde a semaforului","","","A - reduci viteza şi continui drumul, dacă intenţionezi să virezi la dreapta","B - circuli cu prudenţă, deoarece semaforul este defect","https://scoaladrpciv.ro/intrebare/cum-vei-proceda-daca-apropiindu-te-de-o-intersectie-observi-aprinse-simultan-luminile-de-culoare-rosie-si-galbena-ale-semaforului-7214","","","https://scoaladrpciv.ro/intrebari/categoria-redobandire/semnale-luminoase"
"1790578033-310","https://scoaladrpciv.ro/intrebari/categoria-redobandire","Când deasupra fiecărei benzi de circulaţie se află în funcţiune câte un semafor, conducătorul trebuie:","C - să respecte semnificaţia semnalului luminos instalat deasupra benzii pe care se află","","","A - să respecte semnificaţia semnalului luminos al semaforului instalat deasupra benzii din stânga","B - să respecte semnificaţia semnalului luminos al semaforului instalat pe trotuar","https://scoaladrpciv.ro/intrebare/cand-deasupra-fiecarei-benzi-de-circulatie-se-afla-in-functiune-cate-un-semafor-conducatorul-trebuie-a72e","","","https://scoaladrpciv.ro/intrebari/categoria-redobandire/semnale-luminoase"
"1790578035-311","https://scoaladrpciv.ro/intrebari/categoria-redobandire","Conducătorul de vehicul are obligaţia de a ceda trecerea la schimbarea direcţiei de mers spre stânga, în timp ce semnalul verde este în funcţiune?","C - da, atât vehiculelor care circulă din sens opus, cât şi pietonilor care traversează strada pe care acesta urmează să intre, pe sensul său de mers","","","A - nu, deoarece semnalul verde îi conferă prioritate de trecere","B - nu, cu excepţia cazului în care, din sens opus, se apropie un mijloc de transport public","https://scoaladrpciv.ro/intrebare/conducatorul-de-vehicul-are-obligatia-de-a-ceda-trecerea-la-schimbarea-directiei-de-mers-spre-stanga-in-timp-ce-semnalul-verde-este-in-functiune-074b","","","https://scoaladrpciv.ro/intrebari/categoria-redobandire/semnale-luminoase"
"1790578040-312","https://scoaladrpciv.ro/intrebari/categoria-redobandire","Care dintre semnificațiile semnalelor polițistului care dirijează circulația de mai jos sunt corecte?","B - brațul ridicat vertical semnifică „atenție, oprire” pentru toți participanții la trafic care se apropie, cu excepția conducătorilor de vehicule care nu ar mai putea opri în condiții de siguranță. Dacă semnalul este dat într-o intersecție, aceasta nu impune oprirea conducătorilor de vehicule care se află deja angajați în traversare;","","","A - balansarea, pe timp de noapte, în plan vertical, a unui dispozitiv cu lumină roșie ori a bastonului fluorescent-reflectorizant semnifică „mărirea vitezei de deplasare” pentru participanții la trafic spre care este îndreptat;","C - balansarea pe verticală a brațului, având palma orientată către sol, semnifică mărirea vitezei de deplasare a vehiculelor sau grăbirea traversării drumului de către pietoni.","https://scoaladrpciv.ro/intrebare/care-dintre-semnificatiile-semnalelor-politistului-care-dirijeaza-circulatia-de-mai-jos-sunt-corecte-79d3","","","https://scoaladrpciv.ro/intrebari/categoria-redobandire/semnalele-politistilor"
"1790578042-313","https://scoaladrpciv.ro/intrebari/categoria-redobandire","Ce semnificație are rotirea vioaie a brațului polițistului care dirijează circulația?","A - mărirea vitezei de deplasare pentru conducătorii de vehicule;","","","B - ocolirea polițistului rutier, prin stânga sau prin dreapta;","C - ocolirea polițistului numai prin stânga.","https://scoaladrpciv.ro/intrebare/ce-semnificatie-are-rotirea-vioaie-a-bratului-politistului-care-dirijeaza-circulatia-33df","","","https://scoaladrpciv.ro/intrebari/categoria-redobandire/semnalele-politistilor"
"1790578045-314","https://scoaladrpciv.ro/intrebari/categoria-redobandire","Semnalul polițistului rutier aflat în mijlocul intersecției, având brațul drept întins orizontal, semnifică oprire:","C - pentru vehiculele și pietonii care vin din spatele polițistului.","","","A - pentru vehiculele și pietonii care vin din fața polițistului;","B - pentru vehiculele și pietonii care vin din fața și din spatele polițistului;","https://scoaladrpciv.ro/intrebare/semnalul-politistului-rutier-aflat-in-mijlocul-intersectiei-avand-bratul-drept-intins-orizontal-semnifica-oprire-06b3","","","https://scoaladrpciv.ro/intrebari/categoria-redobandire/semnalele-politistilor"
"1790578047-315","https://scoaladrpciv.ro/intrebari/categoria-redobandire","Braţul stâng, întins orizontal, al poliţistului semnifică oprire pentru:","A - vehiculele care vin din faţă","","","B - vehiculele care vin din spate","C - vehiculele care vin din faţă şi din spate","https://scoaladrpciv.ro/intrebare/bratul-stang-intins-orizontal-al-politistului-semnifica-oprire-pentru-d0b1","","","https://scoaladrpciv.ro/intrebari/categoria-redobandire/semnalele-politistilor"
"1790578049-316","https://scoaladrpciv.ro/intrebari/categoria-redobandire","Când poliţistul se află cu spatele la autovehiculul care se apropie şi cu braţul stâng întins orizontal, conducătorul acestuia trebuie:","A - să continue deplasarea, deoarece semnalul de oprire nu i se adresează","","","B - să schimbe direcţia de mers spre stânga","C - să oprească, deoarece semnalul i se adresează","https://scoaladrpciv.ro/intrebare/cand-politistul-se-afla-cu-spatele-la-autovehiculul-care-se-apropie-si-cu-bratul-stang-intins-orizontal-conducatorul-acestuia-trebuie-9ee0","","","https://scoaladrpciv.ro/intrebari/categoria-redobandire/semnalele-politistilor"
"1790578051-317","https://scoaladrpciv.ro/intrebari/categoria-redobandire","Ce semnifică semnalul poliţistului aflat într-o intersecţie, cu braţul drept întins orizontal?","B - oprire pentru vehiculele şi pietonii care vin din spatele acestuia","","","A - oprire pentru vehiculele şi pietonii care vin din faţa acestuia","C - oprire pentru vehiculele şi pietonii care vin din faţa şi din spatele acestuia","https://scoaladrpciv.ro/intrebare/ce-semnifica-semnalul-politistului-aflat-intr-o-intersectie-cu-bratul-drept-intins-orizontal-9eae","","","https://scoaladrpciv.ro/intrebari/categoria-redobandire/semnalele-politistilor"
"1790578054-318","https://scoaladrpciv.ro/intrebari/categoria-redobandire","Semnalele date dintr-un autovehicul al poliţiei, care însoţeşte o coloană oficială, prin folosirea mijloacelor speciale de avertizare sonoră şi luminoasă, obligă la:","B - oprirea de îndată pe partea dreaptă a drumului, cât mai aproape de trotuar sau de acostament ori, dacă este posibil, în afara părţii carosabile","","","A - intrarea pe prima stradă în dreapta","C - reducerea vitezei şi deplasarea pe lângă bordură sau acostament","https://scoaladrpciv.ro/intrebare/semnalele-date-dintr-un-autovehicul-al-politiei-care-insoteste-o-coloana-oficiala-prin-folosirea-mijloacelor-speciale-de-avertizare-sonora-si-luminoasa-obliga-la-3f0b","","","https://scoaladrpciv.ro/intrebari/categoria-redobandire/semnalele-politistilor"
"1790578056-319","https://scoaladrpciv.ro/intrebari/categoria-redobandire","Cum trebuie să procedeze conducătorul de autovehicul atunci când, într-o intersecţie, întâlneşte un poliţist orientat cu faţa spre el, care îi face semn să-şi continue deplasarea?","C - se conformează semnalului poliţistului","","","A - opreşte până când poliţistul îşi schimbă poziţia","B - fiind un semnal în afara Regulamentului, opreşte şi aşteaptă revenirea la o poziţie care să-i permită continuarea drumului","https://scoaladrpciv.ro/intrebare/cum-trebuie-sa-procedeze-conducatorul-de-autovehicul-atunci-cand-intr-o-intersectie-intalneste-un-politist-orientat-cu-fata-spre-el-care-ii-face-semn-sa-si-continue-deplasarea-e12e","","","https://scoaladrpciv.ro/intrebari/categoria-redobandire/semnalele-politistilor"
"1790578058-320","https://scoaladrpciv.ro/intrebari/categoria-redobandire","Ce obligaţii aveţi la semnalul membrilor patrulelor şcolare de circulaţie, la trecerile pentru pietoni din apropierea unităţilor de învăţământ?","C - să opriţi","","","A - să reduceţi viteza şi să circulaţi cu atenţie","B - să treceţi pe banda de lângă axul drumului","https://scoaladrpciv.ro/intrebare/ce-obligatii-aveti-la-semnalul-membrilor-patrulelor-scolare-de-circulatie-la-trecerile-pentru-pietoni-din-apropierea-unitatilor-de-invatamant-b636","","","https://scoaladrpciv.ro/intrebari/categoria-redobandire/semnalele-politistilor"
"1790578061-321","https://scoaladrpciv.ro/intrebari/categoria-redobandire","Semnalul poliţistului rutier aflat într-un autovehicul al poliţiei, efectuat cu braţul, cu sau fără baston reflectorizant, scos pe partea laterală dreaptă a vehiculului, semnifică:","A - oprire pentru conducătorii vehiculelor care circulă în spatele autovehiculului poliţiei","","","B - reducerea vitezei de către cei care circulă în spatele autovehiculului poliţiei","C - semnalul se adresează celor care circulă din sens opus","https://scoaladrpciv.ro/intrebare/semnalul-politistului-rutier-aflat-intr-un-autovehicul-al-politiei-efectuat-cu-bratul-cu-sau-fara-baston-reflectorizant-scos-pe-partea-laterala-dreapta-a-vehiculului-semnifica-ea16","","","https://scoaladrpciv.ro/intrebari/categoria-redobandire/semnalele-politistilor"
"1790578063-322","https://scoaladrpciv.ro/intrebari/categoria-redobandire","La cererea poliţistului rutier, împreună cu reprezentantul autorităţilor abilitate, conducătorul auto este obligat:","C - să permită controlul stării tehnice a vehiculului, precum şi al bunurilor transportate","","","A - să prezinte documentele de călătorie","B - să-l transporte la unitatea de poliţie","https://scoaladrpciv.ro/intrebare/la-cererea-politistului-rutier-impreuna-cu-reprezentantul-autoritatilor-abilitate-conducatorul-auto-este-obligat-3e7d","","","https://scoaladrpciv.ro/intrebari/categoria-redobandire/semnalele-politistilor"
"1790578065-323","https://scoaladrpciv.ro/intrebari/categoria-redobandire","Braţele întinse orizontal, ale poliţistului care dirijează circulaţia, semnifică:","A - oprire pentru toţi participanţii la trafic care, indiferent de sensul lor de mers, circulă din direcţia sau direcţiile intersectate de braţele întinse ale acestuia","","","B - oprire pentru toţi participanţii la trafic care circulă numai din spatele acestuia","C - oprire pentru toţi participanţii la trafic care circulă numai din faţa acestuia","https://scoaladrpciv.ro/intrebare/bratele-intinse-orizontal-ale-politistului-care-dirijeaza-circulatia-semnifica-1310","","","https://scoaladrpciv.ro/intrebari/categoria-redobandire/semnalele-politistilor"
"1790578067-324","https://scoaladrpciv.ro/intrebari/categoria-redobandire","Ce semnifică semnalul poliţistului rutier aflat într-o intersecţie, cu braţul stâng întins orizontal:","A - oprire pentru vehiculele şi pietonii care vin din faţa acestuia","","","B - oprire pentru vehiculele şi pietonii care vin din spatele acestuia","C - oprire pentru vehiculele şi pietonii care vin din părţile laterale ale acestuia","https://scoaladrpciv.ro/intrebare/ce-semnifica-semnalul-politistului-rutier-aflat-intr-o-intersectie-cu-bratul-stang-intins-orizontal-f309","","","https://scoaladrpciv.ro/intrebari/categoria-redobandire/semnalele-politistilor"
"1790578070-325","https://scoaladrpciv.ro/intrebari/categoria-redobandire","Scoaterea pe partea laterală din dreapta, a bastonului reflectorizant de către poliţistul care însoţeşte o coloană oficială de autovehicule obligă conducătorii:","B - să oprească cât mai aproape de marginea drumului, iar acolo unde este posibil, să scoată vehiculul în afara părţii carosabile","","","A - să reducă imediat viteza şi să circule cât mai aproape de marginea drumului","C - să reducă viteza şi să iasă în afara drumului imediat ce este posibil, prin viraj la dreapta","https://scoaladrpciv.ro/intrebare/scoaterea-pe-partea-laterala-din-dreapta-a-bastonului-reflectorizant-de-catre-politistul-care-insoteste-o-coloana-oficiala-de-autovehicule-obliga-conducatorii-fc33","","","https://scoaladrpciv.ro/intrebari/categoria-redobandire/semnalele-politistilor"
"1790578072-326","https://scoaladrpciv.ro/intrebari/categoria-redobandire","Sunteţi obligat să opriţi la semnalele date de:","A - îndrumătorii de circulaţie ai Ministerului Apărării","","","B - conducătorii vehiculelor de ambulanţă","C - inspectorii primăriei","https://scoaladrpciv.ro/intrebare/sunteti-obligat-sa-opriti-la-semnalele-date-de-1712","","","https://scoaladrpciv.ro/intrebari/categoria-redobandire/semnalele-politistilor"
"1790578074-327","https://scoaladrpciv.ro/intrebari/categoria-redobandire","Braţul drept, întins orizontal, al poliţistului indică „Oprire” pentru:","B - vehiculele şi pietonii care vin din spate","","","A - vehiculele şi pietonii care vin din faţă","C - vehiculele şi pietonii care vin din faţă şi din spate","https://scoaladrpciv.ro/intrebare/bratul-drept-intins-orizontal-al-politistului-indica-oprire-pentru-2456","","","https://scoaladrpciv.ro/intrebari/categoria-redobandire/semnalele-politistilor"
"1790578077-328","https://scoaladrpciv.ro/intrebari/categoria-redobandire","Sunteţi obligat să opriţi autovehiculul pe care îl conduceţi:","A - la semnalul poliţistului care dirijează circulaţia","","","B - la semnalul poliţistului, dar numai dacă acesta corespunde semnalului de culoare roşie al semaforului","C - la semnalul pietonilor care traversează strada pe la colţul intersecţiei fără marcaje","https://scoaladrpciv.ro/intrebare/sunteti-obligat-sa-opriti-autovehiculul-pe-care-il-conduceti-f5d8","","","https://scoaladrpciv.ro/intrebari/categoria-redobandire/semnalele-politistilor"
"1790578079-329","https://scoaladrpciv.ro/intrebari/categoria-redobandire","Când semaforul este însoţit de lumina intermitentă de culoare verde, sub forma unei săgeţi pe fond negru către dreapta, aveţi următoarea obligaţie:","C - permite trecerea numai în direcţia indicată, oricare ar fi în acel moment semnalul în funcţiune al semaforului","","","A - niciuna, indicatorul fiind de informare","B - niciuna, întrucât indicatorul nu vi se adresează","https://scoaladrpciv.ro/intrebare/cand-semaforul-este-insotit-de-lumina-intermitenta-de-culoare-verde-sub-forma-unei-sageti-pe-fond-negru-catre-dreapta-aveti-urmatoarea-obligatie-614e","","","https://scoaladrpciv.ro/intrebari/categoria-redobandire/semnalele-politistilor"
"1790578081-330","https://scoaladrpciv.ro/intrebari/categoria-redobandire","La semnalul poliţistului având braţul stâng întins orizontal, orientat cu faţa către autovehiculul care se apropie, conducătorul auto trebuie:","B - să oprească imediat","","","A - să reducă viteza","C - să continue deplasarea","https://scoaladrpciv.ro/intrebare/la-semnalul-politistului-avand-bratul-stang-intins-orizontal-orientat-cu-fata-catre-autovehiculul-care-se-apropie-conducatorul-auto-trebuie-7b55","","","https://scoaladrpciv.ro/intrebari/categoria-redobandire/semnalele-politistilor"
"1790578083-331","https://scoaladrpciv.ro/intrebari/categoria-redobandire","Ce obligaţii aveţi la semnalele agenţilor căilor ferate, plasaţi la trecerea la nivel cu o cale ferată?","B - să vă conformaţi semnificaţiei semnalelor acestora","","","A - nicio obligaţie, deoarece agenţii căilor ferate dirijează garniturile de tren","C - să reduceţi viteza, să vă asiguraţi, iar, dacă trenul nu este în mişcare, puteţi să continuaţi traversarea căii ferate cu atenţie","https://scoaladrpciv.ro/intrebare/ce-obligatii-aveti-la-semnalele-agentilor-cailor-ferate-plasati-la-trecerea-la-nivel-cu-o-cale-ferata-0208","","","https://scoaladrpciv.ro/intrebari/categoria-redobandire/semnalele-politistilor"
"1790578086-332","https://scoaladrpciv.ro/intrebari/categoria-redobandire","La semnalul poliţistului situat într-o intersecţie, cu braţul ridicat vertical, aveţi obligaţia:","C - să opriţi, indiferent din ce direcţie circulaţi","","","A - să circulaţi cu prudenţă maximă","B - să reduceţi viteza","https://scoaladrpciv.ro/intrebare/la-semnalul-politistului-situat-intr-o-intersectie-cu-bratul-ridicat-vertical-aveti-obligatia-0744","","","https://scoaladrpciv.ro/intrebari/categoria-redobandire/semnalele-politistilor"
"1790578088-333","https://scoaladrpciv.ro/intrebari/categoria-redobandire","Ce semnificaţie are, după coborârea braţelor, poziţia corpului unui poliţist care dirijează circulaţia, pentru participanţii la trafic care circulă din faţa şi spatele său?","C - oprire","","","A - nicio semnificaţie","B - permisiunea de a circula","https://scoaladrpciv.ro/intrebare/ce-semnificatie-are-dupa-coborarea-bratelor-pozitia-corpului-unui-politist-care-dirijeaza-circulatia-pentru-participantii-la-trafic-care-circula-din-fata-si-spatele-sau-7f7b","","","https://scoaladrpciv.ro/intrebari/categoria-redobandire/semnalele-politistilor"
"1790578090-334","https://scoaladrpciv.ro/intrebari/categoria-redobandire","În situaţia în care poliţistul se află cu faţa la un autovehicul care se apropie, având braţul drept întins orizontal, conducătorul auto trebuie:","B - să continue deplasarea, deoarece semnalul nu i se adresează","","","A - să oprească, deoarece semnalul i se adresează","C - să schimbe direcţia de mers spre stânga","https://scoaladrpciv.ro/intrebare/in-situatia-in-care-politistul-se-afla-cu-fata-la-un-autovehicul-care-se-apropie-avand-bratul-drept-intins-orizontal-conducatorul-auto-trebuie-360f","","","https://scoaladrpciv.ro/intrebari/categoria-redobandire/semnalele-politistilor"
"1790578092-335","https://scoaladrpciv.ro/intrebari/categoria-redobandire","Cum procedaţi dacă, într-o intersecţie, poliţistul este orientat cu spatele către dvs. şi cu braţul stâng întins orizontal?","B - continuaţi drumul","","","A - viraţi la stânga","C - reduceţi viteza autovehiculului şi opriţi în spatele acestuia","https://scoaladrpciv.ro/intrebare/cum-procedati-daca-intr-o-intersectie-politistul-este-orientat-cu-spatele-catre-dvs-si-cu-bratul-stang-intins-orizontal-bea8","","","https://scoaladrpciv.ro/intrebari/categoria-redobandire/semnalele-politistilor"
"1790578095-336","https://scoaladrpciv.ro/intrebari/categoria-redobandire","Cum procedaţi la semnalul poliţistului cu braţul ridicat vertical?","A - opriţi, indiferent din ce direcţie vă apropiaţi, şi aşteptaţi următorul său semnal","","","B - reduceţi viteza şi circulaţi în direcţia permisă de poziţia braţului","C - reduceţi viteza şi îl ocoliţi","https://scoaladrpciv.ro/intrebare/cum-procedati-la-semnalul-politistului-cu-bratul-ridicat-vertical-9367","","","https://scoaladrpciv.ro/intrebari/categoria-redobandire/semnalele-politistilor"
"1790578097-337","https://scoaladrpciv.ro/intrebari/categoria-redobandire","Care dintre tipurile de semnalizare de mai jos vor fi respectate cu prioritate?","A - semnalele şi indicaţiile poliţistului","","","B - semnalele speciale de avertizare, luminoase şi/sau sonore","C - marcajele","https://scoaladrpciv.ro/intrebare/care-dintre-tipurile-de-semnalizare-de-mai-jos-vor-fi-respectate-cu-prioritate-f48f","","","https://scoaladrpciv.ro/intrebari/categoria-redobandire/semnalele-politistilor"
"1790578099-338","https://scoaladrpciv.ro/intrebari/categoria-redobandire","Rotirea vioaie a braţului poliţistului semnifică:","A - mărirea vitezei de deplasare sau grăbirea traversării drumului de către pietoni","","","B - oprirea temporară a circulaţiei","C - reducerea vitezei de deplasare","https://scoaladrpciv.ro/intrebare/rotirea-vioaie-a-bratului-politistului-semnifica-6cc1","","","https://scoaladrpciv.ro/intrebari/categoria-redobandire/semnalele-politistilor"
"1790578101-339","https://scoaladrpciv.ro/intrebari/categoria-redobandire","Cum procedezi atunci când, deplasându-te cu autovehiculul pe un drum public, întâlneşti un agent de circulaţie orientat cu spatele către tine şi cu braţele întinse orizontal?","A - opreşti autovehiculul","","","B - îţi continui drumul","C - reduci viteza","https://scoaladrpciv.ro/intrebare/cum-procedezi-atunci-cand-deplasandu-te-cu-autovehiculul-pe-un-drum-public-intalnesti-un-agent-de-circulatie-orientat-cu-spatele-catre-tine-si-cu-bratele-intinse-orizontal-952f","","","https://scoaladrpciv.ro/intrebari/categoria-redobandire/semnalele-politistilor"
"1790578104-340","https://scoaladrpciv.ro/intrebari/categoria-redobandire","Dacă lumina roşie a semaforului este în funcţiune, iar poliţistul face semnal conducătorului să treacă, acesta trebuie:","B - să respecte semnalul făcut de poliţist","","","A - să aştepte lumina verde care îi permite trecerea","C - să aştepte ca semnificaţia luminii semaforului să corespundă cu cea a semnalului poliţistului","https://scoaladrpciv.ro/intrebare/daca-lumina-rosie-a-semaforului-este-in-functiune-iar-politistul-face-semnal-conducatorului-sa-treaca-acesta-trebuie-2f56","","","https://scoaladrpciv.ro/intrebari/categoria-redobandire/semnalele-politistilor"
"1790578106-341","https://scoaladrpciv.ro/intrebari/categoria-redobandire","Ce obligaţii ai la semnalele poliţiştilor de frontieră?","A - să opreşti","","","B - să reduci viteza sub 10 km/h","C - să reduci viteza şi să circuli cu atenţie până eşti depăşit de coloană","https://scoaladrpciv.ro/intrebare/ce-obligatii-ai-la-semnalele-politistilor-de-frontiera-1a6c","","","https://scoaladrpciv.ro/intrebari/categoria-redobandire/semnalele-politistilor"
"1790578111-342","https://scoaladrpciv.ro/intrebari/categoria-redobandire","Este permisă trecerea peste marcajul longitudinal format dintr-o linie continuă și alta discontinuă?","B - da, dacă linia discontinuă este cea mai apropiată de vehicul în direcția de mers;","","","A - da, dacă marcajul nu este într-o curbă;","C - nu, chiar în cazul în care linia discontinuă este cea mai apropiată de vehicul.","https://scoaladrpciv.ro/intrebare/este-permisa-trecerea-peste-marcajul-longitudinal-format-dintr-o-linie-continua-si-alta-discontinua-08ed","","<div class="""">
                        <h4>Articolul 79</h4>
<p>&nbsp;(3)&nbsp;&nbsp; În cazul marcajului longitudinal format dintr-o linie continuã și una discontinuã alãturate, conducãtorul de vehicul trebuie sã respecte semnificația liniei celei mai apropiate în sensul de mers.</p>


                    </div>","https://scoaladrpciv.ro/intrebari/categoria-redobandire/indicatoare-si-marcaje"
"1790578113-343","https://scoaladrpciv.ro/intrebari/categoria-redobandire","La întâlnirea indicatoarelor „Trecere la nivel cu o cale ferată simplă/dublă, fără bariere” și „Oprire” conducătorii de vehicule trebuie să oprească:","B - în locul în care există vizibilitate maximă asupra căii ferate fără a trece de aceste indicatoare sau, după caz, înaintea marcajului pentru oprire;","","","A - cât mai aproape de calea ferată;","C - la o distanță de cel puțin 5 metri față de calea ferată.","https://scoaladrpciv.ro/intrebare/la-intalnirea-indicatoarelor-trecere-la-nivel-cu-o-cale-ferata-simpladubla-fara-bariere-si-oprire-conducatorii-de-vehicule-trebuie-sa-opreasca-ddb4","","","https://scoaladrpciv.ro/intrebari/categoria-redobandire/indicatoare-si-marcaje"
"1790578115-344","https://scoaladrpciv.ro/intrebari/categoria-redobandire","Semnificația indicatoarelor de interzicere sau restricție începe din dreptul acestora și, în absența unei indicații privind lungimea sectorului sau a unui semn care marchează sfârșitul, încetează:","C - la cea mai apropiată intersecție.","","","A - la 50 m de locul în care este amplasat indicatorul de interdicție sau restricție;","B - nu este prevăzut legal;","https://scoaladrpciv.ro/intrebare/semnificatia-indicatoarelor-de-interzicere-sau-restrictie-incepe-din-dreptul-acestora-si-in-absenta-unei-indicatii-privind-lungimea-sectorului-sau-a-unui-semn-care-marcheaza-sfarsitul-inceteaza-99e6","","","https://scoaladrpciv.ro/intrebari/categoria-redobandire/indicatoare-si-marcaje"
"1790578118-345","https://scoaladrpciv.ro/intrebari/categoria-redobandire","Semnificația indicatoarelor „Oprire“ și „Cedează trecerea“, instalate în intersecțiile semaforizate, trebuie respectată:","B - atunci când semafoarele nu funcționează;","","","A - atunci când traficul este redus;","C - atunci când indicatoarele sunt instalate împreună cu semaforul pe același suport.","https://scoaladrpciv.ro/intrebare/semnificatia-indicatoarelor-oprire-si-cedeaza-trecerea-instalate-in-intersectiile-semaforizate-trebuie-respectata-e9d9","","<div class="""">
                        <h4>Articolul 31</h4>
<p>Participanții la trafic trebuie să respecte regulile de circulație, semnalele, indicațiile și dispozițiile polițistului rutier, precum și semnificația diferitelor tipuri de mijloace de semnalizare rutieră, în următoarea ordine de prioritate:</p>
<ul>
<li>a)&nbsp; semnalele, indicațiile și dispozițiile polițistului rutier;</li>
<li>b)&nbsp;&nbsp; semnalele speciale de avertizare, luminoase sau sonore ale autovehiculelor, prevăzute la art. 32 alin. (2) lit. a) și b);</li>
<li>c)&nbsp;&nbsp;semnalizarea temporară și/sau indicatoarele electronice, care modifică regimul normal de desfășurare a circulației;</li>
<li>d)&nbsp; semnalele luminoase sau sonore;</li>
<li>e)&nbsp; indicatoarele;</li>
<li>f)&nbsp; marcajele;</li>
<li>g)&nbsp; regulile de circulație.</li>
</ul>


                    </div>","https://scoaladrpciv.ro/intrebari/categoria-redobandire/indicatoare-si-marcaje"
"1790578120-346","https://scoaladrpciv.ro/intrebari/categoria-redobandire","Marcajul cu linie în zig-zag aplicat pe marginea din dreapta a părții carosabile semnifică:","A - interzice staționarea;","","","B - interzice oprirea;","C - existența unei stații pentru autovehiculele care efectuează transport public de persoane.","https://scoaladrpciv.ro/intrebare/marcajul-cu-linie-in-zig-zag-aplicat-pe-marginea-din-dreapta-a-partii-carosabile-semnifica-3bf7","","","https://scoaladrpciv.ro/intrebari/categoria-redobandire/indicatoare-si-marcaje"
"1790578122-347","https://scoaladrpciv.ro/intrebari/categoria-redobandire","Vă apropiați de o intersecție fără indicatoare de circulație. Vizibilitatea în ambele direcții este imposibilă, din cauza vehiculelor staționate. Cum procedați?","A - intrați încet în intersecție, cu atenție mărită;","","","B - traversați cât mai rapid intersecția;","C - semnalizați luminos și intrați în intersecție.","https://scoaladrpciv.ro/intrebare/va-apropiati-de-o-intersectie-fara-indicatoare-de-circulatie-vizibilitatea-in-ambele-directii-este-imposibila-din-cauza-vehiculelor-stationate-cum-procedati-2212","","","https://scoaladrpciv.ro/intrebari/categoria-redobandire/indicatoare-si-marcaje"
"1790578124-348","https://scoaladrpciv.ro/intrebari/categoria-redobandire","Semnalul roșu al semaforului:","B - obligă conducătorii vehiculelor, indiferent de direcția de deplasare, să oprească;","","","A - obligă conducătorii vehiculelor care circulă pe direcția înainte să oprească;","C - permite trecerea autovehiculelor care schimbă direcția de mers spre stânga.","https://scoaladrpciv.ro/intrebare/semnalul-rosu-al-semaforului-48c3","","<div class="""">
                        <h4>Articolul 30</h4>
<p>(3)&nbsp; Semnalele luminoase pentru dirijarea circulației în intersecții au următoarele semnificații:</p>
<ul>
<li>&nbsp;a)&nbsp; semnalul de culoare verde permite trecerea;</li>
<li><span style=""background-color: #fbeeb8;"">&nbsp;b)&nbsp; semnalul de culoare roșie interzice trecerea;</span></li>
<li>&nbsp;c)&nbsp; semnalul de culoare galbenă împreună cu cel de culoare roșie interzic trecerea.</li>
</ul>
<h4>Articolul 52</h4>
<p>(2)&nbsp;&nbsp; La semnalul de culoare roșie vehiculul trebuie oprit înaintea marcajului pentru oprire sau, dupã caz, pentru trecerea pietonilor, iar în lipsa acestuia, în dreptul semaforului. Dacã semaforul este instalat deasupra ori de cealaltã parte a intersecției, în lipsa marcajului pentru oprire sau pentru trecerea pietonilor, vehiculul trebuie oprit înainte de marginea pãrții carosabile a drumului ce urmeazã a fi intersectat.</p>


                    </div>","https://scoaladrpciv.ro/intrebari/categoria-redobandire/indicatoare-si-marcaje"
"1790578127-349","https://scoaladrpciv.ro/intrebari/categoria-redobandire","Trecerea peste marcajul discontinuu este permisă:","C - la schimbarea benzii de circulaţie, a direcţiei de mers sau la depăşire","","","A - în orice situaţie, acesta având un caracter orientativ","B - atunci când un asemenea marcaj nu delimitează cele două sensuri de circulaţie","https://scoaladrpciv.ro/intrebare/trecerea-peste-marcajul-discontinuu-este-permisa-7f44","","","https://scoaladrpciv.ro/intrebari/categoria-redobandire/indicatoare-si-marcaje"
"1790578129-350","https://scoaladrpciv.ro/intrebari/categoria-redobandire","Semnificaţia indicatoarelor de interzicere sau restricţie, în lipsa altor precizări, încetează:","C - în prima intersecţie","","","A - la 100 m de locul unde este instalat indicatorul","B - la 200 m de locul unde este instalat indicatorul","https://scoaladrpciv.ro/intrebare/semnificatia-indicatoarelor-de-interzicere-sau-restrictie-in-lipsa-altor-precizari-inceteaza-5499","","","https://scoaladrpciv.ro/intrebari/categoria-redobandire/indicatoare-si-marcaje"
"1790578131-351","https://scoaladrpciv.ro/intrebari/categoria-redobandire","Semnificaţia unui indicator rutier, instalat deasupra unei benzi de circulaţie, este valabilă:","B - numai pentru banda deasupra căreia este instalat","","","A - numai pentru circulaţia rutieră care se desfăşoară în tunele","C - pentru toată lăţimea părţii carosabile","https://scoaladrpciv.ro/intrebare/semnificatia-unui-indicator-rutier-instalat-deasupra-unei-benzi-de-circulatie-este-valabila-8ace","","","https://scoaladrpciv.ro/intrebari/categoria-redobandire/indicatoare-si-marcaje"
"1790578134-352","https://scoaladrpciv.ro/intrebari/categoria-redobandire","Conducătorul de autoturism care se află în spatele unui autobuz şi întâlneşte indicatorul „Oprire” trebuie:","B - să oprească şi să se asigure înainte de a traversa intersecţia, chiar dacă acest lucru a fost făcut şi de către conducătorul autobuzului","","","A - să continue deplasarea şi să traverseze o dată cu autobuzul, deoarece conducătorul acestuia a oprit şi s-a asigurat","C - să continue deplasarea şi să traverseze intersecţia imediat în urma autobuzului, deoarece, în acest caz, nu se expune niciunui pericol","https://scoaladrpciv.ro/intrebare/conducatorul-de-autoturism-care-se-afla-in-spatele-unui-autobuz-si-intalneste-indicatorul-oprire-trebuie-0406","","","https://scoaladrpciv.ro/intrebari/categoria-redobandire/indicatoare-si-marcaje"
"1790578136-353","https://scoaladrpciv.ro/intrebari/categoria-redobandire","Cum procedează conducătorul de autovehicul la întâlnirea indicatorului „Oprire”?","A - opreşte unde are o bună vizibilitate pentru a se asigura şi îşi continuă deplasarea, dacă pe drumul transversal nu circulă alte vehicule","","","B - reduce viteza, se asigură, după care intră în intersecţie","C - reduce viteza, după care traversează intersecţia","https://scoaladrpciv.ro/intrebare/cum-procedeaza-conducatorul-de-autovehicul-la-intalnirea-indicatorului-oprire-7314","","","https://scoaladrpciv.ro/intrebari/categoria-redobandire/indicatoare-si-marcaje"
"1790578138-354","https://scoaladrpciv.ro/intrebari/categoria-redobandire","Ce semnificaţie are marcajul longitudinal aplicat sub forma unei linii continue pe axul drumurilor publice?","B - nu permite încălcarea lui de către conducătorii de vehicule","","","A - ajută conducătorii auto să se orienteze pe timp de noapte","C - permite depăşirea vehiculelor","https://scoaladrpciv.ro/intrebare/ce-semnificatie-are-marcajul-longitudinal-aplicat-sub-forma-unei-linii-continue-pe-axul-drumurilor-publice-3941","","","https://scoaladrpciv.ro/intrebari/categoria-redobandire/indicatoare-si-marcaje"
"1790578140-355","https://scoaladrpciv.ro/intrebari/categoria-redobandire","Ce obligaţii aveţi la întâlnirea indicatorului „Biciclişti”?","B - să circulaţi cu atenţie şi, dacă este cazul, acordaţi prioritate de trecere bicicliştilor care circulă pe pista special destinată","","","A - să reduceţi viteza la maximum 30 km/h","C - nu aveţi nicio obligaţie, bicicliştii vă vor acorda prioritate","https://scoaladrpciv.ro/intrebare/ce-obligatii-aveti-la-intalnirea-indicatorului-biciclisti-7b2f","","","https://scoaladrpciv.ro/intrebari/categoria-redobandire/indicatoare-si-marcaje"
"1790578143-356","https://scoaladrpciv.ro/intrebari/categoria-redobandire","Pe drumul public cu cel mult două benzi pe sens şi cu o a treia bandă pe care este amplasată linia tramvaiului lângă axa drumului, conducătorii de vehicule:","B - pot folosi banda destinată tramvaiului, cu obligaţia să lase liberă calea tramvaiului la apropierea acestuia","","","A - pot folosi banda destinată tramvaiului, fără nici o restricţie","C - nu pot folosi banda destinată tramvaiului","https://scoaladrpciv.ro/intrebare/pe-drumul-public-cu-cel-mult-doua-benzi-pe-sens-si-cu-o-a-treia-banda-pe-care-este-amplasata-linia-tramvaiului-langa-axa-drumului-conducatorii-de-vehicule-61c9","","","https://scoaladrpciv.ro/intrebari/categoria-redobandire/indicatoare-si-marcaje"
"1790578145-357","https://scoaladrpciv.ro/intrebari/categoria-redobandire","Ce obligaţie aveţi dacă întâlniţi într-o intersecţie indicatorul „Înainte sau la stânga” şi semaforul se află pe culoarea verde?","A - circulaţi înainte sau la stânga","","","B - circulaţi numai înainte","C - circulaţi în orice direcţie, deoarece semnalul verde vă permite acest lucru","https://scoaladrpciv.ro/intrebare/ce-obligatie-aveti-daca-intalniti-intr-o-intersectie-indicatorul-inainte-sau-la-stanga-si-semaforul-se-afla-pe-culoarea-verde-68e8","","","https://scoaladrpciv.ro/intrebari/categoria-redobandire/indicatoare-si-marcaje"
"1790578147-358","https://scoaladrpciv.ro/intrebari/categoria-redobandire","Ce obligaţii aveţi la întâlnirea indicatorului „Animale”?","B - circulaţi cu atenţie şi, dacă se impune, reduceţi viteza","","","A - să reduceţi viteza numai la semnalul celor care însoţesc animale","C - nu aveţi nicio obligaţie, deoarece indicatorul se adresează persoanelor care însoţesc animale","https://scoaladrpciv.ro/intrebare/ce-obligatii-aveti-la-intalnirea-indicatorului-animale-04ac","","","https://scoaladrpciv.ro/intrebari/categoria-redobandire/indicatoare-si-marcaje"
"1790578150-359","https://scoaladrpciv.ro/intrebari/categoria-redobandire","La ce distanţă sunt instalate cele trei panouri suplimentare pentru avertizarea apropierii de o trecere la nivel cu calea ferată?","C - la 150, 100 şi, respectiv, 50 m","","","A - la 300, 200 şi, respectiv, 100 m","B - la 90, 60 şi, respectiv, 30 m","https://scoaladrpciv.ro/intrebare/la-ce-distanta-sunt-instalate-cele-trei-panouri-suplimentare-pentru-avertizarea-apropierii-de-o-trecere-la-nivel-cu-calea-ferata-daaf","","","https://scoaladrpciv.ro/intrebari/categoria-redobandire/indicatoare-si-marcaje"
"1790578152-360","https://scoaladrpciv.ro/intrebari/categoria-redobandire","Puteţi trece cu autovehiculul peste o linie continuă dacă:","A - linia continuă este însoţită de una discontinuă, iar aceasta din urmă este mai apropiată de sensul dvs. de deplasare","","","B - aceasta este aplicată pe drumuri cu mai mult de o bandă pe sensul de mers","C - aceasta separă sensurile de circulaţie","https://scoaladrpciv.ro/intrebare/puteti-trece-cu-autovehiculul-peste-o-linie-continua-daca-4395","","","https://scoaladrpciv.ro/intrebari/categoria-redobandire/indicatoare-si-marcaje"
"1790578154-361","https://scoaladrpciv.ro/intrebari/categoria-redobandire","La întâlnirea cărui indicator aveţi prioritate de trecere?","B - „Prioritate faţă de circulaţia din sens invers""","","","A - „Circulaţie în ambele sensuri""","C - „Prioritate pentru circulaţia din sens invers""","https://scoaladrpciv.ro/intrebare/la-intalnirea-carui-indicator-aveti-prioritate-de-trecere-ecf3","","","https://scoaladrpciv.ro/intrebari/categoria-redobandire/indicatoare-si-marcaje"
"1790578156-362","https://scoaladrpciv.ro/intrebari/categoria-redobandire","Este permisă trecerea peste marcajul longitudinal format dintr-o linie continua şi alta discontinua?","B - da, dacă linia discontinuă este cea mai apropiată de vehicul în direcţia de mers","","","A - da, atunci când conducatorul vehiculului urmează să efectueze o depăşire","C - nu, chiar în cazul în care linia discontinuă este cea mai apropiată de vehicul","https://scoaladrpciv.ro/intrebare/este-permisa-trecerea-peste-marcajul-longitudinal-format-dintr-o-linie-continua-si-alta-discontinua-346e","","","https://scoaladrpciv.ro/intrebari/categoria-redobandire/indicatoare-si-marcaje"
"1790578159-363","https://scoaladrpciv.ro/intrebari/categoria-redobandire","În ce situaţie se poate încălca marcajul longitudinal continuu al axului drumului?","B - atunci când linia continuă este însoţită de una discontinuă, dispusă către partea conducătorului","","","A - atunci când este format dintr-o singură linie","C - atunci când drumul este în aliniament, iar vizibilitatea în faţă este asigurată","https://scoaladrpciv.ro/intrebare/in-ce-situatie-se-poate-incalca-marcajul-longitudinal-continuu-al-axului-drumului-01de","","","https://scoaladrpciv.ro/intrebari/categoria-redobandire/indicatoare-si-marcaje"
"1790578161-364","https://scoaladrpciv.ro/intrebari/categoria-redobandire","Trebuie respectată semnificaţia unui indicator instalat pe partea stângă a drumului, orientat către conducătorii de vehicule care se apropie?","C - da, de către toţi conducătorii de vehicule care îl întâlnesc","","","A - nu, deoarece se adresează circulaţiei din sens invers","B - da, dar numai de către cei care circulă pe banda cea mai apropiată de axul drumului","https://scoaladrpciv.ro/intrebare/trebuie-respectata-semnificatia-unui-indicator-instalat-pe-partea-stanga-a-drumului-orientat-catre-conducatorii-de-vehicule-care-se-apropie-c943","","","https://scoaladrpciv.ro/intrebari/categoria-redobandire/indicatoare-si-marcaje"
"1790578163-365","https://scoaladrpciv.ro/intrebari/categoria-redobandire","Cum veţi proceda corect la întâlnirea indicatoarelor „Oprire” şi „Trecere la nivel cu o cale ferată dublă fără bariere”?","C - opriţi în locul în care există vizibilitate maximă asupra căii ferate, fără a depăşi indicatoarele menţionate sau marcajul pentru oprire","","","A - opriţi şi vă asiguraţi, la 1 m de calea ferată","B - reduceţi viteza şi traversaţi cu atenţie linia ferată","https://scoaladrpciv.ro/intrebare/cum-veti-proceda-corect-la-intalnirea-indicatoarelor-oprire-si-trecere-la-nivel-cu-o-cale-ferata-dubla-fara-bariere-fea6","","","https://scoaladrpciv.ro/intrebari/categoria-redobandire/indicatoare-si-marcaje"
"1790578165-366","https://scoaladrpciv.ro/intrebari/categoria-redobandire","Ce semnificaţie are marcajul longitudinal continuu de separare a sensurilor de circulaţie?","B - interzice încălcarea lui","","","A - orientează conducătorii de vehicule în condiţii de vizibilitate redusă","C - interzice depăşirea pe sectorul pe care este aplicat","https://scoaladrpciv.ro/intrebare/ce-semnificatie-are-marcajul-longitudinal-continuu-de-separare-a-sensurilor-de-circulatie-a8a0","","","https://scoaladrpciv.ro/intrebari/categoria-redobandire/indicatoare-si-marcaje"
"1790578168-367","https://scoaladrpciv.ro/intrebari/categoria-redobandire","Cum sunt semnalizate benzile de circulaţie reversibilă, care vă permit să continuaţi deplasarea?","B - cu semnalul verde de forma unei săgeţi cu vârful în jos","","","A - cu dispozitive de culoare galbenă intermitentă","C - cu semnul roşu în cruce","https://scoaladrpciv.ro/intrebare/cum-sunt-semnalizate-benzile-de-circulatie-reversibila-care-va-permit-sa-continuati-deplasarea-f1c5","","","https://scoaladrpciv.ro/intrebari/categoria-redobandire/indicatoare-si-marcaje"
"1790578170-368","https://scoaladrpciv.ro/intrebari/categoria-redobandire","Marcajul aplicat pe marginea din dreapta a părţii carosabile, format dintr-o linie în zig-zag, semnifică:","A - interzicerea staţionării","","","B - interzicerea opririi","C - alte pericole","https://scoaladrpciv.ro/intrebare/marcajul-aplicat-pe-marginea-din-dreapta-a-partii-carosabile-format-dintr-o-linie-in-zig-zag-semnifica-2b17","","","https://scoaladrpciv.ro/intrebari/categoria-redobandire/indicatoare-si-marcaje"
"1790578172-369","https://scoaladrpciv.ro/intrebari/categoria-redobandire","Cum procedează conducătorul de autovehicul la întâlnirea indicatorului ”Cedează trecerea”?","B - reduce viteza, se asigură, iar dacă pe drumul prioritar circulă alte vehicule, le acordă prioritate","","","A - reduce viteza şi acordă prioritate numai autovehiculelor","C - reduce viteza, se asigură şi acordă prioritate numai autovehiculelor care circulă din stânga sa","https://scoaladrpciv.ro/intrebare/cum-procedeaza-conducatorul-de-autovehicul-la-intalnirea-indicatorului-cedeaza-trecerea-7b01","","","https://scoaladrpciv.ro/intrebari/categoria-redobandire/indicatoare-si-marcaje"
"1790578174-370","https://scoaladrpciv.ro/intrebari/categoria-redobandire","Care este rolul marcajelor rezonatoare?","B - avertizează conducătorii de autovehicule că depăşesc zona de carosabil marcată şi destinată sensului de deplasare","","","A - dublează marcajele convenţionale în zonele periculoase","C - avertizează conducătorii de autovehicule că vor pătrunde într-o zonă supravegheată cu aparatură radar","https://scoaladrpciv.ro/intrebare/care-este-rolul-marcajelor-rezonatoare-d7ee","","","https://scoaladrpciv.ro/intrebari/categoria-redobandire/indicatoare-si-marcaje"
"1790578177-371","https://scoaladrpciv.ro/intrebari/categoria-redobandire","Marcajul longitudinal continuu, aplicat pe axul drumului, permite încălcarea lui:","C - nu, în nicio situaţie","","","A - numai de către conducătorii de motociclete şi mopede","B - numai de către vehiculele cu gabarit depăşit","https://scoaladrpciv.ro/intrebare/marcajul-longitudinal-continuu-aplicat-pe-axul-drumului-permite-incalcarea-lui-5875","","","https://scoaladrpciv.ro/intrebari/categoria-redobandire/indicatoare-si-marcaje"
