web_scraper_order,web_scraper_start_url,data,raspuns_corect_1,raspuns_corect_2,raspuns_corect_3,raspuns_1,raspuns_2,data3,image,explicatie,categorii
"1790532387-1","https://scoaladrpciv.ro/intrebari/categoria-c","Care dintre următoarele cauze provoacă, la un sistem de direcție cu servomecanism hidraulic, manevrarea greoaie a volanului, atunci când acesta este acționat rapid?","A - pompa nu debitează ulei suficient;","","","B - angrenajele sistemului de direcție au jocuri;","C - roțile posterioare sunt dezechilibrate.","https://scoaladrpciv.ro/intrebare/care-dintre-urmatoarele-cauze-provoaca-la-un-sistem-de-directie-cu-servomecanism-hidraulic-manevrarea-greoaie-a-volanului-atunci-cand-acesta-este-actionat-rapid-2ff5","","<div class="""">
                        


                    </div>","https://scoaladrpciv.ro/intrebari/categoria-c/notiuni-de-mecanica"
"1790532389-2","https://scoaladrpciv.ro/intrebari/categoria-c","Fisurile în lungul anvelopei se datorează:","A - supraîncărcării vehiculului;","","","B - rulării frecvente cu viteză redusă;","C - montării incorecte a roților.","https://scoaladrpciv.ro/intrebare/fisurile-in-lungul-anvelopei-se-datoreaza-90e7","","<div class="""">
                        


                    </div>","https://scoaladrpciv.ro/intrebari/categoria-c/notiuni-de-mecanica"
"1790532391-3","https://scoaladrpciv.ro/intrebari/categoria-c","Desfacerea firelor de cord, ca urmare a flexionărilor mari ale carcasei anvelopei, este o consecință a rulării:","A - cu presiune scăzută în pneul respectiv;","","","B - cu frâna de motor;","C - pe un drum cu denivelări.","https://scoaladrpciv.ro/intrebare/desfacerea-firelor-de-cord-ca-urmare-a-flexionarilor-mari-ale-carcasei-anvelopei-este-o-consecinta-a-rularii-d310","","<div class="""">
                        


                    </div>","https://scoaladrpciv.ro/intrebari/categoria-c/notiuni-de-mecanica"
"1790532393-4","https://scoaladrpciv.ro/intrebari/categoria-c","Furca de debreiere acționează pe:","B - rulmentul de presiune;","","","A - discul de ambreiaj;","C - placa de presiune.","https://scoaladrpciv.ro/intrebare/furca-de-debreiere-actioneaza-pe-e3b2","","<div class="""">
                        


                    </div>","https://scoaladrpciv.ro/intrebari/categoria-c/notiuni-de-mecanica"
"1790532396-5","https://scoaladrpciv.ro/intrebari/categoria-c","Care este rolul bateriei de acumulatori?","B - alimentează consumatorii cu energie electrică în raport de necesități;","","","A - transformă curentul de joasă tensiune în curent de înaltă tensiune;","C - transformă energia chimică în energie mecanică.","https://scoaladrpciv.ro/intrebare/care-este-rolul-bateriei-de-acumulatori-189a","","<div class="""">
                        


                    </div>","https://scoaladrpciv.ro/intrebari/categoria-c/notiuni-de-mecanica"
"1790532398-6","https://scoaladrpciv.ro/intrebari/categoria-c","Uleiurile pentru motoarele cu aprindere prin compresie sunt simbolizate cu litera:","B - C;","","","A - D;","C - U.","https://scoaladrpciv.ro/intrebare/uleiurile-pentru-motoarele-cu-aprindere-prin-compresie-sunt-simbolizate-cu-litera-e2b3","","<div class="""">
                        


                    </div>","https://scoaladrpciv.ro/intrebari/categoria-c/notiuni-de-mecanica"
"1790532400-7","https://scoaladrpciv.ro/intrebari/categoria-c","Arborele cu came este acționat de:","A - arborele cotit;","","","B - diferențial;","C - ruptor-distribuitor.","https://scoaladrpciv.ro/intrebare/arborele-cu-came-este-actionat-de-902f","","<div class="""">
                        


                    </div>","https://scoaladrpciv.ro/intrebari/categoria-c/notiuni-de-mecanica"
"1790532403-8","https://scoaladrpciv.ro/intrebari/categoria-c","Fazele principale ale funcționării motorului cu ardere internă sunt, în ordine, următoarele:","C - admisia, compresia, arderea, destinderea și evacuarea.","","","A - admisia, destinderea, arderea, compresia și evacuarea;","B - compresia, evacuarea, arderea, destinderea și admisia;","https://scoaladrpciv.ro/intrebare/fazele-principale-ale-functionarii-motorului-cu-ardere-interna-sunt-in-ordine-urmatoarele-e739","","<div class="""">
                        


                    </div>","https://scoaladrpciv.ro/intrebari/categoria-c/notiuni-de-mecanica"
"1790532406-9","https://scoaladrpciv.ro/intrebari/categoria-c","Exploziile cadenţate în carburator sunt cauzate de:","B - supapele de admisie defecte;","","","A - supapele de evacuare defecte;","C - garnitura de chiulasă ruptă între doi cilindri.","https://scoaladrpciv.ro/intrebare/exploziile-cadentate-in-carburator-sunt-cauzate-de-e138","","<div class="""">
                        


                    </div>","https://scoaladrpciv.ro/intrebari/categoria-c/notiuni-de-mecanica"
"1790532409-10","https://scoaladrpciv.ro/intrebari/categoria-c","Rateurile în galeriile de admisie și evacuare se produc din cauza:","B - jocului prea mic între culbutori și supape;","","","A - motorului rece;","C - motorului prea cald.","https://scoaladrpciv.ro/intrebare/rateurile-in-galeriile-de-admisie-si-evacuare-se-produc-din-cauza-747c","","<div class="""">
                        


                    </div>","https://scoaladrpciv.ro/intrebari/categoria-c/notiuni-de-mecanica"
"1790532411-11","https://scoaladrpciv.ro/intrebari/categoria-c","În galeriile de admisie și evacuare, rateurile se produc ca urmare a:","C - jocului prea mic dintre culbutori și supape.","","","A - supraturării motorului;","B - supraîncălzirii motorului;","https://scoaladrpciv.ro/intrebare/in-galeriile-de-admisie-si-evacuare-rateurile-se-produc-ca-urmare-a-eabb","","<div class="""">
                        


                    </div>","https://scoaladrpciv.ro/intrebari/categoria-c/notiuni-de-mecanica"
"1790532414-12","https://scoaladrpciv.ro/intrebari/categoria-c","Pentru a obţine o eficacitate sporită, încetinitorul electromagnetic trebuie utilizat:","A - în acelaşi timp cu încetinitorul de pe eşapament;","","","B - în acelaşi timp cu frânarea de parcare;","C - independent de frâna de serviciu.","https://scoaladrpciv.ro/intrebare/pentru-a-obtine-o-eficacitate-sporita-incetinitorul-electromagnetic-trebuie-utilizat-8151","","<div class="""">
                        


                    </div>","https://scoaladrpciv.ro/intrebari/categoria-c/notiuni-de-mecanica"
"1790532417-13","https://scoaladrpciv.ro/intrebari/categoria-c","Instalația de alimentare cu energie electrică este alcătuită din:","B - bateria de acumulatori, generatorul de curent, conductori și relee cu diferite roluri;","","","A - conductori electrici, conectori, întrerupătoare și relee de comandă;","C - transformatorul, distribuitorul de tensiune și consumatorii electrici.","https://scoaladrpciv.ro/intrebare/instalatia-de-alimentare-cu-energie-electrica-este-alcatuita-din-69b5","","<div class="""">
                        


                    </div>","https://scoaladrpciv.ro/intrebari/categoria-c/notiuni-de-mecanica"
"1790532420-14","https://scoaladrpciv.ro/intrebari/categoria-c","Ce parte componentă a transmisiei dă posibilitatea roților motoare ale aceleiași punți să parcurgă, în viraje, drumuri de lungimi diferite?","B - diferențialul;","","","A - cutia de viteze;","C - arborii planetari.","https://scoaladrpciv.ro/intrebare/ce-parte-componenta-a-transmisiei-da-posibilitatea-rotilor-motoare-ale-aceleiasi-punti-sa-parcurga-in-viraje-drumuri-de-lungimi-diferite-e2b4","","<div class="""">
                        


                    </div>","https://scoaladrpciv.ro/intrebari/categoria-c/notiuni-de-mecanica"
"1790532424-15","https://scoaladrpciv.ro/intrebari/categoria-c","Unghiul de cădere prea mare la o roată duce la uzura uniformă a pneurilor:","A - pe marginea exterioară;","","","B - pe marginea interioară;","C - pe toată lăţimea.","https://scoaladrpciv.ro/intrebare/unghiul-de-cadere-prea-mare-la-o-roata-duce-la-uzura-uniforma-a-pneurilor-b48d","","<div class="""">
                        


                    </div>","https://scoaladrpciv.ro/intrebari/categoria-c/notiuni-de-mecanica"
"1790532428-16","https://scoaladrpciv.ro/intrebari/categoria-c","Care dintre următoarele cauze determină încălzirea anormală a tamburilor de frânare?","A - ruperea arcului de readucere a saboţilor;","","","B - distanţa prea mare dintre saboţi şi tamburi;","C - prezenţa aerului în instalaţia de frânare.","https://scoaladrpciv.ro/intrebare/care-dintre-urmatoarele-cauze-determina-incalzirea-anormala-a-tamburilor-de-franare-1f21","","<div class="""">
                        


                    </div>","https://scoaladrpciv.ro/intrebari/categoria-c/notiuni-de-mecanica"
"1790532432-17","https://scoaladrpciv.ro/intrebari/categoria-c","Care dintre următoarele piese fac parte din mecanismul de distribuție?","C - arborele cu came.","","","A - carburatorul;","B - arborele cotit;","https://scoaladrpciv.ro/intrebare/care-dintre-urmatoarele-piese-fac-parte-din-mecanismul-de-distributie-2cdb","","<div class="""">
                        


                    </div>","https://scoaladrpciv.ro/intrebari/categoria-c/notiuni-de-mecanica"
"1790532434-18","https://scoaladrpciv.ro/intrebari/categoria-c","Prin apăsarea pedalei de frână, aerul sub presiune este trimis spre:","C - cilindrii de frână și/sau etriere.","","","A - tamburii de frână;","B - discurile de frână;","https://scoaladrpciv.ro/intrebare/prin-apasarea-pedalei-de-frana-aerul-sub-presiune-este-trimis-spre-3303","","<div class="""">
                        


                    </div>","https://scoaladrpciv.ro/intrebari/categoria-c/notiuni-de-mecanica"
"1790532438-19","https://scoaladrpciv.ro/intrebari/categoria-c","Circuitul de înaltă tensiune din cadrul instalaţiei de aprindere prin scânteie cuprinde:","B - înfăşurarea secundară a bobinei de inducţie, distribuitorul, rotorul, fişele şi bujiile;","","","A - condensatorul, bobinajul rotorului demarorului şi releul electroventilatorului;","C - conductorii electrici marcaţi cu izolatori de culoare roşie şi siguranţele.","https://scoaladrpciv.ro/intrebare/circuitul-de-inalta-tensiune-din-cadrul-instalatiei-de-aprindere-prin-scanteie-cuprinde-4b3d","","<div class="""">
                        


                    </div>","https://scoaladrpciv.ro/intrebari/categoria-c/notiuni-de-mecanica"
"1790532442-20","https://scoaladrpciv.ro/intrebari/categoria-c","Care dintre următoarele cauze determină încălzirea anormală a tamburilor sistemului de frânare cu comandă hidraulică?","C - arcul de readucere a saboţilor este slab sau rupt.","","","A - uzura exagerată a garniturilor de ferodou;","B - distanţa prea mare între saboţi şi tamburi;","https://scoaladrpciv.ro/intrebare/care-dintre-urmatoarele-cauze-determina-incalzirea-anormala-a-tamburilor-sistemului-de-franare-cu-comanda-hidraulica-6fdd","","<div class="""">
                        


                    </div>","https://scoaladrpciv.ro/intrebari/categoria-c/notiuni-de-mecanica"
"1790532447-21","https://scoaladrpciv.ro/intrebari/categoria-c","Cele mai importante caracteristici ale bujiilor sunt:","B - dimensiunea filetului şi valoarea termică;","","","A - grosimea izolatorului ceramic şi culoarea acestuia;","C - termenul de garanţie şi constanţa scânteii.","https://scoaladrpciv.ro/intrebare/cele-mai-importante-caracteristici-ale-bujiilor-sunt-32bb","","<div class="""">
                        


                    </div>","https://scoaladrpciv.ro/intrebari/categoria-c/notiuni-de-mecanica"
"1790532449-22","https://scoaladrpciv.ro/intrebari/categoria-c","Instalaţia de aprindere este formată din:","A - sursa de curent, bobina de inducţie, ruptorul-distribuitor, fişele şi bujiile;","","","B - sursa de curent, lămpile pentru farurile luminilor de drum şi semnalizatoarele;","C - conductorii electrici, întrerupătoarele şi releele de comandă.","https://scoaladrpciv.ro/intrebare/instalatia-de-aprindere-este-formata-din-2438","","<div class="""">
                        


                    </div>","https://scoaladrpciv.ro/intrebari/categoria-c/notiuni-de-mecanica"
"1790532451-23","https://scoaladrpciv.ro/intrebari/categoria-c","Uzura unei anvelope pe una dintre marginile benzii de rulare este cauzată de:","A - dereglarea geometriei direcţiei;","","","B - presiunea scăzută în roţile directoare;","C - jocul mare în rulmenţii roţii respective.","https://scoaladrpciv.ro/intrebare/uzura-unei-anvelope-pe-una-dintre-marginile-benzii-de-rulare-este-cauzata-de-16e4","","<div class="""">
                        


                    </div>","https://scoaladrpciv.ro/intrebari/categoria-c/notiuni-de-mecanica"
"1790532454-24","https://scoaladrpciv.ro/intrebari/categoria-c","Frâna de eşapament îndeplineşte următoarele funcţii:","B - menţine motorul cald la ralanti şi realizează frâna de motor;","","","A - menţine temperatura de pornire a motorului şi aeriseşte toba;","C - ajută la reţinerea noxelor din gazele eşapate.","https://scoaladrpciv.ro/intrebare/frana-de-esapament-indeplineste-urmatoarele-functii-8e32","","<div class="""">
                        


                    </div>","https://scoaladrpciv.ro/intrebari/categoria-c/notiuni-de-mecanica"
"1790532457-25","https://scoaladrpciv.ro/intrebari/categoria-c","Cele mai frecvente pene ale motoarelor pe benzină sunt cauzate de:","A - instalaţia de aprindere;","","","B - instalaţia de iluminare;","C - sistemul de evacuare a gazelor arse.","https://scoaladrpciv.ro/intrebare/cele-mai-frecvente-pene-ale-motoarelor-pe-benzina-sunt-cauzate-de-6b46","","<div class="""">
                        


                    </div>","https://scoaladrpciv.ro/intrebari/categoria-c/notiuni-de-mecanica"
"1790532460-26","https://scoaladrpciv.ro/intrebari/categoria-c","Organele principale care compun sistemul de transmisie sunt:","B - ambreiajul, cutia de viteze, arborii intermediari, diferențialul și planetarele;","","","A - lanțul de distribuție, pinioanele distribuției, axa cu came și jantele;","C - demarorul, arborele motor, cureaua de ventilator și fuliile.","https://scoaladrpciv.ro/intrebare/organele-principale-care-compun-sistemul-de-transmisie-sunt-f5de","","<div class="""">
                        


                    </div>","https://scoaladrpciv.ro/intrebari/categoria-c/notiuni-de-mecanica"
"1790532462-27","https://scoaladrpciv.ro/intrebari/categoria-c","Avantajele funcţionării motorului cu gaz petrolier lichefiat (GPL) sunt:","A - arderea amestecului carburant este mai completă, reducându-se astfel poluarea;","B - lubrifiantul de pe cilindri nu se spală, prelungindu-se astfel durata de folosire a uleiului;","","C - puterea motorului este mai mare cu aproximativ 8%.","","https://scoaladrpciv.ro/intrebare/avantajele-functionarii-motorului-cu-gaz-petrolier-lichefiat-gpl-sunt-481a","","<div class="""">
                        


                    </div>","https://scoaladrpciv.ro/intrebari/categoria-c/notiuni-de-mecanica"
"1790532464-28","https://scoaladrpciv.ro/intrebari/categoria-c","Care dintre următoarele cauze duce la manevrarea greoaie a direcției?","C - deteriorarea, griparea sau ruginirea pivoților fuzetelor.","","","A - jocul prea mare între pivot și fuzeta de direcție;","B - jocul prea mare la articulații;","https://scoaladrpciv.ro/intrebare/care-dintre-urmatoarele-cauze-duce-la-manevrarea-greoaie-a-directiei-5dcd","","<div class="""">
                        


                    </div>","https://scoaladrpciv.ro/intrebari/categoria-c/notiuni-de-mecanica"
"1790532467-29","https://scoaladrpciv.ro/intrebari/categoria-c","În timpul mersului, remarcaţi că autovehiculul dvs. trage spre stânga. Care ar putea fi cauza?","B - presiune prea joasă în roata stângă din faţă;","","","A - pneuri uzate;","C - presiune prea joasă în roata dreaptă din faţă.","https://scoaladrpciv.ro/intrebare/in-timpul-mersului-remarcati-ca-autovehiculul-dvs-trage-spre-stanga-care-ar-putea-fi-cauza-c842","","<div class="""">
                        


                    </div>","https://scoaladrpciv.ro/intrebari/categoria-c/notiuni-de-mecanica"
"1790532469-30","https://scoaladrpciv.ro/intrebari/categoria-c","Injecţia de benzină monopunct se realizează în:","B - colectorul de admisie;","","","A - interiorul camerei de nivel constant a carburatorului;","C - poarta supapelor de evacuare.","https://scoaladrpciv.ro/intrebare/injectia-de-benzina-monopunct-se-realizeaza-in-b823","","<div class="""">
                        


                    </div>","https://scoaladrpciv.ro/intrebari/categoria-c/notiuni-de-mecanica"
"1790532474-31","https://scoaladrpciv.ro/intrebari/categoria-c","Ce se înțelege prin conducere ecologică a unui vehicul?","C - un ansamblu de măsuri comportamentale, de control sau de verificare a vehiculului, prin care se realizează o importantă economie de energie și protecția mediului.","","","A - obligația de a folosi în permanență carburant biodegradabil;","B - deplasări urbane cu bicicleta, pe jos sau cu alte mijloace care nu poluează atmosfera;","https://scoaladrpciv.ro/intrebare/ce-se-intelege-prin-conducere-ecologica-a-unui-vehicul-c749","","<div class="""">
                        


                    </div>","https://scoaladrpciv.ro/intrebari/categoria-c/conducerea-ecologica"
"1790532476-32","https://scoaladrpciv.ro/intrebari/categoria-c","Cum trebuie să conduceți, astfel încât să reduceți poluarea?","B - porniți motorul fără să acționați pedala de accelerație și demarați fără să staționați așteptând încălzirea motorului;","","","A - porniți motorul acționând pedala de accelerație la un sfert din cursă și așteptați ca acesta să se încălzească, pentru a reduce ulterior consumul de carburant;","C - apăsați până la capăt pedala de accelerație, porniți motorul și demarați cu o viteză cât mai mare.","https://scoaladrpciv.ro/intrebare/cum-trebuie-sa-conduceti-astfel-incat-sa-reduceti-poluarea-422b","","<div class="""">
                        


                    </div>","https://scoaladrpciv.ro/intrebari/categoria-c/conducerea-ecologica"
"1790532478-33","https://scoaladrpciv.ro/intrebari/categoria-c","Conduita ecologică înseamnă:","C - să fiți calm și să anticipați situațiile astfel încât să evitați accelerarea și frânarea bruscă.","","","A - să nu poluați fonic mediul înconjurător, folosind sistemul de sonorizare la putere maximă;","B - să întrețineți în permanență vehiculul curat, prin spălare și degresare zilnică;","https://scoaladrpciv.ro/intrebare/conduita-ecologica-inseamna-5df8","","<div class="""">
                        


                    </div>","https://scoaladrpciv.ro/intrebari/categoria-c/conducerea-ecologica"
"1790532481-34","https://scoaladrpciv.ro/intrebari/categoria-c","În care dintre situaţii consumul de carburant al unui motor creşte?","A - atunci când motorul nu atinge temperatura de funcţionare;","B - atunci când fumul de eşapament este de culoare neagră;","C - atunci când motorul funcţionează cu întreruperi.","","","https://scoaladrpciv.ro/intrebare/in-care-dintre-situatii-consumul-de-carburant-al-unui-motor-creste-cb09","","<div class="""">
                        


                    </div>","https://scoaladrpciv.ro/intrebari/categoria-c/conducerea-ecologica"
"1790532483-35","https://scoaladrpciv.ro/intrebari/categoria-c","Pentru a conduce ecologic un autovehicul, se recomandă:","C - utilizarea climatizării numai în situaţiile absolut necesare.","","","A - utilizarea climatizării numai în cazul traseelor scurte;","B - utilizarea climatizării numai pe timp de noapte;","https://scoaladrpciv.ro/intrebare/pentru-a-conduce-ecologic-un-autovehicul-se-recomanda-6269","","<div class="""">
                        


                    </div>","https://scoaladrpciv.ro/intrebari/categoria-c/conducerea-ecologica"
"1790532485-36","https://scoaladrpciv.ro/intrebari/categoria-c","Consumul de carburant se mărește dacă:","C - folosiți orice aparat electric alimentat de generatorul autovehiculului.","","","A - lichidul de răcire nu conține antigel;","B - sistemul de direcție este manual;","https://scoaladrpciv.ro/intrebare/consumul-de-carburant-se-mareste-daca-a2ea","","<div class="""">
                        


                    </div>","https://scoaladrpciv.ro/intrebari/categoria-c/conducerea-ecologica"
"1790532487-37","https://scoaladrpciv.ro/intrebari/categoria-c","Utilizarea sistemului de climatizare are ca efect:","A - creşterea consumului de combustibil;","","","B - reducerea consumului de combustibil;","C - scăderea puternică a gradului de confort.","https://scoaladrpciv.ro/intrebare/utilizarea-sistemului-de-climatizare-are-ca-efect-3f89","","<div class="""">
                        


                    </div>","https://scoaladrpciv.ro/intrebari/categoria-c/conducerea-ecologica"
"1790532491-38","https://scoaladrpciv.ro/intrebari/categoria-c","Comportamentul ecologic în conducerea unui autovehiculul presupune:","A - planificarea traseului pentru a economisi timp şi combustibil;","B - evitarea zonelor cu circulaţie densă, cu lucrări pe carosabil sau cu teren accidentat;","","C - viteză şi acceleraţie mai mari, pentru a scurta timpul de deplasare.","","https://scoaladrpciv.ro/intrebare/comportamentul-ecologic-in-conducerea-unui-autovehiculul-presupune-04e1","","<div class="""">
                        


                    </div>","https://scoaladrpciv.ro/intrebari/categoria-c/conducerea-ecologica"
"1790532497-39","https://scoaladrpciv.ro/intrebari/categoria-c","Pentru a conduce ecologic, se recomandă:","B - menținerea unei viteze constante, de preferință medie;","","","A - folosirea motorului la relanti, în cazul în care staționați mai mult timp în același loc;","C - oprirea motorului în timp ce coborâți o pantă, pentru a economisi carburant.","https://scoaladrpciv.ro/intrebare/pentru-a-conduce-ecologic-se-recomanda-5258","","<div class="""">
                        


                    </div>","https://scoaladrpciv.ro/intrebari/categoria-c/conducerea-ecologica"
"1790532510-40","https://scoaladrpciv.ro/intrebari/categoria-c","Bandajele se folosesc:","B - pentru acoperirea și pentru susținerea rănilor, precum și pentru oprirea hemoragiilor;","","","A - pentru susținerea părților lezate;","C - pentru imobilizarea fracturilor.","https://scoaladrpciv.ro/intrebare/bandajele-se-folosesc-a04a","","<div class="""">
                        


                    </div>","https://scoaladrpciv.ro/intrebari/categoria-c/masuri-de-prim-ajutor"
"1790532512-41","https://scoaladrpciv.ro/intrebari/categoria-c","La imobilizarea cu atele, în cazul fracturilor, se va ține cont ca:","C - atela să fie suficient de lungă, pentru a acoperi zona de deasupra și de sub fractură.","","","A - atela să nu fie rigidă;","B - nu sunt necesare criterii pentru imobilizarea fracturilor cu atele;","https://scoaladrpciv.ro/intrebare/la-imobilizarea-cu-atele-in-cazul-fracturilor-se-va-tine-cont-ca-2954","","<div class="""">
                        


                    </div>","https://scoaladrpciv.ro/intrebari/categoria-c/masuri-de-prim-ajutor"
"1790532514-42","https://scoaladrpciv.ro/intrebari/categoria-c","Oprirea hemoragiei se face prin legarea strânsă a brațului:","B - deasupra rănii;","","","A - în dreptul rănii;","C - sub rană.","https://scoaladrpciv.ro/intrebare/oprirea-hemoragiei-se-face-prin-legarea-stransa-a-bratului-7089","","<div class="""">
                        


                    </div>","https://scoaladrpciv.ro/intrebari/categoria-c/masuri-de-prim-ajutor"
"1790532516-43","https://scoaladrpciv.ro/intrebari/categoria-c","În cazul persoanelor accidentate, care prezintă fracturi de coloană, este recomandabil să se folosească:","B - mijloacele de transport cu platformă, respectiv furgonete, camioane, chiar dacă au viteze de deplasare mai mici;","","","A - orice mijloc de transport, dacă se deplasează în direcția unei unități sanitare;","C - autoturismele, întrucât asigură confort și rapiditate în deplasare.","https://scoaladrpciv.ro/intrebare/in-cazul-persoanelor-accidentate-care-prezinta-fracturi-de-coloana-este-recomandabil-sa-se-foloseasca-9b0f","","<div class="""">
                        


                    </div>","https://scoaladrpciv.ro/intrebari/categoria-c/masuri-de-prim-ajutor"
"1790532519-44","https://scoaladrpciv.ro/intrebari/categoria-c","Victima care a pierdut mult sânge trebuie să fie așezată:","C - cu picioarele situate mai sus decât nivelul corpului.","","","A - cu fața în sus;","B - cu fața în jos;","https://scoaladrpciv.ro/intrebare/victima-care-a-pierdut-mult-sange-trebuie-sa-fie-asezata-e9da","","<div class="""">
                        


                    </div>","https://scoaladrpciv.ro/intrebari/categoria-c/masuri-de-prim-ajutor"
"1790532521-45","https://scoaladrpciv.ro/intrebari/categoria-c","Cum trebuie să fie atelele pentru imobilizarea unei fracturi?","A - suficient de lungi pentru a acoperi în întregime atât zona de deasupra, cât și cea de sub fractură;","B - rigide;","C - ușoare.","","","https://scoaladrpciv.ro/intrebare/cum-trebuie-sa-fie-atelele-pentru-imobilizarea-unei-fracturi-9002","","<div class="""">
                        


                    </div>","https://scoaladrpciv.ro/intrebari/categoria-c/masuri-de-prim-ajutor"
"1790532523-46","https://scoaladrpciv.ro/intrebari/categoria-c","Primul ajutor în caz de traumatism al capului constă în:","C - bandajarea fracturii deschise, deschiderea căilor respiratorii dacă se impune și culcarea victimei pe o targă plană pentru transport.","","","A - aplicarea unor comprese reci pe frunte și bandajarea părților lovite;","B - observarea respirației și a circulației sanguine și aplecarea capului către bărbie;","https://scoaladrpciv.ro/intrebare/primul-ajutor-in-caz-de-traumatism-al-capului-consta-in-d7e7","","<div class="""">
                        


                    </div>","https://scoaladrpciv.ro/intrebari/categoria-c/masuri-de-prim-ajutor"
"1790532526-47","https://scoaladrpciv.ro/intrebari/categoria-c","Ce măsuri de prim ajutor se vor lua în cazul traumatismelor coloanei vertebrale, dacă accidentatul are căile respiratorii libere?","C - nu mișcați accidentatul din poziția în care l-ați găsit până la sosirea serviciilor mobile de urgență, cu excepția cazurilor în care există un pericol de foc sau de asfixie, asigurându-i doar funcțiile vitale.","","","A - mutați accidentatul pe scaunele din spate;","B - încercați să întoarceți accidentatul, dacă se află într-o poziție arcuită;","https://scoaladrpciv.ro/intrebare/ce-masuri-de-prim-ajutor-se-vor-lua-in-cazul-traumatismelor-coloanei-vertebrale-daca-accidentatul-are-caile-respiratorii-libere-1003","","<div class="""">
                        


                    </div>","https://scoaladrpciv.ro/intrebari/categoria-c/masuri-de-prim-ajutor"
"1790532528-48","https://scoaladrpciv.ro/intrebari/categoria-c","În cazul unui accidentat cu hemoragie masivă, acționați astfel:","C - așezați persoana pe spate, cu picioarele ridicate, imobilizați eventualele fracturi, nu îi dați să bea lichide și o protejați contra frigului.","","","A - așezați persoana pe abdomen și îi dați să bea cât mai multe lichide;","B - așezați persoana pe un scaun în poziția șezând și vorbiți cu ea;","https://scoaladrpciv.ro/intrebare/in-cazul-unui-accidentat-cu-hemoragie-masiva-actionati-astfel-05f6","","<div class="""">
                        


                    </div>","https://scoaladrpciv.ro/intrebari/categoria-c/masuri-de-prim-ajutor"
"1790532530-49","https://scoaladrpciv.ro/intrebari/categoria-c","În funcție de starea accidentatului, măsurile de prim ajutor se vor lua în următoarea ordine:","B - respirația artificială, masajul cardiac, oprirea hemoragiei, pansarea rănilor, imobilizarea fracturilor;","","","A - oprirea hemoragiei, pansarea rănilor, imobilizarea fracturilor, respirația artificială, masajul cardiac;","C - imobilizarea fracturilor, pansarea rănilor, respirația artificială, masajul cardiac, oprirea hemoragiei.","https://scoaladrpciv.ro/intrebare/in-functie-de-starea-accidentatului-masurile-de-prim-ajutor-se-vor-lua-in-urmatoarea-ordine-fe6b","","<div class="""">
                        


                    </div>","https://scoaladrpciv.ro/intrebari/categoria-c/masuri-de-prim-ajutor"
"1790532532-50","https://scoaladrpciv.ro/intrebari/categoria-c","Pentru a acorda primul ajutor în caz de fracturi, se fac următoarele manevre:","B - se fixează focarul de fractură, pentru a preveni mișcarea fragmentelor osoase în timpul imobilizării membrului, în atele care să fie destul de lungi pentru a prinde articulația de deasupra și cea de dedesubtul focarului de fractură;","","","A - se împing fragmentele osoase care au perforat pielea;","C - se imobilizează fractura cu feșe sterile.","https://scoaladrpciv.ro/intrebare/pentru-a-acorda-primul-ajutor-in-caz-de-fracturi-se-fac-urmatoarele-manevre-7f03","","<div class="""">
                        


                    </div>","https://scoaladrpciv.ro/intrebari/categoria-c/masuri-de-prim-ajutor"
"1790532535-51","https://scoaladrpciv.ro/intrebari/categoria-c","În cazul imobilizării unei fracturi, atela trebuie să fie:","A - rigidă și suficient de lungă pentru a cuprinde capetele fracturii;","","","B - moale;","C - nu contează.","https://scoaladrpciv.ro/intrebare/in-cazul-imobilizarii-unei-fracturi-atela-trebuie-sa-fie-a4c3","","<div class="""">
                        


                    </div>","https://scoaladrpciv.ro/intrebari/categoria-c/masuri-de-prim-ajutor"
"1790532537-52","https://scoaladrpciv.ro/intrebari/categoria-c","În cazul unui accident în care victima și-a pierdut cunoștința, prima măsură va fi:","C - să controlați respirația și bătăile inimii.","","","A - să administrați medicamente din trusa de prim ajutor;","B - să imobilizați eventualele fracturi;","https://scoaladrpciv.ro/intrebare/in-cazul-unui-accident-in-care-victima-si-a-pierdut-cunostinta-prima-masura-va-fi-7ea7","","<div class="""">
                        


                    </div>","https://scoaladrpciv.ro/intrebari/categoria-c/masuri-de-prim-ajutor"
"1790532539-53","https://scoaladrpciv.ro/intrebari/categoria-c","În rănile cu hemoragie se va avea în vedere, în faza inițială:","C - oprirea hemoragiei.","","","A - curățarea și pansarea rănii;","B - pansarea rănii;","https://scoaladrpciv.ro/intrebare/in-ranile-cu-hemoragie-se-va-avea-in-vedere-in-faza-initiala-80be","","<div class="""">
                        


                    </div>","https://scoaladrpciv.ro/intrebari/categoria-c/masuri-de-prim-ajutor"
"1790532541-54","https://scoaladrpciv.ro/intrebari/categoria-c","Ce trebuie să aibă în vedere prima intervenție, la fața locului, pentru salvarea victimei?","B - degajarea căilor respiratorii și asigurarea funcției respiratorii;","","","A - spălarea rănilor vizibile;","C - igienizarea și pansarea rănilor.","https://scoaladrpciv.ro/intrebare/ce-trebuie-sa-aiba-in-vedere-prima-interventie-la-fata-locului-pentru-salvarea-victimei-ce48","","<div class="""">
                        


                    </div>","https://scoaladrpciv.ro/intrebari/categoria-c/masuri-de-prim-ajutor"
"1790532544-55","https://scoaladrpciv.ro/intrebari/categoria-c","Imobilizarea unei fracturi fără atele se face cu:","B - eșarfe și triunghiuri de pânză;","","","A - o folie de material plastic;","C - carton rigid.","https://scoaladrpciv.ro/intrebare/imobilizarea-unei-fracturi-fara-atele-se-face-cu-28e1","","<div class="""">
                        


                    </div>","https://scoaladrpciv.ro/intrebari/categoria-c/masuri-de-prim-ajutor"
"1790532546-56","https://scoaladrpciv.ro/intrebari/categoria-c","Trusa pentru primul ajutor medical trebuie să conțină, în principal:","A - foarfece cu vârfuri boante, dispozitiv intermediar pentru respirație „gură la gură“, comprese sterile, feșe, pansamente, mănuși de unică folosință din latex, folie de supraviețuire izotermă, broșură de prim ajutor autorizată de Ministerul Sănătății Publice;","","","B - role de leucoplast, plasturi, alcool medicinal, dispozitive pentru suspendarea membrelor accidentate și adresele personalului medical care sunt de serviciu la camerele de gardă;","C - butelie cu oxigen tehnic, un furtun de legătură și un manometru care să reziste la o presiune de cel puțin 6 atmosfere, o mască din pansament steril și dispozitive pentru curățarea rănilor.","https://scoaladrpciv.ro/intrebare/trusa-pentru-primul-ajutor-medical-trebuie-sa-contina-in-principal-3e34","","<div class="""">
                        


                    </div>","https://scoaladrpciv.ro/intrebari/categoria-c/masuri-de-prim-ajutor"
"1790532548-57","https://scoaladrpciv.ro/intrebari/categoria-c","Transportarea victimelor la spital se poate realiza cu:","A - o ambulanţă special dotată în acest sens;","B - o ambulanţă însoţită de un medic;","C - vehiculul care a provocat accidentul, dacă starea victimei permite acest lucru.","","","https://scoaladrpciv.ro/intrebare/transportarea-victimelor-la-spital-se-poate-realiza-cu-2b9b","","<div class="""">
                        


                    </div>","https://scoaladrpciv.ro/intrebari/categoria-c/masuri-de-prim-ajutor"
"1790532551-58","https://scoaladrpciv.ro/intrebari/categoria-c","O hemoragie produsă la unul dintre membrele unei persoane rănite se va opri prin:","C - acțiunea compresivă asupra vasului lezat sau aplicarea garoului.","","","A - dezinfectarea rănii, pansarea și aplicarea atelelor;","B - ridicarea membrului accidentat în poziție verticală;","https://scoaladrpciv.ro/intrebare/o-hemoragie-produsa-la-unul-dintre-membrele-unei-persoane-ranite-se-va-opri-prin-40ba","","<div class="""">
                        


                    </div>","https://scoaladrpciv.ro/intrebari/categoria-c/masuri-de-prim-ajutor"
"1790532553-59","https://scoaladrpciv.ro/intrebari/categoria-c","Cum se opresc hemoragiile la trunchi și cap?","C - prin aplicarea compreselor sterile și a pansamentelor compresive.","","","A - prin orice mijloace;","B - prin aplicarea unui garou de cauciuc;","https://scoaladrpciv.ro/intrebare/cum-se-opresc-hemoragiile-la-trunchi-si-cap-ffbe","","<div class="""">
                        


                    </div>","https://scoaladrpciv.ro/intrebari/categoria-c/masuri-de-prim-ajutor"
"1790532555-60","https://scoaladrpciv.ro/intrebari/categoria-c","Căile respiratorii pot fi deblocate:","B - la locul accidentului, prin intervenții specifice;","","","A - numai în unități medicale, folosindu-se instrumente speciale;","C - indiferent unde, dacă victima suportă această intervenție.","https://scoaladrpciv.ro/intrebare/caile-respiratorii-pot-fi-deblocate-3fae","","<div class="""">
                        


                    </div>","https://scoaladrpciv.ro/intrebari/categoria-c/masuri-de-prim-ajutor"
"1790532557-61","https://scoaladrpciv.ro/intrebari/categoria-c","Accidentatul cu hemoragie externă trebuie așezat:","C - în așa fel încât rana sângerândă să fie mai sus decât nivelul corpului.","","","A - în așa fel încât rana care sângerează să fie mai jos decât planul corpului;","B - nu are importanță dacă rana este situată mai sus sau mai jos decât planul corpului;","https://scoaladrpciv.ro/intrebare/accidentatul-cu-hemoragie-externa-trebuie-asezat-b2d2","","<div class="""">
                        


                    </div>","https://scoaladrpciv.ro/intrebari/categoria-c/masuri-de-prim-ajutor"
"1790532560-62","https://scoaladrpciv.ro/intrebari/categoria-c","Atunci când victimei unui accident de circulație i s-au oprit bătăile inimii (stop cardiac), masajul cardiac se execută:","A - prin apăsarea ritmică cu podul palmelor suprapuse a toracelui victimei, în dreptul inimii;","","","B - prin lovirea cu palmele a obrajilor victimei;","C - prin încrucișarea ritmică a brațelor victimei simultan cu respirația artificială.","https://scoaladrpciv.ro/intrebare/atunci-cand-victimei-unui-accident-de-circulatie-i-s-au-oprit-bataile-inimii-stop-cardiac-masajul-cardiac-se-executa-fbd6","","<div class="""">
                        


                    </div>","https://scoaladrpciv.ro/intrebari/categoria-c/masuri-de-prim-ajutor"
"1790532562-63","https://scoaladrpciv.ro/intrebari/categoria-c","O funcție a bandajului este:","A - de a opri hemoragia;","","","B - de a preveni murdărirea hainelor;","C - de a acoperi aspectul neplăcut al rănii.","https://scoaladrpciv.ro/intrebare/o-functie-a-bandajului-este-bdb0","","<div class="""">
                        


                    </div>","https://scoaladrpciv.ro/intrebari/categoria-c/masuri-de-prim-ajutor"
"1790532566-64","https://scoaladrpciv.ro/intrebari/categoria-c","Substanțele antiseptice se folosesc pentru:","A - dezinfectarea rănilor;","","","B - calmarea durerilor;","C - oprirea hemoragiei.","https://scoaladrpciv.ro/intrebare/substantele-antiseptice-se-folosesc-pentru-4c3e","","<div class="""">
                        


                    </div>","https://scoaladrpciv.ro/intrebari/categoria-c/masuri-de-prim-ajutor"
"1790532570-65","https://scoaladrpciv.ro/intrebari/categoria-c","În cazul unui accidentat care nu respiră, pulsul este verificat:","C - pe partea laterală a epiglotei (Mărul lui Adam), în scobitura dintre trahee și mușchii gâtului.","","","A - sub mandibulă;","B - lângă ureche;","https://scoaladrpciv.ro/intrebare/in-cazul-unui-accidentat-care-nu-respira-pulsul-este-verificat-3601","","<div class="""">
                        


                    </div>","https://scoaladrpciv.ro/intrebari/categoria-c/masuri-de-prim-ajutor"
"1790532572-66","https://scoaladrpciv.ro/intrebari/categoria-c","Într-un pansament, pe plagă, se aplică:","B - o compresă din tifon steril;","","","A - o compresă de vată sterilă;","C - o compresă oarecare.","https://scoaladrpciv.ro/intrebare/intr-un-pansament-pe-plaga-se-aplica-c7ee","","<div class="""">
                        


                    </div>","https://scoaladrpciv.ro/intrebari/categoria-c/masuri-de-prim-ajutor"
"1790532575-67","https://scoaladrpciv.ro/intrebari/categoria-c","Dezinfecția plăgilor ce necesită a fi pansate se face cu:","A - apă oxigenată sau iod;","","","B - ser fiziologic;","C - apă potabilă.","https://scoaladrpciv.ro/intrebare/dezinfectia-plagilor-ce-necesita-a-fi-pansate-se-face-cu-993d","","<div class="""">
                        


                    </div>","https://scoaladrpciv.ro/intrebari/categoria-c/masuri-de-prim-ajutor"
"1790532577-68","https://scoaladrpciv.ro/intrebari/categoria-c","În cazul în care există mai multe persoane accidentate este important să se stabilească prioritățile?","A - da, primul ajutor se acordă cu prioritate persoanei celei mai grav accidentate;","","","B - nu, nu are importanță ordinea în care se acordă primul ajutor;","C - se începe acordarea primului ajutor de la victima cea mai apropiată de salvator.","https://scoaladrpciv.ro/intrebare/in-cazul-in-care-exista-mai-multe-persoane-accidentate-este-important-sa-se-stabileasca-prioritatile-ba71","","<div class="""">
                        


                    </div>","https://scoaladrpciv.ro/intrebari/categoria-c/masuri-de-prim-ajutor"
"1790532579-69","https://scoaladrpciv.ro/intrebari/categoria-c","Fracturile rezultate în urma unui accident rutier pot fi recunoscute prin:","C - segmentul fracturat, care are o mișcare anormală.","","","A - culoarea diferită a locului fracturii;","B - segmentul osos fracturat, devenit elastic;","https://scoaladrpciv.ro/intrebare/fracturile-rezultate-in-urma-unui-accident-rutier-pot-fi-recunoscute-prin-a52e","","<div class="""">
                        


                    </div>","https://scoaladrpciv.ro/intrebari/categoria-c/masuri-de-prim-ajutor"
"1790532592-70","https://scoaladrpciv.ro/intrebari/categoria-c","În ce situații se reduce viteza în trafic?","A - în toate cazurile prevăzute în legislația rutieră pentru aplicarea legii privind circulația pe drumurile publice;","B - preventiv, în toate situațiile în care se prevede o stare de pericol, care poate fi evitată rulând cu o viteză inferioară;","","C - atunci când sunteți obosit, indispus sau suferiți de o afecțiune care vă diminuează capacitatea de a conduce.","","https://scoaladrpciv.ro/intrebare/in-ce-situatii-se-reduce-viteza-in-trafic-ecc9","","<div class="""">
                        


                    </div>","https://scoaladrpciv.ro/intrebari/categoria-c/conducerea-preventiva"
"1790532595-71","https://scoaladrpciv.ro/intrebari/categoria-c","Ce măsuri se recomandă atunci când urmează să străbateţi o porţiune de drum public acoperită cu piatră cubică?","B - să reduceţi din timp viteza, evitând bruscarea comenzilor;","","","A - să folosiţi numai frâna de ajutor pentru a evita derapajul;","C - să circulaţi cât mai aproape de axul drumului, pentru a evita lovirea acostamentului.","https://scoaladrpciv.ro/intrebare/ce-masuri-se-recomanda-atunci-cand-urmeaza-sa-strabateti-o-portiune-de-drum-public-acoperita-cu-piatra-cubica-8659","","<div class="""">
                        


                    </div>","https://scoaladrpciv.ro/intrebari/categoria-c/conducerea-preventiva"
"1790532597-72","https://scoaladrpciv.ro/intrebari/categoria-c","Cum trebuie să procedaţi atunci când intraţi, pe timp de zi, într-un tunel iluminat necorespunzător?","B - aprindeţi luminile de întâlnire;","","","A - claxonaţi;","C - aprindeţi lumina intermitentă de avertizare.","https://scoaladrpciv.ro/intrebare/cum-trebuie-sa-procedati-atunci-cand-intrati-pe-timp-de-zi-intr-un-tunel-iluminat-ne-corespunzator-5b61","","<div class="""">
                        <h4>Articolul 114</h4><p><span style=""background-color:hsl(60,75%,60%);"">(7)&nbsp;&nbsp; Când circulã prin tunel conducãtorul de vehicul este obligat sã foloseascã luminile de întâlnire.</span></p>


                    </div>","https://scoaladrpciv.ro/intrebari/categoria-c/conducerea-preventiva"
"1790532599-73","https://scoaladrpciv.ro/intrebari/categoria-c","Ce măsuri trebuie să luați atunci când circulați în condiții atmosferice ce împiedică mult vizibilitatea?","C - să folosiți luminile de întâlnire.","","","A - să circulați pe distanțe scurte și cu luminile de poziție în funcțiune;","B - să folosiți luminile de poziție și să circulați cât mai aproape de marginea din dreapta a drumului;","https://scoaladrpciv.ro/intrebare/ce-masuri-trebuie-sa-luati-atunci-cand-circulati-in-conditii-atmosferice-ce-impiedica-mult-vizibilitatea-3a6c","","<div class="""">
                        


                    </div>","https://scoaladrpciv.ro/intrebari/categoria-c/conducerea-preventiva"
"1790532601-74","https://scoaladrpciv.ro/intrebari/categoria-c","Cum este bine să procedaţi atunci când, circulând în spatele unui biciclist, constataţi că acesta doreşte să schimbe direcţia de mers?","B - îi asiguraţi condiţii pentru realizarea manevrei;","","","A - semnalizaţi sonor intenţia de a-l depăşi;","C - nu aveţi nicio obligaţie, întrucât acesta este un vehicul foarte lent.","https://scoaladrpciv.ro/intrebare/cum-este-bine-sa-procedati-atunci-cand-circuland-in-spatele-unui-biciclist-constatati-ca-acesta-doreste-sa-schimbe-directia-de-mers-4bd0","","<div class="""">
                        


                    </div>","https://scoaladrpciv.ro/intrebari/categoria-c/conducerea-preventiva"
"1790532604-75","https://scoaladrpciv.ro/intrebari/categoria-c","Care este principalul factor de risc pe care trebuie să-l aveţi în vedere la conducerea autocamionului prin tunele rutiere?","B - dificultăţi în adaptarea vederii la intrarea şi la ieşirea din asemenea pasaje;","","","A - viteza redusă de deplasare şi mersul în coloană;","C - posibilitatea existenţei unor denivelări ale părţii carosabile.","https://scoaladrpciv.ro/intrebare/care-este-principalul-factor-de-risc-pe-care-trebuie-sa-l-aveti-in-vedere-la-conducerea-autocamionului-prin-tunele-rutiere-f7cd","","<div class="""">
                        


                    </div>","https://scoaladrpciv.ro/intrebari/categoria-c/conducerea-preventiva"
"1790532606-76","https://scoaladrpciv.ro/intrebari/categoria-c","Tensiunea nervoasă şi oboseala conducătorului de autocamioane pot fi reduse dacă:","A - rulaţi cu o viteză ponderată, în condiţii de siguranţă, menţinând un ritm de mers constant;","","","B - circulaţi cu aceeaşi viteză atât în localităţi, cât şi în afara acestora;","C - folosiţi medicamente calmante sau energizante care nu sunt interzise conducătorilor auto.","https://scoaladrpciv.ro/intrebare/tensiunea-nervoasa-si-oboseala-conducatorului-de-autocamioane-pot-fi-reduse-daca-00ca","","<div class="""">
                        


                    </div>","https://scoaladrpciv.ro/intrebari/categoria-c/conducerea-preventiva"
"1790532608-77","https://scoaladrpciv.ro/intrebari/categoria-c","Sunteţi depăşit de un autovehicul care a apreciat greşit distanţa şi viteza cu care se apropie din sens opus un alt vehicul. Cum trebuie să procedaţi pentru a evita un accident rutier?","C - reduceţi imediat viteza şi circulaţi cât mai aproape de marginea din dreapta a părţii carosabile, pentru a-i permite efectuarea depăşirii şi reintrarea pe sensul normal de mers.","","","A - măriţi viteza de deplasare, pentru a-l determina pe cel ce vă depăşeşte să renunţe la manevră;","B - claxonaţi şi îi faceţi semn cu braţul să nu mai depăşească;","https://scoaladrpciv.ro/intrebare/sunteti-depasit-de-un-autovehicul-care-a-apreciat-gresit-distanta-si-viteza-cu-care-se-apropie-din-sens-opus-un-alt-vehicul-cum-trebuie-sa-procedati-pentru-a-evita-un-accident-rutier-fcf3","","<div class="""">
                        


                    </div>","https://scoaladrpciv.ro/intrebari/categoria-c/conducerea-preventiva"
"1790532611-78","https://scoaladrpciv.ro/intrebari/categoria-c","Cum trebuie să procedeze conducătorul unui autocamion dacă i-a fost prescris un tratament medicamentos?","A - să se asigure că administrarea acestuia nu-i va afecta capacitatea de a conduce;","","","B - să nu îşi administreze medicamentele înainte de a se urca la volan;","C - să se informeze care este doza minimă care poate fi administrată pe perioada cât se află la volan.","https://scoaladrpciv.ro/intrebare/cum-trebuie-sa-procedeze-conducatorul-unui-autocamion-daca-i-a-fost-prescris-un-tratament-medicamentos-1eae","","<div class="""">
                        


                    </div>","https://scoaladrpciv.ro/intrebari/categoria-c/conducerea-preventiva"
"1790532613-79","https://scoaladrpciv.ro/intrebari/categoria-c","Cum veţi proceda noaptea, când vizibilitatea este redusă din cauza ceţii, din punct de vedere al circulaţiei preventive?","C - păstraţi o distanţă egală între axa drumului şi marginea din dreapta a părţii carosabile, rulând cu o viteză care să asigure oprirea într-un spaţiu mai mic decât cel de vizibilitate.","","","A - circulaţi cât mai aproape de axa drumului;","B - circulaţi cât mai aproape de marginea din dreapta a drumului public;","https://scoaladrpciv.ro/intrebare/cum-veti-proceda-noaptea-cand-vizibilitatea-este-redusa-din-cauza-cetii-din-punct-de-vedere-al-circulatiei-preventive-e04a","","<div class="""">
                        


                    </div>","https://scoaladrpciv.ro/intrebari/categoria-c/conducerea-preventiva"
"1790532615-80","https://scoaladrpciv.ro/intrebari/categoria-c","Vă apropiați de o intersecție fără indicatoare de circulație. Vizibilitatea în ambele direcții este imposibilă, din cauza vehiculelor staționate. Cum procedați?","A - intrați încet în intersecție, cu atenție mărită;","","","B - traversați cât mai rapid intersecția;","C - semnalizați luminos și intrați în intersecție.","https://scoaladrpciv.ro/intrebare/va-apropiati-de-o-intersectie-fara-indicatoare-de-circulatie-vizibilitatea-in-ambele-directii-este-imposibila-din-cauza-vehiculelor-stationate-cum-procedati-a926","","<div class="""">
                        


                    </div>","https://scoaladrpciv.ro/intrebari/categoria-c/conducerea-preventiva"
"1790532617-81","https://scoaladrpciv.ro/intrebari/categoria-c","La frânare, autocamionul derapează. Cum reacţionaţi corect?","B - nu acţionaţi frâna şi rotiţi volanul în sens invers derapării;","","","A - frânaţi la maximum;","C - opriţi motorul.","https://scoaladrpciv.ro/intrebare/la-franare-autocamionul-derapeaza-cum-reactionati-corect-bf2d","","<div class="""">
                        


                    </div>","https://scoaladrpciv.ro/intrebari/categoria-c/conducerea-preventiva"
"1790532620-82","https://scoaladrpciv.ro/intrebari/categoria-c","În cazul unei fracturi de claviculă (umărul se află într-o poziție atârnândă, ușor înainte și în jos), se procedează astfel:","A - se așază brațul într-o eșarfă;","","","B - se aduce umărul în poziție normală;","C - se lasă brațul liber.","https://scoaladrpciv.ro/intrebare/in-cazul-unei-fracturi-de-clavicula-umarul-se-afla-intr-o-pozitie-atarnanda-usor-inainte-si-in-jos-se-procedeaza-astfel-a71f","","<div class="""">
                        


                    </div>","https://scoaladrpciv.ro/intrebari/categoria-c/conducerea-preventiva"
"1790532622-83","https://scoaladrpciv.ro/intrebari/categoria-c","Factorii principali care ajută un conducător de autocamioane să piloteze preventiv sunt:","A - atitudinea pozitivă în trafic, calmul, cunoştinţele dobândite şi politeţea;","","","B - iscusinţa şi priceperea de a-şi impune calităţile fizice dobândite;","C - mijloacele de semnalizare rutieră şi agenţii de poliţie rutieră.","https://scoaladrpciv.ro/intrebare/factorii-principali-care-ajuta-un-conducator-de-autocamioane-sa-piloteze-preventiv-sunt-eb82","","<div class="""">
                        


                    </div>","https://scoaladrpciv.ro/intrebari/categoria-c/conducerea-preventiva"
"1790532624-84","https://scoaladrpciv.ro/intrebari/categoria-c","Din sens opus, un vehicul depăşeşte un altul şi nu poate reveni pe banda sa. Cum vă comportaţi corect?","B - reduceţi viteza şi vă angajaţi mult spre dreapta;","","","A - circulaţi mai departe cu viteză mărită;","C - avertizaţi cu farurile vehiculele care circulă din sens opus.","https://scoaladrpciv.ro/intrebare/din-sens-opus-un-vehicul-depaseste-un-altul-si-nu-poate-reveni-pe-banda-sa-cum-va-comportati-corect-3169","","<div class="""">
                        


                    </div>","https://scoaladrpciv.ro/intrebari/categoria-c/conducerea-preventiva"
"1790532627-85","https://scoaladrpciv.ro/intrebari/categoria-c","În spatele unui autocamion s-a format o coloană de autoturisme. Care dintre acestea trebuie să se angajeze primul în depăşire, în spiritul conduitei preventive?","B - primul autovehicul de după autocamion;","","","A - ultimul autovehicul din coloană;","C - autovehiculul care circulă la mijlocul coloanei.","https://scoaladrpciv.ro/intrebare/in-spatele-unui-autocamion-s-a-format-o-coloana-de-autoturisme-care-dintre-acestea-trebuie-sa-se-angajeze-primul-in-depasire-in-spiritul-conduitei-preventive-def5","","<div class="""">
                        


                    </div>","https://scoaladrpciv.ro/intrebari/categoria-c/conducerea-preventiva"
"1790532629-86","https://scoaladrpciv.ro/intrebari/categoria-c","Cum procedaţi în situaţia în care observaţi în faţa dvs. o minge care se rostogoleşte?","B - avertizaţi sonor, reduceţi viteza şi circulaţi cu maximă atenţie, întrucât este foarte posibil să apară un copil după minge;","","","A - continuaţi să circulaţi cu aceeaşi viteză, întrucât trecerea peste minge nu este periculoasă pentru autocamion;","C - viraţi brusc în direcţia opusă de rostogolire a mingii.","https://scoaladrpciv.ro/intrebare/cum-procedati-in-situatia-in-care-observati-in-fata-dvs-o-minge-care-se-rostogoleste-1150","","<div class="""">
                        


                    </div>","https://scoaladrpciv.ro/intrebari/categoria-c/conducerea-preventiva"
"1790532631-87","https://scoaladrpciv.ro/intrebari/categoria-c","Distanţa faţă de autovehiculul care circulă în faţă trebuie stabilită în funcţie de:","B - viteza de deplasare, aderenţa la carosabil şi timpul dvs. de reacţie;","","","A - priceperea dvs. în evitarea obstacolelor apărute brusc;","C - marca şi capacitatea cilindrică a autovehiculului din faţă.","https://scoaladrpciv.ro/intrebare/distanta-fata-de-autovehiculul-care-circula-in-fata-trebuie-stabilita-in-functie-de-9082","","<div class="""">
                        


                    </div>","https://scoaladrpciv.ro/intrebari/categoria-c/conducerea-preventiva"
"1790532633-88","https://scoaladrpciv.ro/intrebari/categoria-c","Vă aflați într-o intersecție semaforizată și opriți brusc, deoarece semnalul verde se schimbă în galben. Conducătorul unui alt vehicul, care circulă foarte aproape, vă lovește în spate. Cine a greșit?","B - conducătorul vehiculului din spate, care nu a păstrat distanța de siguranță în mers;","","","A - dumneavoastră, pentru că ați oprit brusc;","C - ambii conducători.","https://scoaladrpciv.ro/intrebare/va-aflati-intr-o-intersectie-semaforizata-si-opriti-brusc-deoarece-semnalul-verde-se-schimba-in-galben-conducatorul-unui-alt-vehicul-care-circula-foarte-aproape-va-loveste-in-spate-cine-a-gresit-1248","","<div class="""">
                        


                    </div>","https://scoaladrpciv.ro/intrebari/categoria-c/conducerea-preventiva"
"1790532636-89","https://scoaladrpciv.ro/intrebari/categoria-c","Care este viteza cu care trebuie să vă deplasaţi pe un drum public umed sau acoperit cu mâzgă sau zăpadă?","B - viteza care să vă confere siguranţa că puteţi opri şi evita orice eveniment rutier, fără a intra în derapaj;","","","A - viteza prevăzută de Regulament pentru categoria de drum pe care circulaţi în acel moment;","C - în această situaţie nu trebuie să circulaţi cu mai mult de 20 km/h.","https://scoaladrpciv.ro/intrebare/care-este-viteza-cu-care-trebuie-sa-va-deplasati-pe-un-drum-public-umed-sau-acoperit-cu-mazga-sau-zapada-7e81","","<div class="""">
                        


                    </div>","https://scoaladrpciv.ro/intrebari/categoria-c/conducerea-preventiva"
"1790532638-90","https://scoaladrpciv.ro/intrebari/categoria-c","Cum trebuie să procedaţi pentru a vă păstra starea de vigilenţă pe tot parcursul deplasării?","B - vă concentraţi atenţia, dar adoptaţi o atitudine relaxată la volan, având control asupra efectuării tuturor manevrelor de care depinde siguranţa călătoriei;","","","A - conduceţi cât mai încordat, cu faţa cât mai aproape de parbriz, pentru a vedea tot ce se întâmplă pe drumul public, în faţa dvs.;","C - vă găsiţi o preocupare mai plăcută, cum ar fi manevrarea aparaturii radio-video, întreţinerea unor discuţii cu pasagerii sau folosirea telefonului mobil.","https://scoaladrpciv.ro/intrebare/cum-trebuie-sa-procedati-pentru-a-va-pastra-starea-de-vigilenta-pe-tot-parcursul-deplasarii-b37e","","<div class="""">
                        


                    </div>","https://scoaladrpciv.ro/intrebari/categoria-c/conducerea-preventiva"
"1790532640-91","https://scoaladrpciv.ro/intrebari/categoria-c","Circulaţi în spatele unui vehicul cu tracţiune animală şi constataţi că acesta doreşte să schimbe direcţia de mers. Cum procedaţi?","B - permiteţi vehiculului efectuarea în siguranţă a manevrei;","","","A - semnalizaţi sonor intenţia de a-l depăşi;","C - nu aveţi nicio obligaţie.","https://scoaladrpciv.ro/intrebare/circulati-in-spatele-unui-vehicul-cu-tractiune-animala-si-constatati-ca-acesta-doreste-sa-schimbe-directia-de-mers-cum-procedati-6afb","","<div class="""">
                        


                    </div>","https://scoaladrpciv.ro/intrebari/categoria-c/conducerea-preventiva"
"1790532643-92","https://scoaladrpciv.ro/intrebari/categoria-c","În faţa dvs. circulă un tractor cu două remorci, pe ultima fiind scris „FĂRĂ SEMNALIZARE“. Intenţionaţi să-l depăşiţi înainte de intrarea într-o intersecţie. Cum procedaţi?","A - aşteptaţi să treceţi de respectiva intersecţie, chiar dacă pierdeţi din timpul planificat al călătoriei;","","","B - vă angajaţi în depăşire, întrucât autocamionul dvs. vă permite să rulaţi, în mod legal, cu o viteză mai mare;","C - semnalizaţi efectuarea depăşirii şi acceleraţi, pentru ca manevra să dureze cât mai puţin.","https://scoaladrpciv.ro/intrebare/in-fata-dvs-circula-un-tractor-cu-doua-remorci-pe-ultima-fiind-scris-fara-semnalizare-intentionati-sa-l-depasiti-inainte-de-intrarea-intr-o-intersectie-cum-procedati-1a27","","<div class="""">
                        


                    </div>","https://scoaladrpciv.ro/intrebari/categoria-c/conducerea-preventiva"
"1790532645-93","https://scoaladrpciv.ro/intrebari/categoria-c","Cum este recomandat să procedaţi pentru a depăşi, în condiţii de siguranţă, un tramvai oprit într-o staţie cu refugiu?","C - să reduceţi viteza de deplasare.","","","A - să avertizaţi sonor persoanele aflate în zona staţiei;","B - să semnalizaţi din timp intenţia de depăşire a tramvaiului;","https://scoaladrpciv.ro/intrebare/cum-este-recomandat-sa-procedati-pentru-a-depasi-in-conditii-de-siguranta-un-tramvai-oprit-intr-o-statie-cu-refugiu-693e","","<div class="""">
                        


                    </div>","https://scoaladrpciv.ro/intrebari/categoria-c/conducerea-preventiva"
"1790532647-94","https://scoaladrpciv.ro/intrebari/categoria-c","Conducatorii auto angajati ai operatorilor de transport rutier, care efectueaza operatiuni de transport, au obligatia:","C - de a respecta regulile privind prevenirea accidentelor de munca in circulatia rutiera.","","","A - de a purta echipament de protectie pentru prevenirea accidentelor de munca","B - de a nu circula in trafic fara a avea asupra lor fisa de protectie a muncii","https://scoaladrpciv.ro/intrebare/conducatorii-auto-angajati-ai-operatorilor-de-transport-rutier-care-efectueaza-operatiuni-de-transport-au-obligatia-1185","","<div class="""">
                        


                    </div>","https://scoaladrpciv.ro/intrebari/categoria-c/conducerea-preventiva"
"1790532650-95","https://scoaladrpciv.ro/intrebari/categoria-c","La cuplarea semiremorcii, înainte de branşarea tuburilor flexibile se va acţiona obligatoriu:","A - frâna de staţionare a tractorului;","","","B - încetinitorul hidraulic;","C - frâna de serviciu a tractorului.","https://scoaladrpciv.ro/intrebare/la-cuplarea-semiremorcii-inainte-de-bransarea-tuburilor-flexibile-se-va-actiona-obligatoriu-a624","","<div class="""">
                        


                    </div>","https://scoaladrpciv.ro/intrebari/categoria-c/conducerea-preventiva"
"1790532652-96","https://scoaladrpciv.ro/intrebari/categoria-c","La depăşirea căror vehicule trebuie să păstraţi o distanţă laterală mai mare?","B - la depăşirea bicicletelor;","","","A - la depăşirea autobuzelor;","C - la depăşirea camioanelor.","https://scoaladrpciv.ro/intrebare/la-depasirea-caror-vehicule-trebuie-sa-pastrati-o-distanta-laterala-mai-mare-e7b8","","<div class="""">
                        


                    </div>","https://scoaladrpciv.ro/intrebari/categoria-c/conducerea-preventiva"
"1790532654-97","https://scoaladrpciv.ro/intrebari/categoria-c","Vă deplasaţi pe şosea într-o coloană. Cum vă comportaţi?","B - păstraţi o distanţă corespunzătoare faţă de cel care circulă în faţă şi sunteţi atent la ceilalţi participanţi la trafic;","","","A - depăşiţi coloana, pe cât posibil printr-o singură manevră;","C - circulaţi foarte aproape de vehiculul din faţă, pentru a nu rămâne în urmă.","https://scoaladrpciv.ro/intrebare/va-deplasati-pe-sosea-intr-o-coloana-cum-va-comportati-fee5","","<div class="""">
                        


                    </div>","https://scoaladrpciv.ro/intrebari/categoria-c/conducerea-preventiva"
"1790532657-98","https://scoaladrpciv.ro/intrebari/categoria-c","Care dintre următoarele tipuri de carosabil este cel mai periculos în condiţii de ploaie?","C - carosabilul cu piatră cubică.","","","A - carosabilul cu suprafaţa asfaltată;","B - carosabilul cu suprafaţa betonată;","https://scoaladrpciv.ro/intrebare/care-dintre-urmatoarele-tipuri-de-carosabil-este-cel-mai-periculos-in-conditii-de-ploaie-bec9","","<div class="""">
                        


                    </div>","https://scoaladrpciv.ro/intrebari/categoria-c/conducerea-preventiva"
"1790532659-99","https://scoaladrpciv.ro/intrebari/categoria-c","Circulaţi cu un autocamion cu remorcă pe o şosea cu o singură bandă pentru fiecare direcţie şi vă apropiaţi de o curbă la stânga, foarte strânsă şi fără vizibilitate. Cum trebuie să adaptaţi modul de conducere?","A - reduceţi viteza înaintea curbei, din cauza pericolului mărit de derapare a remorcii;","","","B - reduceţi viteza, circulaţi pe mijlocul benzii şi acceleraţi uşor când ajungeţi în vârful curbei;","C - menţineţi viteza, iar în curbă frânaţi.","https://scoaladrpciv.ro/intrebare/circulati-cu-un-autocamion-cu-remorca-pe-o-sosea-cu-o-singura-banda-pentru-fiecare-directie-si-va-apropiati-de-o-curba-la-stanga-foarte-stransa-si-fara-vizibilitate-cum-trebuie-sa-adaptati-modul-de-conducere-11b6","","<div class="""">
                        


                    </div>","https://scoaladrpciv.ro/intrebari/categoria-c/conducerea-preventiva"
"1790532664-100","https://scoaladrpciv.ro/intrebari/categoria-c","""Durata de conducere zilnica"" reprezinta:","A - durata totala de conducere acumulata intre doua perioade de odihna zilnica","","","B - perioada de conducere in care autovehiculul ruleaza neintrerupt","C - perioada de conducere intre doua puncte ale traseului, prevazute intr-o singura zi.","https://scoaladrpciv.ro/intrebare/durata-de-conducere-zilnica-reprezinta-eb59","","<div class="""">
                        


                    </div>","https://scoaladrpciv.ro/intrebari/categoria-c/reguli-generale"
"1790532666-101","https://scoaladrpciv.ro/intrebari/categoria-c","Ce se înțelege prin expresia „masă totală maximă autorizată”?","C - masa maximă a unui autovehicul încărcat, declarată admisibilă în urma omologării de către autoritatea competentă.","","","A - masa totală a încărcăturii pe care autovehiculul condus o poate transporta;","B - masa maximă pe care o poate avea autovehiculul la plecarea din garaj;","https://scoaladrpciv.ro/intrebare/ce-se-intelege-prin-expresia-masa-totala-maxima-autorizata-e455","","<div class="""">
                        <h4>Articolul 6</h4><p>În sensul prezentei ordonanțe de urgență, expresiile și termenii de mai jos au următorul înțeles:</p><p>1.&nbsp; acordare a priorității - obligația oricărui participant la trafic de a nu își continua deplasarea sau de a nu efectua orice altă manevră, dacă prin acestea îi obliga pe ceilalți participanți la trafic care au prioritate de trecere să își modifice brusc direcția sau viteza de deplasare ori să oprească;</p><p>2.&nbsp; acostament - fâșia laterală cuprinsă între limita părții carosabile și marginea platformei drumului;</p><p>3.&nbsp; amenajări rutiere - totalitatea construcțiilor, dispozitivelor și oricăror mijloace tehnice, altele decât cele destinate semnalizării, amplasate pe drumul public în scopul asigurării securității rutiere;</p><p>4.&nbsp; ansamblu de vehicule - vehiculul cu motor cuplat cu unul sau două vehicule, care circulă pe drum ca o unitate;</p><p>5.&nbsp; autostrada - drumul național de mare capacitate și viteză, semnalizat special, rezervat exclusiv circulației autovehiculelor, cu sau fără remorci, care nu servește proprietății riverane, prevăzut cu două căi unidirecționale, separate printr-o zonă mediană sau, în mod excepțional, prin alte modalități, cu excepția unor locuri speciale sau cu caracter temporar, având cel puțin două benzi de circulație pe sens și banda de urgență, intersecții denivelate și accese limitate, intrarea și ieșirea fiind permise numai prin locuri special amenajate;</p><p>6.&nbsp; autovehicul - orice vehicul echipat cu motor de propulsie, utilizat în mod obișnuit pentru transportul persoanelor sau mărfurilor pe drum ori pentru tractarea, pe drum, a vehiculelor utilizate pentru transportul persoanelor sau mărfurilor. Vehiculele care se deplasează pe șine, denumite tramvaie, precum și tractoarele agricole sau forestiere nu sunt considerate autovehicule. Troleibuzele sunt considerate autovehicule;</p><p>6^1. anvelope de iarnă - anvelope omologate conform Directivei 92/23/CE a Consiliului din 31 martie 1992 privind pneurile autovehiculelor și ale remorcilor acestora, precum și montarea lor, Regulamentului Comisiei Economice pentru Europa a Organizației Națiunilor Unite (CEE-ONU) nr. 30 sau Regulamentului Comisiei Economice pentru Europa a Organizației Națiunilor Unite CEE-ONU nr. 54, după caz.</p><p>7.&nbsp; banda de circulație - subdiviziunea longitudinală a părții carosabile, materializată prin marcaje rutiere sau alte mijloace, dacă are o lățime corespunzătoare pentru circulația într-un sens a unui șir de vehicule, altele decât vehiculele care se deplasează pe două roți;</p><p>8.&nbsp; banda de urgență - subdiviziunea longitudinală suplimentară, situată la extremitatea din partea dreapta a autostrăzii, în sensul de circulație, destinată exclusiv staționării autovehiculelor în cazuri justificate, precum și circulației autovehiculelor cu regim prioritar care se deplasează la intervenții sau în misiuni cu caracter de urgență;</p><p>9.&nbsp; banda reversibilă - banda de circulație, marcată și semnalizată, situată lângă axa drumului, destinată circulației autovehiculelor într-un sens sau în altul, în funcție de intensitatea traficului;</p><p>10.&nbsp; bicicletă - vehiculul prevăzut cu două roți, propulsat prin forța musculară, cu ajutorul pedalelor ori manivelelor. Sunt asimilate bicicletei vehiculele cu pedale cu pedalare asistată echipate cu un motor electric auxiliar cu puterea nominală continuă mai mică sau egală cu 250 W, a cărui asistare este întreruptă atunci când ciclistul încetează să pedaleze sau este redusă progresiv pe măsură ce viteza vehiculului crește, fiind întreruptă complet înainte ca viteza vehiculului să atingă 25 km/h, precum și bicicletele cu motor, astfel cum sunt prevăzute în Regulamentul (UE) nr. 168/2013 al Parlamentului European și al Consiliului din 15 ianuarie 2013 privind omologarea și supravegherea pieței pentru vehiculele cu două sau trei roți și pentru cvadricicluri;</p><p>10^1. trotineta electrică - vehiculul cu două sau trei roți și ghidon, utilizat pentru transportul unei singure persoane, care nu este prevăzut cu loc șezând sau care este echipat cu un loc șezând pentru conducător, al cărui punct de ședere de referință se află la o înălțime mai mică sau egală cu 540 mm în cazul celor cu două roți, respectiv la o înălțime mai mică sau egală cu 400 mm în cazul celor cu trei roți, a cărui viteză maximă prin construcție este mai mare de 6 km/h, dar nu depășește 25 km/h și care este echipat cu motor electric; punctul de ședere de referință are înțelesul prevăzut în Regulamentul (UE) nr. 168/2013 al Parlamentului European și al Consiliului din 15 ianuarie 2013;</p><p>11.&nbsp; coloana oficială - unul sau mai multe vehicule care circulă pe drumul public și sunt însoțite de unul sau mai multe autovehicule ale poliției rutiere, care au în funcțiune semnale speciale de avertizare sonore și luminoase de culoare roșie;</p><p>12.&nbsp; conducător - persoana care conduce pe drum un grup de persoane, un vehicul sau animale de tracțiune, animale izolate sau în turmă, de povară ori de călărie;</p><p>13.&nbsp; abrogat;</p><p>&nbsp;13^1. eliminat.</p><p>14.&nbsp; drum public - orice cale de comunicație terestra, cu excepția căilor ferate, special amenajată pentru traficul pietonal sau rutier, deschisă circulației publice; drumurile care sunt închise circulației publice sunt semnalizate la intrare cu inscripții vizibile;</p><p>14.1. drum pentru cicliști - sunt căi de comunicație terestră proiectate și construite special pentru circulația cicliștilor;</p><p>15.&nbsp; unități de asistență medicală autorizate - unitățile sanitare cu personal calificat și cu dotare corespunzătoare pentru examinarea medicală ambulatorie a candidaților la obținerea permisului de conducere și a conducătorilor de autovehicule, de tractoare agricole sau forestiere ori de tramvaie, autorizate de autoritatea de sănătate publică județeană sau de cea a municipiului București, după caz;</p><p>16.&nbsp; intersecție - orice încrucișare, joncțiune sau bifurcare de drumuri la nivel, inclusiv spațiile formate de acestea;</p><p>16^1. înmatriculare/înregistrare - operațiunea administrativă prin care se atestă că un vehicul poate circula pe drumurile publice. Dovada atestării înmatriculării/înregistrării este certificatul de înmatriculare/înregistrare și numărul de înmatriculare/înregistrare atribuit;</p><p>16^2. înmatriculare/înregistrare permanentă - operațiunea de înmatriculare/înregistrare prin care se atribuie certificat de înmatriculare/înregistrare și număr de înmatriculare/ înregistrare pentru o perioadă nedeterminată;</p><p>16^3. înmatriculare temporară - operațiunea de înmatriculare prin care se acorda certificat de înmatriculare și număr de înmatriculare pentru o perioada determinata;</p><p>17.&nbsp; localitate - cătunul, satul, comuna, orașul și municipiul ale căror intrări și ieșiri sunt semnalizate în conformitate cu prevederile legale;</p><p><span style=""background-color:hsl(60, 75%, 60%);"">18.&nbsp; masa totală maximă autorizata - masa maximă a unui vehicul încărcat, declarată admisibilă în urma omologării de către autoritatea competentă;</span></p><p style=""text-align:justify;"">19.&nbsp; mijloc tehnic certificat - dispozitivul care dovedește consumul de substanțe psihoactive ori prezența în aerul expirat a alcoolului sau prin care se probează încălcări ale unor reguli de circulație;</p><p style=""text-align:justify;"">20.&nbsp; mijloc tehnic omologat și verificat metrologic - dispozitivul care stabilește concentrația de alcool în aerul expirat ori destinat măsurării vitezei;</p><p>&nbsp;21.&nbsp; moped - autovehicul care face parte din categoria mopedelor potrivit Regulamentului (UE) nr. 168/2013 al Parlamentului European și al Consiliului din 15 ianuarie 2013. Este asimilat mopedului cvadriciclul ușor, astfel cum este prevăzut în Regulamentul (UE) nr. 168/2013 al Parlamentului European și al Consiliului din 15 ianuarie 2013;</p><p>22.&nbsp; motocicletă - autovehiculul cu două roți, cu sau fără ataș, echipat cu un motor care are o capacitate cilindrică mai mare de 50 cmc și/sau a cărui viteză maximă, prin construcție, depășește 45 km/h;</p><p style=""text-align:justify;"">23.&nbsp; parte carosabilă - porțiunea din platforma drumului destinată circulației vehiculelor; un drum poate cuprinde mai multe părți carosabile complet separate una de cealaltă printr-o zonă despărțitoare sau prin diferența de nivel;</p><p style=""text-align:justify;"">24.&nbsp; participant la trafic - persoană fizică ce utilizează, la un moment dat, drumul public;</p><p>&nbsp;25.&nbsp; pistă pentru biciclete - subdiviziunea părții carosabile, a trotuarului ori a acostamentului, special amenajată, semnalizată și marcată corespunzător;</p><p>26.&nbsp; prioritate de trecere - dreptul unui participant la trafic de a trece înaintea celorlalți participanți la trafic cu care se intersectează, în conformitate cu prevederile legale privind circulația pe drumurile publice;</p><p>27.&nbsp; remorcă - vehiculul fără motor destinat a fi tractat de un autovehicul sau de un tractor agricol sau forestier;</p><p>28.&nbsp; remorcă ușoară - remorcă a cărei masă totală maximă autorizată nu depășește 750 kg;</p><p>&nbsp;29.&nbsp; semiremorcă - remorcă a cărei masă totală maximă autorizată este preluată în parte de către un autovehicul sau de către un tractor agricol sau forestier;</p><p>29^1. suspendarea înmatriculării - operațiune administrativă care constă în interzicerea temporară a dreptului de a pune în circulație și a utiliza un vehicul pe drumul public;</p><p>&nbsp;30.&nbsp; tractor agricol sau forestier - orice vehicul cu motor, care circulă pe roți sau pe șenile, având cel puțin două axe, a cărui principală funcție constă în puterea sa de tracțiune, conceput în special pentru a trage, a împinge, a transporta ori a acționa anumite echipamente, utilaje sau remorci utilizate în exploatarea agricolă ori forestieră și a cărui utilizare pentru transportul pe drum al persoanelor sau al mărfurilor ori pentru tractarea, pe drum, a vehiculelor utilizate pentru transportul persoanelor sau al mărfurilor nu este decât o funcție secundară. Sunt asimilate tractorului agricol sau forestier vehiculele destinate efectuării de servicii ori lucrări, denumite mașini autopropulsate;</p><p>31.&nbsp; abrogat;</p><p>32.&nbsp; trecere la nivel - încrucișarea la nivel dintre un drum public și o cale ferată sau linie de tramvai, care dispune de o platformă independentă;</p><p>32^1. triciclu cu motor - autovehicul cu trei roți dispuse simetric, a cărui viteză maximă prin construcție depășește 45 km/h, care este echipat cu un motor având o cilindree de peste 50 cmc, în cazul unui motor cu ardere internă, sau cu un motor electric cu putere nominală continuă ce depășește 4 kW;</p><p>33.&nbsp; trotuar - spațiul longitudinal situat în partea laterală a drumului, separat în mod vizibil de partea carosabilă prin diferență sau fără diferență de nivel, destinat circulației pietonilor;</p><p>34.&nbsp; deținător mandatat - persoană fizică sau juridică care folosește un vehicul în baza unui contract de leasing;</p><p>&nbsp;35.&nbsp; vehicul - sistemul mecanic care se deplasează pe drum, cu sau fără mijloace de autopropulsare, utilizat în mod curent pentru transportul de persoane și/sau bunuri ori pentru efectuarea de servicii sau lucrări;</p><p>35^1. vehicul nou - vehicul care nu a mai fost niciodată înmatriculat;</p><p>&nbsp;35^2. vehicul lent - vehicul cu viteza maximă constructivă de până la 25 km/h inclusiv, cu excepția vehiculelor cu două sau trei roți, a cvadriciclurilor, a tractoarelor agricole sau forestiere, a remorcilor destinate a fi tractate de tractoarele agricole sau forestiere, precum și a mașinilor autopropulsate.</p><p>36.&nbsp; vehicul cu mase sau dimensiuni de gabarit depășite - vehiculul care, datorită dimensiunilor sale ori mărfurilor transportate, depășește masele totale maxime admise sau dimensiunile de gabarit admise, prevăzute în reglementările legale;</p><p>37.&nbsp; vehicul în circulație internațională sau în trafic internațional - vehiculul care, prin deplasarea sa, depășește cel puțin o frontieră de stat;</p><p>38.&nbsp; zona drumului public cuprinde suprafața de teren ocupată de elementele constructive ale drumului, zona de protecție și zona de siguranță. Limitele zonelor drumurilor se stabilesc în conformitate cu prevederile legale;</p><p>39.&nbsp; zona pietonală - perimetrul care cuprinde una sau mai multe străzi rezervate circulației pietonilor, unde accesul vehiculelor este supus unor reguli speciale de circulație, având intrările și ieșirile semnalizate în conformitate cu prevederile legale;</p><p>40.&nbsp; zona rezidențială - perimetrul dintr-o localitate unde se aplică reguli speciale de circulație, având intrările și ieșirile semnalizate în conformitate cu prevederile legale.</p><p>41.&nbsp; conducere auto defensivă - pregătire specială a conducătorilor auto în vederea prevenirii accidentelor rutiere;</p><p>&nbsp;</p>


                    </div>","https://scoaladrpciv.ro/intrebari/categoria-c/reguli-generale"
"1790532671-102","https://scoaladrpciv.ro/intrebari/categoria-c","Toate vehiculele sau ansamblurile de vehicule trebuie să aibă posibilitatea de a întoarce într-un cerc cu raza:","B - exterioară de 12,50 m și interioară de 5,30 m;","","","A - exterioară de 10,50 m și interioară de 8,00 m;","C - exterioară de 8,00 m și interioară de 4,30 m.","https://scoaladrpciv.ro/intrebare/toate-vehiculele-sau-ansamblurile-de-vehicule-trebuie-sa-aiba-posibilitatea-de-a-intoarce-intr-un-cerc-cu-raza-5204","","<div class="""">
                        


                    </div>","https://scoaladrpciv.ro/intrebari/categoria-c/reguli-generale"
"1790532673-103","https://scoaladrpciv.ro/intrebari/categoria-c","Ce trebuie sa mentioneze conducatorul auto pe diagrama tahograf la scoaterea acesteia?","A - localitatea, data, numarul de kilometri la sosire, numarul de kilometri parcursi (diferenta intre numarul de kilometri la sosire si numarul de kilometri parcursi)","","","B - problemele aparute pe timpul deplasarii","C - natura si starea incarcaturii.","https://scoaladrpciv.ro/intrebare/ce-trebuie-sa-mentioneze-conducatorul-auto-pe-diagrama-tahograf-la-scoaterea-acesteia-e57c","","<div class="""">
                        


                    </div>","https://scoaladrpciv.ro/intrebari/categoria-c/reguli-generale"
"1790532676-104","https://scoaladrpciv.ro/intrebari/categoria-c","Care este durata maxima de conducere continua?","C - 4 ore si 30 de minute, urmate de o pauza de cel putin 45 de minute.","","","A - 2 ore si 30 de minute, urmate de o pauza de cel putin 45 de minute","B - 3 ore si 30 de minute, urmate de o pauza de cel putin 45 de minute","https://scoaladrpciv.ro/intrebare/care-este-durata-maxima-de-conducere-continua-5861","","<div class="""">
                        


                    </div>","https://scoaladrpciv.ro/intrebari/categoria-c/reguli-generale"
"1790532678-105","https://scoaladrpciv.ro/intrebari/categoria-c","Ce vehicul poate îndeplini funcția de remorcă?","B - orice vehicul destinat să fie tractat de un autovehicul sau de un autotractor;","","","A - orice autovehicul cu o putere mai mică de 11 kW;","C - orice vehicul dotat cu 4 roți și o osie.","https://scoaladrpciv.ro/intrebare/ce-vehicul-poate-indeplini-functia-de-remorca-7a79","","<div class="""">
                        <h4>Articolul 6</h4><p>În sensul prezentei ordonanțe de urgență, expresiile și termenii de mai jos au următorul înțeles:</p><p>1.&nbsp; acordare a priorității - obligația oricărui participant la trafic de a nu își continua deplasarea sau de a nu efectua orice altă manevră, dacă prin acestea îi obliga pe ceilalți participanți la trafic care au prioritate de trecere să își modifice brusc direcția sau viteza de deplasare ori să oprească;</p><p>2.&nbsp; acostament - fâșia laterală cuprinsă între limita părții carosabile și marginea platformei drumului;</p><p>3.&nbsp; amenajări rutiere - totalitatea construcțiilor, dispozitivelor și oricăror mijloace tehnice, altele decât cele destinate semnalizării, amplasate pe drumul public în scopul asigurării securității rutiere;</p><p>4.&nbsp; ansamblu de vehicule - vehiculul cu motor cuplat cu unul sau două vehicule, care circulă pe drum ca o unitate;</p><p>5.&nbsp; autostrada - drumul național de mare capacitate și viteză, semnalizat special, rezervat exclusiv circulației autovehiculelor, cu sau fără remorci, care nu servește proprietății riverane, prevăzut cu două căi unidirecționale, separate printr-o zonă mediană sau, în mod excepțional, prin alte modalități, cu excepția unor locuri speciale sau cu caracter temporar, având cel puțin două benzi de circulație pe sens și banda de urgență, intersecții denivelate și accese limitate, intrarea și ieșirea fiind permise numai prin locuri special amenajate;</p><p>6.&nbsp; autovehicul - orice vehicul echipat cu motor de propulsie, utilizat în mod obișnuit pentru transportul persoanelor sau mărfurilor pe drum ori pentru tractarea, pe drum, a vehiculelor utilizate pentru transportul persoanelor sau mărfurilor. Vehiculele care se deplasează pe șine, denumite tramvaie, precum și tractoarele agricole sau forestiere nu sunt considerate autovehicule. Troleibuzele sunt considerate autovehicule;</p><p>6^1. anvelope de iarnă - anvelope omologate conform Directivei 92/23/CE a Consiliului din 31 martie 1992 privind pneurile autovehiculelor și ale remorcilor acestora, precum și montarea lor, Regulamentului Comisiei Economice pentru Europa a Organizației Națiunilor Unite (CEE-ONU) nr. 30 sau Regulamentului Comisiei Economice pentru Europa a Organizației Națiunilor Unite CEE-ONU nr. 54, după caz.</p><p>7.&nbsp; banda de circulație - subdiviziunea longitudinală a părții carosabile, materializată prin marcaje rutiere sau alte mijloace, dacă are o lățime corespunzătoare pentru circulația într-un sens a unui șir de vehicule, altele decât vehiculele care se deplasează pe două roți;</p><p>8.&nbsp; banda de urgență - subdiviziunea longitudinală suplimentară, situată la extremitatea din partea dreapta a autostrăzii, în sensul de circulație, destinată exclusiv staționării autovehiculelor în cazuri justificate, precum și circulației autovehiculelor cu regim prioritar care se deplasează la intervenții sau în misiuni cu caracter de urgență;</p><p>9.&nbsp; banda reversibilă - banda de circulație, marcată și semnalizată, situată lângă axa drumului, destinată circulației autovehiculelor într-un sens sau în altul, în funcție de intensitatea traficului;</p><p>10.&nbsp; bicicletă - vehiculul prevăzut cu două roți, propulsat prin forța musculară, cu ajutorul pedalelor ori manivelelor. Sunt asimilate bicicletei vehiculele cu pedale cu pedalare asistată echipate cu un motor electric auxiliar cu puterea nominală continuă mai mică sau egală cu 250 W, a cărui asistare este întreruptă atunci când ciclistul încetează să pedaleze sau este redusă progresiv pe măsură ce viteza vehiculului crește, fiind întreruptă complet înainte ca viteza vehiculului să atingă 25 km/h, precum și bicicletele cu motor, astfel cum sunt prevăzute în Regulamentul (UE) nr. 168/2013 al Parlamentului European și al Consiliului din 15 ianuarie 2013 privind omologarea și supravegherea pieței pentru vehiculele cu două sau trei roți și pentru cvadricicluri;</p><p>10^1. trotineta electrică - vehiculul cu două sau trei roți și ghidon, utilizat pentru transportul unei singure persoane, care nu este prevăzut cu loc șezând sau care este echipat cu un loc șezând pentru conducător, al cărui punct de ședere de referință se află la o înălțime mai mică sau egală cu 540 mm în cazul celor cu două roți, respectiv la o înălțime mai mică sau egală cu 400 mm în cazul celor cu trei roți, a cărui viteză maximă prin construcție este mai mare de 6 km/h, dar nu depășește 25 km/h și care este echipat cu motor electric; punctul de ședere de referință are înțelesul prevăzut în Regulamentul (UE) nr. 168/2013 al Parlamentului European și al Consiliului din 15 ianuarie 2013;</p><p>11.&nbsp; coloana oficială - unul sau mai multe vehicule care circulă pe drumul public și sunt însoțite de unul sau mai multe autovehicule ale poliției rutiere, care au în funcțiune semnale speciale de avertizare sonore și luminoase de culoare roșie;</p><p>12.&nbsp; conducător - persoana care conduce pe drum un grup de persoane, un vehicul sau animale de tracțiune, animale izolate sau în turmă, de povară ori de călărie;</p><p>13.&nbsp; abrogat;</p><p>&nbsp;13^1. eliminat.</p><p>14.&nbsp; drum public - orice cale de comunicație terestra, cu excepția căilor ferate, special amenajată pentru traficul pietonal sau rutier, deschisă circulației publice; drumurile care sunt închise circulației publice sunt semnalizate la intrare cu inscripții vizibile;</p><p>14.1. drum pentru cicliști - sunt căi de comunicație terestră proiectate și construite special pentru circulația cicliștilor;</p><p>15.&nbsp; unități de asistență medicală autorizate - unitățile sanitare cu personal calificat și cu dotare corespunzătoare pentru examinarea medicală ambulatorie a candidaților la obținerea permisului de conducere și a conducătorilor de autovehicule, de tractoare agricole sau forestiere ori de tramvaie, autorizate de autoritatea de sănătate publică județeană sau de cea a municipiului București, după caz;</p><p>16.&nbsp; intersecție - orice încrucișare, joncțiune sau bifurcare de drumuri la nivel, inclusiv spațiile formate de acestea;</p><p>16^1. înmatriculare/înregistrare - operațiunea administrativă prin care se atestă că un vehicul poate circula pe drumurile publice. Dovada atestării înmatriculării/înregistrării este certificatul de înmatriculare/înregistrare și numărul de înmatriculare/înregistrare atribuit;</p><p>16^2. înmatriculare/înregistrare permanentă - operațiunea de înmatriculare/înregistrare prin care se atribuie certificat de înmatriculare/înregistrare și număr de înmatriculare/ înregistrare pentru o perioadă nedeterminată;</p><p>16^3. înmatriculare temporară - operațiunea de înmatriculare prin care se acorda certificat de înmatriculare și număr de înmatriculare pentru o perioada determinata;</p><p>17.&nbsp; localitate - cătunul, satul, comuna, orașul și municipiul ale căror intrări și ieșiri sunt semnalizate în conformitate cu prevederile legale;</p><p>18.&nbsp; masa totală maximă autorizata - masa maximă a unui vehicul încărcat, declarată admisibilă în urma omologării de către autoritatea competentă;</p><p style=""text-align:justify;"">19.&nbsp; mijloc tehnic certificat - dispozitivul care dovedește consumul de substanțe psihoactive ori prezența în aerul expirat a alcoolului sau prin care se probează încălcări ale unor reguli de circulație;</p><p style=""text-align:justify;"">20.&nbsp; mijloc tehnic omologat și verificat metrologic - dispozitivul care stabilește concentrația de alcool în aerul expirat ori destinat măsurării vitezei;</p><p>&nbsp;21.&nbsp; moped - autovehicul care face parte din categoria mopedelor potrivit Regulamentului (UE) nr. 168/2013 al Parlamentului European și al Consiliului din 15 ianuarie 2013. Este asimilat mopedului cvadriciclul ușor, astfel cum este prevăzut în Regulamentul (UE) nr. 168/2013 al Parlamentului European și al Consiliului din 15 ianuarie 2013;</p><p>22.&nbsp; motocicletă - autovehiculul cu două roți, cu sau fără ataș, echipat cu un motor care are o capacitate cilindrică mai mare de 50 cmc și/sau a cărui viteză maximă, prin construcție, depășește 45 km/h;</p><p style=""text-align:justify;"">23.&nbsp; parte carosabilă - porțiunea din platforma drumului destinată circulației vehiculelor; un drum poate cuprinde mai multe părți carosabile complet separate una de cealaltă printr-o zonă despărțitoare sau prin diferența de nivel;</p><p style=""text-align:justify;"">24.&nbsp; participant la trafic - persoană fizică ce utilizează, la un moment dat, drumul public;</p><p>&nbsp;25.&nbsp; pistă pentru biciclete - subdiviziunea părții carosabile, a trotuarului ori a acostamentului, special amenajată, semnalizată și marcată corespunzător;</p><p>26.&nbsp; prioritate de trecere - dreptul unui participant la trafic de a trece înaintea celorlalți participanți la trafic cu care se intersectează, în conformitate cu prevederile legale privind circulația pe drumurile publice;</p><p><span style=""background-color:hsl(60, 75%, 60%);"">27.&nbsp; remorcă - vehiculul fără motor destinat a fi tractat de un autovehicul sau de un tractor agricol sau forestier;</span></p><p>28.&nbsp; remorcă ușoară - remorcă a cărei masă totală maximă autorizată nu depășește 750 kg;</p><p>&nbsp;29.&nbsp; semiremorcă - remorcă a cărei masă totală maximă autorizată este preluată în parte de către un autovehicul sau de către un tractor agricol sau forestier;</p><p>29^1. suspendarea înmatriculării - operațiune administrativă care constă în interzicerea temporară a dreptului de a pune în circulație și a utiliza un vehicul pe drumul public;</p><p>&nbsp;30.&nbsp; tractor agricol sau forestier - orice vehicul cu motor, care circulă pe roți sau pe șenile, având cel puțin două axe, a cărui principală funcție constă în puterea sa de tracțiune, conceput în special pentru a trage, a împinge, a transporta ori a acționa anumite echipamente, utilaje sau remorci utilizate în exploatarea agricolă ori forestieră și a cărui utilizare pentru transportul pe drum al persoanelor sau al mărfurilor ori pentru tractarea, pe drum, a vehiculelor utilizate pentru transportul persoanelor sau al mărfurilor nu este decât o funcție secundară. Sunt asimilate tractorului agricol sau forestier vehiculele destinate efectuării de servicii ori lucrări, denumite mașini autopropulsate;</p><p>31.&nbsp; abrogat;</p><p>32.&nbsp; trecere la nivel - încrucișarea la nivel dintre un drum public și o cale ferată sau linie de tramvai, care dispune de o platformă independentă;</p><p>32^1. triciclu cu motor - autovehicul cu trei roți dispuse simetric, a cărui viteză maximă prin construcție depășește 45 km/h, care este echipat cu un motor având o cilindree de peste 50 cmc, în cazul unui motor cu ardere internă, sau cu un motor electric cu putere nominală continuă ce depășește 4 kW;</p><p>33.&nbsp; trotuar - spațiul longitudinal situat în partea laterală a drumului, separat în mod vizibil de partea carosabilă prin diferență sau fără diferență de nivel, destinat circulației pietonilor;</p><p>34.&nbsp; deținător mandatat - persoană fizică sau juridică care folosește un vehicul în baza unui contract de leasing;</p><p>&nbsp;35.&nbsp; vehicul - sistemul mecanic care se deplasează pe drum, cu sau fără mijloace de autopropulsare, utilizat în mod curent pentru transportul de persoane și/sau bunuri ori pentru efectuarea de servicii sau lucrări;</p><p>35^1. vehicul nou - vehicul care nu a mai fost niciodată înmatriculat;</p><p>&nbsp;35^2. vehicul lent - vehicul cu viteza maximă constructivă de până la 25 km/h inclusiv, cu excepția vehiculelor cu două sau trei roți, a cvadriciclurilor, a tractoarelor agricole sau forestiere, a remorcilor destinate a fi tractate de tractoarele agricole sau forestiere, precum și a mașinilor autopropulsate.</p><p>36.&nbsp; vehicul cu mase sau dimensiuni de gabarit depășite - vehiculul care, datorită dimensiunilor sale ori mărfurilor transportate, depășește masele totale maxime admise sau dimensiunile de gabarit admise, prevăzute în reglementările legale;</p><p>37.&nbsp; vehicul în circulație internațională sau în trafic internațional - vehiculul care, prin deplasarea sa, depășește cel puțin o frontieră de stat;</p><p>38.&nbsp; zona drumului public cuprinde suprafața de teren ocupată de elementele constructive ale drumului, zona de protecție și zona de siguranță. Limitele zonelor drumurilor se stabilesc în conformitate cu prevederile legale;</p><p>39.&nbsp; zona pietonală - perimetrul care cuprinde una sau mai multe străzi rezervate circulației pietonilor, unde accesul vehiculelor este supus unor reguli speciale de circulație, având intrările și ieșirile semnalizate în conformitate cu prevederile legale;</p><p>40.&nbsp; zona rezidențială - perimetrul dintr-o localitate unde se aplică reguli speciale de circulație, având intrările și ieșirile semnalizate în conformitate cu prevederile legale.</p><p>41.&nbsp; conducere auto defensivă - pregătire specială a conducătorilor auto în vederea prevenirii accidentelor rutiere;</p><p>&nbsp;</p>


                    </div>","https://scoaladrpciv.ro/intrebari/categoria-c/reguli-generale"
"1790532680-106","https://scoaladrpciv.ro/intrebari/categoria-c","Se consideră contravenţie:","A - nerespectarea prevederilor privind utilizarea diagramelor tahograf sau a cartelelor tahografice atunci când vehiculul este condus de un echipaj format din mai mulţi conducători auto;","B - nerespectarea obligaţiei privind neintroducerea datelor în tahograf;","C - nerespectarea prevederilor privind reglarea ceasului tahografului şi utilizarea comutatorului.","","","https://scoaladrpciv.ro/intrebare/se-considera-contraventie-549b","","<div class="""">
                        


                    </div>","https://scoaladrpciv.ro/intrebari/categoria-c/reguli-generale"
"1790532683-107","https://scoaladrpciv.ro/intrebari/categoria-c","Autovehiculul sau ansamblul de vehicule care, cu sau fără încărcătură, are o lăţime între 3,2 m şi 4,5 m inclusiv sau o lungime mai mare de 25 m, poate circula pe drumul public:","A - numai însoţit de un autovehicul antemergător;","","","B - fără nicio măsură de siguranţă, dar cu atenţie şi cu viteză redusă;","C - cu menţionarea traseului de urmat în foaia de parcurs.","https://scoaladrpciv.ro/intrebare/autovehiculul-sau-ansamblul-de-vehicule-care-cu-sau-fara-incarcatura-are-o-latime-intre-3-2-m-si-4-5-m-inclusiv-sau-o-lungime-mai-mare-de-25-m-poate-circula-pe-drumul-public-aa45","","<div class="""">
                        <h4>Articolul 172</h4><p><span style=""background-color:hsl(60, 75%, 60%);"">(1)&nbsp;&nbsp; În circulația pe drumurile publice, autovehiculul sau ansamblul de vehicule care, cu sau fãrã încãrcãtura, are o lãțime între 3,2 m și 4,5 m inclusiv sau o lungime mai mare de 25 m trebuie sã fie precedat de un autovehicul de însoțire, iar cel cu lãțimea mai mare de 4,5 m sau lungimea mai mare de 30 m trebuie sã fie însoțit de douã autovehicule care sã circule unul în fațã și celãlalt în spate.</span></p><p>(2) Pe autostrãzi autovehiculul care, cu sau fãrã încãrcãtura, depãșește lãțimea de 3,2 m trebuie sã fie urmat de un autovehicul de însoțire.</p><p>(3)&nbsp;&nbsp; Autovehiculul de însoțire trebuie sã fie echipat cu un dispozitiv special de avertizare cu luminã galbenã și sã aibã montatã, în funcție de locul ocupat la însoțire, la partea stânga din fațã sau din spate, plãcuțã de identificare reflectorizantã, având fondul alb și chenarul rosu.</p><p>(4)&nbsp;&nbsp; Conducãtorul autovehiculului cu masa și/sau dimensiuni de gabarit depãșite, precum și conducãtorii autovehiculelor de însoțire sunt obligați sã punã și sã menținã în funcțiune semnalele speciale de avertizare cu luminã galbenã, prevãzute la art. 32 alin.</p><p>(1)&nbsp;&nbsp; lit. c) din Ordonanța de urgențã a Guvernului nr. 195/2002, republicatã, cu modificãrile și completãrile ulterioare, pe toatã perioadã deplasãrii pe drumul public.</p>


                    </div>","https://scoaladrpciv.ro/intrebari/categoria-c/reguli-generale"
"1790532685-108","https://scoaladrpciv.ro/intrebari/categoria-c","Cum este definit transportul rutier?","A - orice deplasare efectuată, în totalitate sau parţial, în gol sau cu sarcină, pe drumurile deschise circulaţiei publice, de un vehicul utilizat pentru transportul de persoane sau de marfă;","C - transportul efectuat cu autovehicule ale căror caracteristici sunt specifice atât în ceea ce priveşte forma caroseriei, cât şi puterea motorului.","","B - orice deplasare efectuată pe drumurile judeţene, naţionale sau naţional europene;","","https://scoaladrpciv.ro/intrebare/cum-este-definit-transportul-rutier-4606","","<div class="""">
                        


                    </div>","https://scoaladrpciv.ro/intrebari/categoria-c/reguli-generale"
"1790532687-109","https://scoaladrpciv.ro/intrebari/categoria-c","Conducatorul auto actioneaza asupra aparatului tahograf cu scopul:","B - de a inregistra corect si distinct perioadele de conducere","","","A - de a lua legatura cu dispeceratul","C - de a mari sau micsora efectul sonor.","https://scoaladrpciv.ro/intrebare/conducatorul-auto-actioneaza-asupra-aparatului-tahograf-cu-scopul-e85b","","<div class="""">
                        


                    </div>","https://scoaladrpciv.ro/intrebari/categoria-c/reguli-generale"
"1790532689-110","https://scoaladrpciv.ro/intrebari/categoria-c","Aveţi posibilitatea de a efectua transportul de mărfuri cu autovehicule şi remorci care circulă în baza autorizaţiei pentru probe?","B - nu;","","","A - da, fără nicio restricţie;","C - da, cu aprobarea poliţiei rutiere.","https://scoaladrpciv.ro/intrebare/aveti-posibilitatea-de-a-efectua-transportul-de-marfuri-cu-autovehicule-si-remorci-care-circula-in-baza-autorizatiei-pentru-probe-ccbe","","<div class="""">
                        <h4>Articolul 7</h4><p>Orice vehicul care circulă pe drumurile publice trebuie să corespundă normelor tehnice privind siguranța circulației rutiere, protecția mediului și utilizarea conform destinației.</p>


                    </div>","https://scoaladrpciv.ro/intrebari/categoria-c/reguli-generale"
"1790532692-111","https://scoaladrpciv.ro/intrebari/categoria-c","Pe autostrăzi, autovehiculul care, cu sau fără încărcătură, depăşeşte lăţimea de 3,2 m, trebuie să fie:","B - urmat de un autovehicul de însoţire;","","","A - dotat cu dispozitive speciale de semnalizare luminoasă şi sonoră;","C - însoţit de cel puţin două echipaje de poliţie rutieră.","https://scoaladrpciv.ro/intrebare/pe-autostrazi-autovehiculul-care-cu-sau-fara-incarcatura-depaseste-latimea-de-3-2-m-trebuie-sa-fie-8251","","<div class="""">
                        <h4>Articolul 172</h4><p>(1)&nbsp;&nbsp; În circulația pe drumurile publice, autovehiculul sau ansamblul de vehicule care, cu sau fãrã încãrcãtura, are o lãțime între 3,2 m și 4,5 m inclusiv sau o lungime mai mare de 25 m trebuie sã fie precedat de un autovehicul de însoțire, iar cel cu lãțimea mai mare de 4,5 m sau lungimea mai mare de 30 m trebuie sã fie însoțit de douã autovehicule care sã circule unul în fațã și celãlalt în spate.</p><p><span style=""background-color:hsl(60, 75%, 60%);"">(2) Pe autostrãzi autovehiculul care, cu sau fãrã încãrcãtura, depãșește lãțimea de 3,2 m trebuie sã fie urmat de un autovehicul de însoțire.</span></p><p>(3)&nbsp;&nbsp; Autovehiculul de însoțire trebuie sã fie echipat cu un dispozitiv special de avertizare cu luminã galbenã și sã aibã montatã, în funcție de locul ocupat la însoțire, la partea stânga din fațã sau din spate, plãcuțã de identificare reflectorizantã, având fondul alb și chenarul rosu.</p><p>(4)&nbsp;&nbsp; Conducãtorul autovehiculului cu masa și/sau dimensiuni de gabarit depãșite, precum și conducãtorii autovehiculelor de însoțire sunt obligați sã punã și sã menținã în funcțiune semnalele speciale de avertizare cu luminã galbenã, prevãzute la art. 32 alin.</p><p>(1)&nbsp;&nbsp; lit. c) din Ordonanța de urgențã a Guvernului nr. 195/2002, republicatã, cu modificãrile și completãrile ulterioare, pe toatã perioadã deplasãrii pe drumul public.</p>


                    </div>","https://scoaladrpciv.ro/intrebari/categoria-c/reguli-generale"
"1790532694-112","https://scoaladrpciv.ro/intrebari/categoria-c","Încărcătura unui autocamion trebuie să fie aşezată astfel încât:","A - să nu provoace zgomote care să jeneze conducătorul şi pe participanţii la trafic, să nu sperie animalele, să nu producă praf sau mirosuri pestilenţiale;","","","B - să folosească la maximum spaţiul de deasupra roţilor din spate;","C - să nu atragă curiozitatea participanţilor la trafic.","https://scoaladrpciv.ro/intrebare/incarcatura-unui-autocamion-trebuie-sa-fie-asezata-astfel-incat-c953","","<div class="""">
                        <h4>Articolul 150</h4><p>(1)&nbsp;&nbsp; Încãrcãtura unui vehicul trebuie sã fie așezatã și, la nevoie, fixatã astfel încât:</p><ul style=""list-style-type:circle;""><li>a)&nbsp;&nbsp; sã nu punã în pericol persoane ori sã nu cauzeze daune proprietãții publice sau private;</li><li>b)&nbsp;&nbsp; sã nu stânjeneascã vizibilitatea conducãtorului și sã nu pericliteze stabilitatea ori conducerea vehiculului;</li><li>c)&nbsp; sã nu fie târâtã, sã nu se scurgã și sã nu cadã pe drum;</li><li>d)&nbsp;&nbsp; sã nu mascheze dispozitivele de semnalizare, catadioptrii și plãcuțele cu numãrul de înmatriculare sau de înregistrare ori provizoriu, iar în cazul vehiculelor fãrã motor, semnalele fãcute cu brațele de conducãtorul acestora;</li><li><span style=""background-color:hsl(60, 75%, 60%);"">e)&nbsp;&nbsp; sã nu provoace zgomot care sã jeneze conducãtorul, participanții la trafic ori sã sperie animalele și sã nu producã praf sau mirosuri pestilențiale.</span></li></ul><p>(2)&nbsp;&nbsp; Lanțurile, cablurile, prelatele și alte accesorii ce servesc la asigurarea sau protecția încãrcãturii trebuie sã o fixeze cât mai bine de vehicul și sã nu constituie ele însele un pericol pentru siguranța circulației.</p><p>(3)&nbsp;&nbsp; Încãrcãtura care consta în materiale sau produse ce se pot împrãștia în timpul mersului trebuie acoperitã cu o prelatã. Când încãrcãtura consta în obiecte mari ori grele, aceasta trebuie fixatã pentru a nu se deplasa în timpul transportului și a nu depãși gabaritul vehiculului.</p>


                    </div>","https://scoaladrpciv.ro/intrebari/categoria-c/reguli-generale"
"1790532696-113","https://scoaladrpciv.ro/intrebari/categoria-c","Atunci când transportaţi mărfuri sau produse periculoase, vă este interzis:","B - să remorcaţi un vehicul rămas în pană;","C - să provocaţi în mers şocuri autovehiculului.","","A - să depăşiţi alte vehicule;","","https://scoaladrpciv.ro/intrebare/atunci-cand-transportati-marfuri-sau-produse-periculoase-va-este-interzis-e904","","<div class="""">
                        <h4>Articolul 176</h4><p>Se interzice conducãtorului de autovehicul care transporta mãrfuri sau produse periculoase:</p><p><span style=""background-color:hsl(60, 75%, 60%);"">a)&nbsp; sã provoace șocuri autovehiculului în mers;</span></p><p>b)&nbsp;&nbsp; sã fumeze în timpul mersului ori sã aprindã foc la oprire sau staționare, la o distanțã mai mica de 50 m de autovehicul;</p><p>c)&nbsp;&nbsp; sã lase autovehiculul și încãrcãtura fãrã supravegherea sã, a însoțitorului ori a unei alte persoane calificate;</p><p><span style=""background-color:hsl(60, 75%, 60%);"">d)&nbsp;&nbsp; sã remorcheze un vehicul rãmas în pânã;</span></p><p>e)&nbsp;&nbsp; sã urmeze alte trasee sau sã staționeze în alte locuri decât cele stabilite, precum și pe partea carosabilã a drumului pe timp de noapte;</p><p>f)&nbsp;&nbsp; sã transporte alte încãrcãturi care, prin natura lor, ar putea determina o sporire a pericolului;</p><p>g)&nbsp;&nbsp; sã permitã prezența în autovehicul a altor persoane, cu excepția celuilalt conducãtor, a însoțitorilor sau a celor care încarcã ori descarcã mãrfurile sau produsele transportate;</p><p>h)&nbsp;&nbsp; sã intre pe sectoarele de drum pe care îi este interzis accesul;</p><p>i)&nbsp;&nbsp; sã pãstreze în autovehicul rezerve de combustibil în ambalaje care nu sunt special confecționate în acest scop.</p><p>text</p>


                    </div>","https://scoaladrpciv.ro/intrebari/categoria-c/reguli-generale"
"1790532699-114","https://scoaladrpciv.ro/intrebari/categoria-c","Pentru a limita riscul de răsturnare, coletele grele trebuie încărcate şi aşezate:","C - în partea inferioară a caroseriei.","","","A - în partea laterală, dreaptă sau stângă, a caroseriei;","B - în partea superioară a caroseriei;","https://scoaladrpciv.ro/intrebare/pentru-a-limita-riscul-de-rasturnare-coletele-grele-trebuie-incarcate-si-asezate-bcbb","","<div class="""">
                        


                    </div>","https://scoaladrpciv.ro/intrebari/categoria-c/reguli-generale"
"1790532701-115","https://scoaladrpciv.ro/intrebari/categoria-c","Autovehiculul sau ansamblul de vehicule care, prin construcție sau datorită încărcăturii transportate, depășește masa totală de 80 t și/sau lungimea de 40 m, sau în situația în care lățimea sau înălțimea acestuia depășesc 5 m, poate circula pe drumul public:","B - numai în baza autorizației speciale emise de administratorul drumului și cu avizul poliției rutiere;","","","A - fără nicio restricție sau aprobare, însă cu o viteză de până la 50 km/h;","C - numai însoțiți de echipaje de poliție rutieră, precum și de persoane care cunosc bine caracteristicile încărcăturii transportate.","https://scoaladrpciv.ro/intrebare/autovehiculul-sau-ansamblul-de-vehicule-care-prin-constructie-sau-datorita-incarcaturii-transportate-depaseste-masa-totala-de-80-t-si-sau-lungimea-de-40-m-sau-in-situatia-in-care-latimea-sau-inaltimea-acestuia-depasesc-5-m-poate-circula-pe-drumul-public-5b05","","<div class="""">
                        <h4>Articolul 171</h4><p>Autovehiculul sau ansamblul de vehicule care, prin construcție sau datoritã încãrcãturii transportate, depãșește masa totala de 80 tone și/sau lungimea de 40 m ori lãțimea de 5 m sau înãlțimea de 5 m poate circula pe drumul public numai în baza autorizației speciale emise de administratorul acestuia și cu avizul poliției rutiere.</p>


                    </div>","https://scoaladrpciv.ro/intrebari/categoria-c/reguli-generale"
"1790532703-116","https://scoaladrpciv.ro/intrebari/categoria-c","""Perioada de odihna saptamanala normala"" reprezinta:","B - orice perioada de odihna de cel putin 45 de ore consecutive","","","A - perioada de odihna de cel putin 24 de ore consecutive","C - perioada de odihna de cel putin 3 zile consecutive.","https://scoaladrpciv.ro/intrebare/perioada-de-odihna-saptamanala-normala-reprezinta-40b4","","<div class="""">
                        


                    </div>","https://scoaladrpciv.ro/intrebari/categoria-c/reguli-generale"
"1790532705-117","https://scoaladrpciv.ro/intrebari/categoria-c","Cum se defineste ""pauza"", potrivit reglementarilor care stabilesc perioadele de conducere si de odihna ale conducatorilor auto?","B - orice perioada in timpul careia conducatorul nu are dreptul sa conduca sau sa efectueze alte sarcini, al carei scop unic este odihna","","","A - perioada in care conducatorul auto poate efectua numai lucrari de intretinere si reparatii, fara a conduce autovehiculul","C - perioada in care conducatorul auto alimenteaza autovehiculul cu combustibil, asigura gresarea si intretinerea acestuia, precum si completarea documentelor de transport obligatorii.","https://scoaladrpciv.ro/intrebare/cum-se-defineste-pauza-potrivit-reglementarilor-care-stabilesc-perioadele-de-conducere-si-de-odihna-ale-conducatorilor-auto-8dce","","<div class="""">
                        


                    </div>","https://scoaladrpciv.ro/intrebari/categoria-c/reguli-generale"
"1790532708-118","https://scoaladrpciv.ro/intrebari/categoria-c","Ce se înţelege prin „semiremorcă”?","B - remorca a cărei masă totală maximă autorizată este preluată în parte de către un autovehicul sau de către un tractor;","","","A - remorca a cărei masă maximă autorizată nu depăşeşte 750 kg;","C - remorca basculabilă, destinată doar transporturilor de mărfuri neambalate.","https://scoaladrpciv.ro/intrebare/ce-se-intelege-prin-semiremorca-25c4","","<div class="""">
                        <h4>Articolul 6</h4><p>În sensul prezentei ordonanțe de urgență, expresiile și termenii de mai jos au următorul înțeles:</p><p>1.&nbsp; acordare a priorității - obligația oricărui participant la trafic de a nu își continua deplasarea sau de a nu efectua orice altă manevră, dacă prin acestea îi obliga pe ceilalți participanți la trafic care au prioritate de trecere să își modifice brusc direcția sau viteza de deplasare ori să oprească;</p><p>2.&nbsp; acostament - fâșia laterală cuprinsă între limita părții carosabile și marginea platformei drumului;</p><p>3.&nbsp; amenajări rutiere - totalitatea construcțiilor, dispozitivelor și oricăror mijloace tehnice, altele decât cele destinate semnalizării, amplasate pe drumul public în scopul asigurării securității rutiere;</p><p>4.&nbsp; ansamblu de vehicule - vehiculul cu motor cuplat cu unul sau două vehicule, care circulă pe drum ca o unitate;</p><p>5.&nbsp; autostrada - drumul național de mare capacitate și viteză, semnalizat special, rezervat exclusiv circulației autovehiculelor, cu sau fără remorci, care nu servește proprietății riverane, prevăzut cu două căi unidirecționale, separate printr-o zonă mediană sau, în mod excepțional, prin alte modalități, cu excepția unor locuri speciale sau cu caracter temporar, având cel puțin două benzi de circulație pe sens și banda de urgență, intersecții denivelate și accese limitate, intrarea și ieșirea fiind permise numai prin locuri special amenajate;</p><p>6.&nbsp; autovehicul - orice vehicul echipat cu motor de propulsie, utilizat în mod obișnuit pentru transportul persoanelor sau mărfurilor pe drum ori pentru tractarea, pe drum, a vehiculelor utilizate pentru transportul persoanelor sau mărfurilor. Vehiculele care se deplasează pe șine, denumite tramvaie, precum și tractoarele agricole sau forestiere nu sunt considerate autovehicule. Troleibuzele sunt considerate autovehicule;</p><p>6^1. anvelope de iarnă - anvelope omologate conform Directivei 92/23/CE a Consiliului din 31 martie 1992 privind pneurile autovehiculelor și ale remorcilor acestora, precum și montarea lor, Regulamentului Comisiei Economice pentru Europa a Organizației Națiunilor Unite (CEE-ONU) nr. 30 sau Regulamentului Comisiei Economice pentru Europa a Organizației Națiunilor Unite CEE-ONU nr. 54, după caz.</p><p>7.&nbsp; banda de circulație - subdiviziunea longitudinală a părții carosabile, materializată prin marcaje rutiere sau alte mijloace, dacă are o lățime corespunzătoare pentru circulația într-un sens a unui șir de vehicule, altele decât vehiculele care se deplasează pe două roți;</p><p>8.&nbsp; banda de urgență - subdiviziunea longitudinală suplimentară, situată la extremitatea din partea dreapta a autostrăzii, în sensul de circulație, destinată exclusiv staționării autovehiculelor în cazuri justificate, precum și circulației autovehiculelor cu regim prioritar care se deplasează la intervenții sau în misiuni cu caracter de urgență;</p><p>9.&nbsp; banda reversibilă - banda de circulație, marcată și semnalizată, situată lângă axa drumului, destinată circulației autovehiculelor într-un sens sau în altul, în funcție de intensitatea traficului;</p><p>10.&nbsp; bicicletă - vehiculul prevăzut cu două roți, propulsat prin forța musculară, cu ajutorul pedalelor ori manivelelor. Sunt asimilate bicicletei vehiculele cu pedale cu pedalare asistată echipate cu un motor electric auxiliar cu puterea nominală continuă mai mică sau egală cu 250 W, a cărui asistare este întreruptă atunci când ciclistul încetează să pedaleze sau este redusă progresiv pe măsură ce viteza vehiculului crește, fiind întreruptă complet înainte ca viteza vehiculului să atingă 25 km/h, precum și bicicletele cu motor, astfel cum sunt prevăzute în Regulamentul (UE) nr. 168/2013 al Parlamentului European și al Consiliului din 15 ianuarie 2013 privind omologarea și supravegherea pieței pentru vehiculele cu două sau trei roți și pentru cvadricicluri;</p><p>10^1. trotineta electrică - vehiculul cu două sau trei roți și ghidon, utilizat pentru transportul unei singure persoane, care nu este prevăzut cu loc șezând sau care este echipat cu un loc șezând pentru conducător, al cărui punct de ședere de referință se află la o înălțime mai mică sau egală cu 540 mm în cazul celor cu două roți, respectiv la o înălțime mai mică sau egală cu 400 mm în cazul celor cu trei roți, a cărui viteză maximă prin construcție este mai mare de 6 km/h, dar nu depășește 25 km/h și care este echipat cu motor electric; punctul de ședere de referință are înțelesul prevăzut în Regulamentul (UE) nr. 168/2013 al Parlamentului European și al Consiliului din 15 ianuarie 2013;</p><p>11.&nbsp; coloana oficială - unul sau mai multe vehicule care circulă pe drumul public și sunt însoțite de unul sau mai multe autovehicule ale poliției rutiere, care au în funcțiune semnale speciale de avertizare sonore și luminoase de culoare roșie;</p><p>12.&nbsp; conducător - persoana care conduce pe drum un grup de persoane, un vehicul sau animale de tracțiune, animale izolate sau în turmă, de povară ori de călărie;</p><p>13.&nbsp; abrogat;</p><p>&nbsp;13^1. eliminat.</p><p>14.&nbsp; drum public - orice cale de comunicație terestra, cu excepția căilor ferate, special amenajată pentru traficul pietonal sau rutier, deschisă circulației publice; drumurile care sunt închise circulației publice sunt semnalizate la intrare cu inscripții vizibile;</p><p>14.1. drum pentru cicliști - sunt căi de comunicație terestră proiectate și construite special pentru circulația cicliștilor;</p><p>15.&nbsp; unități de asistență medicală autorizate - unitățile sanitare cu personal calificat și cu dotare corespunzătoare pentru examinarea medicală ambulatorie a candidaților la obținerea permisului de conducere și a conducătorilor de autovehicule, de tractoare agricole sau forestiere ori de tramvaie, autorizate de autoritatea de sănătate publică județeană sau de cea a municipiului București, după caz;</p><p>16.&nbsp; intersecție - orice încrucișare, joncțiune sau bifurcare de drumuri la nivel, inclusiv spațiile formate de acestea;</p><p>16^1. înmatriculare/înregistrare - operațiunea administrativă prin care se atestă că un vehicul poate circula pe drumurile publice. Dovada atestării înmatriculării/înregistrării este certificatul de înmatriculare/înregistrare și numărul de înmatriculare/înregistrare atribuit;</p><p>16^2. înmatriculare/înregistrare permanentă - operațiunea de înmatriculare/înregistrare prin care se atribuie certificat de înmatriculare/înregistrare și număr de înmatriculare/ înregistrare pentru o perioadă nedeterminată;</p><p>16^3. înmatriculare temporară - operațiunea de înmatriculare prin care se acorda certificat de înmatriculare și număr de înmatriculare pentru o perioada determinata;</p><p>17.&nbsp; localitate - cătunul, satul, comuna, orașul și municipiul ale căror intrări și ieșiri sunt semnalizate în conformitate cu prevederile legale;</p><p>18.&nbsp; masa totală maximă autorizata - masa maximă a unui vehicul încărcat, declarată admisibilă în urma omologării de către autoritatea competentă;</p><p style=""text-align:justify;"">19.&nbsp; mijloc tehnic certificat - dispozitivul care dovedește consumul de substanțe psihoactive ori prezența în aerul expirat a alcoolului sau prin care se probează încălcări ale unor reguli de circulație;</p><p style=""text-align:justify;"">20.&nbsp; mijloc tehnic omologat și verificat metrologic - dispozitivul care stabilește concentrația de alcool în aerul expirat ori destinat măsurării vitezei;</p><p>&nbsp;21.&nbsp; moped - autovehicul care face parte din categoria mopedelor potrivit Regulamentului (UE) nr. 168/2013 al Parlamentului European și al Consiliului din 15 ianuarie 2013. Este asimilat mopedului cvadriciclul ușor, astfel cum este prevăzut în Regulamentul (UE) nr. 168/2013 al Parlamentului European și al Consiliului din 15 ianuarie 2013;</p><p>22.&nbsp; motocicletă - autovehiculul cu două roți, cu sau fără ataș, echipat cu un motor care are o capacitate cilindrică mai mare de 50 cmc și/sau a cărui viteză maximă, prin construcție, depășește 45 km/h;</p><p style=""text-align:justify;"">23.&nbsp; parte carosabilă - porțiunea din platforma drumului destinată circulației vehiculelor; un drum poate cuprinde mai multe părți carosabile complet separate una de cealaltă printr-o zonă despărțitoare sau prin diferența de nivel;</p><p style=""text-align:justify;"">24.&nbsp; participant la trafic - persoană fizică ce utilizează, la un moment dat, drumul public;</p><p>&nbsp;25.&nbsp; pistă pentru biciclete - subdiviziunea părții carosabile, a trotuarului ori a acostamentului, special amenajată, semnalizată și marcată corespunzător;</p><p>26.&nbsp; prioritate de trecere - dreptul unui participant la trafic de a trece înaintea celorlalți participanți la trafic cu care se intersectează, în conformitate cu prevederile legale privind circulația pe drumurile publice;</p><p>27.&nbsp; remorcă - vehiculul fără motor destinat a fi tractat de un autovehicul sau de un tractor agricol sau forestier;</p><p>28.&nbsp; remorcă ușoară - remorcă a cărei masă totală maximă autorizată nu depășește 750 kg;</p><p><span style=""background-color:hsl(60, 75%, 60%);"">&nbsp;29.&nbsp; semiremorcă - remorcă a cărei masă totală maximă autorizată este preluată în parte de către un autovehicul sau de către un tractor agricol sau forestier;</span></p><p>29^1. suspendarea înmatriculării - operațiune administrativă care constă în interzicerea temporară a dreptului de a pune în circulație și a utiliza un vehicul pe drumul public;</p><p>&nbsp;30.&nbsp; tractor agricol sau forestier - orice vehicul cu motor, care circulă pe roți sau pe șenile, având cel puțin două axe, a cărui principală funcție constă în puterea sa de tracțiune, conceput în special pentru a trage, a împinge, a transporta ori a acționa anumite echipamente, utilaje sau remorci utilizate în exploatarea agricolă ori forestieră și a cărui utilizare pentru transportul pe drum al persoanelor sau al mărfurilor ori pentru tractarea, pe drum, a vehiculelor utilizate pentru transportul persoanelor sau al mărfurilor nu este decât o funcție secundară. Sunt asimilate tractorului agricol sau forestier vehiculele destinate efectuării de servicii ori lucrări, denumite mașini autopropulsate;</p><p>31.&nbsp; abrogat;</p><p>32.&nbsp; trecere la nivel - încrucișarea la nivel dintre un drum public și o cale ferată sau linie de tramvai, care dispune de o platformă independentă;</p><p>32^1. triciclu cu motor - autovehicul cu trei roți dispuse simetric, a cărui viteză maximă prin construcție depășește 45 km/h, care este echipat cu un motor având o cilindree de peste 50 cmc, în cazul unui motor cu ardere internă, sau cu un motor electric cu putere nominală continuă ce depășește 4 kW;</p><p>33.&nbsp; trotuar - spațiul longitudinal situat în partea laterală a drumului, separat în mod vizibil de partea carosabilă prin diferență sau fără diferență de nivel, destinat circulației pietonilor;</p><p>34.&nbsp; deținător mandatat - persoană fizică sau juridică care folosește un vehicul în baza unui contract de leasing;</p><p>&nbsp;35.&nbsp; vehicul - sistemul mecanic care se deplasează pe drum, cu sau fără mijloace de autopropulsare, utilizat în mod curent pentru transportul de persoane și/sau bunuri ori pentru efectuarea de servicii sau lucrări;</p><p>35^1. vehicul nou - vehicul care nu a mai fost niciodată înmatriculat;</p><p>&nbsp;35^2. vehicul lent - vehicul cu viteza maximă constructivă de până la 25 km/h inclusiv, cu excepția vehiculelor cu două sau trei roți, a cvadriciclurilor, a tractoarelor agricole sau forestiere, a remorcilor destinate a fi tractate de tractoarele agricole sau forestiere, precum și a mașinilor autopropulsate.</p><p>36.&nbsp; vehicul cu mase sau dimensiuni de gabarit depășite - vehiculul care, datorită dimensiunilor sale ori mărfurilor transportate, depășește masele totale maxime admise sau dimensiunile de gabarit admise, prevăzute în reglementările legale;</p><p>37.&nbsp; vehicul în circulație internațională sau în trafic internațional - vehiculul care, prin deplasarea sa, depășește cel puțin o frontieră de stat;</p><p>38.&nbsp; zona drumului public cuprinde suprafața de teren ocupată de elementele constructive ale drumului, zona de protecție și zona de siguranță. Limitele zonelor drumurilor se stabilesc în conformitate cu prevederile legale;</p><p>39.&nbsp; zona pietonală - perimetrul care cuprinde una sau mai multe străzi rezervate circulației pietonilor, unde accesul vehiculelor este supus unor reguli speciale de circulație, având intrările și ieșirile semnalizate în conformitate cu prevederile legale;</p><p>40.&nbsp; zona rezidențială - perimetrul dintr-o localitate unde se aplică reguli speciale de circulație, având intrările și ieșirile semnalizate în conformitate cu prevederile legale.</p><p>41.&nbsp; conducere auto defensivă - pregătire specială a conducătorilor auto în vederea prevenirii accidentelor rutiere;</p>


                    </div>","https://scoaladrpciv.ro/intrebari/categoria-c/reguli-generale"
"1790532710-119","https://scoaladrpciv.ro/intrebari/categoria-c","Care dintre obligaţiile de mai jos revin conducătorilor auto angajaţi de către operatorii de transport rutier?","A - să respecte perioadele de conducere şi perioadele de odihnă, conform reglementărilor legale în vigoare, şi să utilizeze corect aparatul tahograf;","C - să nu intervină asupra aparatului tahograf sau a limitatorului de viteză pentru scoaterea acestuia din uz sau pentru modificarea caracteristicilor de funcţionare.","","B - să circule, numai pe timp de zi, fără a depăşi viteza indicată de tahometru şi să se odihnească pe timpul nopţii;","","https://scoaladrpciv.ro/intrebare/care-dintre-obligatiile-de-mai-jos-revin-conducatorilor-auto-angajati-de-catre-operatorii-de-transport-rutier-cef9","","<div class="""">
                        


                    </div>","https://scoaladrpciv.ro/intrebari/categoria-c/reguli-generale"
"1790532712-120","https://scoaladrpciv.ro/intrebari/categoria-c","Lăţimea maximă admisă pentru toate vehiculele, cu excepţia celor frigorifice având caroserie izotermă, este:","C - 2,55 m.","","","A - 2,00 m;","B - 2,40 m;","https://scoaladrpciv.ro/intrebare/latimea-maxima-admisa-pentru-toate-vehiculele-cu-exceptia-celor-frigorifice-avand-caroserie-izoterma-este-2786","","<div class="""">
                        


                    </div>","https://scoaladrpciv.ro/intrebari/categoria-c/reguli-generale"
"1790532715-121","https://scoaladrpciv.ro/intrebari/categoria-c","Care este durata maxima de conducere zilnica?","A - 9 ore","","","B - 8 ore","C - 12 ore.","https://scoaladrpciv.ro/intrebare/care-este-durata-maxima-de-conducere-zilnica-21b9","","<div class="""">
                        


                    </div>","https://scoaladrpciv.ro/intrebari/categoria-c/reguli-generale"
"1790532717-122","https://scoaladrpciv.ro/intrebari/categoria-c","Masa totală maximă admisă a remorcii cu două osii, pe un drum european, este:","C - 17 t.","","","A - 3,5 t;","B - 7,5 t;","https://scoaladrpciv.ro/intrebare/masa-totala-maxima-admisa-a-remorcii-cu-doua-osii-pe-un-drum-european-este-8b65","","<div class="""">
                        


                    </div>","https://scoaladrpciv.ro/intrebari/categoria-c/reguli-generale"
"1790532719-123","https://scoaladrpciv.ro/intrebari/categoria-c","Se consideră contravenţie:","A - nerespectarea prevederilor privind scoaterea neautorizată a diagramei tahografice din tahograf sau a cartelei tahografice din tahograful digital, înaintea terminării zilei de lucru, sau utilizarea pentru o perioadă mai lungă decât cea prevăzută;","","","B - folosirea unui tahograf electronic;","C - întreţinerea de conversaţii cu persoanele aflate în cabină.","https://scoaladrpciv.ro/intrebare/se-considera-contraventie-5c29","","<div class="""">
                        


                    </div>","https://scoaladrpciv.ro/intrebari/categoria-c/reguli-generale"
"1790532722-124","https://scoaladrpciv.ro/intrebari/categoria-c","Limitarea deplasărilor mărfurilor care pot determina instabilitatea autocamionului se poate realiza prin folosirea:","B - chingilor, lanţurilor, calelor şi a cablurilor;","","","A - paleţilor;","C - rolcontainerelor.","https://scoaladrpciv.ro/intrebare/limitarea-deplasarilor-marfurilor-care-pot-determina-instabilitatea-autocamionului-se-poate-realiza-prin-folosirea-9162","","<div class="""">
                        


                    </div>","https://scoaladrpciv.ro/intrebari/categoria-c/reguli-generale"
"1790532724-125","https://scoaladrpciv.ro/intrebari/categoria-c","Se consideră contravenţie:","A - nerespectarea prevederilor în vigoare, privind utilizarea unei cartele tahografice defecte sau expirate;","C - nerespectarea prevederilor privind utilizarea unor diagrame tahografice murdare sau deteriorate.","","B - utilizarea DVD-urilor sau a altor aparate electronice;","","https://scoaladrpciv.ro/intrebare/se-considera-contraventie-4d94","","<div class="""">
                        


                    </div>","https://scoaladrpciv.ro/intrebari/categoria-c/reguli-generale"
"1790532726-126","https://scoaladrpciv.ro/intrebari/categoria-c","Când se face distribuirea mărfurilor alimentare, transportate cu autovehicule având o masă maximă autorizată mai mare de 3,5 t, la unităţile comerciale?","C - pe timpul nopţii, conform unor programe sau intervale orare stabilite de către autorităţile competente.","","","A - la orice oră din zi sau noapte, respectându-se semnalizarea rutieră existentă;","B - în timpul zilei, fără nicio restricţie;","https://scoaladrpciv.ro/intrebare/cand-se-face-distribuirea-marfurilor-alimentare-transportate-cu-autovehicule-avand-o-masa-maxima-autorizata-mai-mare-de-3-5-t-la-unitatile-comerciale-e530","","<div class="""">
                        <h4>Articolul 63</h4><p>(1)&nbsp;&nbsp;Se consideră oprire imobilizarea voluntară a unui vehicul pe drumul public, pe o durată de cel mult 5 minute. Peste aceasta durată, imobilizarea se consideră staționare.</p><p>(2)&nbsp; Nu se consideră oprire:</p><ul><li>a)&nbsp;&nbsp;&nbsp;imobilizarea vehiculului atât timp cât este necesară pentru îmbarcarea sau debarcarea unor persoane, dacă prin aceasta manevra nu a fost perturbată circulația pe drumul public respectiv;</li><li>b)&nbsp; imobilizarea autovehiculului având o masă totală maximă autorizată de până la 3,5 tone, atât timp cât este necesar pentru operațiunea de distribuire a mărfurilor alimentare la unitățile comerciale.</li></ul><p><span style=""background-color:hsl(60, 75%, 60%);"">(3)&nbsp;&nbsp; Pentru autovehiculele care transportă mărfuri, altele decât cele prevăzute la alin. (2) lit. b), administratorul drumului public împreună cu autoritățile administrației publice locale, cu avizul poliției rutiere, vor stabili programe sau intervale orare pe timpul nopții, în care oprirea sau staționarea este permisă pentru distribuirea mărfurilor.</span></p><p>(4)&nbsp;&nbsp; Se consideră parcare staționarea vehiculelor în spații special amenajate sau stabilite și semnalizate corespunzător.</p><p>(5)&nbsp;&nbsp;&nbsp;Vehiculul oprit sau staționat pe partea carosabilă trebuie așezat lângă și în paralel cu marginea acesteia, pe un singur rând, dacă printr-un alt mijloc de semnalizare nu se dispune altfel. Motocicletele fără ataș, mopedele și bicicletele pot fi oprite sau staționate și câte două, una lângă alta.</p>


                    </div>","https://scoaladrpciv.ro/intrebari/categoria-c/reguli-generale"
"1790532728-127","https://scoaladrpciv.ro/intrebari/categoria-c","Conducatorul auto poate petrece perioada zilnica de odihna in vehicul?","B - da, cu conditia ca vehiculul sa fie echipat cu cabina de dormit si sa fie in stationare","","","A - da, daca scaunul soferului este rabatabil","C - nu, in nicio situatie.","https://scoaladrpciv.ro/intrebare/conducatorul-auto-poate-petrece-perioada-zilnica-de-odihna-in-vehicul-a7bc","","<div class="""">
                        


                    </div>","https://scoaladrpciv.ro/intrebari/categoria-c/reguli-generale"
"1790532735-128","https://scoaladrpciv.ro/intrebari/categoria-c","Masa totală maximă admisă a remorcii cu trei osii, pe un drum european, este:","C - 22 t.","","","A - 10 t;","B - 15 t;","https://scoaladrpciv.ro/intrebare/masa-totala-maxima-admisa-a-remorcii-cu-trei-osii-pe-un-drum-european-este-2007","","<div class="""">
                        


                    </div>","https://scoaladrpciv.ro/intrebari/categoria-c/reguli-generale"
"1790532742-129","https://scoaladrpciv.ro/intrebari/categoria-c","Cum poate fi definit un autovehicul?","B - orice vehicul cu motor care circulă pe un drum public, cu excepţia celor care se deplasează în permanenţă pe calea ferată, şi care serveşte normal la transportul de persoane sau de mărfuri;","","","A - o caroserie montată pe o structură de rezistenţă numită şasiu, având un sistem de direcţie hidramat sau mecanic;","C - orice vehicul dotat cu un motor cu o putere mai mare de 45 kW.","https://scoaladrpciv.ro/intrebare/cum-poate-fi-definit-un-autovehicul-a131","","<div class="""">
                        <h4>Articolul 6</h4><p>În sensul prezentei ordonanțe de urgență, expresiile și termenii de mai jos au următorul înțeles:</p><p>1.&nbsp; acordare a priorității - obligația oricărui participant la trafic de a nu își continua deplasarea sau de a nu efectua orice altă manevră, dacă prin acestea îi obliga pe ceilalți participanți la trafic care au prioritate de trecere să își modifice brusc direcția sau viteza de deplasare ori să oprească;</p><p>2.&nbsp; acostament - fâșia laterală cuprinsă între limita părții carosabile și marginea platformei drumului;</p><p>3.&nbsp; amenajări rutiere - totalitatea construcțiilor, dispozitivelor și oricăror mijloace tehnice, altele decât cele destinate semnalizării, amplasate pe drumul public în scopul asigurării securității rutiere;</p><p>4.&nbsp; ansamblu de vehicule - vehiculul cu motor cuplat cu unul sau două vehicule, care circulă pe drum ca o unitate;</p><p>5.&nbsp; autostrada - drumul național de mare capacitate și viteză, semnalizat special, rezervat exclusiv circulației autovehiculelor, cu sau fără remorci, care nu servește proprietății riverane, prevăzut cu două căi unidirecționale, separate printr-o zonă mediană sau, în mod excepțional, prin alte modalități, cu excepția unor locuri speciale sau cu caracter temporar, având cel puțin două benzi de circulație pe sens și banda de urgență, intersecții denivelate și accese limitate, intrarea și ieșirea fiind permise numai prin locuri special amenajate;</p><p><span style=""background-color:hsl(60, 75%, 60%);"">6.&nbsp; autovehicul - orice vehicul echipat cu motor de propulsie, utilizat în mod obișnuit pentru transportul persoanelor sau mărfurilor pe drum ori pentru tractarea, pe drum, a vehiculelor utilizate pentru transportul persoanelor sau mărfurilor. Vehiculele care se deplasează pe șine, denumite tramvaie, precum și tractoarele agricole sau forestiere nu sunt considerate autovehicule. Troleibuzele sunt considerate autovehicule;</span></p><p>6^1. anvelope de iarnă - anvelope omologate conform Directivei 92/23/CE a Consiliului din 31 martie 1992 privind pneurile autovehiculelor și ale remorcilor acestora, precum și montarea lor, Regulamentului Comisiei Economice pentru Europa a Organizației Națiunilor Unite (CEE-ONU) nr. 30 sau Regulamentului Comisiei Economice pentru Europa a Organizației Națiunilor Unite CEE-ONU nr. 54, după caz.</p><p>7.&nbsp; banda de circulație - subdiviziunea longitudinală a părții carosabile, materializată prin marcaje rutiere sau alte mijloace, dacă are o lățime corespunzătoare pentru circulația într-un sens a unui șir de vehicule, altele decât vehiculele care se deplasează pe două roți;</p><p>8.&nbsp; banda de urgență - subdiviziunea longitudinală suplimentară, situată la extremitatea din partea dreapta a autostrăzii, în sensul de circulație, destinată exclusiv staționării autovehiculelor în cazuri justificate, precum și circulației autovehiculelor cu regim prioritar care se deplasează la intervenții sau în misiuni cu caracter de urgență;</p><p>9.&nbsp; banda reversibilă - banda de circulație, marcată și semnalizată, situată lângă axa drumului, destinată circulației autovehiculelor într-un sens sau în altul, în funcție de intensitatea traficului;</p><p>10.&nbsp; bicicletă - vehiculul prevăzut cu două roți, propulsat prin forța musculară, cu ajutorul pedalelor ori manivelelor. Sunt asimilate bicicletei vehiculele cu pedale cu pedalare asistată echipate cu un motor electric auxiliar cu puterea nominală continuă mai mică sau egală cu 250 W, a cărui asistare este întreruptă atunci când ciclistul încetează să pedaleze sau este redusă progresiv pe măsură ce viteza vehiculului crește, fiind întreruptă complet înainte ca viteza vehiculului să atingă 25 km/h, precum și bicicletele cu motor, astfel cum sunt prevăzute în Regulamentul (UE) nr. 168/2013 al Parlamentului European și al Consiliului din 15 ianuarie 2013 privind omologarea și supravegherea pieței pentru vehiculele cu două sau trei roți și pentru cvadricicluri;</p><p>10^1. trotineta electrică - vehiculul cu două sau trei roți și ghidon, utilizat pentru transportul unei singure persoane, care nu este prevăzut cu loc șezând sau care este echipat cu un loc șezând pentru conducător, al cărui punct de ședere de referință se află la o înălțime mai mică sau egală cu 540 mm în cazul celor cu două roți, respectiv la o înălțime mai mică sau egală cu 400 mm în cazul celor cu trei roți, a cărui viteză maximă prin construcție este mai mare de 6 km/h, dar nu depășește 25 km/h și care este echipat cu motor electric; punctul de ședere de referință are înțelesul prevăzut în Regulamentul (UE) nr. 168/2013 al Parlamentului European și al Consiliului din 15 ianuarie 2013;</p><p>11.&nbsp; coloana oficială - unul sau mai multe vehicule care circulă pe drumul public și sunt însoțite de unul sau mai multe autovehicule ale poliției rutiere, care au în funcțiune semnale speciale de avertizare sonore și luminoase de culoare roșie;</p><p>12.&nbsp; conducător - persoana care conduce pe drum un grup de persoane, un vehicul sau animale de tracțiune, animale izolate sau în turmă, de povară ori de călărie;</p><p>13.&nbsp; abrogat;</p><p>&nbsp;13^1. eliminat.</p><p>14.&nbsp; drum public - orice cale de comunicație terestra, cu excepția căilor ferate, special amenajată pentru traficul pietonal sau rutier, deschisă circulației publice; drumurile care sunt închise circulației publice sunt semnalizate la intrare cu inscripții vizibile;</p><p>14.1. drum pentru cicliști - sunt căi de comunicație terestră proiectate și construite special pentru circulația cicliștilor;</p><p>15.&nbsp; unități de asistență medicală autorizate - unitățile sanitare cu personal calificat și cu dotare corespunzătoare pentru examinarea medicală ambulatorie a candidaților la obținerea permisului de conducere și a conducătorilor de autovehicule, de tractoare agricole sau forestiere ori de tramvaie, autorizate de autoritatea de sănătate publică județeană sau de cea a municipiului București, după caz;</p><p>16.&nbsp; intersecție - orice încrucișare, joncțiune sau bifurcare de drumuri la nivel, inclusiv spațiile formate de acestea;</p><p>16^1. înmatriculare/înregistrare - operațiunea administrativă prin care se atestă că un vehicul poate circula pe drumurile publice. Dovada atestării înmatriculării/înregistrării este certificatul de înmatriculare/înregistrare și numărul de înmatriculare/înregistrare atribuit;</p><p>16^2. înmatriculare/înregistrare permanentă - operațiunea de înmatriculare/înregistrare prin care se atribuie certificat de înmatriculare/înregistrare și număr de înmatriculare/ înregistrare pentru o perioadă nedeterminată;</p><p>16^3. înmatriculare temporară - operațiunea de înmatriculare prin care se acorda certificat de înmatriculare și număr de înmatriculare pentru o perioada determinata;</p><p>17.&nbsp; localitate - cătunul, satul, comuna, orașul și municipiul ale căror intrări și ieșiri sunt semnalizate în conformitate cu prevederile legale;</p><p>18.&nbsp; masa totală maximă autorizata - masa maximă a unui vehicul încărcat, declarată admisibilă în urma omologării de către autoritatea competentă;</p><p style=""text-align:justify;"">19.&nbsp; mijloc tehnic certificat - dispozitivul care dovedește consumul de substanțe psihoactive ori prezența în aerul expirat a alcoolului sau prin care se probează încălcări ale unor reguli de circulație;</p><p style=""text-align:justify;"">20.&nbsp; mijloc tehnic omologat și verificat metrologic - dispozitivul care stabilește concentrația de alcool în aerul expirat ori destinat măsurării vitezei;</p><p>&nbsp;21.&nbsp; moped - autovehicul care face parte din categoria mopedelor potrivit Regulamentului (UE) nr. 168/2013 al Parlamentului European și al Consiliului din 15 ianuarie 2013. Este asimilat mopedului cvadriciclul ușor, astfel cum este prevăzut în Regulamentul (UE) nr. 168/2013 al Parlamentului European și al Consiliului din 15 ianuarie 2013;</p><p>22.&nbsp; motocicletă - autovehiculul cu două roți, cu sau fără ataș, echipat cu un motor care are o capacitate cilindrică mai mare de 50 cmc și/sau a cărui viteză maximă, prin construcție, depășește 45 km/h;</p><p style=""text-align:justify;"">23.&nbsp; parte carosabilă - porțiunea din platforma drumului destinată circulației vehiculelor; un drum poate cuprinde mai multe părți carosabile complet separate una de cealaltă printr-o zonă despărțitoare sau prin diferența de nivel;</p><p style=""text-align:justify;"">24.&nbsp; participant la trafic - persoană fizică ce utilizează, la un moment dat, drumul public;</p><p>&nbsp;25.&nbsp; pistă pentru biciclete - subdiviziunea părții carosabile, a trotuarului ori a acostamentului, special amenajată, semnalizată și marcată corespunzător;</p><p>26.&nbsp; prioritate de trecere - dreptul unui participant la trafic de a trece înaintea celorlalți participanți la trafic cu care se intersectează, în conformitate cu prevederile legale privind circulația pe drumurile publice;</p><p>27.&nbsp; remorcă - vehiculul fără motor destinat a fi tractat de un autovehicul sau de un tractor agricol sau forestier;</p><p>28.&nbsp; remorcă ușoară - remorcă a cărei masă totală maximă autorizată nu depășește 750 kg;</p><p>&nbsp;29.&nbsp; semiremorcă - remorcă a cărei masă totală maximă autorizată este preluată în parte de către un autovehicul sau de către un tractor agricol sau forestier;</p><p>29^1. suspendarea înmatriculării - operațiune administrativă care constă în interzicerea temporară a dreptului de a pune în circulație și a utiliza un vehicul pe drumul public;</p><p>&nbsp;30.&nbsp; tractor agricol sau forestier - orice vehicul cu motor, care circulă pe roți sau pe șenile, având cel puțin două axe, a cărui principală funcție constă în puterea sa de tracțiune, conceput în special pentru a trage, a împinge, a transporta ori a acționa anumite echipamente, utilaje sau remorci utilizate în exploatarea agricolă ori forestieră și a cărui utilizare pentru transportul pe drum al persoanelor sau al mărfurilor ori pentru tractarea, pe drum, a vehiculelor utilizate pentru transportul persoanelor sau al mărfurilor nu este decât o funcție secundară. Sunt asimilate tractorului agricol sau forestier vehiculele destinate efectuării de servicii ori lucrări, denumite mașini autopropulsate;</p><p>31.&nbsp; abrogat;</p><p>32.&nbsp; trecere la nivel - încrucișarea la nivel dintre un drum public și o cale ferată sau linie de tramvai, care dispune de o platformă independentă;</p><p>32^1. triciclu cu motor - autovehicul cu trei roți dispuse simetric, a cărui viteză maximă prin construcție depășește 45 km/h, care este echipat cu un motor având o cilindree de peste 50 cmc, în cazul unui motor cu ardere internă, sau cu un motor electric cu putere nominală continuă ce depășește 4 kW;</p><p>33.&nbsp; trotuar - spațiul longitudinal situat în partea laterală a drumului, separat în mod vizibil de partea carosabilă prin diferență sau fără diferență de nivel, destinat circulației pietonilor;</p><p>34.&nbsp; deținător mandatat - persoană fizică sau juridică care folosește un vehicul în baza unui contract de leasing;</p><p>&nbsp;35.&nbsp; vehicul - sistemul mecanic care se deplasează pe drum, cu sau fără mijloace de autopropulsare, utilizat în mod curent pentru transportul de persoane și/sau bunuri ori pentru efectuarea de servicii sau lucrări;</p><p>35^1. vehicul nou - vehicul care nu a mai fost niciodată înmatriculat;</p><p>&nbsp;35^2. vehicul lent - vehicul cu viteza maximă constructivă de până la 25 km/h inclusiv, cu excepția vehiculelor cu două sau trei roți, a cvadriciclurilor, a tractoarelor agricole sau forestiere, a remorcilor destinate a fi tractate de tractoarele agricole sau forestiere, precum și a mașinilor autopropulsate.</p><p>36.&nbsp; vehicul cu mase sau dimensiuni de gabarit depășite - vehiculul care, datorită dimensiunilor sale ori mărfurilor transportate, depășește masele totale maxime admise sau dimensiunile de gabarit admise, prevăzute în reglementările legale;</p><p>37.&nbsp; vehicul în circulație internațională sau în trafic internațional - vehiculul care, prin deplasarea sa, depășește cel puțin o frontieră de stat;</p><p>38.&nbsp; zona drumului public cuprinde suprafața de teren ocupată de elementele constructive ale drumului, zona de protecție și zona de siguranță. Limitele zonelor drumurilor se stabilesc în conformitate cu prevederile legale;</p><p>39.&nbsp; zona pietonală - perimetrul care cuprinde una sau mai multe străzi rezervate circulației pietonilor, unde accesul vehiculelor este supus unor reguli speciale de circulație, având intrările și ieșirile semnalizate în conformitate cu prevederile legale;</p><p>40.&nbsp; zona rezidențială - perimetrul dintr-o localitate unde se aplică reguli speciale de circulație, având intrările și ieșirile semnalizate în conformitate cu prevederile legale.</p><p>41.&nbsp; conducere auto defensivă - pregătire specială a conducătorilor auto în vederea prevenirii accidentelor rutiere;</p>


                    </div>","https://scoaladrpciv.ro/intrebari/categoria-c/reguli-generale"
"1790532747-130","https://scoaladrpciv.ro/intrebari/categoria-c","Este interzisă punerea în circulație a unui vehicul înmatriculat sau înregistrat atunci când:","C - Certificatul de înmatriculare sau de înregistrare este reținut, iar dovada înlocuitoare a acestuia este eliberată fără drept de circulație sau termenul de valabilitate a expirat.","","","A - Încărcătura atinge masa maximă autorizată înscrisă în certificatul de înmatriculare;","B - Transportă mai mulți pasageri decât numărul de locuri înscris în certificatul de înmatriculare;","https://scoaladrpciv.ro/intrebare/este-interzisa-punerea-in-circulatie-a-unui-vehicul-inmatriculat-sau-inregistrat-atunci-cand-3fb3","","<div class="""">
                        <h4>Articolul 15</h4>
<p>(5)&nbsp; Este interzisă punerea în circulație a unui vehicul, înmatriculat sau înregistrat, care nu are montate plăcuțe cu numărul de înmatriculare sau de înregistrare atribuite de autoritatea competentă ori dacă acestea nu sunt conforme cu standardele în vigoare, <span style=""background-color: #fbeeb8;"">precum și în cazul în care certificatul de înmatriculare sau de înregistrare este reținut, iar dovada înlocuitoare a acestuia este eliberată fără drept de circulație sau termenul de valabilitate a expirat.</span> Este asimilată interdicției de a pune în circulație un vehicul și situația în care conducătorul acestuia nu a prezentat documentul de înmatriculare ori de înregistrare la momentul constatării faptei pentru care prezenta ordonanță de urgență prevede reținerea certificatului de înmatriculare sau de înregistrare.</p>


                    </div>","https://scoaladrpciv.ro/intrebari/categoria-c/sanctiuni-si-contraventii"
"1790532749-131","https://scoaladrpciv.ro/intrebari/categoria-c","Este interzisă punerea în circulație a unui vehicul înmatriculat sau înregistrat atunci când:","C - În situația în care conducătorul de vehicul nu a prezentat documentul de înmatriculare ori de înregistrare la momentul constatării faptei pentru care legea prevede reținerea certificatului de înmatriculare sau de înregistrare.","","","A - Vehiculul are montate plăcuțe cu numere de înmatriculare sau de înregistrare atribuite de autoritatea competentă;","B - Dacă certificatul de înmatriculare este reținut, iar dovada înlocuitoare este în termen de valabilitate;","https://scoaladrpciv.ro/intrebare/este-interzisa-punerea-in-circulatie-a-unui-vehicul-inmatriculat-sau-inregistrat-atunci-cand-d91a","","<div class="""">
                        <h4>Articolul 15</h4>
<p>(5)&nbsp; Este interzisă punerea în circulație a unui vehicul, înmatriculat sau înregistrat, care nu are montate plăcuțe cu numărul de înmatriculare sau de înregistrare atribuite de autoritatea competentă ori dacă acestea nu sunt conforme cu standardele în vigoare, precum și în cazul în care certificatul de înmatriculare sau de înregistrare este reținut, iar dovada înlocuitoare a acestuia este eliberată fără drept de circulație sau termenul de valabilitate a expirat. <span style=""background-color: #fbeeb8;"">Este asimilată interdicției de a pune în circulație un vehicul și situația în care conducătorul acestuia <strong>nu a prezentat documentul de înmatriculare ori de înregistrare la momentul constatării faptei</strong> pentru care prezenta ordonanță de urgență prevede reținerea certificatului de înmatriculare sau de înregistrare.</span></p>


                    </div>","https://scoaladrpciv.ro/intrebari/categoria-c/sanctiuni-si-contraventii"
"1790532752-132","https://scoaladrpciv.ro/intrebari/categoria-c","Retragerea permisului de conducere se dispune de către poliția rutieră în următoarele cazuri:","C - În cazul în care titularul acestuia nu a putut fi supus testării în vederea stabilirii concentrației de alcool pur în aerul expirat, iar în urma examinării medicale s-au constatat elemente clinice specifice consumului recent de băuturi alcoolice.","","","A - Atunci când unitatea de asistență medicală autorizată, în urma examenului de specialitate necesar stabilește că persoana care posedă permis de conducere este aptă medical pentru a conduce un autovehicul;","B - Atunci când valabilitatea administrativă a permisului de conducere a expirat;","https://scoaladrpciv.ro/intrebare/retragerea-permisului-de-conducere-se-dispune-de-catre-politia-rutiera-in-urmatoarele-cazuri-d8af","","","https://scoaladrpciv.ro/intrebari/categoria-c/sanctiuni-si-contraventii"
"1790532754-133","https://scoaladrpciv.ro/intrebari/categoria-c","Cum se sancționează adoptarea unui comportament agresiv în conducerea vehiculelor pe drumurile publice?","C - amendă contravențională și suspendarea exercitării dreptului de a conduce pentru o perioadă de 30 de zile.","","","A - doar cu amendă contravențională;","B - amendă contravențională și puncte de penalizare;","https://scoaladrpciv.ro/intrebare/cum-se-sanctioneaza-adoptarea-unui-comportament-agresiv-in-conducerea-vehiculelor-pe-drumurile-publice-e3ec","","<div class="""">
                        <h3>Articolul 100</h3>
<p>(3)&nbsp;&nbsp;&nbsp;Constituie contravenție și se sancționează cu amenda prevăzută în clasa a II-a de sancțiuni și cu aplicarea sancțiunii contravenționale complementare a suspendării exercitării dreptului de a conduce pentru o perioadă de 30 de zile săvârșirea de către conducătorul de autovehicul, tractor agricol sau forestier ori tramvai a următoarelor fapte:</p>
<ul>
<li>a)&nbsp; depășirea coloanelor de vehicule oprite la culoarea roșie a semaforului sau la trecerile la nivel cu calea ferată;</li>
<li>b)&nbsp; abrogată.</li>
<li>c)&nbsp; abrogată.</li>
<li>d)&nbsp; nerespectarea semnificației culorii roșii a semaforului;</li>
<li>e)&nbsp; abrogată.</li>
<li>f)&nbsp;&nbsp;nerespectarea semnalelor, indicațiilor și dispozițiilor polițistului rutier aflat în exercitarea atribuțiilor de serviciu;</li>
<li>g)&nbsp;&nbsp;neprezentarea la unitatea de poliție competentă pe raza căreia s-a produs un accident de circulație din care au rezultat numai pagube materiale, cu excepția cazurilor prevăzute la art. 79 alin. (2).</li>
<li>h)&nbsp;&nbsp;folosirea telefoanelor mobile atunci când conducătorii de vehicule se află în timpul deplasării pe drumurile publice, cu excepția celor prevăzute cu dispozitive tip «mâini libere», concomitent cu încălcarea unei reguli pentru circulația vehiculelor.</li>
<li><span style=""background-color: #fbeeb8;"">i)&nbsp; adoptarea unui comportament agresiv în conducerea vehiculelor pe drumurile publice.</span></li>
</ul>


                    </div>","https://scoaladrpciv.ro/intrebari/categoria-c/sanctiuni-si-contraventii"
"1790532757-134","https://scoaladrpciv.ro/intrebari/categoria-c","Pentru care dintre faptele de mai jos se aplică amenda prevăzută în clasa a III-a de sancțiuni și suspendarea dreptului de a conduce pentru o perioada de 60 de zile?","C - adoptarea unui comportament agresiv în conducerea vehiculelor pe drumurile publice, dacă prin aceasta s-a produs un accident de circulație din care au rezultat avarierea unui vehicul sau alte pagube materiale.","","","A - implicarea într-un accident de circulație din care au rezultat numai avarierea unui vehicul sau alte pagube materiale;","B - depășirea coloanelor de vehicule oprite la culoarea roșie a semaforului;","https://scoaladrpciv.ro/intrebare/pentru-care-dintre-faptele-de-mai-jos-se-aplica-amenda-prevazuta-in-clasa-a-iii-a-de-sanctiuni-si-suspendarea-dreptului-de-a-conduce-pentru-o-perioada-de-60-de-zile-44cb","","<div class="""">
                        <p><strong>Articolul 101</strong></p>
<p>(3)&nbsp;&nbsp;Constituie contravenție și se sancționează cu amenda prevăzută în clasa a III-a de sancțiuni și cu aplicarea sancțiunii contravenționale complementare a suspendării dreptului de a conduce pentru o perioada de 60 de zile săvârșirea de către conducătorul de autovehicul, tractor agricol sau forestier ori tramvai a următoarelor fapte:</p>
<ul>
<li>a)&nbsp;&nbsp;nerespectarea regulilor privind trecerea la culoarea roșie a semaforului, dacă prin aceasta s-a produs un accident de circulație din care a/au rezultat numai avarierea unui vehicul sau alte pagube materiale;</li>
<li>b)&nbsp;&nbsp;nerespectarea interdicției temporare de circulație instituite pe un anumit segment de drum public;</li>
<li>c)&nbsp;&nbsp;nerespectarea regulilor de circulație la trecerea unei coloane oficiale sau intercalarea într- o astfel de coloana;</li>
<li>d)&nbsp;&nbsp;circulația pe sens opus, cu excepția cazurilor în care se efectuează regulamentar manevra de depășire.</li>
<li>e)&nbsp;&nbsp;&nbsp;neacordarea priorității de trecere pietonilor angajați în traversarea regulamentară a drumului public prin locurile special amenajate și semnalizate, aflați pe sensul de deplasare a autovehiculului, tractorului agricol sau forestier ori tramvaiului;</li>
<li>f)&nbsp; neacordarea priorității de trecere vehiculelor care au acest drept;</li>
<li>g)&nbsp; nerespectarea regulilor privind depășirea;</li>
<li><span style=""background-color: #fbeeb8;"">h)&nbsp;adoptarea unui comportament agresiv în conducerea vehiculelor pe drumurile publice, dacă prin aceasta s-a produs un accident de circulație din care au rezultat avarierea unui vehicul sau alte pagube materiale.</span></li>
</ul>


                    </div>","https://scoaladrpciv.ro/intrebari/categoria-c/sanctiuni-si-contraventii"
"1790532759-135","https://scoaladrpciv.ro/intrebari/categoria-c","Cum se sancționează depășirea cu mai mult de 70 km/h a vitezei maxime admise pe sectorul de drum respectiv și pentru categoria din care face parte autovehiculul condus?","B - cu amendă contravențională și suspendarea exercitării dreptului de a conduce pentru o perioadă de 120 de zile;","","","A - cu amendă contravențională și puncte de penalizare;","C - cu anularea permisului de conducere.","https://scoaladrpciv.ro/intrebare/cum-se-sanctioneaza-depasirea-cu-mai-mult-de-70-kmh-a-vitezei-maxime-admise-pe-sectorul-de-drum-respectiv-si-pentru-categoria-din-care-face-parte-autovehiculul-condus-9780","","<div class="""">
                        <h4>Articolul 102</h4><p>(4)&nbsp;&nbsp;Constituie contravenție și se sancționează cu amenda prevăzută în clasa a IV-a de sancțiuni și cu aplicarea sancțiunii complementare a suspendării exercitării dreptului de a conduce pentru o perioadă de 120 de zile săvârșirea de către conducătorul de autovehicul ori de tractor agricol sau forestier a următoarelor fapte:</p><ul><li><span style=""background-color:hsl(60,75%,60%);"">a)&nbsp;&nbsp;&nbsp;&nbsp;depășirea cu mai mult de 70 km/h a vitezei maxime admise pe sectorul de drum respectiv și pentru categoria din care face parte autovehiculul condus, constatată, potrivit legii, cu mijloace tehnice omologate și verificate metrologic;</span></li><li>b)&nbsp; neoprirea la trecerea la nivel cu calea ferată când barierele sau semibarierele sunt coborâte ori în curs de coborâre sau când semnalele cu lumini roșii și/sau sonore sunt în funcțiune;</li><li>c)&nbsp;&nbsp;efectuarea, de către conducătorul de autovehicul, pe autostradă sau pe drumul expres, a manevrei de întoarcere sau de mers înapoi, a circulației în sens contrar sensului de circulație, a circulației sau traversării de pe un sens de circulație pe celălalt prin zonele interzise, respectiv prin zona mediană sau racordurile dintre cele două părți carosabile.</li></ul>


                    </div>","https://scoaladrpciv.ro/intrebari/categoria-c/sanctiuni-si-contraventii"
"1790532761-136","https://scoaladrpciv.ro/intrebari/categoria-c","Pentru care dintre faptele de mai jos se suspendă dreptul de a conduce pentru o perioadă de 120 de zile?","A - efectuarea manevrei de întoarcere, de mers înapoi sau circulația în sens contrar sensului de circulație, pe autostradă sau pe drumul expres;","B - circulația sau traversarea de pe un sens de circulație pe celălalt, pe autostradă sau pe drumul expres, prin zonele interzise, respectiv prin zona mediană sau racordurile dintre cele două părți carosabile;","","C - depășirea coloanelor de vehicule oprite la culoarea roșie a semaforului sau la trecerile la nivel cu calea ferată.","","https://scoaladrpciv.ro/intrebare/pentru-care-dintre-faptele-de-mai-jos-se-suspenda-dreptul-de-a-conduce-pentru-o-perioada-de-120-de-zile-a1d9","","<div class="""">
                        <h4>Articolul 102</h4><p>(4)&nbsp;&nbsp;Constituie contravenție și se sancționează cu amenda prevăzută în clasa a IV-a de sancțiuni și cu aplicarea sancțiunii complementare a suspendării exercitării dreptului de a conduce pentru o perioadă de 120 de zile săvârșirea de către conducătorul de autovehicul ori de tractor agricol sau forestier a următoarelor fapte:</p><ul><li>a)&nbsp;&nbsp;&nbsp;&nbsp;depășirea cu mai mult de 70 km/h a vitezei maxime admise pe sectorul de drum respectiv și pentru categoria din care face parte autovehiculul condus, constatată, potrivit legii, cu mijloace tehnice omologate și verificate metrologic;</li><li>b)&nbsp; neoprirea la trecerea la nivel cu calea ferată când barierele sau semibarierele sunt coborâte ori în curs de coborâre sau când semnalele cu lumini roșii și/sau sonore sunt în funcțiune;</li><li><span style=""background-color:hsl(60,75%,60%);"">c)&nbsp;&nbsp;efectuarea, de către conducătorul de autovehicul, pe autostradă sau pe drumul expres, a manevrei de întoarcere sau de mers înapoi, a circulației în sens contrar sensului de circulație, a circulației sau traversării de pe un sens de circulație pe celălalt prin zonele interzise, respectiv prin zona mediană sau racordurile dintre cele două părți carosabile.</span></li></ul>


                    </div>","https://scoaladrpciv.ro/intrebari/categoria-c/sanctiuni-si-contraventii"
"1790532763-137","https://scoaladrpciv.ro/intrebari/categoria-c","Suspendarea exercitării dreptului de a conduce pentru o perioadă de 120 de zile se aplică pentru:","A - neoprirea la trecerea la nivel cu calea ferată când barierele sau semibarierele sunt coborâte ori în curs de coborâre sau când semnalele cu lumini roșii și/sau sonore sunt în funcțiune;","C - depășirea cu mai mult de 70 km/h a vitezei maxime admise pe sectorul de drum respectiv și pentru categoria din care face parte autovehiculul condus.","","B - nerespectarea semnificației culorii galbene a semaforului;","","https://scoaladrpciv.ro/intrebare/suspendarea-exercitarii-dreptului-de-a-conduce-pentru-o-perioada-de-120-de-zile-se-aplica-pentru-5dee","","<div class="""">
                        <h4>Articolul 102</h4><p>(4)&nbsp;&nbsp;Constituie contravenție și se sancționează cu amenda prevăzută în clasa a IV-a de sancțiuni și cu aplicarea sancțiunii complementare a suspendării exercitării dreptului de a conduce pentru o perioadă de 120 de zile săvârșirea de către conducătorul de autovehicul ori de tractor agricol sau forestier a următoarelor fapte:</p><ul><li><span style=""background-color:hsl(60,75%,60%);"">a)&nbsp;&nbsp;&nbsp;&nbsp;depășirea cu mai mult de 70 km/h a vitezei maxime admise pe sectorul de drum respectiv și pentru categoria din care face parte autovehiculul condus, constatată, potrivit legii, cu mijloace tehnice omologate și verificate metrologic;</span></li><li><span style=""background-color:hsl(60,75%,60%);"">b)&nbsp; neoprirea la trecerea la nivel cu calea ferată când barierele sau semibarierele sunt coborâte ori în curs de coborâre sau când semnalele cu lumini roșii și/sau sonore sunt în funcțiune;</span></li><li>c)&nbsp;&nbsp;efectuarea, de către conducătorul de autovehicul, pe autostradă sau pe drumul expres, a manevrei de întoarcere sau de mers înapoi, a circulației în sens contrar sensului de circulație, a circulației sau traversării de pe un sens de circulație pe celălalt prin zonele interzise, respectiv prin zona mediană sau racordurile dintre cele două părți carosabile.</li></ul>


                    </div>","https://scoaladrpciv.ro/intrebari/categoria-c/sanctiuni-si-contraventii"
"1790532766-138","https://scoaladrpciv.ro/intrebari/categoria-c","Cum se sancționează efectuarea manevrei de întoarcere, de mers înapoi sau circulația în sens contrar sensului de circulație, pe autostradă sau pe drumul expres?","C - cu amendă contravențională și suspendarea exercitării dreptului de a conduce pentru o perioadă de 120 de zile.","","","A - cu suspendarea exercitării dreptului de a conduce pentru o perioadă de 30 de zile;","B - cu amendă contravențională și puncte de penalizare:","https://scoaladrpciv.ro/intrebare/cum-se-sanctioneaza-efectuarea-manevrei-de-intoarcere-de-mers-inapoi-sau-circulatia-in-sens-contrar-sensului-de-circulatie-pe-autostrada-sau-pe-drumul-expres-96f8","","<div class="""">
                        <h4>Articolul 102</h4><p>(4)&nbsp;&nbsp;Constituie contravenție și se sancționează cu amenda prevăzută în clasa a IV-a de sancțiuni și cu aplicarea sancțiunii complementare a suspendării exercitării dreptului de a conduce pentru o perioadă de 120 de zile săvârșirea de către conducătorul de autovehicul ori de tractor agricol sau forestier a următoarelor fapte:</p><ul><li>a)&nbsp;&nbsp;&nbsp;&nbsp;depășirea cu mai mult de 70 km/h a vitezei maxime admise pe sectorul de drum respectiv și pentru categoria din care face parte autovehiculul condus, constatată, potrivit legii, cu mijloace tehnice omologate și verificate metrologic;</li><li>b)&nbsp; neoprirea la trecerea la nivel cu calea ferată când barierele sau semibarierele sunt coborâte ori în curs de coborâre sau când semnalele cu lumini roșii și/sau sonore sunt în funcțiune;</li><li><span style=""background-color:hsl(60,75%,60%);"">c)&nbsp;&nbsp;efectuarea, de către conducătorul de autovehicul, pe autostradă sau pe drumul expres, a manevrei de întoarcere sau de mers înapoi, a circulației în sens contrar sensului de circulație, a circulației sau traversării de pe un sens de circulație pe celălalt prin zonele interzise, respectiv prin zona mediană sau racordurile dintre cele două părți carosabile.</span></li></ul>


                    </div>","https://scoaladrpciv.ro/intrebari/categoria-c/sanctiuni-si-contraventii"
"1790532768-139","https://scoaladrpciv.ro/intrebari/categoria-c","Cum se sancționează adoptarea unui comportament agresiv în conducerea vehiculelor pe drumurile publice, dacă prin aceasta s-a produs un accident de circulație din care au rezultat avarierea unui vehicul sau alte pagube materiale?","A - amendă contravențională și suspendarea exercitării dreptului de a conduce pentru o perioadă de 60 de zile;","","","B - anularea permisului de conducere;","C - suspendarea exercitării dreptului de a conduce pentru o perioadă de 120 de zile.","https://scoaladrpciv.ro/intrebare/cum-se-sanctioneaza-adoptarea-unui-comportament-agresiv-in-conducerea-vehiculelor-pe-drumurile-publice-daca-prin-aceasta-s-a-produs-un-accident-de-circulatie-din-care-au-rezultat-avarierea-unui-vehicul-sau-alte-pagube-materiale-b1c5","","<div class="""">
                        <h3>Articolul 101</h3><p>(3)&nbsp;&nbsp;Constituie contravenție și se sancționează cu amenda prevăzută în clasa a III-a de sancțiuni și cu aplicarea sancțiunii contravenționale complementare a suspendării dreptului de a conduce pentru o perioada de 60 de zile săvârșirea de către conducătorul de autovehicul, tractor agricol sau forestier ori tramvai a următoarelor fapte:</p><ul><li>a)&nbsp;&nbsp;nerespectarea regulilor privind trecerea la culoarea roșie a semaforului, dacă prin aceasta s-a produs un accident de circulație din care a/au rezultat numai avarierea unui vehicul sau alte pagube materiale;</li><li>b)&nbsp;&nbsp;nerespectarea interdicției temporare de circulație instituite pe un anumit segment de drum public;</li><li>c)&nbsp;&nbsp;nerespectarea regulilor de circulație la trecerea unei coloane oficiale sau intercalarea într- o astfel de coloana;</li><li>d)&nbsp;&nbsp;circulația pe sens opus, cu excepția cazurilor în care se efectuează regulamentar manevra de depășire.</li><li>e)&nbsp;&nbsp;&nbsp;neacordarea priorității de trecere pietonilor angajați în traversarea regulamentară a drumului public prin locurile special amenajate și semnalizate, aflați pe sensul de deplasare a autovehiculului, tractorului agricol sau forestier ori tramvaiului;</li><li>f)&nbsp; neacordarea priorității de trecere vehiculelor care au acest drept;</li><li>g)&nbsp; nerespectarea regulilor privind depășirea;</li><li style=""text-align:justify;""><span style=""background-color:hsl(60, 75%, 60%);"">h)&nbsp;adoptarea unui comportament agresiv în conducerea vehiculelor pe drumurile publice, dacă prin aceasta s-a produs un accident de circulație din care au rezultat avarierea unui vehicul sau alte pagube materiale.</span></li></ul>


                    </div>","https://scoaladrpciv.ro/intrebari/categoria-c/sanctiuni-si-contraventii"
"1790532770-140","https://scoaladrpciv.ro/intrebari/categoria-c","Suspendarea exercitării dreptului de a conduce se aplică în cazul:","C - nerespectării regulilor de circulație la trecerea unei coloane oficiale.","","","A - nerespectării interdicției de a deschide ușile autovehiculului în timpul mersului;","B - utilizării detectoarelor radar;","https://scoaladrpciv.ro/intrebare/suspendarea-exercitarii-dreptului-de-a-conduce-se-aplica-in-cazul-bc87","","<div class="""">
                        <h4>Articolul 101</h4><p>(1)&nbsp;&nbsp; Constituie contravenții și se sancționează cu amenda prevăzută în clasa a III-a de sancțiuni următoarele fapte săvârșite de persoane fizice:</p><p>1.&nbsp;&nbsp;conducerea unui autovehicul și tractor agricol sau forestier cu permis de conducere a cărui valabilitate a expirat;</p><p>2.&nbsp; abrogat;&nbsp;</p><p>3.&nbsp; abrogat.</p><p>4.&nbsp;&nbsp; neîndeplinirea obligațiilor de preschimbare a certificatului de înmatriculare sau de înregistrare a autovehiculului și tractorului agricol sau forestier ori remorcii în cazurile prevăzute de lege;</p><p>5.&nbsp; nepăstrarea distantei laterale suficiente față de vehiculul care circulă din sens opus;</p><p style=""margin-left:0cm;text-align:justify;"">6.&nbsp;&nbsp;nerespectarea de către conducătorul de vehicul a semnificației indicatoarelor și marcajelor de interzicere sau restricție ori a celor temporare, cu excepția celor care interzic accesul sau depășirea care se încadrează în altă clasă de sancțiuni;</p><p>7.&nbsp;&nbsp;&nbsp;nerespectarea obligației de a permite părăsirea intersecției conducătorului vehiculului rămas în interiorul acesteia;</p><p>8.&nbsp;&nbsp;conducerea unei biciclete sau a unei trotinete electrice pe drumurile publice fără mijloace de iluminare și dispozitive reflectorizant-fluorescente în stare de funcționare pe timp de noapte ori fără îndeplinirea condițiilor tehnice minime stabilite prin regulament, conducerea unei biciclete sau a unei trotinete electrice pe autostradă, nerespectarea de către conducătorul unei biciclete sau trotinete electrice a interdicției de trecere la culoarea roșie a semaforului, a semnalelor agentului de cale ferată, la trecerea la nivel cu o cale ferată industrială, semnalizată corespunzător ori a semnalelor, indicațiilor ori dispozițiilor polițistului rutier, nerespectarea de către conducătorul unei biciclete sau trotinete electrice a interdicției privind circulația sub influența alcoolului, a produselor ori substanțelor stupefiante ori a medicamentelor cu efecte similare acestora, a interdicției privind interacțiunea motrică directă cu un alt vehicul aflat în mers ori cu persoane aflate în acesta ori a interdicției privind circulația în interiorul sau în afara localităților fără a purta îmbrăcăminte cu elemente fluorescent-reflectorizante, stabilite prin regulament, sau nerespectarea de către conducătorul unei biciclete sau trotinete electrice a obligației de a circula cu viteză redusă, a obligației de a se asigura că nu se apropie un vehicul feroviar sau a obligației de a opri la trecerea la nivel cu calea ferată, stabilite prin regulament;</p><p>9.&nbsp; nereducerea vitezei în cazurile prevăzute de regulament;</p><p>10.&nbsp;&nbsp;&nbsp;montarea la autovehicul și tractor agricol sau forestier, remorcă sau tramvai a luminilor de altă culoare sau intensitate, a altor lumini ori dispozitive de avertizare sonoră sau accesorii ori modificări neomologate;</p><p>11. conducerea unui autovehicul, tractor agricol sau forestier, remorcă sau tramvai cu deficiențe majore la sistemul de frânare sau mecanismul de direcție, la sistemul de iluminare sau de avertizare sonoră ori când acestea lipsesc;</p><p>12.&nbsp; nerespectarea regulilor în cazul imobilizării involuntare în pasaje subterane și tuneluri;&nbsp;</p><p>13.&nbsp; nerespectarea regulilor privind transportul persoanelor și al obiectelor în sau pe vehicule;</p><p>14.&nbsp;&nbsp;pornirea de pe loc a autovehiculului sau tramvaiului cu ușile deschise, circulația cu ușile deschise ori deschiderea acestora în timpul mersului; deschiderea ușilor autovehiculului atunci când acesta este oprit sau staționat, fără asigurarea că nu se pune în pericol siguranța deplasării celorlalți participanți la trafic;</p><p>15.&nbsp;oprirea autovehiculelor destinate transportului public de persoane în alte locuri decât în stațiile semnalizate ca atare;</p><p>16.&nbsp; nerespectarea regulilor privind circulația pe benzi;&nbsp;</p><p>17.&nbsp;conducerea pe drumurile publice a vehiculelor cu două roți, fără a se asigura contactul cu partea carosabilă pe ambele roți.</p><p>18.&nbsp;&nbsp;&nbsp;nerespectarea obligației conducătorului de vehicul de a avea asupra să documentele prevăzute la art. 35 alin. (2).</p><p>19.&nbsp; folosirea telefoanelor mobile atunci când conducătorii de vehicule se află în timpul deplasării pe drumurile publice, cu excepția celor prevăzute cu dispozitive tip «mâini libere»;</p><p>20.&nbsp;&nbsp;conducerea pe drumurile publice a altor vehicule decât cele care trebuie înmatriculate sau înregistrate, vehiculele trase sau împinse cu mâna, bicicletele și trotinetele electrice.</p><p>21.&nbsp;&nbsp; nerespectarea obligației de a menține permanent curate parbrizul, luneta și geamurile laterale ale autovehiculului, tractorului agricol sau forestier, dacă prin aceasta se restrânge sau se estompează vizibilitatea în timpul mersului.</p><p>(2)&nbsp;&nbsp;Amenda contravențională prevăzută la alin. (1) se aplică și conducătorului de autovehicul, tractor agricol sau forestier ori tramvai care săvârșește o faptă pentru care se aplică 4 puncte de penalizare, conform art. 108 alin. (1) lit. c).</p><p>(3)&nbsp;&nbsp;Constituie contravenție și se sancționează cu amenda prevăzută în clasa a III-a de sancțiuni și cu aplicarea sancțiunii contravenționale complementare a suspendării dreptului de a conduce pentru o perioada de 60 de zile săvârșirea de către conducătorul de autovehicul, tractor agricol sau forestier ori tramvai a următoarelor fapte:</p><ul><li>a)&nbsp;&nbsp;nerespectarea regulilor privind trecerea la culoarea roșie a semaforului, dacă prin aceasta s-a produs un accident de circulație din care a/au rezultat numai avarierea unui vehicul sau alte pagube materiale;</li><li>b)&nbsp;&nbsp;nerespectarea interdicției temporare de circulație instituite pe un anumit segment de drum public;</li><li><span style=""background-color:hsl(60, 75%, 60%);"">c)&nbsp;&nbsp;nerespectarea regulilor de circulație la trecerea unei coloane oficiale sau intercalarea într- o astfel de coloana;</span></li><li>d)&nbsp;&nbsp;circulația pe sens opus, cu excepția cazurilor în care se efectuează regulamentar manevra de depășire.</li><li>e)&nbsp;&nbsp;&nbsp;neacordarea priorității de trecere pietonilor angajați în traversarea regulamentară a drumului public prin locurile special amenajate și semnalizate, aflați pe sensul de deplasare a autovehiculului, tractorului agricol sau forestier ori tramvaiului;</li><li>f)&nbsp; neacordarea priorității de trecere vehiculelor care au acest drept;</li><li>g)&nbsp; nerespectarea regulilor privind depășirea;</li><li style=""text-align:justify;"">h)&nbsp;adoptarea unui comportament agresiv în conducerea vehiculelor pe drumurile publice, dacă prin aceasta s-a produs un accident de circulație din care au rezultat avarierea unui vehicul sau alte pagube materiale.</li></ul>


                    </div>","https://scoaladrpciv.ro/intrebari/categoria-c/sanctiuni-si-contraventii"
"1790532772-141","https://scoaladrpciv.ro/intrebari/categoria-c","Certificatul de înmatriculare se reține atunci când:","A - vehiculul nu are efectuată inspecția tehnică;","","","B - sunt aplicate abțibilduri pe parbriz;","C - există defecțiuni la sistemul de climatizare.","https://scoaladrpciv.ro/intrebare/certificatul-de-inmatriculare-se-retine-atunci-cand-18a6","","<div class="""">
                        <p>Articolul 112</p><p>(1)&nbsp;&nbsp;Certificatul de înmatriculare sau de înregistrare ori dovada înlocuitoare a acestuia se reține de către poliția rutieră în următoarele cazuri:</p><ul><li><span style=""background-color:hsl(60, 75%, 60%);"">a)&nbsp;&nbsp;&nbsp;vehiculul înregistrat nu are efectuată inspecția tehnică periodică valabilă ori aceasta este anulată;</span></li><li>b)&nbsp;&nbsp;&nbsp;nu sunt respectate normele tehnice constructive referitoare la transportul produselor periculoase;</li><li>c)&nbsp;&nbsp;vehiculul circulă noaptea fără faruri sau lămpi de semnalizare, dispozitivele de iluminare și semnalizare luminoase, mijloacele fluorescent-reflectorizante, prevăzute în normele tehnice în vigoare;</li><li>d)&nbsp;&nbsp;vehiculul circulă cu deficiențe majore sau periculoase la sistemele de iluminare- semnalizare sau cu alte dispozitive decât cele omologate;</li><li>e)&nbsp; sistemul de frânare de serviciu prezintă deficiențe majore sau periculoase;</li><li>f)&nbsp;&nbsp;sistemul de frânare de securitate sau de staționare prezintă deficiențe majore sau periculoase;</li><li>g)&nbsp; mecanismul de direcție prezintă deficiențe majore sau periculoase;</li><li>h)&nbsp; anvelopele au alte dimensiuni sau caracteristici decât cele prevăzute în cartea de identitate a vehiculului, prezintă tăieturi sau rupturi ale cordului ori sunt uzate peste limita legal admisă;</li><li>h^1) autovehiculul nu este dotat, la circulația pe drumurile publice acoperite cu zăpadă, gheață sau polei, cu anvelope de iarnă, iar autovehiculul de transport marfă cu o masă totală maximă autorizată mai mare de 3,5 tone și autovehiculul de transport persoane cu mai mult de 9 locuri pe scaune, inclusiv cel al conducătorului auto, nu sunt echipate cu anvelope de iarnă pe roțile axei/axelor de tracțiune ori nu au montate pe aceste roți lanțuri sau alte echipamente antiderapante certificate;</li><li>i)&nbsp;zgomotul în mers sau staționare depășește limita legal admisă pentru tipul respectiv de vehicul;</li><li>j)&nbsp; motorul emite noxe poluante peste limitele legal admise;</li><li style=""text-align:justify;"">k)&nbsp;elementele dispozitivului de cuplare pentru remorcare prezintă uzuri pronunțate ori nu sunt compatibile, fiind de natura să provoace desprinderea remorcii sau dezechilibrarea ansamblului;</li><li>l)autovehiculul, tractorul agricol sau forestier ori tramvaiul are aplicate pe parbriz, lunetă sau geamurile laterale afișe sau reclame publicitare, folii neomologate și/sau nemarcate corespunzător ori accesorii care restrâng sau estompează vizibilitatea în timpul mersului, atât din interior, cât și din exterior;</li></ul><p>(la 01-09-2014, Lit. l) a alin. (1) al art. 112 a fost modificată de lit. e) a pct. 35 al art. I din ORDONANȚA nr. 21 din 26 august 2014, publicată în MONITORUL OFICIAL nr. 635 din 29 august 2014, prin înlocuirea expresiei ""autovehicul sau tramvai"" cu expresia ""autovehicul, tractor agricol sau forestier ori tramvai"".)</p><ul><li>m)&nbsp;autovehiculul și tractorul agricol sau forestier are aplicat pe partea frontală și/sau posterioară a acestuia afișe, înscrisuri sau reclame care diminuează eficacitatea dispozitivelor de iluminare și semnalizare luminoasă ori citirea numărului de înmatriculare;</li><li>n)&nbsp; autovehiculul și tractorul agricol sau forestier prezintă scurgeri semnificative de carburant sau lubrifiant;</li><li>o)&nbsp;&nbsp;plăcuțele cu numărul de înmatriculare sau de înregistrare nu sunt conforme cu standardul ori au aplicate dispozitive de iluminare, altele decât cele omologate;</li><li>p)datele din certificatul de înmatriculare sau de înregistrare nu concordă cu caracteristicile tehnice ale vehiculului;</li><li>r)vehiculul nu a fost radiat din circulație în cazurile prevăzute în prezenta ordonanță de urgență;</li><li>s)&nbsp;&nbsp; vehiculul nu este asigurat de răspundere civilă în caz de pagube produse terților prin accidente de circulație, conform legii;</li><li>t)&nbsp;&nbsp;deținătorul vehiculului nu a preschimbat certificatul de înmatriculare sau de înregistrare, în conformitate cu prevederile legale;</li><li>u)&nbsp;&nbsp;&nbsp;vehiculul nu are montată una dintre plăcuțele cu numărul de înmatriculare sau de înregistrare;</li><li>v)&nbsp;&nbsp; vehiculul are lipsa elemente ale caroseriei ori aceasta este într-o stare avansată de degradare;</li><li>x)&nbsp;&nbsp;lipsa dotărilor obligatorii pe autovehicule și tractoare agricole sau forestiere destinate învățării conducerii autovehiculelor și tractoarelor agricole sau forestiere în procesul instruirii persoanelor în vederea obținerii permisului de conducere, prevăzute de reglementările în vigoare.</li><li>y)&nbsp; înmatricularea vehiculului este suspendată, în condițiile legii.</li></ul><p>(2)&nbsp; În situațiile prevăzute la alin. (1) lit. b), c), e), g), h^1), k), o), p), r), s) la reținerea certificatului de înmatriculare sau de înregistrare, polițistul rutier eliberează conducătorului de vehicul o dovadă înlocuitoare fără drept de circulație, iar în cazurile prevăzute la alin. (1) lit. a), d), f), h), i), j), l), m), n), t), u), v), x) și y) o dovadă înlocuitoare cu drept de circulație pentru 15 zile.</p><p>(3)&nbsp;În situațiile prevăzute la alin. (1) lit. b), o), p), r) și s), odată cu reținerea certificatului de înmatriculare polițistul rutier retrage și plăcuțele cu numărul de înmatriculare sau de înregistrare.</p><p>(4)&nbsp;&nbsp;Certificatul de înmatriculare sau de înregistrare și plăcuțele cu numărul de înmatriculare sau de înregistrare, cu excepția celor care nu corespund standardelor, se restituie proprietarului sau utilizatorului vehiculului de către poliția rutieră, la prezentarea de către acesta a dovezii încetării motivului pentru care documentul a fost reținut, în condițiile prevăzute în regulament, precum și la încetarea suspendării înmatriculării vehiculului.<br>&nbsp;</p><p>(5)&nbsp;&nbsp; În cazul în care certificatul de înmatriculare sau de înregistrare a fost reținut ca urmare a săvârșirii unei contravenții privind conducerea pe drumurile publice a unui vehicul cu deficiențe majore sau periculoase, acesta se restituie proprietarului sau utilizatorului de către poliția rutieră la prezentarea dovezii eliberate de către Registrul Auto Român din care rezultă că deficiența a fost remediată.&nbsp;</p>


                    </div>","https://scoaladrpciv.ro/intrebari/categoria-c/sanctiuni-si-contraventii"
"1790532775-142","https://scoaladrpciv.ro/intrebari/categoria-c","Ce măsuri vor fi luate în cazul conducerii pe drumurile publice a unui vehicul cu defecțiuni grave la mecanismul de direcție?","A - amendă contravențională, reținerea certificatului de înmatriculare, precum și reținerea permisului de conducere în vederea suspendării exercitării dreptului de a conduce;","","","B - amendă contravențională;","C - amendă contravențională și reținerea certificatului de înmatriculare.","https://scoaladrpciv.ro/intrebare/ce-masuri-vor-fi-luate-in-cazul-conducerii-pe-drumurile-publice-a-unui-vehicul-cu-defectiuni-grave-la-mecanismul-de-directie-776c","","<div class="""">
                        <h4>Articolul 102</h4><p>(1)&nbsp;Constituie contravenții și se sancționează cu amenda prevăzută în clasa a IV-a de sancțiuni următoarele fapte săvârșite de persoane fizice:</p><p>.<br>.<br>.</p><p>(3)&nbsp;&nbsp;Constituie contravenție și se sancționează cu amenda prevăzută în clasa a IV-a de sancțiuni și cu aplicarea sancțiunii complementare a suspendării exercitării dreptului de a conduce pentru o perioada de 90 de zile săvârșirea de către conducătorul de autovehicul, tractor agricol sau forestier ori tramvai a următoarelor fapte:</p><ul><li>a)&nbsp;&nbsp;conducerea sub influenta băuturilor alcoolice, dacă fapta nu constituie, potrivit legii, infracțiune;</li><li><span style=""background-color:hsl(60,75%,60%);"">b)&nbsp;&nbsp;conducerea vehiculului cu deficiențe periculoase la sistemul de frânare sau la mecanismul de direcție;</span></li><li>c)&nbsp; abrogată.</li><li>d)&nbsp; abrogată;</li><li>e)&nbsp;&nbsp;depășirea cu mai mult de 50 km/h a vitezei maxime admise pe sectorul de drum respectiv și pentru categoria din care face parte autovehiculul condus, constatată, potrivit legii, cu mijloace tehnice omologate și verificate metrologic.</li><li>f)&nbsp;&nbsp;&nbsp;deținerea, montarea sau folosirea în circulația pe drumurile publice a mijloacelor speciale de avertizare sonoră sau luminoasă pe vehiculele care nu au acest drept.</li><li>g)&nbsp;nerespectarea regulilor privind prioritatea de trecere sau depășirea, dacă prin aceasta s-a produs un accident de circulație din care au rezultat numai avarierea unui vehicul sau alte pagube materiale;</li><li>h)&nbsp; circulația nejustificată a autovehiculelor pe banda de urgență a autostrăzilor.</li></ul><p>(4)&nbsp;&nbsp;Constituie contravenție și se sancționează cu amenda prevăzută în clasa a IV-a de sancțiuni și cu aplicarea sancțiunii complementare a suspendării exercitării dreptului de a conduce pentru o perioadă de 120 de zile săvârșirea de către conducătorul de autovehicul ori de tractor agricol sau forestier a următoarelor fapte:</p><ul><li>a)&nbsp;&nbsp;&nbsp;&nbsp;depășirea cu mai mult de 70 km/h a vitezei maxime admise pe sectorul de drum respectiv și pentru categoria din care face parte autovehiculul condus, constatată, potrivit legii, cu mijloace tehnice omologate și verificate metrologic;</li><li>b)&nbsp; neoprirea la trecerea la nivel cu calea ferată când barierele sau semibarierele sunt coborâte ori în curs de coborâre sau când semnalele cu lumini roșii și/sau sonore sunt în funcțiune;</li><li>c)&nbsp;&nbsp;efectuarea, de către conducătorul de autovehicul, pe autostradă sau pe drumul expres, a manevrei de întoarcere sau de mers înapoi, a circulației în sens contrar sensului de circulație, a circulației sau traversării de pe un sens de circulație pe celălalt prin zonele interzise, respectiv prin zona mediană sau racordurile dintre cele două părți carosabile.</li></ul><h4>Articolul 111</h4><p>(1)&nbsp;&nbsp;Permisul de conducere sau dovada înlocuitoare a acestuia se reține în următoarele cazuri:</p><ul><li>a)&nbsp; la cumularea a cel puțin 15 puncte de penalizare;</li><li>b)&nbsp; când titularul acestuia a săvârșit una dintre infracțiunile prevăzute la art. 334, art. 335 alin. (2), art. 336, 337, art. 338 alin. (1) și la art. 339 alin. (2), (3) și (4) din Codul penal;</li><li><span style=""background-color:hsl(60,75%,60%);"">c)&nbsp; la săvârșirea uneia dintre contravențiile prevăzute la art. 100 alin. (3), art. 101 alin. (3), art. 102 alin. (3) și (4) și în situația prevăzută la art. 115 alin. (1);</span></li><li>d)&nbsp;&nbsp;când titularul acestuia a fost declarat inapt pentru a conduce autovehicule, tractoare agricole sau forestiere ori tramvaie;</li><li>e)&nbsp; când prezintă modificări, ștersături sau adăugări ori este deteriorat;</li><li>f)&nbsp; abrogată.</li><li>(la 31-01-2022, Litera f) din Alineatul (1), Articolul 111, Capitolul VII a fost abrogată de Punctul 41, Articolul I din ORDONANȚA nr. 1 din 27 ianuarie 2022, publicată în MONITORUL OFICIAL nr. 89 din 28 ianuarie 2022)</li><li>g)&nbsp; când perioada de valabilitate a expirat.</li></ul><p>.<br>.<br>.</p><h4>Articolul 112</h4><p>(1)&nbsp;&nbsp;Certificatul de înmatriculare sau de înregistrare ori dovada înlocuitoare a acestuia se reține de către poliția rutieră în următoarele cazuri:</p><ul><li>a)&nbsp;&nbsp;&nbsp;vehiculul înregistrat nu are efectuată inspecția tehnică periodică valabilă ori aceasta este anulată;</li><li>b)&nbsp;&nbsp;&nbsp;nu sunt respectate normele tehnice constructive referitoare la transportul produselor periculoase;</li><li>c)&nbsp;&nbsp;vehiculul circulă noaptea fără faruri sau lămpi de semnalizare, dispozitivele de iluminare și semnalizare luminoase, mijloacele fluorescent-reflectorizante, prevăzute în normele tehnice în vigoare;</li><li>d)&nbsp;&nbsp;vehiculul circulă cu deficiențe majore sau periculoase la sistemele de iluminare- semnalizare sau cu alte dispozitive decât cele omologate;</li><li>e)&nbsp; sistemul de frânare de serviciu prezintă deficiențe majore sau periculoase;</li><li>f)&nbsp;&nbsp;sistemul de frânare de securitate sau de staționare prezintă deficiențe majore sau periculoase;</li><li><span style=""background-color:hsl(60,75%,60%);"">g)&nbsp; mecanismul de direcție prezintă deficiențe majore sau periculoase;</span></li><li>h)&nbsp; anvelopele au alte dimensiuni sau caracteristici decât cele prevăzute în cartea de identitate a vehiculului, prezintă tăieturi sau rupturi ale cordului ori sunt uzate peste limita legal admisă;</li><li>h^1) autovehiculul nu este dotat, la circulația pe drumurile publice acoperite cu zăpadă, gheață sau polei, cu anvelope de iarnă, iar autovehiculul de transport marfă cu o masă totală maximă autorizată mai mare de 3,5 tone și autovehiculul de transport persoane cu mai mult de 9 locuri pe scaune, inclusiv cel al conducătorului auto, nu sunt echipate cu anvelope de iarnă pe roțile axei/axelor de tracțiune ori nu au montate pe aceste roți lanțuri sau alte echipamente antiderapante certificate;</li><li>i)&nbsp;zgomotul în mers sau staționare depășește limita legal admisă pentru tipul respectiv de vehicul;</li><li>j)&nbsp; motorul emite noxe poluante peste limitele legal admise;</li><li style=""text-align:justify;"">k)&nbsp;elementele dispozitivului de cuplare pentru remorcare prezintă uzuri pronunțate ori nu sunt compatibile, fiind de natura să provoace desprinderea remorcii sau dezechilibrarea ansamblului;</li><li>l)autovehiculul, tractorul agricol sau forestier ori tramvaiul are aplicate pe parbriz, lunetă sau geamurile laterale afișe sau reclame publicitare, folii neomologate și/sau nemarcate corespunzător ori accesorii care restrâng sau estompează vizibilitatea în timpul mersului, atât din interior, cât și din exterior;</li><li>m)&nbsp;autovehiculul și tractorul agricol sau forestier are aplicat pe partea frontală și/sau posterioară a acestuia afișe, înscrisuri sau reclame care diminuează eficacitatea dispozitivelor de iluminare și semnalizare luminoasă ori citirea numărului de înmatriculare;</li><li>n)&nbsp; autovehiculul și tractorul agricol sau forestier prezintă scurgeri semnificative de carburant sau lubrifiant;</li><li>o)&nbsp;&nbsp;plăcuțele cu numărul de înmatriculare sau de înregistrare nu sunt conforme cu standardul ori au aplicate dispozitive de iluminare, altele decât cele omologate;</li><li>p)datele din certificatul de înmatriculare sau de înregistrare nu concordă cu caracteristicile tehnice ale vehiculului;</li><li>r)vehiculul nu a fost radiat din circulație în cazurile prevăzute în prezenta ordonanță de urgență;</li><li>s)&nbsp;&nbsp; vehiculul nu este asigurat de răspundere civilă în caz de pagube produse terților prin accidente de circulație, conform legii;</li><li>t)&nbsp;&nbsp;deținătorul vehiculului nu a preschimbat certificatul de înmatriculare sau de înregistrare, în conformitate cu prevederile legale;</li><li>u)&nbsp;&nbsp;&nbsp;vehiculul nu are montată una dintre plăcuțele cu numărul de înmatriculare sau de înregistrare;</li><li>v)&nbsp;&nbsp; vehiculul are lipsa elemente ale caroseriei ori aceasta este într-o stare avansată de degradare;</li><li>x)&nbsp;&nbsp;lipsa dotărilor obligatorii pe autovehicule și tractoare agricole sau forestiere destinate învățării conducerii autovehiculelor și tractoarelor agricole sau forestiere în procesul instruirii persoanelor în vederea obținerii permisului de conducere, prevăzute de reglementările în vigoare.</li><li>y)&nbsp; înmatricularea vehiculului este suspendată, în condițiile legii.</li></ul><p>&nbsp;</p>


                    </div>","https://scoaladrpciv.ro/intrebari/categoria-c/sanctiuni-si-contraventii"
"1790532777-143","https://scoaladrpciv.ro/intrebari/categoria-c","Tractarea unei remorci neînmatriculate sau cu număr fals de înmatriculare constituie:","A - infracțiune, și se pedepsește cu închisoare;","","","B - contravenție, și se pedepsește cu amendă;","C - abatere disciplinară, sancționată cu atenționare.","https://scoaladrpciv.ro/intrebare/tractarea-unei-remorci-neinmatriculate-sau-cu-numar-fals-de-inmatriculare-constituie-9844","","<div class="""">
                        <p>(3) Tractarea unei remorci neînmatriculate sau neînregistrate ori cu număr fals de înmatriculare sau înregistrare se pedepsește cu închisoare de la 3 luni la 2 ani sau cu amendă.</p>


                    </div>","https://scoaladrpciv.ro/intrebari/categoria-c/sanctiuni-si-contraventii"
"1790532779-144","https://scoaladrpciv.ro/intrebari/categoria-c","Imobilizarea unui vehicul de către polițistul rutier se dispune:","C - pentru refuzul de legitimare.","","","A - pentru lipsa triunghiurilor reflectorizante;","B - pentru lipsa trusei medicale de prim ajutor;","https://scoaladrpciv.ro/intrebare/imobilizarea-unui-vehicul-de-catre-politistul-rutier-se-dispune-e3cf","","<div class="""">
                        <h4>Articolul 117</h4><p>(1)&nbsp;&nbsp; Imobilizarea unui vehicul se dispune de către polițistul rutier în cazul săvârșirii de către conducătorul acestuia a uneia dintre următoarele fapte:</p><ul><li>a)&nbsp; conducerea unui vehicul neînmatriculat sau neînregistrat ori cu număr de înmatriculare sau de înregistrare fals ori fără a avea montate plăcuțele cu numărul de înmatriculare sau de înregistrare;</li><li>b)&nbsp; conducerea unui vehicul care deteriorează drumul public sau afectează mediul ori care prezintă deficiențe periculoase la sistemul de frânare sau la mecanismul de direcție;</li><li>c)&nbsp;conducerea unui vehicul cu încălcarea regulilor referitoare la transportul mărfurilor periculoase ori cu gabarite și/sau mase depășite;</li><li>d)&nbsp;conducerea unui vehicul despre care exista date sau indicii că face obiectul unei fapte de natura penală;</li><li><span style=""background-color:hsl(60,75%,60%);"">e)&nbsp; refuză să se legitimeze;</span></li><li>f)&nbsp; se află sub influența băuturilor alcoolice, a substanțelor psihoactive, iar conducerea vehiculului nu poate fi asigurată de o altă persoană;</li><li>g)&nbsp; nu respectă timpii de conducere și de odihna prevăzuți de lege.</li></ul><p>(2)&nbsp;&nbsp; Imobilizarea unui vehicul se dispune și în cazul în care conducătorul acestuia ori unul dintre pasageri săvârșește o faptă de natură penală sau este urmărit pentru săvârșirea unei infracțiuni.</p><p>(3)&nbsp;&nbsp;Pentru oprirea forțată sau imobilizarea în cazurile prevăzute la alin. (1) și (2), poliția rutieră poate utiliza dispozitive speciale omologate.</p><p>(4)&nbsp;&nbsp;Procedura de imobilizare a vehiculelor în cazurile prevăzute la alin. (1) și (2) se stabilește prin regulament.</p>


                    </div>","https://scoaladrpciv.ro/intrebari/categoria-c/sanctiuni-si-contraventii"
"1790532782-145","https://scoaladrpciv.ro/intrebari/categoria-c","Conducerea pe drumurile publice a unui autocamion sau tractarea unei remorci ale căror plăcuţe cu numărul de înmatriculare/înregistrare au fost retrase sau a unui vehicul înmatriculat în alt stat, care nu are drept de circulaţie în România, se pedepseşte:","B - penal;","","","A - contravenţional;","C - cu imobilizarea vehiculului respectiv.","https://scoaladrpciv.ro/intrebare/conducerea-pe-drumurile-publice-a-unui-autocamion-sau-tractarea-unei-remorci-ale-caror-placute-cu-numarul-de-inmatriculare-inregistrare-au-fost-retrase-sau-a-unui-vehicul-inmatriculat-in-alt-stat-care-nu-are-drept-de-circulatie-in-romania-se-pedepseste-e51a","","<div class="""">
                        <h4>Codul penal - Articolul 334</h4><p>Punerea în circulație sau conducerea unui vehicul neînmatriculat</p><p>(4)&nbsp;Conducerea pe drumurile publice a unui autovehicul sau tractarea unei remorci ale cărei plăcuțe cu numărul de înmatriculare sau de înregistrare au fost retrase sau a unui vehicul înmatriculat în alt stat, care nu are drept de circulație în România, se pedepsește cu închisoare de la 6 luni la 2 ani sau cu amendă.</p>


                    </div>","https://scoaladrpciv.ro/intrebari/categoria-c/sanctiuni-si-contraventii"
"1790532784-146","https://scoaladrpciv.ro/intrebari/categoria-c","În care dintre situații este interzis să circulați pe drumurile publice?","B - atunci când vehiculul nu este asigurat de răspundere civilă, în caz de pagube materiale produse terților prin accidente de circulație, conform legii;","","","A - atunci când certificatul de înmatriculare este deteriorat;","C - atunci când conducătorul auto nu a plătit taxa de folosire a drumurilor publice.","https://scoaladrpciv.ro/intrebare/in-care-dintre-situatii-este-intezis-sa-circulati-pe-drumurile-publice-6a71","","<div class="""">
                        <p>Articolul 112</p><p>(1)&nbsp;&nbsp;Certificatul de înmatriculare sau de înregistrare ori dovada înlocuitoare a acestuia se reține de către poliția rutieră în următoarele cazuri:</p><ul><li>a)&nbsp;&nbsp;&nbsp;vehiculul înregistrat nu are efectuată inspecția tehnică periodică valabilă ori aceasta este anulată;</li><li>b)&nbsp;&nbsp;&nbsp;nu sunt respectate normele tehnice constructive referitoare la transportul produselor periculoase;</li><li>c)&nbsp;&nbsp;vehiculul circulă noaptea fără faruri sau lămpi de semnalizare, dispozitivele de iluminare și semnalizare luminoase, mijloacele fluorescent-reflectorizante, prevăzute în normele tehnice în vigoare;</li><li>d)&nbsp;&nbsp;vehiculul circulă cu deficiențe majore sau periculoase la sistemele de iluminare- semnalizare sau cu alte dispozitive decât cele omologate;</li><li>e)&nbsp; sistemul de frânare de serviciu prezintă deficiențe majore sau periculoase;</li><li>f)&nbsp;&nbsp;sistemul de frânare de securitate sau de staționare prezintă deficiențe majore sau periculoase;</li><li>g)&nbsp; mecanismul de direcție prezintă deficiențe majore sau periculoase;</li><li>h)&nbsp; anvelopele au alte dimensiuni sau caracteristici decât cele prevăzute în cartea de identitate a vehiculului, prezintă tăieturi sau rupturi ale cordului ori sunt uzate peste limita legal admisă;</li><li>h^1) autovehiculul nu este dotat, la circulația pe drumurile publice acoperite cu zăpadă, gheață sau polei, cu anvelope de iarnă, iar autovehiculul de transport marfă cu o masă totală maximă autorizată mai mare de 3,5 tone și autovehiculul de transport persoane cu mai mult de 9 locuri pe scaune, inclusiv cel al conducătorului auto, nu sunt echipate cu anvelope de iarnă pe roțile axei/axelor de tracțiune ori nu au montate pe aceste roți lanțuri sau alte echipamente antiderapante certificate;</li><li>i)&nbsp;zgomotul în mers sau staționare depășește limita legal admisă pentru tipul respectiv de vehicul;</li><li>j)&nbsp; motorul emite noxe poluante peste limitele legal admise;</li><li style=""text-align:justify;"">k)&nbsp;elementele dispozitivului de cuplare pentru remorcare prezintă uzuri pronunțate ori nu sunt compatibile, fiind de natura să provoace desprinderea remorcii sau dezechilibrarea ansamblului;</li><li>l)autovehiculul, tractorul agricol sau forestier ori tramvaiul are aplicate pe parbriz, lunetă sau geamurile laterale afișe sau reclame publicitare, folii neomologate și/sau nemarcate corespunzător ori accesorii care restrâng sau estompează vizibilitatea în timpul mersului, atât din interior, cât și din exterior;</li><li>m)&nbsp;autovehiculul și tractorul agricol sau forestier are aplicat pe partea frontală și/sau posterioară a acestuia afișe, înscrisuri sau reclame care diminuează eficacitatea dispozitivelor de iluminare și semnalizare luminoasă ori citirea numărului de înmatriculare;</li><li>n)&nbsp; autovehiculul și tractorul agricol sau forestier prezintă scurgeri semnificative de carburant sau lubrifiant;</li><li>o)&nbsp;&nbsp;plăcuțele cu numărul de înmatriculare sau de înregistrare nu sunt conforme cu standardul ori au aplicate dispozitive de iluminare, altele decât cele omologate;</li><li>p)datele din certificatul de înmatriculare sau de înregistrare nu concordă cu caracteristicile tehnice ale vehiculului;</li><li>r)vehiculul nu a fost radiat din circulație în cazurile prevăzute în prezenta ordonanță de urgență;</li><li><span style=""background-color:hsl(60, 75%, 60%);"">s)&nbsp;&nbsp; vehiculul nu este asigurat de răspundere civilă în caz de pagube produse terților prin accidente de circulație, conform legii;</span></li><li>t)&nbsp;&nbsp;deținătorul vehiculului nu a preschimbat certificatul de înmatriculare sau de înregistrare, în conformitate cu prevederile legale;</li><li>u)&nbsp;&nbsp;&nbsp;vehiculul nu are montată una dintre plăcuțele cu numărul de înmatriculare sau de înregistrare;</li><li>v)&nbsp;&nbsp; vehiculul are lipsa elemente ale caroseriei ori aceasta este într-o stare avansată de degradare;</li><li>x)&nbsp;&nbsp;lipsa dotărilor obligatorii pe autovehicule și tractoare agricole sau forestiere destinate învățării conducerii autovehiculelor și tractoarelor agricole sau forestiere în procesul instruirii persoanelor în vederea obținerii permisului de conducere, prevăzute de reglementările în vigoare.</li><li>y)&nbsp; înmatricularea vehiculului este suspendată, în condițiile legii.</li></ul><p>(2)&nbsp; În situațiile prevăzute la alin. (1) lit. b), c), e), g), h^1), k), o), p), r), s) la reținerea certificatului de înmatriculare sau de înregistrare, polițistul rutier eliberează conducătorului de vehicul o dovadă înlocuitoare fără drept de circulație, iar în cazurile prevăzute la alin. (1) lit. a), d), f), h), i), j), l), m), n), t), u), v), x) și y) o dovadă înlocuitoare cu drept de circulație pentru 15 zile.</p><p>(3)&nbsp;În situațiile prevăzute la alin. (1) lit. b), o), p), r) și s), odată cu reținerea certificatului de înmatriculare polițistul rutier retrage și plăcuțele cu numărul de înmatriculare sau de înregistrare.</p><p>(4)&nbsp;&nbsp;Certificatul de înmatriculare sau de înregistrare și plăcuțele cu numărul de înmatriculare sau de înregistrare, cu excepția celor care nu corespund standardelor, se restituie proprietarului sau utilizatorului vehiculului de către poliția rutieră, la prezentarea de către acesta a dovezii încetării motivului pentru care documentul a fost reținut, în condițiile prevăzute în regulament, precum și la încetarea suspendării înmatriculării vehiculului.<br>&nbsp;</p><p>(5)&nbsp;&nbsp; În cazul în care certificatul de înmatriculare sau de înregistrare a fost reținut ca urmare a săvârșirii unei contravenții privind conducerea pe drumurile publice a unui vehicul cu deficiențe majore sau periculoase, acesta se restituie proprietarului sau utilizatorului de către poliția rutieră la prezentarea dovezii eliberate de către Registrul Auto Român din care rezultă că deficiența a fost remediată.&nbsp;</p>


                    </div>","https://scoaladrpciv.ro/intrebari/categoria-c/sanctiuni-si-contraventii"
"1790532786-147","https://scoaladrpciv.ro/intrebari/categoria-c","Se consideră contravenţie:","B - necompletarea pe diagrama tahograf a datelor prevăzute de legislaţia în vigoare;","C - omisiunea de a introduce în tahograful digital datele prevăzute de legislaţia în vigoare.","","A - completarea diagramei tahograf cu pixul sau cu stiloul;","","https://scoaladrpciv.ro/intrebare/se-considera-contraventie-fcf4","","<div class="""">
                        


                    </div>","https://scoaladrpciv.ro/intrebari/categoria-c/sanctiuni-si-contraventii"
"1790532788-148","https://scoaladrpciv.ro/intrebari/categoria-c","Se considera contraventie:","B - nerespectarea prevederilor privind detinerea, de catre un conducator auto, a mai mult de o cartela tahografica valida","","","A - oprirea autovehiculului in afara locurilor specificate in cartela tahografica","C - fumatul in autovehiculele dotate cu tahograf.","https://scoaladrpciv.ro/intrebare/se-considera-contraventie-d7f3","","<div class="""">
                        


                    </div>","https://scoaladrpciv.ro/intrebari/categoria-c/sanctiuni-si-contraventii"
"1790532791-149","https://scoaladrpciv.ro/intrebari/categoria-c","Când pot dispune inspectorii de trafic imobilizarea unui vehicul?","A - atunci când sunt constatate abateri privind transportul mărfurilor periculoase, urmând ca imediat să fie anunţaţi reprezentanţii poliţiei rutiere cu competenţe în zona în care s-a efectuat controlul;","","","B - atunci când sunt transportate mărfuri periculoase şi inflamabile;","C - atunci când vehiculul care execută transportul de mărfuri periculoase nu este precedat de către  un autovehicul antemergător, dotat cu girofaruri de culoare galbenă.","https://scoaladrpciv.ro/intrebare/cand-pot-dispune-inspectorii-de-trafic-imobilizarea-unui-vehicul-a252","","<div class="""">
                        <h4>Articolul 117</h4><p>(1)&nbsp;&nbsp; Imobilizarea unui vehicul se dispune de către polițistul rutier în cazul săvârșirii de către conducătorul acestuia a uneia dintre următoarele fapte:</p><ul><li>a)&nbsp; conducerea unui vehicul neînmatriculat sau neînregistrat ori cu număr de înmatriculare sau de înregistrare fals ori fără a avea montate plăcuțele cu numărul de înmatriculare sau de înregistrare;</li><li>b)&nbsp; conducerea unui vehicul care deteriorează drumul public sau afectează mediul ori care prezintă deficiențe periculoase la sistemul de frânare sau la mecanismul de direcție;</li><li><span style=""background-color:hsl(60, 75%, 60%);"">c)&nbsp;conducerea unui vehicul cu încălcarea regulilor referitoare la transportul mărfurilor periculoase ori cu gabarite și/sau mase depășite;</span></li><li>d)&nbsp;conducerea unui vehicul despre care exista date sau indicii că face obiectul unei fapte de natura penală;</li><li>e)&nbsp; refuză să se legitimeze;</li><li>f)&nbsp; se află sub influența băuturilor alcoolice, a substanțelor psihoactive, iar conducerea vehiculului nu poate fi asigurată de o altă persoană;</li><li>g)&nbsp; nu respectă timpii de conducere și de odihna prevăzuți de lege.</li></ul><p>(2)&nbsp;&nbsp; Imobilizarea unui vehicul se dispune și în cazul în care conducătorul acestuia ori unul dintre pasageri săvârșește o faptă de natură penală sau este urmărit pentru săvârșirea unei infracțiuni.</p><p>(3)&nbsp;&nbsp;Pentru oprirea forțată sau imobilizarea în cazurile prevăzute la alin. (1) și (2), poliția rutieră poate utiliza dispozitive speciale omologate.</p><p>(4)&nbsp;&nbsp;Procedura de imobilizare a vehiculelor în cazurile prevăzute la alin. (1) și (2) se stabilește prin regulament.</p>


                    </div>","https://scoaladrpciv.ro/intrebari/categoria-c/sanctiuni-si-contraventii"
"1790532793-150","https://scoaladrpciv.ro/intrebari/categoria-c","În ce situație se reține permisul de conducere?","B - atunci când nu se respectă normele referitoare la prioritatea de trecere a pietonilor;","","","A - atunci când nu se respectă obligația de reducere a vitezei;","C - atunci când se încalcă normele legale referitoare la staționare.","https://scoaladrpciv.ro/intrebare/in-ce-situatie-se-retine-permisul-de-conducere-a5f5","","<div class="""">
                        <h4>Articolul 101</h4><p>(1)&nbsp;&nbsp; Constituie contravenții și se sancționează cu amenda prevăzută în clasa a III-a de sancțiuni următoarele fapte săvârșite de persoane fizice:</p><p>1.&nbsp;&nbsp;conducerea unui autovehicul și tractor agricol sau forestier cu permis de conducere a cărui valabilitate a expirat;</p><p>2.&nbsp; abrogat;&nbsp;</p><p>3.&nbsp; abrogat.</p><p>4.&nbsp;&nbsp; neîndeplinirea obligațiilor de preschimbare a certificatului de înmatriculare sau de înregistrare a autovehiculului și tractorului agricol sau forestier ori remorcii în cazurile prevăzute de lege;</p><p>5.&nbsp; nepăstrarea distantei laterale suficiente față de vehiculul care circulă din sens opus;</p><p style=""margin-left:0cm;text-align:justify;"">6.&nbsp;&nbsp;nerespectarea de către conducătorul de vehicul a semnificației indicatoarelor și marcajelor de interzicere sau restricție ori a celor temporare, cu excepția celor care interzic accesul sau depășirea care se încadrează în altă clasă de sancțiuni;</p><p>7.&nbsp;&nbsp;&nbsp;nerespectarea obligației de a permite părăsirea intersecției conducătorului vehiculului rămas în interiorul acesteia;</p><p>8.&nbsp;&nbsp;conducerea unei biciclete sau a unei trotinete electrice pe drumurile publice fără mijloace de iluminare și dispozitive reflectorizant-fluorescente în stare de funcționare pe timp de noapte ori fără îndeplinirea condițiilor tehnice minime stabilite prin regulament, conducerea unei biciclete sau a unei trotinete electrice pe autostradă, nerespectarea de către conducătorul unei biciclete sau trotinete electrice a interdicției de trecere la culoarea roșie a semaforului, a semnalelor agentului de cale ferată, la trecerea la nivel cu o cale ferată industrială, semnalizată corespunzător ori a semnalelor, indicațiilor ori dispozițiilor polițistului rutier, nerespectarea de către conducătorul unei biciclete sau trotinete electrice a interdicției privind circulația sub influența alcoolului, a produselor ori substanțelor stupefiante ori a medicamentelor cu efecte similare acestora, a interdicției privind interacțiunea motrică directă cu un alt vehicul aflat în mers ori cu persoane aflate în acesta ori a interdicției privind circulația în interiorul sau în afara localităților fără a purta îmbrăcăminte cu elemente fluorescent-reflectorizante, stabilite prin regulament, sau nerespectarea de către conducătorul unei biciclete sau trotinete electrice a obligației de a circula cu viteză redusă, a obligației de a se asigura că nu se apropie un vehicul feroviar sau a obligației de a opri la trecerea la nivel cu calea ferată, stabilite prin regulament;</p><p>9.&nbsp; nereducerea vitezei în cazurile prevăzute de regulament;</p><p>10.&nbsp;&nbsp;&nbsp;montarea la autovehicul și tractor agricol sau forestier, remorcă sau tramvai a luminilor de altă culoare sau intensitate, a altor lumini ori dispozitive de avertizare sonoră sau accesorii ori modificări neomologate;</p><p>11. conducerea unui autovehicul, tractor agricol sau forestier, remorcă sau tramvai cu deficiențe majore la sistemul de frânare sau mecanismul de direcție, la sistemul de iluminare sau de avertizare sonoră ori când acestea lipsesc;</p><p>12.&nbsp; nerespectarea regulilor în cazul imobilizării involuntare în pasaje subterane și tuneluri;&nbsp;</p><p>13.&nbsp; nerespectarea regulilor privind transportul persoanelor și al obiectelor în sau pe vehicule;</p><p>14.&nbsp;&nbsp;pornirea de pe loc a autovehiculului sau tramvaiului cu ușile deschise, circulația cu ușile deschise ori deschiderea acestora în timpul mersului; deschiderea ușilor autovehiculului atunci când acesta este oprit sau staționat, fără asigurarea că nu se pune în pericol siguranța deplasării celorlalți participanți la trafic;</p><p>15.&nbsp;oprirea autovehiculelor destinate transportului public de persoane în alte locuri decât în stațiile semnalizate ca atare;</p><p>16.&nbsp; nerespectarea regulilor privind circulația pe benzi;&nbsp;</p><p>17.&nbsp;conducerea pe drumurile publice a vehiculelor cu două roți, fără a se asigura contactul cu partea carosabilă pe ambele roți.</p><p>18.&nbsp;&nbsp;&nbsp;nerespectarea obligației conducătorului de vehicul de a avea asupra să documentele prevăzute la art. 35 alin. (2).</p><p>19.&nbsp; folosirea telefoanelor mobile atunci când conducătorii de vehicule se află în timpul deplasării pe drumurile publice, cu excepția celor prevăzute cu dispozitive tip «mâini libere»;</p><p>20.&nbsp;&nbsp;conducerea pe drumurile publice a altor vehicule decât cele care trebuie înmatriculate sau înregistrate, vehiculele trase sau împinse cu mâna, bicicletele și trotinetele electrice.</p><p>21.&nbsp;&nbsp; nerespectarea obligației de a menține permanent curate parbrizul, luneta și geamurile laterale ale autovehiculului, tractorului agricol sau forestier, dacă prin aceasta se restrânge sau se estompează vizibilitatea în timpul mersului.</p><p>(2)&nbsp;&nbsp;Amenda contravențională prevăzută la alin. (1) se aplică și conducătorului de autovehicul, tractor agricol sau forestier ori tramvai care săvârșește o faptă pentru care se aplică 4 puncte de penalizare, conform art. 108 alin. (1) lit. c).</p><p>(3)&nbsp;&nbsp;Constituie contravenție și se sancționează cu amenda prevăzută în clasa a III-a de sancțiuni și cu aplicarea sancțiunii contravenționale complementare a suspendării dreptului de a conduce pentru o perioada de 60 de zile săvârșirea de către conducătorul de autovehicul, tractor agricol sau forestier ori tramvai a următoarelor fapte:</p><ul><li>a)&nbsp;&nbsp;nerespectarea regulilor privind trecerea la culoarea roșie a semaforului, dacă prin aceasta s-a produs un accident de circulație din care a/au rezultat numai avarierea unui vehicul sau alte pagube materiale;</li><li>b)&nbsp;&nbsp;nerespectarea interdicției temporare de circulație instituite pe un anumit segment de drum public;</li><li>c)&nbsp;&nbsp;nerespectarea regulilor de circulație la trecerea unei coloane oficiale sau intercalarea într- o astfel de coloana;</li><li>d)&nbsp;&nbsp;circulația pe sens opus, cu excepția cazurilor în care se efectuează regulamentar manevra de depășire.</li><li><span style=""background-color:hsl(60, 75%, 60%);"">e)&nbsp;&nbsp;&nbsp;neacordarea priorității de trecere pietonilor angajați în traversarea regulamentară a drumului public prin locurile special amenajate și semnalizate, aflați pe sensul de deplasare a autovehiculului, tractorului agricol sau forestier ori tramvaiului;</span></li><li>f)&nbsp; neacordarea priorității de trecere vehiculelor care au acest drept;</li><li>g)&nbsp; nerespectarea regulilor privind depășirea;</li><li style=""text-align:justify;"">h)&nbsp;adoptarea unui comportament agresiv în conducerea vehiculelor pe drumurile publice, dacă prin aceasta s-a produs un accident de circulație din care au rezultat avarierea unui vehicul sau alte pagube materiale.</li></ul>


                    </div>","https://scoaladrpciv.ro/intrebari/categoria-c/sanctiuni-si-contraventii"
"1790532798-151","https://scoaladrpciv.ro/intrebari/categoria-c","Ce obligaţie au conducătorii auto angajaţi ai unei societăţi comerciale de transport rutier?","B - de a cunoaşte şi de a respecta măsurile ce trebuie luate după un accident sau incident în ceea ce priveşte asigurarea vehiculului, protecţia personală şi a celorlalţi participanţi la trafic, protecţia mediului şi protecţia bunurilor;","","","A - de a goli imediat, în caz de accident, combustibilul din rezervor, pentru a preveni declanşarea unui incendiu;","C - de a se îndepărta de vehicul până la o distanţă de minimum 50 m, în cazul unui accident.","https://scoaladrpciv.ro/intrebare/ce-obligatie-au-conducatorii-auto-angajati-ai-unei-societati-comerciale-de-transport-rutier-17d5","","","https://scoaladrpciv.ro/intrebari/categoria-c/obligatiile-conducatorilor-de-autovehicule"
"1790532800-152","https://scoaladrpciv.ro/intrebari/categoria-c","Atunci când executaţi intervenţii la un vehicul cu masa totală maximă autorizată mai mare de 3,5 t, aflat pe partea carosabilă a drumului public, sunteţi obligat să purtaţi:","B - echipament de protecţie-avertizare fluorescent-reflectorizant;","","","A - centura de siguranţă, adaptată intervenţiei respective;","C - dispozitive de retenţie, prinse de caroseria autovehiculului.","https://scoaladrpciv.ro/intrebare/atunci-cand-executati-interventii-la-un-vehicul-cu-masa-totala-maxima-autorizata-mai-mare-de-3-5-t-aflat-pe-partea-carosabila-a-drumului-public-sunteti-obligat-sa-purtati-5bb6","","<div class="""">
                        <h4>Articolul 35</h4><p>(1)&nbsp;Participanții la trafic trebuie să aibă un comportament care să nu afecteze fluența și siguranța circulației, să nu pună în pericol viața sau integritatea corporala a persoanelor și să nu aducă prejudicii proprietății publice ori private.</p><p>(2)&nbsp;&nbsp;Participanții la trafic sunt obligați ca, la cererea polițistului rutier, să înmâneze acestuia documentul de identitate sau, după caz, permisul de conducere, documentul de înmatriculare ori de înregistrare a vehiculului condus, documentele referitoare la bunurile transportate, precum și alte documente prevăzute de lege.</p><p>(3) În exercitarea atribuțiilor care îi revin, polițistul rutier are dreptul să verifice vehiculul, precum și identitatea conducătorului sau a pasagerilor aflați în interiorul acestuia atunci când exista indicii despre săvârșirea unei fapte de natura contravențională sau penală.</p><p>(4)&nbsp;&nbsp; În exercitarea atribuțiilor de dirijare a circulației rutiere, polițiștii rutieri sunt obligați să poarte uniforma cu înscrisuri și însemne distinctive.</p><p>(4^1) Funcționarii din cadrul Autorității Vamale Române, respectiv al Agenției Naționale de Administrare Fiscală, care, în scopul exercitării atribuțiilor de control specifice, efectuează semnale de oprire pentru conducătorii autovehiculelor, sunt obligați să poarte uniformă cu înscrisuri și însemne distinctive și mijloace de protecție fluorescent-reflectorizante pe fond de culoare verde, respectiv roșie, stabilite prin hotărâre a Guvernului.</p><p>(5)&nbsp;&nbsp;Polițiștii de frontiera, îndrumătorii de circulație ai Ministerului Apărării Naționale, agenții căilor ferate, personalul autorizat din zona lucrărilor pe drumurile publice, precum și membrii patrulelor școlare de circulație sunt obligați ca, pe timpul exercitării atribuțiilor, să poarte echipament de protecție-avertizare fluorescent-reflectorizant.</p><p><span style=""background-color:hsl(60, 75%, 60%);"">(6)&nbsp;Conducătorii autovehiculelor și tractoarelor agricole sau forestiere cu masa maximă autorizată mai mare de 3,5 tone sunt obligați să poarte echipament de protecție-avertizare fluorescent-reflectorizant atunci când execută intervenții la vehiculul care se află pe partea carosabilă a drumului public.</span></p><p>(7)&nbsp;&nbsp;&nbsp;Nevăzătorii sunt obligați să poarte în deplasarea pe drumurile publice baston de culoare alba.</p>


                    </div>","https://scoaladrpciv.ro/intrebari/categoria-c/obligatiile-conducatorilor-de-autovehicule"
"1790532803-153","https://scoaladrpciv.ro/intrebari/categoria-c","Cum trebuie să procedați când circulați pe timp de noapte și din sens opus se apropie un alt autovehicul?","A - să reduceți viteza;","B - să folosiți luminile de întâlnire de la cel puțin 200 m;","","C - să vă angajați cât mai aproape de marginea din dreapta a drumului.","","https://scoaladrpciv.ro/intrebare/cum-trebuie-sa-procedati-cand-circulati-pe-timp-de-noapte-si-din-sens-opus-se-apropie-un-alt-autovehicul-913c","","<div class="""">
                        <h4>Articolul 114</h4><p>(1)&nbsp;&nbsp; Conducãtorii de autovehicule, tractoare agricole sau forestiere și tramvaie sunt obligați sã foloseascã instalațiile de iluminare și/sau semnalizare a acestora, dupã cum urmeazã:</p><ul style=""list-style-type:circle;""><li>a)&nbsp;&nbsp; luminile de poziție sau de staționare pe timpul imobilizãrii vehiculului pe partea carosabilã în afara localitãților, de la lãsarea serii și pânã în zorii zilei, ziua când plouã torențial, ninge abundent sau este ceațã densã ori în alte condiții care reduc vizibilitatea pe drumul public;</li><li>b)&nbsp;&nbsp; luminile de întâlnire sau de drum, în mers, atât în localitãți, cât și în afara acestora, dupã gradul de iluminare a drumului public;</li><li>c)&nbsp; luminile de întâlnire și cele de ceațã pe timp de ceațã densã;</li><li>d)&nbsp;&nbsp; luminile de întâlnire ale autovehiculelor care însoțesc coloane militare sau cortegii, transportã grupuri organizate de persoane și cele care tracteazã alte vehicule sau care transporta mãrfuri ori produse periculoase, în timpul zilei;</li><li>e)&nbsp;&nbsp; luminile de întâlnire atunci când plouã torențial, ninge abundent ori în alte condiții care reduc vizibilitatea pe drum;</li><li>f)&nbsp;&nbsp; luminile pentru mersul înapoi atunci când vehiculul este manevrat cãtre înapoi;</li><li>g)&nbsp;&nbsp; luminile indicatoare de direcție pentru semnalizarea schimbãrii direcției de mers, inclusiv la punerea în mișcare a vehiculului de pe loc.</li></ul><p><span style=""background-color:hsl(60, 75%, 60%);"">(2)&nbsp;&nbsp; Pe timpul nopții, la apropierea a douã vehicule care circulã din sensuri opuse, conducãtorii acestora sunt obligați ca de la o distanțã de cel puțin 200 m sã foloseascã luminile de întâlnire concomitent cu reducerea vitezei.</span> Când conducãtorul de autovehicul, tractor agricol sau forestier se apropie de un autovehicul care circulã în fațã sã, acesta este obligat sã foloseascã luminile de întâlnire de la o distanțã de cel puțin 100 m.</p><p>(3)&nbsp;&nbsp; Pe timpul nopții sau în condiții de vizibilitate redusã conducãtorii de autovehicule, tractoare agricole sau forestiere și tramvaie care se apropie de o intersecție nedirijatã prin semnale luminoase sau de cãtre polițiști sunt obligați sã semnalizeze prin folosirea alternantã a luminilor de întâlnire cu cele de drum dacã nu încalcã astfel prevederile alin. (2).</p><p>&nbsp;(4)&nbsp;&nbsp; Pe timpul nopții sau în condiții de vizibilitate redusã autovehiculele, tractoarele agricole sau forestiere ori remorcile cu deficiențe la sistemul de iluminare și semnalizare luminoasã nu pot fi conduse sau remorcate fãrã a avea în funcțiune pe partea stânga, în fațã o luminã de întâlnire și în spate una de poziție.</p><p>(5) Luminile de avarie se folosesc în urmãtoarele situații:</p><ul style=""list-style-type:circle;""><li>a)&nbsp; când vehiculul este imobilizat involuntar pe partea carosabilã;</li><li>b)&nbsp;&nbsp; când vehiculul se deplaseazã foarte lent și/sau constituie el însuși un pericol pentru ceilalți participanți la trafic;</li><li>c)&nbsp;&nbsp; când autovehiculul, tractorul agricol sau forestier ori tramvaiul este remorcat.</li></ul><p>&nbsp;(6)&nbsp;&nbsp; În situațiile prevãzute la alin. (5), conducãtorii de autovehicule, tractoare agricole sau forestiere și tramvaie trebuie sã punã în funcțiune luminile de avarie, în mod succesiv, în ordinea opririi și în cazul în care aceastã manevrã este impusã de blocarea circulației pe sensul de mers.</p><p>(7)&nbsp;&nbsp; Când circulã prin tunel conducãtorul de vehicul este obligat sã foloseascã luminile de întâlnire.</p>


                    </div>","https://scoaladrpciv.ro/intrebari/categoria-c/obligatiile-conducatorilor-de-autovehicule"
"1790532805-154","https://scoaladrpciv.ro/intrebari/categoria-c","Ce obligații aveți când efectuați manevra de mers înapoi, iar vizibilitatea în spate este obstrucționată?","A - să fiți dirijat de cel puțin o persoană din afara vehiculului;","","","B - să folosiți claxonul și luminile intermitente de culoare galbenă;","C - manevra este interzisă.","https://scoaladrpciv.ro/intrebare/ce-obligatii-aveti-cand-efectuati-manevra-de-mers-inapoi-iar-vizibilitatea-in-spate-este-obstructionata-3854","","<div class="""">
                        <h4>Articolul 128</h4><p>(1) Se interzice mersul înapoi cu vehiculul:</p><ul style=""list-style-type:circle;""><li>a)&nbsp; în cazurile prevãzute la art. 126, cu excepția lit. d);</li><li>b)&nbsp;&nbsp; pe o distanțã mai mare de 50 m;</li><li>c)&nbsp; la ieșirea de pe proprietãți alãturate drumurilor publice.</li></ul><p><span style=""background-color:hsl(60, 75%, 60%);"">(2)&nbsp;&nbsp; În locurile în care mersul înapoi este permis, dar vizibilitatea în spate este împiedicatã, vehiculul poate fi manevrat înapoi numai atunci când conducãtorul acestuia este dirijat de cel puțin o persoanã aflatã în afara vehiculului.</span></p><p>(3)&nbsp;&nbsp; Persoana care dirijeazã manevrarea cu spatele a unui vehicul este obligatã sã se asigure cã manevra se efectueazã fãrã a pune în pericol siguranța participanților la trafic.</p><p>Mersul înapoi cu autovehiculul trebuie semnalizat cu lumina sau luminile speciale din dotare. Se recomanda dotarea autovehiculelor și cu dispozitive sonore pentru semnalizarea acestei manevre</p>


                    </div>","https://scoaladrpciv.ro/intrebari/categoria-c/obligatiile-conducatorilor-de-autovehicule"
"1790532807-155","https://scoaladrpciv.ro/intrebari/categoria-c","Ce le este interzis conducătorilor de autocamioane?","A - să folosească telefoanele mobile în timpul mersului, fără să aibă sistem de tip „mâini libere“;","","","B - să folosească luminile de avarie în localităţi;","C - să se angajeze în discuţii cu alţi pasageri.","https://scoaladrpciv.ro/intrebare/ce-le-este-interzis-conducatorilor-de-autocamioane-b5ab","","<div class="""">
                        <h4>Articolul 36</h4><p>(1)&nbsp;&nbsp;Conducătorii de autovehicule și tractoare agricole sau forestiere și persoanele care ocupă locuri prevăzute prin construcție cu centuri sau dispozitive de siguranță omologate trebuie să le poarte în timpul circulației pe drumurile publice, cu excepția cazurilor prevăzute în regulament.</p><p>(1^1) Conducătorii de autovehicule având locuri prevăzute prin construcție cu centuri de siguranță trebuie să informeze pasagerii cu privire la obligația legală de a le purta în timpul circulației pe drumurile publice.</p><p>(1^2) Conducătorii de autovehicule având locuri prevăzute prin construcție cu centuri de siguranță au obligația să se asigure că, pe timpul conducerii vehiculului, minorii poartă centurile de siguranță sau sunt transportați numai în dispozitive de fixare în scaune pentru copii omologate, în condițiile prevăzute de regulament.</p><p>(1^3) Conducătorilor de autovehicule le este interzis să transporte copii în vârstă de până la 3 ani în autovehicule care nu sunt echipate cu sisteme de siguranță, cu excepția celor destinate transportului public de persoane, precum și a taxiurilor dacă în acestea din urmă ocupă orice alt loc decât cel de pe scaunul din față, în condițiile prevăzute în regulament.</p><p style=""margin-left:0cm;text-align:justify;"">Copiii cu vârsta de peste 3 ani, având o înălțime de până la 150 cm, pot fi transportați în autovehicule care nu sunt echipate cu sisteme de siguranță doar dacă ocupă, pe timpul transportului, orice alt loc decât cel de pe scaunul din față.</p><p>(2)&nbsp;Pe timpul deplasării pe drumurile publice, conducătorii motocicletelor, mopedelor și persoanele transportate pe acestea au obligația să poarte casca de protecție omologată.</p><p><span style=""background-color:hsl(60, 75%, 60%);"">(3)&nbsp;&nbsp;Conducătorilor de vehicule le este interzisă folosirea telefoanelor mobile atunci când aceștia se află în timpul deplasării pe drumurile publice, cu excepția celor prevăzute cu dispozitive tip «mâini libere».</span></p><p>&nbsp;</p>


                    </div>","https://scoaladrpciv.ro/intrebari/categoria-c/obligatiile-conducatorilor-de-autovehicule"
"1790532809-156","https://scoaladrpciv.ro/intrebari/categoria-c","Când este obligat conducătorul unui autocamion să oprească?","B - la semnalul patrulelor şcolare de circulaţie la trecerile pentru pietoni din apropierea unităţilor şcolare;","","","A - la semnalul conducătorului grupurilor organizate;","C - când se apropie de o intersecţie sau când este semnalizat cu farurile de un alt participant la trafic.","https://scoaladrpciv.ro/intrebare/cand-este-obligat-conducatorul-unui-autocamion-sa-opreasca-0e2b","","<div class="""">
                        <h4>Articolul 89</h4><p>(1)&nbsp;&nbsp; Oprirea participanților la trafic este obligatorie și la semnalele date de:</p><ul style=""list-style-type:circle;""><li>a)&nbsp; polițiștii de frontierã;</li><li>b)&nbsp;&nbsp; îndrumãtorii de circulație ai Ministerului Apãrãrii;</li><li>&nbsp;c)&nbsp; agenții de cale feratã, la trecerile la nivel;</li><li>&nbsp;d)&nbsp;&nbsp; personalul autorizat din zona lucrãrilor pe drumurile publice;</li><li><span style=""background-color:hsl(60, 75%, 60%);"">&nbsp;e)&nbsp;&nbsp; membrii patrulelor școlare de circulație, la trecerile pentru pietoni din apropierea unitãților de învãțãmânt;</span></li><li>&nbsp;f)&nbsp;&nbsp; nevãzãtori, prin ridicarea bastonului alb, atunci când aceștia traverseazã strada.</li></ul><p>(2)&nbsp;&nbsp; Persoanele prevãzute la alin. (1) lit. a)-d) pot efectua și urmãtoarele semnale:</p><ul style=""list-style-type:circle;""><li>a)&nbsp;&nbsp; balansarea brațului în plan vertical, cu palma mâinii orientatã cãtre sol sau cu un mijloc de semnalizare, care semnificã reducerea vitezei;</li><li>b)&nbsp;&nbsp; rotirea vioaie a brațului, care semnificã mãrirea vitezei de deplasare a vehiculelor, inclusiv grãbirea traversãrii drumului de cãtre pietoni.</li></ul>


                    </div>","https://scoaladrpciv.ro/intrebari/categoria-c/obligatiile-conducatorilor-de-autovehicule"
"1790532812-157","https://scoaladrpciv.ro/intrebari/categoria-c","Care dintre următoarele obligaţii revin conducătorului de autocamion?","B - să menţină curate plăcuţele cu numărul de înmatriculare, pentru a fi vizibile;","","","A - să reducă viteza, atunci când trece pe lângă un poliţist de circulaţie aflat în serviciu pe drumul public;","C - să circule cu o viteză inferioară celei prescrise de indicatorul „Viteză minimă obligatorie“.","https://scoaladrpciv.ro/intrebare/care-dintre-urmatoarele-obligatii-revin-conducatorului-de-autocamion-b4d1","","<div class="""">
                        <h4>Articolul 147</h4><p>Conducãtorul de autovehicul, tractor agricol sau forestier ori tramvai este obligat:</p><p>1.&nbsp;&nbsp; sã aibã asupra sa actul de identitate, permisul de conducere, certificatul de înmatriculare sau de înregistrare și, dupã caz, atestatul profesional, precum și celelalte documente prevãzute de legislația în vigoare;2.&nbsp;&nbsp; sã circule numai pe sectoarele de drum pe care îi este permis accesul și sã respecte normele referitoare la masele totale maxime autorizate și admise și/sau la dimensiunile maxime admise de autoritatea competentã pentru autovehiculele, tractoarele agricole sau forestiere conduse;</p><p><span style=""background-color:hsl(60, 75%, 60%);"">3.&nbsp;&nbsp; sã verifice funcționarea sistemului de lumini și de semnalizare, a instalației de climatizare, sã menținã permanent curate parbrizul, luneta și geamurile laterale ale autovehiculului, tractorului agricol sau forestier, precum și plãcuțele cu numãrul de înmatriculare sau înregistrare ale autovehiculului, tractorului agricol sau forestier și remorcii;</span></p><p>4.&nbsp;&nbsp; sã permitã controlul stãrii tehnice a vehiculului, precum și al bunurilor transportate, în condițiile legii;</p><p>5.&nbsp;&nbsp; sã se prezinte la verificarea medicalã periodicã, potrivit legii, precum și la examinarea medicalã de specialitate la trimiterea medicului în condițiile art. 22 alin. (6) din Ordonanța de urgențã a Guvernului nr. 195/2002, republicatã, cu modificãrile și completãrile ulterioare;</p><p>6.&nbsp;&nbsp; sã aplice pe parbrizul și pe luneta autovehiculului, tractorului agricol sau forestier semnul distinctiv stabilit pentru conducãtorii de autovehicule începãtori, dacã are o vechime mai micã de un an de la obținerea permisului de conducere.</p>


                    </div>","https://scoaladrpciv.ro/intrebari/categoria-c/obligatiile-conducatorilor-de-autovehicule"
"1790532814-158","https://scoaladrpciv.ro/intrebari/categoria-c","Conducătorilor de vehicule le este interzis:","A - să profereze injurii;","B - să săvârșească acte sau gesturi obscene;","C - să adreseze celorlalți participanți la trafic expresii jignitoare sau vulgare.","","","https://scoaladrpciv.ro/intrebare/conducatorilor-de-vehicule-le-este-interzis-86f9","","<div class="""">
                        <h4>Articolul 148</h4><p>Se interzice conducãtorului de autovehicul, tractor agricol sau forestier ori tramvai:</p><p>1.&nbsp;&nbsp; sã conducã un autovehicul, tractor agricol sau forestier ori tramvai cu dovada înlocuitoare a permisului de conducere eliberatã fãrã drept de circulație sau a cãrei valabilitate a expirat;</p><p>2.&nbsp;&nbsp; sã transporte în autovehicul, tractor agricol sau forestier ori tramvai mai multe persoane decât numãrul de locuri stabilite în certificatul de înmatriculare sau de înregistrare;</p><p>3.&nbsp;&nbsp; sã transporte persoane în stare de ebrietate pe autovehicule din categoriile AM, A1, A2 și A sau în cabina ori în caroseria autovehiculului destinat transportului de mãrfuri;</p><p>4.&nbsp;&nbsp; sã transporte persoane în caroseria autobasculantei, pe autocisternã, pe platformã, deasupra încãrcãturii, pe pãrțile laterale ale caroseriei sau persoane care stau în picioare în caroseria autocamionului, pe scãri și în remorcã, cu excepția celei special amenajate pentru transportul persoanelor;</p><p>5.&nbsp;&nbsp; sã transporte în și pe autoturism obiecte a cãror lungime sau lãțime depãșește, împreunã cu încãrcãtura, dimensiunile acestuia;</p><p>6.&nbsp;&nbsp; sã deschidã ușile vehiculului sau tramvaiului în timpul mersului, sã porneascã de pe loc cu ușile deschise;</p><p>7.&nbsp;&nbsp; sã aibã în timpul mersului preocupãri de naturã a-i distrage în mod periculos atenția ori sã foloseascã instalații de sonorizare la un nivel de zgomot care ar afecta deplasarea în siguranțã a lui și a celorlalți participanți la trafic;</p><p>8.&nbsp;&nbsp; sã intre pe drumurile modernizate cu vehiculul care are pe roți sau pe caroserie noroi ce se depune pe partea carosabilã ori din care cad sau se scurg produse, substanțe ori materiale ce pot pune în pericol siguranța circulației;</p><p>9.&nbsp;&nbsp; sã aibã aplicate pe parbriz, lunetã sau pe geamurile laterale afișe, reclame publicitare, înscrisuri ori accesorii, care restrâng sau estompeazã vizibilitatea conducãtorului ori a pasagerilor, atât din interior, cât și din exterior;</p><p>10.&nbsp;&nbsp; sã aibã aplicate folii sau tratamente chimice pe parbrize, lunetã ori pe geamurile laterale, care restrâng sau estompeazã vizibilitatea, atât din interior, cât și din exterior, cu excepția celor omologate și certificate, prin marcaj corespunzãtor, de cãtre autoritatea competentã;</p><p>11.&nbsp;&nbsp; sã aibã aplicate folii sau tratamente chimice pe dispozitivele de iluminare ori semnalizare luminoasã, care diminueazã eficacitatea acestora, precum și pe plãcuțele cu numãrul de înmatriculare sau de înregistrare, care împiedicã citirea numãrului de înmatriculare sau de înregistrare;</p><p>12.&nbsp;&nbsp; sã lase liber în timpul mersului volanul, ghidonul sau maneta de comandã, sã opreascã motorul ori sã decupleze transmisia în timpul mersului;</p><p>13.&nbsp;&nbsp; sã foloseascã în mod abuziv mijloacele de avertizare sonorã;</p><p>14.&nbsp;&nbsp; sã circule cu autovehiculul cu masa totalã maximã autorizatã mai mare de 3,5 tone pe drumurile acoperite cu zãpadã, gheațã sau polei, fãrã a avea montate pe roți lanțuri sau alte echipamente antiderapante omologate, în perioadele și pe drumurile stabilite prin ordin al ministrului transporturilor, construcțiilor și turismului;</p><p>15.&nbsp;&nbsp; sã circule având montate pe autovehicul și tractor agricol sau forestier anvelope cu alte dimensiuni ori caracteristici decât cele prevãzute în certificatul de înmatriculare sau de înregistrare ori care prezintã tãieturi sau rupturi ale cordului ori sunt uzate peste limita admisã;</p><p>16.&nbsp;&nbsp; sã conducã un vehicul care emanã noxe peste limita legalã admisã ori al cãrui zgomot în mers sau staționare depãșește pragul fonic prevãzut de lege ori care are montat pe sistemul de evacuare a gazelor dispozitive neomologate;</p><p>17.&nbsp;&nbsp; sã circule cu vehiculul având plãcuțele cu numerele de înmatriculare sau de înregistrare, provizorii ori pentru probe deteriorate sau neconforme cu standardul;</p><p><span style=""background-color:hsl(60, 75%, 60%);"">18.&nbsp;&nbsp; sã sãvârșeascã acte sau gesturi obscene, sã profereze injurii, sã adreseze expresii jignitoare ori vulgare celorlalți participanți la trafic;</span></p><p>19.&nbsp;&nbsp; sã circule cu vehiculul avariat mai mult de 30 de zile de la data producerii avariei;</p><p>20.&nbsp;&nbsp; sã arunce, pe drumurile publice, din vehicul obiecte, materiale sau substanțe;</p><p>21.&nbsp;&nbsp; sã traverseze drumurile publice, pe trecerile destinate pietonilor, în timp ce se deplaseazã pe vehicule din categoriile AM, A1, A2 și A.</p>


                    </div>","https://scoaladrpciv.ro/intrebari/categoria-c/obligatiile-conducatorilor-de-autovehicule"
"1790532816-159","https://scoaladrpciv.ro/intrebari/categoria-c","Conducătorul unui autocamion este obligat:","B - să se prezinte la termen, la unitatea de poliţie care l-a citat, pentru soluţionarea oricărei probleme legate de calitatea sa de conducător;","","","A - să nu conducă după ce a consumat medicamente care sunt contraindicate;","C - să anunţe imediat cea mai apropiată unitate de poliţie, dacă s-a îmbolnăvit.","https://scoaladrpciv.ro/intrebare/conducatorul-unui-autocamion-este-obligat-5e8f","","<div class="""">
                        <h4>Articolul 147</h4><p>Conducãtorul de autovehicul, tractor agricol sau forestier ori tramvai este obligat:</p><p>1.&nbsp;&nbsp; sã aibã asupra sa actul de identitate, permisul de conducere, certificatul de înmatriculare sau de înregistrare și, dupã caz, atestatul profesional, precum și celelalte documente prevãzute de legislația în vigoare;2.&nbsp;&nbsp; sã circule numai pe sectoarele de drum pe care îi este permis accesul și sã respecte normele referitoare la masele totale maxime autorizate și admise și/sau la dimensiunile maxime admise de autoritatea competentã pentru autovehiculele, tractoarele agricole sau forestiere conduse;</p><p>3.&nbsp;&nbsp; sã verifice funcționarea sistemului de lumini și de semnalizare, a instalației de climatizare, sã menținã permanent curate parbrizul, luneta și geamurile laterale ale autovehiculului, tractorului agricol sau forestier, precum și plãcuțele cu numãrul de înmatriculare sau înregistrare ale autovehiculului, tractorului agricol sau forestier și remorcii;</p><p>4.&nbsp;&nbsp; sã permitã controlul stãrii tehnice a vehiculului, precum și al bunurilor transportate, în condițiile legii;</p><p>5.&nbsp;&nbsp; sã se prezinte la verificarea medicalã periodicã, potrivit legii, precum și la examinarea medicalã de specialitate la trimiterea medicului în condițiile art. 22 alin. (6) din Ordonanța de urgențã a Guvernului nr. 195/2002, republicatã, cu modificãrile și completãrile ulterioare;</p><p>6.&nbsp;&nbsp; sã aplice pe parbrizul și pe luneta autovehiculului, tractorului agricol sau forestier semnul distinctiv stabilit pentru conducãtorii de autovehicule începãtori, dacã are o vechime mai micã de un an de la obținerea permisului de conducere.</p>


                    </div>","https://scoaladrpciv.ro/intrebari/categoria-c/obligatiile-conducatorilor-de-autovehicule"
"1790532819-160","https://scoaladrpciv.ro/intrebari/categoria-c","Ce obligație are conducătorul auto când a accidentat un pieton care a traversat strada neregulamentar?","A - transportă victima la cea mai apropiată unitate sanitară, dacă nu este posibilă  transportarea cu alte mijloace, și se reîntoarce imediat la locul accidentului;","","","B - rămâne la locul accidentului până la sosirea organelor de anchetă, reținând numele, prenumele și adresele martorilor;","C - se prezintă la cel mai apropiat post de poliție.","https://scoaladrpciv.ro/intrebare/ce-obligatie-are-conducatorul-auto-cand-a-accidentat-un-pieton-care-a-traversat-strada-neregulamentar-0edf","","<div class="""">
                        <h4>Articolul 77</h4><p>(1)&nbsp;&nbsp;&nbsp;Conducătorul unui vehicul implicat într-un accident de circulație în urma căruia a rezultat moartea sau vătămarea integrității corporale ori a sănătății unei persoane este obligat să ia măsuri de anunțare imediată a poliției, să nu modifice sau să șteargă urmele accidentului și să nu părăsească locul faptei.</p><p>(2)&nbsp;&nbsp;Orice persoană care este implicată sau are cunoștință de producerea unui accident de circulație în urma căruia a rezultat moartea sau vătămarea integrității corporale ori a sănătății uneia sau a mai multor persoane, precum și în situația în care în eveniment este implicat un vehicul care transportă mărfuri periculoase este obligată să anunțe de îndată poliția și să apeleze numărul național unic pentru apeluri de urgență 112, existent în rețelele de telefonie din România.</p><p>(3)&nbsp;&nbsp;&nbsp;Este interzis oricărei persoane să schimbe poziția vehiculului implicat într-un accident de circulație în urma căruia a rezultat moartea sau vătămarea integrității corporale ori a sănătății uneia sau a mai multor persoane, să modifice starea locului sau să șteargă urmele accidentului fără încuviințarea poliției care cercetează accidentul.</p>


                    </div>","https://scoaladrpciv.ro/intrebari/categoria-c/obligatiile-conducatorilor-de-autovehicule"
"1790532821-161","https://scoaladrpciv.ro/intrebari/categoria-c","La cererea poliţistului rutier, împreună cu reprezentantul autorităţilor abilitate, conducătorul unui autocamion este obligat:","C - să permită controlul stării tehnice a autocamionului, precum şi al bunurilor transportate.","","","A - să prezinte documentele de călătorie;","B - să-l transporte la prima localitate;","https://scoaladrpciv.ro/intrebare/la-cererea-politistului-rutier-impreuna-cu-reprezentantul-autoritatilor-abilitate-conducatorul-unui-autocamion-este-obligat-c52c","","<div class="""">
                        <h4>Articolul 147</h4><p>Conducãtorul de autovehicul, tractor agricol sau forestier ori tramvai este obligat:</p><p>1.&nbsp;&nbsp; sã aibã asupra sa actul de identitate, permisul de conducere, certificatul de înmatriculare sau de înregistrare și, dupã caz, atestatul profesional, precum și celelalte documente prevãzute de legislația în vigoare;2.&nbsp;&nbsp; sã circule numai pe sectoarele de drum pe care îi este permis accesul și sã respecte normele referitoare la masele totale maxime autorizate și admise și/sau la dimensiunile maxime admise de autoritatea competentã pentru autovehiculele, tractoarele agricole sau forestiere conduse;</p><p>3.&nbsp;&nbsp; sã verifice funcționarea sistemului de lumini și de semnalizare, a instalației de climatizare, sã menținã permanent curate parbrizul, luneta și geamurile laterale ale autovehiculului, tractorului agricol sau forestier, precum și plãcuțele cu numãrul de înmatriculare sau înregistrare ale autovehiculului, tractorului agricol sau forestier și remorcii;</p><p><span style=""background-color:hsl(60, 75%, 60%);"">4.&nbsp;&nbsp; sã permitã controlul stãrii tehnice a vehiculului, precum și al bunurilor transportate, în condițiile legii;</span></p><p>5.&nbsp;&nbsp; sã se prezinte la verificarea medicalã periodicã, potrivit legii, precum și la examinarea medicalã de specialitate la trimiterea medicului în condițiile art. 22 alin. (6) din Ordonanța de urgențã a Guvernului nr. 195/2002, republicatã, cu modificãrile și completãrile ulterioare;</p><p>6.&nbsp;&nbsp; sã aplice pe parbrizul și pe luneta autovehiculului, tractorului agricol sau forestier semnul distinctiv stabilit pentru conducãtorii de autovehicule începãtori, dacã are o vechime mai micã de un an de la obținerea permisului de conducere.</p>


                    </div>","https://scoaladrpciv.ro/intrebari/categoria-c/obligatiile-conducatorilor-de-autovehicule"
"1790532823-162","https://scoaladrpciv.ro/intrebari/categoria-c","Sunteți obligat să înmânați polițistului rutier, la cererea acestuia, documentele referitoare la bunurile transportate?","A - da;","","","B - nu, acestea sunt controlate doar de către organele Gărzii Financiare;","C - nu, acestea se verifică doar de către Serviciul de Investigare a Fraudelor.","https://scoaladrpciv.ro/intrebare/sunteti-obligat-sa-inmanati-politistului-rutier-la-cererea-acestuia-documentele-referitoare-la-bunurile-transportate-1f4d","","<div class="""">
                        <h4>Articolul 147</h4><p>Conducãtorul de autovehicul, tractor agricol sau forestier ori tramvai este obligat:</p><p><span style=""background-color:hsl(60, 75%, 60%);"">1.&nbsp;&nbsp; sã aibã asupra sa actul de identitate, permisul de conducere, certificatul de înmatriculare sau de înregistrare și, dupã caz, atestatul profesional, precum și celelalte documente prevãzute de legislația în vigoare;2.&nbsp;&nbsp; sã circule numai pe sectoarele de drum pe care îi este permis accesul și sã respecte normele referitoare la masele totale maxime autorizate și admise și/sau la dimensiunile maxime admise de autoritatea competentã pentru autovehiculele, tractoarele agricole sau forestiere conduse;</span></p><p>3.&nbsp;&nbsp; sã verifice funcționarea sistemului de lumini și de semnalizare, a instalației de climatizare, sã menținã permanent curate parbrizul, luneta și geamurile laterale ale autovehiculului, tractorului agricol sau forestier, precum și plãcuțele cu numãrul de înmatriculare sau înregistrare ale autovehiculului, tractorului agricol sau forestier și remorcii;</p><p><span style=""background-color:hsl(60, 75%, 60%);"">4.&nbsp;&nbsp; sã permitã controlul stãrii tehnice a vehiculului, precum și al bunurilor transportate, în condițiile legii;</span></p><p>5.&nbsp;&nbsp; sã se prezinte la verificarea medicalã periodicã, potrivit legii, precum și la examinarea medicalã de specialitate la trimiterea medicului în condițiile art. 22 alin. (6) din Ordonanța de urgențã a Guvernului nr. 195/2002, republicatã, cu modificãrile și completãrile ulterioare;</p><p>6.&nbsp;&nbsp; sã aplice pe parbrizul și pe luneta autovehiculului, tractorului agricol sau forestier semnul distinctiv stabilit pentru conducãtorii de autovehicule începãtori, dacã are o vechime mai micã de un an de la obținerea permisului de conducere.</p>


                    </div>","https://scoaladrpciv.ro/intrebari/categoria-c/obligatiile-conducatorilor-de-autovehicule"
"1790532825-163","https://scoaladrpciv.ro/intrebari/categoria-c","Unde trebuie să se deplaseze conducătorii de autocamioane angajaţi într-un accident de circulaţie, în urma căruia au rezultat pagube materiale, pentru a obţine actul de constatare?","A - la cea mai apropiată unitate de poliţie competentă, în maximum 24 de ore;","","","B - la serviciul judeţean de poliţie rutieră;","C - la unitatea de poliţie în raza căreia domiciliază.","https://scoaladrpciv.ro/intrebare/unde-trebuie-sa-se-deplaseze-conducatorii-de-autocamioane-angajati-intr-un-accident-de-circulatie-in-urma-caruia-au-rezultat-pagube-materiale-pentru-a-obtine-actul-de-constatare-6550","","<div class="""">
                        <h4>Articolul 79</h4><p>(1)&nbsp;&nbsp;Conducătorii de vehicule implicați într-un accident de circulație în urma căruia au rezultat numai avarierea vehiculelor și/sau alte pagube materiale sunt obligați:</p><ul><li>a)&nbsp;&nbsp;să scoată imediat vehiculele în afara părții carosabile ori, dacă starea vehiculelor nu permite acest lucru, să le deplaseze cât mai aproape de bordură sau acostament, semnalizându-le prezența;</li><li><span style=""background-color:hsl(60, 75%, 60%);"">b)&nbsp;&nbsp;&nbsp;să se prezinte la unitatea de poliție competentă pe raza căreia s-a produs accidentul în termen de cel mult 24 de ore de la producerea evenimentului pentru întocmirea documentelor de constatare.</span></li></ul><p>(2)&nbsp; Se exceptează de la obligațiile prevăzute la alin. (1) lit. b)*):</p><ul><li>a)&nbsp; conducătorii vehiculelor care încheie o constatare amiabilă de accident, în condițiile legii;</li><li>b)&nbsp;&nbsp;&nbsp;conducătorul de vehicul care deține o asigurare facultativă de avarii auto, iar accidentul de circulație a avut ca rezultat numai avarierea propriului vehicul.</li></ul>


                    </div>","https://scoaladrpciv.ro/intrebari/categoria-c/obligatiile-conducatorilor-de-autovehicule"
"1790532828-164","https://scoaladrpciv.ro/intrebari/categoria-c","Cum procedaţi, dacă masa autocamionului încărcat depăşeşte valoarea admisă?","A - în aceste condiţii nu efectuaţi transportul;","","","B - creşteţi presiunea din pneuri;","C - rulaţi cu viteză redusă.","https://scoaladrpciv.ro/intrebare/cum-procedati-daca-masa-autocamionului-incarcat-depaseste-valoarea-admisa-1db0","","<div class="""">
                        <h4>Articolul 147</h4><p>Conducãtorul de autovehicul, tractor agricol sau forestier ori tramvai este obligat:</p><p>1.&nbsp;&nbsp; sã aibã asupra sa actul de identitate, permisul de conducere, certificatul de înmatriculare sau de înregistrare și, dupã caz, atestatul profesional, precum și celelalte documente prevãzute de legislația în vigoare;</p><p><span style=""background-color:hsl(60, 75%, 60%);"">2.&nbsp;&nbsp; sã circule numai pe sectoarele de drum pe care îi este permis accesul și sã respecte normele referitoare la masele totale maxime autorizate și admise și/sau la dimensiunile maxime admise de autoritatea competentã pentru autovehiculele, tractoarele agricole sau forestiere conduse;</span></p><p>3.&nbsp;&nbsp; sã verifice funcționarea sistemului de lumini și de semnalizare, a instalației de climatizare, sã menținã permanent curate parbrizul, luneta și geamurile laterale ale autovehiculului, tractorului agricol sau forestier, precum și plãcuțele cu numãrul de înmatriculare sau înregistrare ale autovehiculului, tractorului agricol sau forestier și remorcii;</p><p>4.&nbsp;&nbsp; sã permitã controlul stãrii tehnice a vehiculului, precum și al bunurilor transportate, în condițiile legii;</p><p>5.&nbsp;&nbsp; sã se prezinte la verificarea medicalã periodicã, potrivit legii, precum și la examinarea medicalã de specialitate la trimiterea medicului în condițiile art. 22 alin. (6) din Ordonanța de urgențã a Guvernului nr. 195/2002, republicatã, cu modificãrile și completãrile ulterioare;</p><p>6.&nbsp;&nbsp; sã aplice pe parbrizul și pe luneta autovehiculului, tractorului agricol sau forestier semnul distinctiv stabilit pentru conducãtorii de autovehicule începãtori, dacã are o vechime mai micã de un an de la obținerea permisului de conducere.</p>


                    </div>","https://scoaladrpciv.ro/intrebari/categoria-c/obligatiile-conducatorilor-de-autovehicule"
"1790532830-165","https://scoaladrpciv.ro/intrebari/categoria-c","Ce obligaţii îi revin conducătorului de autocamion care a accidentat un pieton ce a traversat strada printr-un loc nepermis?","C - în lipsa altor mijloace de transport, să-l transporte el însuşi la cea mai apropiată unitate sanitară, apoi să se întoarcă la locul accidentului.","","","A - să se prezinte de urgenţă la cea mai apropiată unitate de poliţie;","B - întrucât nu este vinovat de accident, poate părăsi locul faptei;","https://scoaladrpciv.ro/intrebare/ce-obligatii-ii-revin-conducatorului-de-autocamion-care-a-accidentat-un-pieton-ce-a-traversat-strada-printr-un-loc-nepermis-3743","","<div class="""">
                        <h4>Articolul 77</h4><p><span style=""background-color:hsl(60,75%,60%);"">(1)&nbsp;&nbsp;&nbsp;Conducătorul unui vehicul implicat într-un accident de circulație în urma căruia a rezultat moartea sau vătămarea integrității corporale ori a sănătății unei persoane este obligat să ia măsuri de anunțare imediată a poliției, să nu modifice sau să șteargă urmele accidentului și să nu părăsească locul faptei.</span></p><p>(2)&nbsp;&nbsp;Orice persoană care este implicată sau are cunoștință de producerea unui accident de circulație în urma căruia a rezultat moartea sau vătămarea integrității corporale ori a sănătății uneia sau a mai multor persoane, precum și în situația în care în eveniment este implicat un vehicul care transportă mărfuri periculoase este obligată să anunțe de îndată poliția și să apeleze numărul național unic pentru apeluri de urgență 112, existent în rețelele de telefonie din România.</p><p>(3)&nbsp;&nbsp;&nbsp;Este interzis oricărei persoane să schimbe poziția vehiculului implicat într-un accident de circulație în urma căruia a rezultat moartea sau vătămarea integrității corporale ori a sănătății uneia sau a mai multor persoane, să modifice starea locului sau să șteargă urmele accidentului fără încuviințarea poliției care cercetează accidentul.</p><h4>Articolul 338</h4><p>Părăsirea locului accidentului ori modificarea sau ștergerea urmelor acestuia</p><p>(1) Părăsirea locului accidentului, fără încuviințarea poliției sau a procurorului care efectuează cercetarea locului faptei, de către conducătorul vehiculului sau de către instructorul auto, aflat în procesul de instruire, ori de către examinatorul autorității competente, aflat în timpul desfășurării probelor practice ale examenului pentru obținerea permisului de conducere, implicat într-un accident de circulație, se pedepsește cu închisoarea de la 2 la 7 ani.</p><p>(2) Cu aceeași pedeapsă se sancționează și fapta oricărei persoane de a modifica starea locului sau de a șterge urmele accidentului de circulație din care a rezultat uciderea sau vătămarea integrității corporale ori a sănătății uneia sau mai multor persoane, fără acordul echipei de cercetare la fața locului.</p><p>(3) Nu constituie infracțiune părăsirea locului accidentului când:</p><p>a) în urma accidentului s-au produs doar pagube materiale;</p><p><span style=""background-color:hsl(60,75%,60%);"">b) conducătorul vehiculului, în lipsa altor mijloace de transport, transportă el însuși persoanele rănite la cea mai apropiată unitate sanitară în măsură să acorde asistență medicală necesară și la care a declarat datele personale de identitate și numărul de înmatriculare sau înregistrare a vehiculului condus, consemnate într-un registru special, dacă se înapoiază imediat la locul accidentului;</span></p><p>c) conducătorul autovehiculului cu regim de circulație prioritară anunță de îndată poliția, iar după terminarea misiunii se prezintă la sediul unității de poliție pe a cărei rază de competență s-a produs accidentul, în vederea întocmirii documentelor de constatare;</p><p>d) victima părăsește locul faptei, iar conducătorul de vehicul anunță imediat evenimentul la cea mai apropiată unitate de poliție.</p>


                    </div>","https://scoaladrpciv.ro/intrebari/categoria-c/obligatiile-conducatorilor-de-autovehicule"
"1790532832-166","https://scoaladrpciv.ro/intrebari/categoria-c","Ce măsuri trebuie să ia conducătorul de autocamion care constată că un autoturism s-a răsturnat în afara drumului şi există persoane accidentate?","A - opreşte, anunţă poliţia şi, dacă este cazul, transportă răniţii la cea mai apropiată unitate sanitară;","","","B - nu are nicio obligaţie;","C - ajută la repunerea autovehiculului pe roţi.","https://scoaladrpciv.ro/intrebare/ce-masuri-trebuie-sa-ia-conducatorul-de-autocamion-care-constata-ca-un-autoturism-s-a-rasturnat-in-afara-drumului-si-exista-persoane-accidentate-4ddd","","<div class="""">
                        <h4>Articolul 77</h4><p>(1)&nbsp;&nbsp;&nbsp;Conducătorul unui vehicul implicat într-un accident de circulație în urma căruia a rezultat moartea sau vătămarea integrității corporale ori a sănătății unei persoane este obligat să ia măsuri de anunțare imediată a poliției, să nu modifice sau să șteargă urmele accidentului și să nu părăsească locul faptei.</p><p><span style=""background-color:hsl(60, 75%, 60%);"">(2)&nbsp;&nbsp;Orice persoană care este implicată sau are cunoștință de producerea unui accident de circulație în urma căruia a rezultat moartea sau vătămarea integrității corporale ori a sănătății uneia sau a mai multor persoane, precum și în situația în care în eveniment este implicat un vehicul care transportă mărfuri periculoase este obligată să anunțe de îndată poliția și să apeleze numărul național unic pentru apeluri de urgență 112, existent în rețelele de telefonie din România.</span></p><p>(3)&nbsp;&nbsp;&nbsp;Este interzis oricărei persoane să schimbe poziția vehiculului implicat într-un accident de circulație în urma căruia a rezultat moartea sau vătămarea integrității corporale ori a sănătății uneia sau a mai multor persoane, să modifice starea locului sau să șteargă urmele accidentului fără încuviințarea poliției care cercetează accidentul.</p>


                    </div>","https://scoaladrpciv.ro/intrebari/categoria-c/obligatiile-conducatorilor-de-autovehicule"
"1790532834-167","https://scoaladrpciv.ro/intrebari/categoria-c","Conducătorului de autocamion i se interzice:","A - să arunce din vehicul obiecte, substanţe sau alte bunuri;","","","B - să deschidă uşile, dacă vehiculul este oprit sau staţionat pe partea carosabilă;","C - să folosească instalaţia de sonorizare cu care este echipat vehiculul.","https://scoaladrpciv.ro/intrebare/conducatorului-de-autocamion-i-se-interzice-c010","","<div class="""">
                        <h4>Articolul 148</h4><p>Se interzice conducãtorului de autovehicul, tractor agricol sau forestier ori tramvai:</p><p>1.&nbsp;&nbsp; sã conducã un autovehicul, tractor agricol sau forestier ori tramvai cu dovada înlocuitoare a permisului de conducere eliberatã fãrã drept de circulație sau a cãrei valabilitate a expirat;</p><p>2.&nbsp;&nbsp; sã transporte în autovehicul, tractor agricol sau forestier ori tramvai mai multe persoane decât numãrul de locuri stabilite în certificatul de înmatriculare sau de înregistrare;</p><p>3.&nbsp;&nbsp; sã transporte persoane în stare de ebrietate pe autovehicule din categoriile AM, A1, A2 și A sau în cabina ori în caroseria autovehiculului destinat transportului de mãrfuri;</p><p>4.&nbsp;&nbsp; sã transporte persoane în caroseria autobasculantei, pe autocisternã, pe platformã, deasupra încãrcãturii, pe pãrțile laterale ale caroseriei sau persoane care stau în picioare în caroseria autocamionului, pe scãri și în remorcã, cu excepția celei special amenajate pentru transportul persoanelor;</p><p>5.&nbsp;&nbsp; sã transporte în și pe autoturism obiecte a cãror lungime sau lãțime depãșește, împreunã cu încãrcãtura, dimensiunile acestuia;</p><p>6.&nbsp;&nbsp; sã deschidã ușile vehiculului sau tramvaiului în timpul mersului, sã porneascã de pe loc cu ușile deschise;</p><p>7.&nbsp;&nbsp; sã aibã în timpul mersului preocupãri de naturã a-i distrage în mod periculos atenția ori sã foloseascã instalații de sonorizare la un nivel de zgomot care ar afecta deplasarea în siguranțã a lui și a celorlalți participanți la trafic;</p><p>8.&nbsp;&nbsp; sã intre pe drumurile modernizate cu vehiculul care are pe roți sau pe caroserie noroi ce se depune pe partea carosabilã ori din care cad sau se scurg produse, substanțe ori materiale ce pot pune în pericol siguranța circulației;</p><p>9.&nbsp;&nbsp; sã aibã aplicate pe parbriz, lunetã sau pe geamurile laterale afișe, reclame publicitare, înscrisuri ori accesorii, care restrâng sau estompeazã vizibilitatea conducãtorului ori a pasagerilor, atât din interior, cât și din exterior;</p><p>10.&nbsp;&nbsp; sã aibã aplicate folii sau tratamente chimice pe parbrize, lunetã ori pe geamurile laterale, care restrâng sau estompeazã vizibilitatea, atât din interior, cât și din exterior, cu excepția celor omologate și certificate, prin marcaj corespunzãtor, de cãtre autoritatea competentã;</p><p>11.&nbsp;&nbsp; sã aibã aplicate folii sau tratamente chimice pe dispozitivele de iluminare ori semnalizare luminoasã, care diminueazã eficacitatea acestora, precum și pe plãcuțele cu numãrul de înmatriculare sau de înregistrare, care împiedicã citirea numãrului de înmatriculare sau de înregistrare;</p><p>12.&nbsp;&nbsp; sã lase liber în timpul mersului volanul, ghidonul sau maneta de comandã, sã opreascã motorul ori sã decupleze transmisia în timpul mersului;</p><p>13.&nbsp;&nbsp; sã foloseascã în mod abuziv mijloacele de avertizare sonorã;</p><p>14.&nbsp;&nbsp; sã circule cu autovehiculul cu masa totalã maximã autorizatã mai mare de 3,5 tone pe drumurile acoperite cu zãpadã, gheațã sau polei, fãrã a avea montate pe roți lanțuri sau alte echipamente antiderapante omologate, în perioadele și pe drumurile stabilite prin ordin al ministrului transporturilor, construcțiilor și turismului;</p><p>15.&nbsp;&nbsp; sã circule având montate pe autovehicul și tractor agricol sau forestier anvelope cu alte dimensiuni ori caracteristici decât cele prevãzute în certificatul de înmatriculare sau de înregistrare ori care prezintã tãieturi sau rupturi ale cordului ori sunt uzate peste limita admisã;</p><p>16.&nbsp;&nbsp; sã conducã un vehicul care emanã noxe peste limita legalã admisã ori al cãrui zgomot în mers sau staționare depãșește pragul fonic prevãzut de lege ori care are montat pe sistemul de evacuare a gazelor dispozitive neomologate;</p><p>17.&nbsp;&nbsp; sã circule cu vehiculul având plãcuțele cu numerele de înmatriculare sau de înregistrare, provizorii ori pentru probe deteriorate sau neconforme cu standardul;</p><p>18.&nbsp;&nbsp; sã sãvârșeascã acte sau gesturi obscene, sã profereze injurii, sã adreseze expresii jignitoare ori vulgare celorlalți participanți la trafic;</p><p>19.&nbsp;&nbsp; sã circule cu vehiculul avariat mai mult de 30 de zile de la data producerii avariei;</p><p><span style=""background-color:hsl(60, 75%, 60%);"">20.&nbsp;&nbsp; sã arunce, pe drumurile publice, din vehicul obiecte, materiale sau substanțe;</span></p><p>21.&nbsp;&nbsp; sã traverseze drumurile publice, pe trecerile destinate pietonilor, în timp ce se deplaseazã pe vehicule din categoriile AM, A1, A2 și A.</p>


                    </div>","https://scoaladrpciv.ro/intrebari/categoria-c/obligatiile-conducatorilor-de-autovehicule"
"1790532837-168","https://scoaladrpciv.ro/intrebari/categoria-c","Conducătorul unui autocamion este obligat:","A - să permită controlul stării tehnice a autocamionului, precum şi al bunurilor transportate, în condiţiile legii;","B - să se prezinte la verificarea medicală periodică, potrivit legii;","","C - să transporte poliţişti, la cererea acestora.","","https://scoaladrpciv.ro/intrebare/conducatorul-unui-autocamion-este-obligat-59c7","","<div class="""">
                        <h4>Articolul 147</h4><p>Conducãtorul de autovehicul, tractor agricol sau forestier ori tramvai este obligat:</p><p>1.&nbsp;&nbsp; sã aibã asupra sa actul de identitate, permisul de conducere, certificatul de înmatriculare sau de înregistrare și, dupã caz, atestatul profesional, precum și celelalte documente prevãzute de legislația în vigoare;2.&nbsp;&nbsp; sã circule numai pe sectoarele de drum pe care îi este permis accesul și sã respecte normele referitoare la masele totale maxime autorizate și admise și/sau la dimensiunile maxime admise de autoritatea competentã pentru autovehiculele, tractoarele agricole sau forestiere conduse;</p><p>3.&nbsp;&nbsp; sã verifice funcționarea sistemului de lumini și de semnalizare, a instalației de climatizare, sã menținã permanent curate parbrizul, luneta și geamurile laterale ale autovehiculului, tractorului agricol sau forestier, precum și plãcuțele cu numãrul de înmatriculare sau înregistrare ale autovehiculului, tractorului agricol sau forestier și remorcii;</p><p><span style=""background-color:hsl(60, 75%, 60%);"">4.&nbsp;&nbsp; sã permitã controlul stãrii tehnice a vehiculului, precum și al bunurilor transportate, în condițiile legii;</span></p><p><span style=""background-color:hsl(60, 75%, 60%);"">5.&nbsp;&nbsp; sã se prezinte la verificarea medicalã periodicã, potrivit legii, precum și la examinarea medicalã de specialitate la trimiterea medicului în condițiile art. 22 alin. (6) din Ordonanța de urgențã a Guvernului nr. 195/2002, republicatã, cu modificãrile și completãrile ulterioare;</span></p><p>6.&nbsp;&nbsp; sã aplice pe parbrizul și pe luneta autovehiculului, tractorului agricol sau forestier semnul distinctiv stabilit pentru conducãtorii de autovehicule începãtori, dacã are o vechime mai micã de un an de la obținerea permisului de conducere.</p>


                    </div>","https://scoaladrpciv.ro/intrebari/categoria-c/obligatiile-conducatorilor-de-autovehicule"
"1790532839-169","https://scoaladrpciv.ro/intrebari/categoria-c","Ce interdicţie au conducătorii de autocamioane atunci când circulă pe drumuri acoperite de zăpadă, gheaţă sau polei?","B - să circule cu un autocamion a cărui masă totală maximă este mai mare de 3,5 tone, fără a avea montate pe roţi lanţuri sau alte echipamente antiderapante omologate;","","","A - să nu circule pe sectoarele respective de drum fără autorizaţie de la administraţia drumurilor;","C - să efectueze depăşiri.","https://scoaladrpciv.ro/intrebare/ce-interdictie-au-conducatorii-de-autocamioane-atunci-cand-circula-pe-drumuri-acoperite-de-zapada-gheata-sau-polei-c651","","<div class="""">
                        <h4>Articolul 148</h4><p>Se interzice conducãtorului de autovehicul, tractor agricol sau forestier ori tramvai:</p><p>1.&nbsp;&nbsp; sã conducã un autovehicul, tractor agricol sau forestier ori tramvai cu dovada înlocuitoare a permisului de conducere eliberatã fãrã drept de circulație sau a cãrei valabilitate a expirat;</p><p>2.&nbsp;&nbsp; sã transporte în autovehicul, tractor agricol sau forestier ori tramvai mai multe persoane decât numãrul de locuri stabilite în certificatul de înmatriculare sau de înregistrare;</p><p>3.&nbsp;&nbsp; sã transporte persoane în stare de ebrietate pe autovehicule din categoriile AM, A1, A2 și A sau în cabina ori în caroseria autovehiculului destinat transportului de mãrfuri;</p><p>4.&nbsp;&nbsp; sã transporte persoane în caroseria autobasculantei, pe autocisternã, pe platformã, deasupra încãrcãturii, pe pãrțile laterale ale caroseriei sau persoane care stau în picioare în caroseria autocamionului, pe scãri și în remorcã, cu excepția celei special amenajate pentru transportul persoanelor;</p><p>5.&nbsp;&nbsp; sã transporte în și pe autoturism obiecte a cãror lungime sau lãțime depãșește, împreunã cu încãrcãtura, dimensiunile acestuia;</p><p>6.&nbsp;&nbsp; sã deschidã ușile vehiculului sau tramvaiului în timpul mersului, sã porneascã de pe loc cu ușile deschise;</p><p>7.&nbsp;&nbsp; sã aibã în timpul mersului preocupãri de naturã a-i distrage în mod periculos atenția ori sã foloseascã instalații de sonorizare la un nivel de zgomot care ar afecta deplasarea în siguranțã a lui și a celorlalți participanți la trafic;</p><p>8.&nbsp;&nbsp; sã intre pe drumurile modernizate cu vehiculul care are pe roți sau pe caroserie noroi ce se depune pe partea carosabilã ori din care cad sau se scurg produse, substanțe ori materiale ce pot pune în pericol siguranța circulației;</p><p>9.&nbsp;&nbsp; sã aibã aplicate pe parbriz, lunetã sau pe geamurile laterale afișe, reclame publicitare, înscrisuri ori accesorii, care restrâng sau estompeazã vizibilitatea conducãtorului ori a pasagerilor, atât din interior, cât și din exterior;</p><p>10.&nbsp;&nbsp; sã aibã aplicate folii sau tratamente chimice pe parbrize, lunetã ori pe geamurile laterale, care restrâng sau estompeazã vizibilitatea, atât din interior, cât și din exterior, cu excepția celor omologate și certificate, prin marcaj corespunzãtor, de cãtre autoritatea competentã;</p><p>11.&nbsp;&nbsp; sã aibã aplicate folii sau tratamente chimice pe dispozitivele de iluminare ori semnalizare luminoasã, care diminueazã eficacitatea acestora, precum și pe plãcuțele cu numãrul de înmatriculare sau de înregistrare, care împiedicã citirea numãrului de înmatriculare sau de înregistrare;</p><p>12.&nbsp;&nbsp; sã lase liber în timpul mersului volanul, ghidonul sau maneta de comandã, sã opreascã motorul ori sã decupleze transmisia în timpul mersului;</p><p>13.&nbsp;&nbsp; sã foloseascã în mod abuziv mijloacele de avertizare sonorã;</p><p>14.&nbsp;&nbsp; sã circule cu autovehiculul cu masa totalã maximã autorizatã mai mare de 3,5 tone pe drumurile acoperite cu zãpadã, gheațã sau polei, fãrã a avea montate pe roți lanțuri sau alte echipamente antiderapante omologate, în perioadele și pe drumurile stabilite prin ordin al ministrului transporturilor, construcțiilor și turismului;</p><p><span style=""background-color:hsl(60, 75%, 60%);"">15.&nbsp;&nbsp; sã circule având montate pe autovehicul și tractor agricol sau forestier anvelope cu alte dimensiuni ori caracteristici decât cele prevãzute în certificatul de înmatriculare sau de înregistrare ori care prezintã tãieturi sau rupturi ale cordului ori sunt uzate peste limita admisã;</span></p><p>16.&nbsp;&nbsp; sã conducã un vehicul care emanã noxe peste limita legalã admisã ori al cãrui zgomot în mers sau staționare depãșește pragul fonic prevãzut de lege ori care are montat pe sistemul de evacuare a gazelor dispozitive neomologate;</p><p>17.&nbsp;&nbsp; sã circule cu vehiculul având plãcuțele cu numerele de înmatriculare sau de înregistrare, provizorii ori pentru probe deteriorate sau neconforme cu standardul;</p><p>18.&nbsp;&nbsp; sã sãvârșeascã acte sau gesturi obscene, sã profereze injurii, sã adreseze expresii jignitoare ori vulgare celorlalți participanți la trafic;</p><p>19.&nbsp;&nbsp; sã circule cu vehiculul avariat mai mult de 30 de zile de la data producerii avariei;</p><p>20.&nbsp;&nbsp; sã arunce, pe drumurile publice, din vehicul obiecte, materiale sau substanțe;</p><p>21.&nbsp;&nbsp; sã traverseze drumurile publice, pe trecerile destinate pietonilor, în timp ce se deplaseazã pe vehicule din categoriile AM, A1, A2 și A.</p>


                    </div>","https://scoaladrpciv.ro/intrebari/categoria-c/obligatiile-conducatorilor-de-autovehicule"
"1790532841-170","https://scoaladrpciv.ro/intrebari/categoria-c","Ce îi este interzis conducătorului de autocamion pe timpul deplasării pe un drum public?","A - să transporte în autocamion mai multe persoane decât numărul de locuri înscrise în certificatul de înmatriculare sau înregistrare;","","","B - să permită controlul stării tehnice a autocamionului, precum şi al bunurilor transportate;","C - să deschidă uşile autocamionului atunci când este parcat.","https://scoaladrpciv.ro/intrebare/ce-ii-este-interzis-conducatorului-de-autocamion-pe-timpul-deplasarii-pe-un-drum-public-4df0","","<div class="""">
                        <h4>Articolul 148</h4><p>Se interzice conducãtorului de autovehicul, tractor agricol sau forestier ori tramvai:</p><p>1.&nbsp;&nbsp; sã conducã un autovehicul, tractor agricol sau forestier ori tramvai cu dovada înlocuitoare a permisului de conducere eliberatã fãrã drept de circulație sau a cãrei valabilitate a expirat;</p><p><span style=""background-color:hsl(60, 75%, 60%);"">2.&nbsp;&nbsp; sã transporte în autovehicul, tractor agricol sau forestier ori tramvai mai multe persoane decât numãrul de locuri stabilite în certificatul de înmatriculare sau de înregistrare;</span></p><p>3.&nbsp;&nbsp; sã transporte persoane în stare de ebrietate pe autovehicule din categoriile AM, A1, A2 și A sau în cabina ori în caroseria autovehiculului destinat transportului de mãrfuri;</p><p>4.&nbsp;&nbsp; sã transporte persoane în caroseria autobasculantei, pe autocisternã, pe platformã, deasupra încãrcãturii, pe pãrțile laterale ale caroseriei sau persoane care stau în picioare în caroseria autocamionului, pe scãri și în remorcã, cu excepția celei special amenajate pentru transportul persoanelor;</p><p>5.&nbsp;&nbsp; sã transporte în și pe autoturism obiecte a cãror lungime sau lãțime depãșește, împreunã cu încãrcãtura, dimensiunile acestuia;</p><p>6.&nbsp;&nbsp; sã deschidã ușile vehiculului sau tramvaiului în timpul mersului, sã porneascã de pe loc cu ușile deschise;</p><p>7.&nbsp;&nbsp; sã aibã în timpul mersului preocupãri de naturã a-i distrage în mod periculos atenția ori sã foloseascã instalații de sonorizare la un nivel de zgomot care ar afecta deplasarea în siguranțã a lui și a celorlalți participanți la trafic;</p><p>8.&nbsp;&nbsp; sã intre pe drumurile modernizate cu vehiculul care are pe roți sau pe caroserie noroi ce se depune pe partea carosabilã ori din care cad sau se scurg produse, substanțe ori materiale ce pot pune în pericol siguranța circulației;</p><p>9.&nbsp;&nbsp; sã aibã aplicate pe parbriz, lunetã sau pe geamurile laterale afișe, reclame publicitare, înscrisuri ori accesorii, care restrâng sau estompeazã vizibilitatea conducãtorului ori a pasagerilor, atât din interior, cât și din exterior;</p><p>10.&nbsp;&nbsp; sã aibã aplicate folii sau tratamente chimice pe parbrize, lunetã ori pe geamurile laterale, care restrâng sau estompeazã vizibilitatea, atât din interior, cât și din exterior, cu excepția celor omologate și certificate, prin marcaj corespunzãtor, de cãtre autoritatea competentã;</p><p>11.&nbsp;&nbsp; sã aibã aplicate folii sau tratamente chimice pe dispozitivele de iluminare ori semnalizare luminoasã, care diminueazã eficacitatea acestora, precum și pe plãcuțele cu numãrul de înmatriculare sau de înregistrare, care împiedicã citirea numãrului de înmatriculare sau de înregistrare;</p><p>12.&nbsp;&nbsp; sã lase liber în timpul mersului volanul, ghidonul sau maneta de comandã, sã opreascã motorul ori sã decupleze transmisia în timpul mersului;</p><p>13.&nbsp;&nbsp; sã foloseascã în mod abuziv mijloacele de avertizare sonorã;</p><p>14.&nbsp;&nbsp; sã circule cu autovehiculul cu masa totalã maximã autorizatã mai mare de 3,5 tone pe drumurile acoperite cu zãpadã, gheațã sau polei, fãrã a avea montate pe roți lanțuri sau alte echipamente antiderapante omologate, în perioadele și pe drumurile stabilite prin ordin al ministrului transporturilor, construcțiilor și turismului;</p><p>15.&nbsp;&nbsp; sã circule având montate pe autovehicul și tractor agricol sau forestier anvelope cu alte dimensiuni ori caracteristici decât cele prevãzute în certificatul de înmatriculare sau de înregistrare ori care prezintã tãieturi sau rupturi ale cordului ori sunt uzate peste limita admisã;</p><p>16.&nbsp;&nbsp; sã conducã un vehicul care emanã noxe peste limita legalã admisã ori al cãrui zgomot în mers sau staționare depãșește pragul fonic prevãzut de lege ori care are montat pe sistemul de evacuare a gazelor dispozitive neomologate;</p><p>17.&nbsp;&nbsp; sã circule cu vehiculul având plãcuțele cu numerele de înmatriculare sau de înregistrare, provizorii ori pentru probe deteriorate sau neconforme cu standardul;</p><p>18.&nbsp;&nbsp; sã sãvârșeascã acte sau gesturi obscene, sã profereze injurii, sã adreseze expresii jignitoare ori vulgare celorlalți participanți la trafic;</p><p>19.&nbsp;&nbsp; sã circule cu vehiculul avariat mai mult de 30 de zile de la data producerii avariei;</p><p>20.&nbsp;&nbsp; sã arunce, pe drumurile publice, din vehicul obiecte, materiale sau substanțe;</p><p>21.&nbsp;&nbsp; sã traverseze drumurile publice, pe trecerile destinate pietonilor, în timp ce se deplaseazã pe vehicule din categoriile AM, A1, A2 și A.</p>


                    </div>","https://scoaladrpciv.ro/intrebari/categoria-c/obligatiile-conducatorilor-de-autovehicule"
"1790532844-171","https://scoaladrpciv.ro/intrebari/categoria-c","Ce obligaţii are conducătorul de autocamioane când circulă pe un drum public?","B - să circule numai pe sectoarele de drum pe care îi este permis accesul şi să respecte normele referitoare la masele totale maxime autorizate admise de autoritatea competentă;","","","A - să circule numai dacă verificarea medicală lunară este efectuată;","C - să se informeze din timp, la administratorii de drum, în legătură cu eventualele limite maxime şi minime de viteză.","https://scoaladrpciv.ro/intrebare/ce-obligatii-are-conducatorul-de-autocamioane-cand-circula-pe-un-drum-public-1e55","","<div class="""">
                        <h4>Articolul 147</h4><p>Conducãtorul de autovehicul, tractor agricol sau forestier ori tramvai este obligat:</p><p>1.&nbsp;&nbsp; sã aibã asupra sa actul de identitate, permisul de conducere, certificatul de înmatriculare sau de înregistrare și, dupã caz, atestatul profesional, precum și celelalte documente prevãzute de legislația în vigoare;</p><p><span style=""background-color:hsl(60, 75%, 60%);"">2.&nbsp;&nbsp; sã circule numai pe sectoarele de drum pe care îi este permis accesul și sã respecte normele referitoare la masele totale maxime autorizate și admise și/sau la dimensiunile maxime admise de autoritatea competentã pentru autovehiculele, tractoarele agricole sau forestiere conduse;</span></p><p>3.&nbsp;&nbsp; sã verifice funcționarea sistemului de lumini și de semnalizare, a instalației de climatizare, sã menținã permanent curate parbrizul, luneta și geamurile laterale ale autovehiculului, tractorului agricol sau forestier, precum și plãcuțele cu numãrul de înmatriculare sau înregistrare ale autovehiculului, tractorului agricol sau forestier și remorcii;</p><p>4.&nbsp;&nbsp; sã permitã controlul stãrii tehnice a vehiculului, precum și al bunurilor transportate, în condițiile legii;</p><p>5.&nbsp;&nbsp; sã se prezinte la verificarea medicalã periodicã, potrivit legii, precum și la examinarea medicalã de specialitate la trimiterea medicului în condițiile art. 22 alin. (6) din Ordonanța de urgențã a Guvernului nr. 195/2002, republicatã, cu modificãrile și completãrile ulterioare;</p><p>6.&nbsp;&nbsp; sã aplice pe parbrizul și pe luneta autovehiculului, tractorului agricol sau forestier semnul distinctiv stabilit pentru conducãtorii de autovehicule începãtori, dacã are o vechime mai micã de un an de la obținerea permisului de conducere.</p>


                    </div>","https://scoaladrpciv.ro/intrebari/categoria-c/obligatiile-conducatorilor-de-autovehicule"
"1790532846-172","https://scoaladrpciv.ro/intrebari/categoria-c","La autocamionul care tractează o remorcă, semnul distinctiv pentru conducătorul cu o vechime mai mică de un an de la data obţinerii permisului de conducere se aplică:","C - pe partea din dreapta jos a parbrizului şi, pe caroseria remorcii, în partea din spate stânga sus.","","","A - în partea din spate, lângă numărul de înmatriculare;","B - la mijlocul parbrizului şi a lunetei;","https://scoaladrpciv.ro/intrebare/la-autocamionul-care-tracteaza-o-remorca-semnul-distinctiv-pentru-conducatorul-cu-o-vechime-mai-mica-de-un-an-de-la-data-obtinerii-permisului-de-conducere-se-aplica-1de2","","<div class="""">
                        <h4>Articolul 149</h4><p>(1)&nbsp;&nbsp; Conducãtorul de autovehicul, tractor agricol sau forestier ori de tramvai cu o vechime mai micã de un an de la data obținerii permisului de conducere are obligația de a aplica semnul distinctiv sub forma unui disc de culoare galbenã, cu diametrul de 100 mm, care are în centru semnul exclamãrii, de culoare neagrã, cu lungimea de 60 mm și diametrul punctului de 10 mm, dupã cum urmeazã:</p><ul style=""list-style-type:circle;""><li>&nbsp;a)&nbsp;&nbsp; la autovehiculele din categoriile AM, A1, A2 și A, în partea din spate, lângã numãrul de înmatriculare sau înregistrare, dupã caz;</li><li>&nbsp;b)&nbsp;&nbsp; la celelalte vehicule, pe parbriz, în partea din dreapta jos și pe lunetã, în partea stângã jos;</li><li>&nbsp;c)&nbsp;&nbsp; la vehiculul care nu este prevãzut cu lunetã, pe parbriz în partea din dreapta jos și pe caroserie în partea din spate stânga sus;</li><li>&nbsp;d)&nbsp;&nbsp; la tramvai, pe parbriz în partea din dreapta jos și pe luneta ultimului vagon în partea din spate stânga sus;</li><li><span style=""background-color:hsl(60, 75%, 60%);"">&nbsp;e)&nbsp;&nbsp; la vehiculul care tracteazã o remorcã, pe parbrizul vehiculului în partea din dreapta jos și pe caroseria remorcii în partea din spate stânga sus.</span></li></ul><p>(2) Conducãtorului de vehicul prevãzut la alin. (1) îi este interzis:</p><ul style=""list-style-type:circle;""><li>a)&nbsp;&nbsp; sã conducã autovehicule care transporta mãrfuri sau produse periculoase;</li><li>b)&nbsp;&nbsp; sã conducã vehicule destinate testãrii sau cele pentru probe;</li><li>c)&nbsp;&nbsp; sã conducã vehicule destinate transportului public de persoane, inclusiv în regim de taxi.</li></ul>


                    </div>","https://scoaladrpciv.ro/intrebari/categoria-c/obligatiile-conducatorilor-de-autovehicule"
"1790532848-173","https://scoaladrpciv.ro/intrebari/categoria-c","Ce măsuri ia conducătorul de autocamion, angajat într-un accident cu un alt autovehicul, soldat cu pagube materiale?","B - scoate autocamionul în afara părții carosabile, încheie un formular de constatare amiabila a accidentului sau se prezintă la poliție în 24 de ore;","","","A - așteaptă sosirea polițistului din zonă;","C - anunță poliția, fără a schimba poziția autocamionului.","https://scoaladrpciv.ro/intrebare/ce-masuri-ia-conducatorul-de-autocamion-angajat-intr-un-accident-cu-avarii-usoare-86f1","","<div class="""">
                        <h4>Articolul 79</h4><p>(1)&nbsp;&nbsp;Conducătorii de vehicule implicați într-un accident de circulație în urma căruia au rezultat numai avarierea vehiculelor și/sau alte pagube materiale sunt obligați:</p><ul><li><span style=""background-color:hsl(60, 75%, 60%);"">a)&nbsp;&nbsp;să scoată imediat vehiculele în afara părții carosabile ori, dacă starea vehiculelor nu permite acest lucru, să le deplaseze cât mai aproape de bordură sau acostament, semnalizându-le prezența;</span></li><li><span style=""background-color:hsl(60, 75%, 60%);"">b)&nbsp;&nbsp;&nbsp;să se prezinte la unitatea de poliție competentă pe raza căreia s-a produs accidentul în termen de cel mult 24 de ore de la producerea evenimentului pentru întocmirea documentelor de constatare.</span></li></ul><p>(2)&nbsp; Se exceptează de la obligațiile prevăzute la alin. (1) lit. b)*):</p><ul><li>a)&nbsp; conducătorii vehiculelor care încheie o constatare amiabilă de accident, în condițiile legii;</li><li>b)&nbsp;&nbsp;&nbsp;conducătorul de vehicul care deține o asigurare facultativă de avarii auto, iar accidentul de circulație a avut ca rezultat numai avarierea propriului vehicul.</li></ul>


                    </div>","https://scoaladrpciv.ro/intrebari/categoria-c/obligatiile-conducatorilor-de-autovehicule"
"1790532851-174","https://scoaladrpciv.ro/intrebari/categoria-c","Ce obligaţie are conducătorul unui autocamion imobilizat într-un pasaj subteran?","A - să oprească motorul şi să pună în funcţiune luminile de avarie;","","","B - să tracteze autocamionul până la ieşirea din pasajul subteran;","C - să anunţe imediat pompierii în legătură cu locul în care se află.","https://scoaladrpciv.ro/intrebare/ce-obligatie-are-conducatorul-unui-autocamion-imobilizat-intr-un-pasaj-subteran-0f6e","","<div class="""">
                        <h4>Articolul 141</h4><p>(1)&nbsp;&nbsp; Conducãtorii autovehiculelor, tractoarelor agricole sau forestiere imobilizate pe drumurile publice, care se îndepãrteazã de acestea, sunt obligați sã acționeze frânã de ajutor, sã opreascã funcționarea motorului și sã cupleze într-o treaptã de vitezã inferioarã sau în cea de parcare dacã autovehiculul, tractorul agricol sau forestier are transmisie automatã.</p><p>(2)&nbsp;&nbsp; În cazul imobilizãrii involuntare a autovehiculului, tractorului agricol sau forestier în panta sau în rampa, pe lângã obligațiile prevãzute la alin. (1) conducãtorul trebuie sã bracheze rotile directoare.</p><p><span style=""background-color:hsl(60, 75%, 60%);"">(3)&nbsp;&nbsp; În cazul imobilizãrii involuntare a autovehiculului, tractorului agricol sau forestier în pasaje subterane sau în tuneluri, conducãtorul acestuia este obligat sã opreascã funcționarea motorului.</span></p><p>(4)&nbsp;&nbsp; În localitãți, pe drumurile cu sens unic, oprirea sau staționarea voluntarã a vehiculelor este permisã și pe partea stânga, dacã rãmâne liberã cel puțin o bandã de circulație.</p><p>(5)&nbsp;&nbsp; În afara localitãților oprirea sau staționarea voluntarã a vehiculelor se face în afara pãrții carosabile, iar atunci când nu este posibil, cât mai aproape de marginea din dreapta a drumului, paralel cu axa acestuia.</p><p>(6)&nbsp;&nbsp; Nu este permisã staționarea pe partea carosabilã, în timpul nopții, a tractoarelor agricole sau forestiere, a remorcilor, a mopedelor, a bicicletelor, a trotinetelor electrice, a vehiculelor cu tracțiune animalã ori a celor trase sau împinse cu mâna.</p><p>(7)&nbsp;&nbsp; Nu este permisã oprirea sau staționarea în tuneluri. În situații de urgențã sau de pericol conducãtorului de autovehicul îi este permisã oprirea sau staționarea numai în locurile special amenajate și semnalizate corespunzãtor. În caz de imobilizare prelungitã a autovehiculului în tunel, conducãtorul de vehicul este obligat sã opreascã motorul.</p><p>(8)&nbsp;&nbsp; Se considerã staționare pe partea carosabilã situația în care oricare dintre roțile vehiculului sau remorcii se regãsește pe partea carosabilã.</p>


                    </div>","https://scoaladrpciv.ro/intrebari/categoria-c/obligatiile-conducatorilor-de-autovehicule"
"1790532853-175","https://scoaladrpciv.ro/intrebari/categoria-c","Ce obligaţii aveţi la ieşirea dintr-un şantier şi intrarea pe o arteră rutieră?","B - să curăţaţi anvelopele autocamionului;","","","A - nicio obligaţie;","C - să anunţaţi serviciul de urgenţă 112.","https://scoaladrpciv.ro/intrebare/ce-obligatii-aveti-la-iesirea-dintr-un-santier-si-intrarea-pe-o-artera-rutiera-79e0","","<div class="""">
                        <h4>Articolul 148</h4><p>Se interzice conducãtorului de autovehicul, tractor agricol sau forestier ori tramvai:</p><p>1.&nbsp;&nbsp; sã conducã un autovehicul, tractor agricol sau forestier ori tramvai cu dovada înlocuitoare a permisului de conducere eliberatã fãrã drept de circulație sau a cãrei valabilitate a expirat;</p><p>2.&nbsp;&nbsp; sã transporte în autovehicul, tractor agricol sau forestier ori tramvai mai multe persoane decât numãrul de locuri stabilite în certificatul de înmatriculare sau de înregistrare;</p><p>3.&nbsp;&nbsp; sã transporte persoane în stare de ebrietate pe autovehicule din categoriile AM, A1, A2 și A sau în cabina ori în caroseria autovehiculului destinat transportului de mãrfuri;</p><p>4.&nbsp;&nbsp; sã transporte persoane în caroseria autobasculantei, pe autocisternã, pe platformã, deasupra încãrcãturii, pe pãrțile laterale ale caroseriei sau persoane care stau în picioare în caroseria autocamionului, pe scãri și în remorcã, cu excepția celei special amenajate pentru transportul persoanelor;</p><p>5.&nbsp;&nbsp; sã transporte în și pe autoturism obiecte a cãror lungime sau lãțime depãșește, împreunã cu încãrcãtura, dimensiunile acestuia;</p><p>6.&nbsp;&nbsp; sã deschidã ușile vehiculului sau tramvaiului în timpul mersului, sã porneascã de pe loc cu ușile deschise;</p><p>7.&nbsp;&nbsp; sã aibã în timpul mersului preocupãri de naturã a-i distrage în mod periculos atenția ori sã foloseascã instalații de sonorizare la un nivel de zgomot care ar afecta deplasarea în siguranțã a lui și a celorlalți participanți la trafic;</p><p><span style=""background-color:hsl(60, 75%, 60%);"">8.&nbsp;&nbsp; sã intre pe drumurile modernizate cu vehiculul care are pe roți sau pe caroserie noroi ce se depune pe partea carosabilã ori din care cad sau se scurg produse, substanțe ori materiale ce pot pune în pericol siguranța circulației;</span></p><p>9.&nbsp;&nbsp; sã aibã aplicate pe parbriz, lunetã sau pe geamurile laterale afișe, reclame publicitare, înscrisuri ori accesorii, care restrâng sau estompeazã vizibilitatea conducãtorului ori a pasagerilor, atât din interior, cât și din exterior;</p><p>10.&nbsp;&nbsp; sã aibã aplicate folii sau tratamente chimice pe parbrize, lunetã ori pe geamurile laterale, care restrâng sau estompeazã vizibilitatea, atât din interior, cât și din exterior, cu excepția celor omologate și certificate, prin marcaj corespunzãtor, de cãtre autoritatea competentã;</p><p>11.&nbsp;&nbsp; sã aibã aplicate folii sau tratamente chimice pe dispozitivele de iluminare ori semnalizare luminoasã, care diminueazã eficacitatea acestora, precum și pe plãcuțele cu numãrul de înmatriculare sau de înregistrare, care împiedicã citirea numãrului de înmatriculare sau de înregistrare;</p><p>12.&nbsp;&nbsp; sã lase liber în timpul mersului volanul, ghidonul sau maneta de comandã, sã opreascã motorul ori sã decupleze transmisia în timpul mersului;</p><p>13.&nbsp;&nbsp; sã foloseascã în mod abuziv mijloacele de avertizare sonorã;</p><p>14.&nbsp;&nbsp; sã circule cu autovehiculul cu masa totalã maximã autorizatã mai mare de 3,5 tone pe drumurile acoperite cu zãpadã, gheațã sau polei, fãrã a avea montate pe roți lanțuri sau alte echipamente antiderapante omologate, în perioadele și pe drumurile stabilite prin ordin al ministrului transporturilor, construcțiilor și turismului;</p><p>15.&nbsp;&nbsp; sã circule având montate pe autovehicul și tractor agricol sau forestier anvelope cu alte dimensiuni ori caracteristici decât cele prevãzute în certificatul de înmatriculare sau de înregistrare ori care prezintã tãieturi sau rupturi ale cordului ori sunt uzate peste limita admisã;</p><p>16.&nbsp;&nbsp; sã conducã un vehicul care emanã noxe peste limita legalã admisã ori al cãrui zgomot în mers sau staționare depãșește pragul fonic prevãzut de lege ori care are montat pe sistemul de evacuare a gazelor dispozitive neomologate;</p><p>17.&nbsp;&nbsp; sã circule cu vehiculul având plãcuțele cu numerele de înmatriculare sau de înregistrare, provizorii ori pentru probe deteriorate sau neconforme cu standardul;</p><p>18.&nbsp;&nbsp; sã sãvârșeascã acte sau gesturi obscene, sã profereze injurii, sã adreseze expresii jignitoare ori vulgare celorlalți participanți la trafic;</p><p>19.&nbsp;&nbsp; sã circule cu vehiculul avariat mai mult de 30 de zile de la data producerii avariei;</p><p>20.&nbsp;&nbsp; sã arunce, pe drumurile publice, din vehicul obiecte, materiale sau substanțe;</p><p>21.&nbsp;&nbsp; sã traverseze drumurile publice, pe trecerile destinate pietonilor, în timp ce se deplaseazã pe vehicule din categoriile AM, A1, A2 și A.</p>


                    </div>","https://scoaladrpciv.ro/intrebari/categoria-c/obligatiile-conducatorilor-de-autovehicule"
"1790532855-176","https://scoaladrpciv.ro/intrebari/categoria-c","În timpul deplasării, conducătorului de autocamion îi este interzis:","B - să aibă preocupări care i-ar putea distrage, într-o manieră periculoasă, atenţia;","","","A - să fumeze;","C - să acţioneze asupra comenzilor instalaţiei de sonorizare.","https://scoaladrpciv.ro/intrebare/in-timpul-deplasarii-conducatorului-de-autocamion-ii-este-interzis-2b5e","","<div class="""">
                        <h4>Articolul 148</h4><p>Se interzice conducãtorului de autovehicul, tractor agricol sau forestier ori tramvai:</p><p>1.&nbsp;&nbsp; sã conducã un autovehicul, tractor agricol sau forestier ori tramvai cu dovada înlocuitoare a permisului de conducere eliberatã fãrã drept de circulație sau a cãrei valabilitate a expirat;</p><p>2.&nbsp;&nbsp; sã transporte în autovehicul, tractor agricol sau forestier ori tramvai mai multe persoane decât numãrul de locuri stabilite în certificatul de înmatriculare sau de înregistrare;</p><p>3.&nbsp;&nbsp; sã transporte persoane în stare de ebrietate pe autovehicule din categoriile AM, A1, A2 și A sau în cabina ori în caroseria autovehiculului destinat transportului de mãrfuri;</p><p>4.&nbsp;&nbsp; sã transporte persoane în caroseria autobasculantei, pe autocisternã, pe platformã, deasupra încãrcãturii, pe pãrțile laterale ale caroseriei sau persoane care stau în picioare în caroseria autocamionului, pe scãri și în remorcã, cu excepția celei special amenajate pentru transportul persoanelor;</p><p>5.&nbsp;&nbsp; sã transporte în și pe autoturism obiecte a cãror lungime sau lãțime depãșește, împreunã cu încãrcãtura, dimensiunile acestuia;</p><p>6.&nbsp;&nbsp; sã deschidã ușile vehiculului sau tramvaiului în timpul mersului, sã porneascã de pe loc cu ușile deschise;</p><p><span style=""background-color:hsl(60, 75%, 60%);"">7.&nbsp;&nbsp; sã aibã în timpul mersului preocupãri de naturã a-i distrage în mod periculos atenția ori sã foloseascã instalații de sonorizare la un nivel de zgomot care ar afecta deplasarea în siguranțã a lui și a celorlalți participanți la trafic;</span></p><p>8.&nbsp;&nbsp; sã intre pe drumurile modernizate cu vehiculul care are pe roți sau pe caroserie noroi ce se depune pe partea carosabilã ori din care cad sau se scurg produse, substanțe ori materiale ce pot pune în pericol siguranța circulației;</p><p>9.&nbsp;&nbsp; sã aibã aplicate pe parbriz, lunetã sau pe geamurile laterale afișe, reclame publicitare, înscrisuri ori accesorii, care restrâng sau estompeazã vizibilitatea conducãtorului ori a pasagerilor, atât din interior, cât și din exterior;</p><p>10.&nbsp;&nbsp; sã aibã aplicate folii sau tratamente chimice pe parbrize, lunetã ori pe geamurile laterale, care restrâng sau estompeazã vizibilitatea, atât din interior, cât și din exterior, cu excepția celor omologate și certificate, prin marcaj corespunzãtor, de cãtre autoritatea competentã;</p><p>11.&nbsp;&nbsp; sã aibã aplicate folii sau tratamente chimice pe dispozitivele de iluminare ori semnalizare luminoasã, care diminueazã eficacitatea acestora, precum și pe plãcuțele cu numãrul de înmatriculare sau de înregistrare, care împiedicã citirea numãrului de înmatriculare sau de înregistrare;</p><p>12.&nbsp;&nbsp; sã lase liber în timpul mersului volanul, ghidonul sau maneta de comandã, sã opreascã motorul ori sã decupleze transmisia în timpul mersului;</p><p>13.&nbsp;&nbsp; sã foloseascã în mod abuziv mijloacele de avertizare sonorã;</p><p>14.&nbsp;&nbsp; sã circule cu autovehiculul cu masa totalã maximã autorizatã mai mare de 3,5 tone pe drumurile acoperite cu zãpadã, gheațã sau polei, fãrã a avea montate pe roți lanțuri sau alte echipamente antiderapante omologate, în perioadele și pe drumurile stabilite prin ordin al ministrului transporturilor, construcțiilor și turismului;</p><p>15.&nbsp;&nbsp; sã circule având montate pe autovehicul și tractor agricol sau forestier anvelope cu alte dimensiuni ori caracteristici decât cele prevãzute în certificatul de înmatriculare sau de înregistrare ori care prezintã tãieturi sau rupturi ale cordului ori sunt uzate peste limita admisã;</p><p>16.&nbsp;&nbsp; sã conducã un vehicul care emanã noxe peste limita legalã admisã ori al cãrui zgomot în mers sau staționare depãșește pragul fonic prevãzut de lege ori care are montat pe sistemul de evacuare a gazelor dispozitive neomologate;</p><p>17.&nbsp;&nbsp; sã circule cu vehiculul având plãcuțele cu numerele de înmatriculare sau de înregistrare, provizorii ori pentru probe deteriorate sau neconforme cu standardul;</p><p>18.&nbsp;&nbsp; sã sãvârșeascã acte sau gesturi obscene, sã profereze injurii, sã adreseze expresii jignitoare ori vulgare celorlalți participanți la trafic;</p><p>19.&nbsp;&nbsp; sã circule cu vehiculul avariat mai mult de 30 de zile de la data producerii avariei;</p><p>20.&nbsp;&nbsp; sã arunce, pe drumurile publice, din vehicul obiecte, materiale sau substanțe;</p><p>21.&nbsp;&nbsp; sã traverseze drumurile publice, pe trecerile destinate pietonilor, în timp ce se deplaseazã pe vehicule din categoriile AM, A1, A2 și A.</p>


                    </div>","https://scoaladrpciv.ro/intrebari/categoria-c/obligatiile-conducatorilor-de-autovehicule"
"1790532860-177","https://scoaladrpciv.ro/intrebari/categoria-c","Cum procedați atunci când, în timp ce vă deplasați pe autostradă, sesizați la bord aprinderea lămpii martor care indică avarie la instalația de răcire a motorului ?","B - reduceți viteza, opriți imediat regulamentar autovehiculul și solicitați telefonic asistență tehnică de specialitate;","","","A - reduceți viteza la 100 km/h și vă continuați drumul până la prima parcare, unde opriți pentru constatarea și remedierea, după caz, a avariei;","C - vă continuați drumul, umărind ca turația motorului să nu depășească 5.000 rotații/minut.","https://scoaladrpciv.ro/intrebare/cum-procedati-atunci-cand-in-timp-ce-va-deplasati-pe-autostrada-sesizati-la-bord-aprinderea-lampii-martor-care-indica-avarie-la-instalatia-de-racire-a-motorului-10ed","","","https://scoaladrpciv.ro/intrebari/categoria-c/circulatia-pe-autostrazi"
"1790532862-178","https://scoaladrpciv.ro/intrebari/categoria-c","Pe autostradă, vă este interzis:","C - să efectuaţi manevre de întoarcere sau de mers înapoi.","","","A - să remorcaţi un vehicul rămas în pană până la prima ieşire de pe autostradă;","B - să opriţi pe banda de urgenţă, în cazul unei defecţiuni tehnice;","https://scoaladrpciv.ro/intrebare/pe-autostrada-va-este-interzis-a86d","","<div class="""">
                        <h4>Articolul 126</h4><p>Se interzice întoarcerea vehiculului:</p><p><span style=""background-color:hsl(60, 75%, 60%);"">a)&nbsp;&nbsp; în locurile în care este interzisã oprirea voluntarã a vehiculelor, cu excepția cazurilor prevãzute la art. 142 lit. f);</span></p><p>b)&nbsp;&nbsp; în intersecțiile în care este interzis virajul la stânga, precum și în cele în care, pentru efectuare, este necesarã manevrarea înainte și înapoi a vehiculului;</p><p>c)&nbsp; în locurile unde soliditatea drumului nu permite;</p><p>d)&nbsp;&nbsp; pe drumurile cu sens unic;</p><p>e)&nbsp; pe marcajul pietonal;</p><p>f)&nbsp;&nbsp; în locurile în care este instalat indicatorul ""Întoarcerea interzisã"".</p><h4>Articolul 142</h4><p>Se interzice oprirea voluntarã a vehiculelor:</p><p>a)&nbsp; în zona de acțiune a indicatorului ""Oprirea interzisã"";</p><p>&nbsp;b)&nbsp;&nbsp; pe trecerile la nivel cu calea feratã curentã și la o distanțã mai mica de 50 m înainte și dupã acestea;</p><p>&nbsp;c)&nbsp; pe poduri, pe și sub pasaje denivelate, precum și pe viaducte;</p><p>d)&nbsp;&nbsp; în curbe și în alte locuri cu vizibilitate redusã sub 50 m;</p><p>e)&nbsp;&nbsp; pe trecerile pentru pietoni ori la mai puțin de 25 m înainte și dupã acestea;;</p><p>&nbsp;f)&nbsp;&nbsp; în intersecții, inclusiv cele cu circulație în sens giratoriu, precum și în zona de preselecție unde sunt aplicate marcaje continue, iar în lipsa acestora, la o distanțã mai mica de 25 m de coltul intersecției;</p><p>g)&nbsp;&nbsp; în stațiile mijloacelor de transport public de persoane, precum și la mai puțin de 25 m înainte și dupã acestea;</p><p>h)&nbsp;&nbsp; în dreptul altui vehicul oprit pe partea carosabilã, dacã prin aceasta se stânjenește circulația a douã vehicule venind din sensuri opuse, precum și în dreptul marcajului continuu, în cazul în care conducãtorii celorlalte vehicule care circulã în același sens ar fi obligați, din aceastã cauzã, sã treacã peste acest marcaj;</p><p>i)&nbsp;&nbsp; în locul în care se împiedicã vizibilitatea asupra unui indicator sau semnal luminos;</p><p>j)&nbsp;&nbsp; pe sectoarele de drum unde sunt instalate indicatoarele cu semnificațiile ""Drum îngustat"", ""Prioritate pentru circulația din sens invers"" sau ""Prioritate fațã de circulația din sens invers"";</p><p>k)&nbsp;&nbsp; pe pistele obligatorii pentru pietoni sau pentru pietoni și biciclete ori pe benzile rezervate unor anumite categorii de vehicule, semnalizate ca atare;</p><p>l)&nbsp;&nbsp; pe platforma caii ferate industriale sau de tramvai ori la mai puțin de 50 m de acestea, dacã circulația vehiculelor pe sine ar putea fi stânjenitã sau împiedicatã;</p><p><span style=""background-color:hsl(60, 75%, 60%);"">m)&nbsp;&nbsp; pe partea carosabilã a autostrãzilor, a drumurilor expres și a celor naționale europene (E);</span></p><p>n)&nbsp;&nbsp; pe trotuar, cu excepția situației în care administratorul drumului public a executat amenajãri care respectã prevederile art. 144 alin.(2) și (3);</p><p>o)&nbsp;&nbsp; pe pistele pentru biciclete;</p><p>p)&nbsp;&nbsp; în locurile unde este interzisã depãșirea.</p>


                    </div>","https://scoaladrpciv.ro/intrebari/categoria-c/circulatia-pe-autostrazi"
"1790532864-179","https://scoaladrpciv.ro/intrebari/categoria-c","Ce obligaţii aveţi atunci când intraţi pe autostradă folosind banda de accelerare?","A - să cedaţi trecerea autovehiculelor care circulă pe prima bandă a autostrăzii şi să nu stânjeniţi în niciun fel circulaţia acestora;","","","B - să semnalizaţi stânga, pentru a-i preveni pe ceilalţi conducători să vă acorde prioritate;","C - să opriţi şi să vă asiguraţi din faţă şi din spate.","https://scoaladrpciv.ro/intrebare/ce-obligatii-aveti-atunci-cand-intrati-pe-autostrada-folosind-banda-de-accelerare-1490","","<div class="""">
                        <h4>Articolul 169</h4><p><span style=""background-color:hsl(60, 75%, 60%);"">(1)&nbsp;&nbsp; Conducãtorii de autovehicule care intra pe autostrãzi folosind banda de intrare (de accelerare) trebuie sã cedeze trecerea autovehiculelor care circulã pe prima bandã a autostrãzilor și sã nu stânjeneascã în niciun fel circulația acestora.</span></p><p>(2)&nbsp;&nbsp; Conducãtorii de autovehicule care urmeazã sã pãrãseascã autostrada sunt obligați sã semnalizeze din timp și sã se angajeze pe banda de ieșire (de decelerare).</p>


                    </div>","https://scoaladrpciv.ro/intrebari/categoria-c/circulatia-pe-autostrazi"
"1790532869-180","https://scoaladrpciv.ro/intrebari/categoria-c","Oprirea voluntară a unui vehicul este interzisă:","C - în locurile unde s-ar împiedica observarea unui indicator sau a unui semnal luminos.","","","A - pe drumurile cu un singur sens de circulație;","B - pe drumurile cu o lățime mai mică de 6 m;","https://scoaladrpciv.ro/intrebare/oprirea-voluntara-a-unui-vehicul-este-interzisa-b3e8","","","https://scoaladrpciv.ro/intrebari/categoria-c/oprirea-stationarea-si-parcarea"
"1790532871-181","https://scoaladrpciv.ro/intrebari/categoria-c","Oprirea este interzisă:","A - la o distanță mai mică de 25 m de colțul intersecției;","","","B - pe drumul cu sens unic;","C - la o distanță de 50 m de marcajul pietonal.","https://scoaladrpciv.ro/intrebare/oprirea-este-interzisa-519e","","<div class="""">
                        <h4>Articolul 142</h4><p>Se interzice oprirea voluntarã a vehiculelor:</p><p>a)&nbsp; în zona de acțiune a indicatorului ""Oprirea interzisã"";</p><p>&nbsp;b)&nbsp;&nbsp; pe trecerile la nivel cu calea feratã curentã și la o distanțã mai mica de 50 m înainte și dupã acestea;</p><p>&nbsp;c)&nbsp; pe poduri, pe și sub pasaje denivelate, precum și pe viaducte;</p><p>d)&nbsp;&nbsp; în curbe și în alte locuri cu vizibilitate redusã sub 50 m;</p><p>e)&nbsp;&nbsp; pe trecerile pentru pietoni ori la mai puțin de 25 m înainte și dupã acestea;;</p><p><span style=""background-color:hsl(60, 75%, 60%);"">&nbsp;f)&nbsp;&nbsp; în intersecții, inclusiv cele cu circulație în sens giratoriu, precum și în zona de preselecție unde sunt aplicate marcaje continue, iar în lipsa acestora, la o distanțã mai mica de 25 m de coltul intersecției;</span></p><p>g)&nbsp;&nbsp; în stațiile mijloacelor de transport public de persoane, precum și la mai puțin de 25 m înainte și dupã acestea;</p><p>h)&nbsp;&nbsp; în dreptul altui vehicul oprit pe partea carosabilã, dacã prin aceasta se stânjenește circulația a douã vehicule venind din sensuri opuse, precum și în dreptul marcajului continuu, în cazul în care conducãtorii celorlalte vehicule care circulã în același sens ar fi obligați, din aceastã cauzã, sã treacã peste acest marcaj;</p><p>i)&nbsp;&nbsp; în locul în care se împiedicã vizibilitatea asupra unui indicator sau semnal luminos;</p><p>j)&nbsp;&nbsp; pe sectoarele de drum unde sunt instalate indicatoarele cu semnificațiile ""Drum îngustat"", ""Prioritate pentru circulația din sens invers"" sau ""Prioritate fațã de circulația din sens invers"";</p><p>k)&nbsp;&nbsp; pe pistele obligatorii pentru pietoni sau pentru pietoni și biciclete ori pe benzile rezervate unor anumite categorii de vehicule, semnalizate ca atare;</p><p>l)&nbsp;&nbsp; pe platforma caii ferate industriale sau de tramvai ori la mai puțin de 50 m de acestea, dacã circulația vehiculelor pe sine ar putea fi stânjenitã sau împiedicatã;</p><p>m)&nbsp;&nbsp; pe partea carosabilã a autostrãzilor, a drumurilor expres și a celor naționale europene (E);</p><p>n)&nbsp;&nbsp; pe trotuar, cu excepția situației în care administratorul drumului public a executat amenajãri care respectã prevederile art. 144 alin.(2) și (3);</p><p>o)&nbsp;&nbsp; pe pistele pentru biciclete;</p><p>p)&nbsp;&nbsp; în locurile unde este interzisã depãșirea.</p><h4>&nbsp;</h4>


                    </div>","https://scoaladrpciv.ro/intrebari/categoria-c/oprirea-stationarea-si-parcarea"
"1790532874-182","https://scoaladrpciv.ro/intrebari/categoria-c","Pe ce drumuri sunt permise oprirea şi staţionarea autocamioanelor şi pe partea stângă, în sensul de mers?","B - pe drumurile cu sens unic, dacă rămâne liberă cel puţin o bandă de circulaţie;","","","A - pe drumurile cu trafic redus;","C - pe orice drum.","https://scoaladrpciv.ro/intrebare/pe-ce-drumuri-sunt-permise-oprirea-si-stationarea-autocamioanelor-si-pe-partea-stanga-in-sensul-de-mers-41fa","","<div class="""">
                        <h4>Articolul 141</h4><p>(1)&nbsp;&nbsp; Conducãtorii autovehiculelor, tractoarelor agricole sau forestiere imobilizate pe drumurile publice, care se îndepãrteazã de acestea, sunt obligați sã acționeze frânã de ajutor, sã opreascã funcționarea motorului și sã cupleze într-o treaptã de vitezã inferioarã sau în cea de parcare dacã autovehiculul, tractorul agricol sau forestier are transmisie automatã.</p><p>(2)&nbsp;&nbsp; În cazul imobilizãrii involuntare a autovehiculului, tractorului agricol sau forestier în panta sau în rampa, pe lângã obligațiile prevãzute la alin. (1) conducãtorul trebuie sã bracheze rotile directoare.</p><p>(3)&nbsp;&nbsp; În cazul imobilizãrii involuntare a autovehiculului, tractorului agricol sau forestier în pasaje subterane sau în tuneluri, conducãtorul acestuia este obligat sã opreascã funcționarea motorului.</p><p><span style=""background-color:hsl(60, 75%, 60%);"">(4)&nbsp;&nbsp; În localitãți, pe drumurile cu sens unic, oprirea sau staționarea voluntarã a vehiculelor este permisã și pe partea stânga, dacã rãmâne liberã cel puțin o bandã de circulație.</span></p><p>(5)&nbsp;&nbsp; În afara localitãților oprirea sau staționarea voluntarã a vehiculelor se face în afara pãrții carosabile, iar atunci când nu este posibil, cât mai aproape de marginea din dreapta a drumului, paralel cu axa acestuia.</p><p>(6)&nbsp;&nbsp; Nu este permisã staționarea pe partea carosabilã, în timpul nopții, a tractoarelor agricole sau forestiere, a remorcilor, a mopedelor, a bicicletelor, a trotinetelor electrice, a vehiculelor cu tracțiune animalã ori a celor trase sau împinse cu mâna.</p><p>(7)&nbsp;&nbsp; Nu este permisã oprirea sau staționarea în tuneluri. În situații de urgențã sau de pericol conducãtorului de autovehicul îi este permisã oprirea sau staționarea numai în locurile special amenajate și semnalizate corespunzãtor. În caz de imobilizare prelungitã a autovehiculului în tunel, conducãtorul de vehicul este obligat sã opreascã motorul.</p><p>(8)&nbsp;&nbsp; Se considerã staționare pe partea carosabilã situația în care oricare dintre roțile vehiculului sau remorcii se regãsește pe partea carosabilã.</p>


                    </div>","https://scoaladrpciv.ro/intrebari/categoria-c/oprirea-stationarea-si-parcarea"
"1790532876-183","https://scoaladrpciv.ro/intrebari/categoria-c","Poate staţiona noaptea, pe un drum public, remorca unui autocamion?","A - nu;","","","B - da, dacă drumul este iluminat;","C - da, dacă aceasta este semnalizată cu triunghiuri reflectorizante.","https://scoaladrpciv.ro/intrebare/poate-stationa-noaptea-pe-un-drum-public-remorca-unui-autocamion-ae23","","<div class="""">
                        <h4>Articolul 141</h4><p>(1)&nbsp;&nbsp; Conducãtorii autovehiculelor, tractoarelor agricole sau forestiere imobilizate pe drumurile publice, care se îndepãrteazã de acestea, sunt obligați sã acționeze frânã de ajutor, sã opreascã funcționarea motorului și sã cupleze într-o treaptã de vitezã inferioarã sau în cea de parcare dacã autovehiculul, tractorul agricol sau forestier are transmisie automatã.</p><p>(2)&nbsp;&nbsp; În cazul imobilizãrii involuntare a autovehiculului, tractorului agricol sau forestier în panta sau în rampa, pe lângã obligațiile prevãzute la alin. (1) conducãtorul trebuie sã bracheze rotile directoare.</p><p>(3)&nbsp;&nbsp; În cazul imobilizãrii involuntare a autovehiculului, tractorului agricol sau forestier în pasaje subterane sau în tuneluri, conducãtorul acestuia este obligat sã opreascã funcționarea motorului.</p><p>(4)&nbsp;&nbsp; În localitãți, pe drumurile cu sens unic, oprirea sau staționarea voluntarã a vehiculelor este permisã și pe partea stânga, dacã rãmâne liberã cel puțin o bandã de circulație.</p><p>(5)&nbsp;&nbsp; În afara localitãților oprirea sau staționarea voluntarã a vehiculelor se face în afara pãrții carosabile, iar atunci când nu este posibil, cât mai aproape de marginea din dreapta a drumului, paralel cu axa acestuia.</p><p><span style=""background-color:hsl(60, 75%, 60%);"">(6)&nbsp;&nbsp; Nu este permisã staționarea pe partea carosabilã, în timpul nopții, a tractoarelor agricole sau forestiere, a remorcilor, a mopedelor, a bicicletelor, a trotinetelor electrice, a vehiculelor cu tracțiune animalã ori a celor trase sau împinse cu mâna.</span></p><p>(7)&nbsp;&nbsp; Nu este permisã oprirea sau staționarea în tuneluri. În situații de urgențã sau de pericol conducãtorului de autovehicul îi este permisã oprirea sau staționarea numai în locurile special amenajate și semnalizate corespunzãtor. În caz de imobilizare prelungitã a autovehiculului în tunel, conducãtorul de vehicul este obligat sã opreascã motorul.</p><p>(8)&nbsp;&nbsp; Se considerã staționare pe partea carosabilã situația în care oricare dintre roțile vehiculului sau remorcii se regãsește pe partea carosabilã.</p>


                    </div>","https://scoaladrpciv.ro/intrebari/categoria-c/oprirea-stationarea-si-parcarea"
"1790532878-184","https://scoaladrpciv.ro/intrebari/categoria-c","În care dintre următoarele situații este interzisă oprirea?","C - pe drumurile naționale europene.","","","A - pe sectoarele de drum neiluminate;","B - la o distanță mai mică de 5 m față de ultimul vagon al unui tramvai;","https://scoaladrpciv.ro/intrebare/in-care-dintre-urmatoarele-situatii-este-interzisa-oprirea-b28c","","<div class="""">
                        <h4>Articolul 142</h4><p>Se interzice oprirea voluntarã a vehiculelor:</p><p>a)&nbsp; în zona de acțiune a indicatorului ""Oprirea interzisã"";</p><p>&nbsp;b)&nbsp;&nbsp; pe trecerile la nivel cu calea feratã curentã și la o distanțã mai mica de 50 m înainte și dupã acestea;</p><p>&nbsp;c)&nbsp; pe poduri, pe și sub pasaje denivelate, precum și pe viaducte;</p><p>d)&nbsp;&nbsp; în curbe și în alte locuri cu vizibilitate redusã sub 50 m;</p><p>e)&nbsp;&nbsp; pe trecerile pentru pietoni ori la mai puțin de 25 m înainte și dupã acestea;;</p><p>&nbsp;f)&nbsp;&nbsp; în intersecții, inclusiv cele cu circulație în sens giratoriu, precum și în zona de preselecție unde sunt aplicate marcaje continue, iar în lipsa acestora, la o distanțã mai mica de 25 m de coltul intersecției;</p><p>g)&nbsp;&nbsp; în stațiile mijloacelor de transport public de persoane, precum și la mai puțin de 25 m înainte și dupã acestea;</p><p>h)&nbsp;&nbsp; în dreptul altui vehicul oprit pe partea carosabilã, dacã prin aceasta se stânjenește circulația a douã vehicule venind din sensuri opuse, precum și în dreptul marcajului continuu, în cazul în care conducãtorii celorlalte vehicule care circulã în același sens ar fi obligați, din aceastã cauzã, sã treacã peste acest marcaj;</p><p>i)&nbsp;&nbsp; în locul în care se împiedicã vizibilitatea asupra unui indicator sau semnal luminos;</p><p>j)&nbsp;&nbsp; pe sectoarele de drum unde sunt instalate indicatoarele cu semnificațiile ""Drum îngustat"", ""Prioritate pentru circulația din sens invers"" sau ""Prioritate fațã de circulația din sens invers"";</p><p>k)&nbsp;&nbsp; pe pistele obligatorii pentru pietoni sau pentru pietoni și biciclete ori pe benzile rezervate unor anumite categorii de vehicule, semnalizate ca atare;</p><p>l)&nbsp;&nbsp; pe platforma caii ferate industriale sau de tramvai ori la mai puțin de 50 m de acestea, dacã circulația vehiculelor pe sine ar putea fi stânjenitã sau împiedicatã;</p><p><span style=""background-color:hsl(60, 75%, 60%);"">m)&nbsp;&nbsp; pe partea carosabilã a autostrãzilor, a drumurilor expres și a celor naționale europene (E);</span></p><p>n)&nbsp;&nbsp; pe trotuar, cu excepția situației în care administratorul drumului public a executat amenajãri care respectã prevederile art. 144 alin.(2) și (3);</p><p>o)&nbsp;&nbsp; pe pistele pentru biciclete;</p><p>p)&nbsp;&nbsp; în locurile unde este interzisã depãșirea.</p>


                    </div>","https://scoaladrpciv.ro/intrebari/categoria-c/oprirea-stationarea-si-parcarea"
"1790532881-185","https://scoaladrpciv.ro/intrebari/categoria-c","Oprirea voluntară este interzisă:","A - la mai puțin de 25 m de colțul unei intersecții;","C - în curbe și pe sectoarele de drum cu vizibilitate redusă sub 50 m.","","B - în zona de acțiune a indicatorului „Staționarea interzisă“;","","https://scoaladrpciv.ro/intrebare/oprirea-voluntara-este-interzisa-17c4","","<div class="""">
                        <h4>Articolul 142</h4><p>Se interzice oprirea voluntarã a vehiculelor:</p><p>a)&nbsp; în zona de acțiune a indicatorului ""Oprirea interzisã"";</p><p>&nbsp;b)&nbsp;&nbsp; pe trecerile la nivel cu calea feratã curentã și la o distanțã mai mica de 50 m înainte și dupã acestea;</p><p>&nbsp;c)&nbsp; pe poduri, pe și sub pasaje denivelate, precum și pe viaducte;</p><p><span style=""background-color:hsl(60, 75%, 60%);"">d)&nbsp;&nbsp; în curbe și în alte locuri cu vizibilitate redusã sub 50 m;</span></p><p>e)&nbsp;&nbsp; pe trecerile pentru pietoni ori la mai puțin de 25 m înainte și dupã acestea;;</p><p><span style=""background-color:hsl(60, 75%, 60%);"">&nbsp;f)&nbsp;&nbsp; în intersecții, inclusiv cele cu circulație în sens giratoriu, precum și în zona de preselecție unde sunt aplicate marcaje continue, iar în lipsa acestora, la o distanțã mai mica de 25 m de coltul intersecției;</span></p><p>g)&nbsp;&nbsp; în stațiile mijloacelor de transport public de persoane, precum și la mai puțin de 25 m înainte și dupã acestea;</p><p>h)&nbsp;&nbsp; în dreptul altui vehicul oprit pe partea carosabilã, dacã prin aceasta se stânjenește circulația a douã vehicule venind din sensuri opuse, precum și în dreptul marcajului continuu, în cazul în care conducãtorii celorlalte vehicule care circulã în același sens ar fi obligați, din aceastã cauzã, sã treacã peste acest marcaj;</p><p>i)&nbsp;&nbsp; în locul în care se împiedicã vizibilitatea asupra unui indicator sau semnal luminos;</p><p>j)&nbsp;&nbsp; pe sectoarele de drum unde sunt instalate indicatoarele cu semnificațiile ""Drum îngustat"", ""Prioritate pentru circulația din sens invers"" sau ""Prioritate fațã de circulația din sens invers"";</p><p>k)&nbsp;&nbsp; pe pistele obligatorii pentru pietoni sau pentru pietoni și biciclete ori pe benzile rezervate unor anumite categorii de vehicule, semnalizate ca atare;</p><p>l)&nbsp;&nbsp; pe platforma caii ferate industriale sau de tramvai ori la mai puțin de 50 m de acestea, dacã circulația vehiculelor pe sine ar putea fi stânjenitã sau împiedicatã;</p><p>m)&nbsp;&nbsp; pe partea carosabilã a autostrãzilor, a drumurilor expres și a celor naționale europene (E);</p><p>n)&nbsp;&nbsp; pe trotuar, cu excepția situației în care administratorul drumului public a executat amenajãri care respectã prevederile art. 144 alin.(2) și (3);</p><p>o)&nbsp;&nbsp; pe pistele pentru biciclete;</p><p>p)&nbsp;&nbsp; în locurile unde este interzisã depãșirea.</p>


                    </div>","https://scoaladrpciv.ro/intrebari/categoria-c/oprirea-stationarea-si-parcarea"
"1790532883-186","https://scoaladrpciv.ro/intrebari/categoria-c","Este interzisă staţionarea unui autocamion pe un drum public cu o lăţime mai mică de 6 m?","A - da;","","","B - nu;","C - legal, nu este prevãzut.","https://scoaladrpciv.ro/intrebare/este-interzisa-stationarea-unui-autocamion-pe-un-drum-public-cu-o-latime-mai-mica-de-6-m-23b9","","<div class="""">
                        <h4>Articolul 143</h4><p>Se interzice staționarea voluntarã a vehiculelor:</p><p>a)&nbsp; în toate cazurile în care este interzisã oprirea voluntarã;</p><p>b)&nbsp;&nbsp; în zona de acțiune a indicatorului cu semnificația ""Staționarea interzisã"" și a marcajului cu semnificația de interzicere a staționãrii;</p><p><span style=""background-color:hsl(60, 75%, 60%);"">c)&nbsp; pe drumurile publice cu o lãțime mai mica de 6 m;</span></p><p>d)&nbsp;&nbsp; în dreptul cailor de acces care deservesc proprietãțile alãturate drumurilor publice;</p><p>e)&nbsp; în pante și în rampe;</p><p>f)&nbsp;&nbsp; în locul unde este instalat indicatorul cu semnificația ""Staționare alternantã"", în altã zi sau perioadã decât cea permisã, ori indicatorul cu semnificația ""Zona de staționare cu durata limitatã"" peste durata stabilitã.</p>


                    </div>","https://scoaladrpciv.ro/intrebari/categoria-c/oprirea-stationarea-si-parcarea"
"1790532885-187","https://scoaladrpciv.ro/intrebari/categoria-c","În care dintre situații oprirea este interzisă?","A - în zona de acțiune a indicatorului care interzice depășirea;","C - în dreptul altui vehicul care se află oprit, dacă prin aceasta se stânjenește circulația a două vehicule venind din sensuri opuse.","","B - pe străzile unde circulația se desfășoară în sens unic;","","https://scoaladrpciv.ro/intrebare/in-care-dintre-situatii-oprirea-este-interzisa-942b","","<div class="""">
                        <h4>Articolul 142</h4><p>Se interzice oprirea voluntarã a vehiculelor:</p><p>a)&nbsp; în zona de acțiune a indicatorului ""Oprirea interzisã"";</p><p>&nbsp;b)&nbsp;&nbsp; pe trecerile la nivel cu calea feratã curentã și la o distanțã mai mica de 50 m înainte și dupã acestea;</p><p>&nbsp;c)&nbsp; pe poduri, pe și sub pasaje denivelate, precum și pe viaducte;</p><p>d)&nbsp;&nbsp; în curbe și în alte locuri cu vizibilitate redusã sub 50 m;</p><p>e)&nbsp;&nbsp; pe trecerile pentru pietoni ori la mai puțin de 25 m înainte și dupã acestea;;</p><p>&nbsp;f)&nbsp;&nbsp; în intersecții, inclusiv cele cu circulație în sens giratoriu, precum și în zona de preselecție unde sunt aplicate marcaje continue, iar în lipsa acestora, la o distanțã mai mica de 25 m de coltul intersecției;</p><p>g)&nbsp;&nbsp; în stațiile mijloacelor de transport public de persoane, precum și la mai puțin de 25 m înainte și dupã acestea;</p><p><span style=""background-color:hsl(60, 75%, 60%);"">h)&nbsp;&nbsp; în dreptul altui vehicul oprit pe partea carosabilã, dacã prin aceasta se stânjenește circulația a douã vehicule venind din sensuri opuse, precum și în dreptul marcajului continuu, în cazul în care conducãtorii celorlalte vehicule care circulã în același sens ar fi obligați, din aceastã cauzã, sã treacã peste acest marcaj;</span></p><p>i)&nbsp;&nbsp; în locul în care se împiedicã vizibilitatea asupra unui indicator sau semnal luminos;</p><p>j)&nbsp;&nbsp; pe sectoarele de drum unde sunt instalate indicatoarele cu semnificațiile ""Drum îngustat"", ""Prioritate pentru circulația din sens invers"" sau ""Prioritate fațã de circulația din sens invers"";</p><p>k)&nbsp;&nbsp; pe pistele obligatorii pentru pietoni sau pentru pietoni și biciclete ori pe benzile rezervate unor anumite categorii de vehicule, semnalizate ca atare;</p><p>l)&nbsp;&nbsp; pe platforma caii ferate industriale sau de tramvai ori la mai puțin de 50 m de acestea, dacã circulația vehiculelor pe sine ar putea fi stânjenitã sau împiedicatã;</p><p>m)&nbsp;&nbsp; pe partea carosabilã a autostrãzilor, a drumurilor expres și a celor naționale europene (E);</p><p>n)&nbsp;&nbsp; pe trotuar, cu excepția situației în care administratorul drumului public a executat amenajãri care respectã prevederile art. 144 alin.(2) și (3);</p><p>o)&nbsp;&nbsp; pe pistele pentru biciclete;</p><p><span style=""background-color:hsl(60, 75%, 60%);"">p)&nbsp;&nbsp; în locurile unde este interzisã depãșirea.</span></p>


                    </div>","https://scoaladrpciv.ro/intrebari/categoria-c/oprirea-stationarea-si-parcarea"
"1790532887-188","https://scoaladrpciv.ro/intrebari/categoria-c","Oprirea este interzisă:","A - în zona de acțiune a indicatorului „Drum îngustat“;","B - în zona de acțiune a indicatoarelor care interzic depășirea;","C - în dreptul altui vehicul staționat, dacă prin aceasta se stânjenește circulația a două  vehicule venind din sensuri opuse.","","","https://scoaladrpciv.ro/intrebare/oprirea-este-interzisa-e809","","<div class="""">
                        <h4>Articolul 142</h4><p>Se interzice oprirea voluntarã a vehiculelor:</p><p>a)&nbsp; în zona de acțiune a indicatorului ""Oprirea interzisã"";</p><p>&nbsp;b)&nbsp;&nbsp; pe trecerile la nivel cu calea feratã curentã și la o distanțã mai mica de 50 m înainte și dupã acestea;</p><p>&nbsp;c)&nbsp; pe poduri, pe și sub pasaje denivelate, precum și pe viaducte;</p><p>d)&nbsp;&nbsp; în curbe și în alte locuri cu vizibilitate redusã sub 50 m;</p><p>e)&nbsp;&nbsp; pe trecerile pentru pietoni ori la mai puțin de 25 m înainte și dupã acestea;;</p><p>&nbsp;f)&nbsp;&nbsp; în intersecții, inclusiv cele cu circulație în sens giratoriu, precum și în zona de preselecție unde sunt aplicate marcaje continue, iar în lipsa acestora, la o distanțã mai mica de 25 m de coltul intersecției;</p><p>g)&nbsp;&nbsp; în stațiile mijloacelor de transport public de persoane, precum și la mai puțin de 25 m înainte și dupã acestea;</p><p><span style=""background-color:hsl(60, 75%, 60%);"">h)&nbsp;&nbsp; în dreptul altui vehicul oprit pe partea carosabilã, dacã prin aceasta se stânjenește circulația a douã vehicule venind din sensuri opuse, precum și în dreptul marcajului continuu, în cazul în care conducãtorii celorlalte vehicule care circulã în același sens ar fi obligați, din aceastã cauzã, sã treacã peste acest marcaj;</span></p><p>i)&nbsp;&nbsp; în locul în care se împiedicã vizibilitatea asupra unui indicator sau semnal luminos;</p><p><span style=""background-color:hsl(60, 75%, 60%);"">j)&nbsp;&nbsp; pe sectoarele de drum unde sunt instalate indicatoarele cu semnificațiile ""Drum îngustat"", ""Prioritate pentru circulația din sens invers"" sau ""Prioritate fațã de circulația din sens invers"";</span></p><p>k)&nbsp;&nbsp; pe pistele obligatorii pentru pietoni sau pentru pietoni și biciclete ori pe benzile rezervate unor anumite categorii de vehicule, semnalizate ca atare;</p><p>l)&nbsp;&nbsp; pe platforma caii ferate industriale sau de tramvai ori la mai puțin de 50 m de acestea, dacã circulația vehiculelor pe sine ar putea fi stânjenitã sau împiedicatã;</p><p>m)&nbsp;&nbsp; pe partea carosabilã a autostrãzilor, a drumurilor expres și a celor naționale europene (E);</p><p>n)&nbsp;&nbsp; pe trotuar, cu excepția situației în care administratorul drumului public a executat amenajãri care respectã prevederile art. 144 alin.(2) și (3);</p><p>o)&nbsp;&nbsp; pe pistele pentru biciclete;</p><p><span style=""background-color:hsl(60, 75%, 60%);"">p)&nbsp;&nbsp; în locurile unde este interzisã depãșirea.</span></p>


                    </div>","https://scoaladrpciv.ro/intrebari/categoria-c/oprirea-stationarea-si-parcarea"
"1790532890-189","https://scoaladrpciv.ro/intrebari/categoria-c","Într-o intersecţie unde circulaţia se desfăşoară în sens giratoriu, conducătorilor de autocamioane le este interzis:","B - să oprească autocamionul, în afara situaţiilor impuse de trafic;","","","A - să reducă viteza, întrucât se creează pericolul de blocare;","C - să întoarcă, prin ocolirea sensului giratoriu.","https://scoaladrpciv.ro/intrebare/intr-o-intersectie-unde-circulatia-se-desfasoara-in-sens-giratoriu-conducatorilor-de-autocamioane-le-este-interzis-66ad","","<div class="""">
                        <h4>Articolul 142</h4><p>Se interzice oprirea voluntarã a vehiculelor:</p><p>a)&nbsp; în zona de acțiune a indicatorului ""Oprirea interzisã"";</p><p>&nbsp;b)&nbsp;&nbsp; pe trecerile la nivel cu calea feratã curentã și la o distanțã mai mica de 50 m înainte și dupã acestea;</p><p>&nbsp;c)&nbsp; pe poduri, pe și sub pasaje denivelate, precum și pe viaducte;</p><p>d)&nbsp;&nbsp; în curbe și în alte locuri cu vizibilitate redusã sub 50 m;</p><p>e)&nbsp;&nbsp; pe trecerile pentru pietoni ori la mai puțin de 25 m înainte și dupã acestea;;</p><p><span style=""background-color:hsl(60, 75%, 60%);"">&nbsp;f)&nbsp;&nbsp; în intersecții, inclusiv cele cu circulație în sens giratoriu, precum și în zona de preselecție unde sunt aplicate marcaje continue, iar în lipsa acestora, la o distanțã mai mica de 25 m de coltul intersecției;</span></p><p>g)&nbsp;&nbsp; în stațiile mijloacelor de transport public de persoane, precum și la mai puțin de 25 m înainte și dupã acestea;</p><p>h)&nbsp;&nbsp; în dreptul altui vehicul oprit pe partea carosabilã, dacã prin aceasta se stânjenește circulația a douã vehicule venind din sensuri opuse, precum și în dreptul marcajului continuu, în cazul în care conducãtorii celorlalte vehicule care circulã în același sens ar fi obligați, din aceastã cauzã, sã treacã peste acest marcaj;</p><p>i)&nbsp;&nbsp; în locul în care se împiedicã vizibilitatea asupra unui indicator sau semnal luminos;</p><p>j)&nbsp;&nbsp; pe sectoarele de drum unde sunt instalate indicatoarele cu semnificațiile ""Drum îngustat"", ""Prioritate pentru circulația din sens invers"" sau ""Prioritate fațã de circulația din sens invers"";</p><p>k)&nbsp;&nbsp; pe pistele obligatorii pentru pietoni sau pentru pietoni și biciclete ori pe benzile rezervate unor anumite categorii de vehicule, semnalizate ca atare;</p><p>l)&nbsp;&nbsp; pe platforma caii ferate industriale sau de tramvai ori la mai puțin de 50 m de acestea, dacã circulația vehiculelor pe sine ar putea fi stânjenitã sau împiedicatã;</p><p>m)&nbsp;&nbsp; pe partea carosabilã a autostrãzilor, a drumurilor expres și a celor naționale europene (E);</p><p>n)&nbsp;&nbsp; pe trotuar, cu excepția situației în care administratorul drumului public a executat amenajãri care respectã prevederile art. 144 alin.(2) și (3);</p><p>o)&nbsp;&nbsp; pe pistele pentru biciclete;</p><p>p)&nbsp;&nbsp; în locurile unde este interzisã depãșirea.</p>


                    </div>","https://scoaladrpciv.ro/intrebari/categoria-c/oprirea-stationarea-si-parcarea"
"1790532892-190","https://scoaladrpciv.ro/intrebari/categoria-c","Este permisă oprirea în dreptul staţiei de tramvai prevăzută cu refugiu pentru pietoni?","C - nu, deoarece se interzice prin lege.","","","A - da, când tramvaiul nu se află în staţie;","B - da, deoarece în astfel de staţii este permisă depăşirea;","https://scoaladrpciv.ro/intrebare/este-permisa-oprirea-in-dreptul-statiei-de-tramvai-prevazuta-cu-refugiu-pentru-pietoni-590b","","<div class="""">
                        <h4>Articolul 142</h4><p>Se interzice oprirea voluntarã a vehiculelor:</p><p>a)&nbsp; în zona de acțiune a indicatorului ""Oprirea interzisã"";</p><p>&nbsp;b)&nbsp;&nbsp; pe trecerile la nivel cu calea feratã curentã și la o distanțã mai mica de 50 m înainte și dupã acestea;</p><p>&nbsp;c)&nbsp; pe poduri, pe și sub pasaje denivelate, precum și pe viaducte;</p><p>d)&nbsp;&nbsp; în curbe și în alte locuri cu vizibilitate redusã sub 50 m;</p><p>e)&nbsp;&nbsp; pe trecerile pentru pietoni ori la mai puțin de 25 m înainte și dupã acestea;;</p><p>&nbsp;f)&nbsp;&nbsp; în intersecții, inclusiv cele cu circulație în sens giratoriu, precum și în zona de preselecție unde sunt aplicate marcaje continue, iar în lipsa acestora, la o distanțã mai mica de 25 m de coltul intersecției;</p><p><span style=""background-color:hsl(60, 75%, 60%);"">g)&nbsp;&nbsp; în stațiile mijloacelor de transport public de persoane, precum și la mai puțin de 25 m înainte și dupã acestea;</span></p><p>h)&nbsp;&nbsp; în dreptul altui vehicul oprit pe partea carosabilã, dacã prin aceasta se stânjenește circulația a douã vehicule venind din sensuri opuse, precum și în dreptul marcajului continuu, în cazul în care conducãtorii celorlalte vehicule care circulã în același sens ar fi obligați, din aceastã cauzã, sã treacã peste acest marcaj;</p><p>i)&nbsp;&nbsp; în locul în care se împiedicã vizibilitatea asupra unui indicator sau semnal luminos;</p><p>j)&nbsp;&nbsp; pe sectoarele de drum unde sunt instalate indicatoarele cu semnificațiile ""Drum îngustat"", ""Prioritate pentru circulația din sens invers"" sau ""Prioritate fațã de circulația din sens invers"";</p><p>k)&nbsp;&nbsp; pe pistele obligatorii pentru pietoni sau pentru pietoni și biciclete ori pe benzile rezervate unor anumite categorii de vehicule, semnalizate ca atare;</p><p>l)&nbsp;&nbsp; pe platforma caii ferate industriale sau de tramvai ori la mai puțin de 50 m de acestea, dacã circulația vehiculelor pe sine ar putea fi stânjenitã sau împiedicatã;</p><p>m)&nbsp;&nbsp; pe partea carosabilã a autostrãzilor, a drumurilor expres și a celor naționale europene (E);</p><p>n)&nbsp;&nbsp; pe trotuar, cu excepția situației în care administratorul drumului public a executat amenajãri care respectã prevederile art. 144 alin.(2) și (3);</p><p>o)&nbsp;&nbsp; pe pistele pentru biciclete;</p><p>p)&nbsp;&nbsp; în locurile unde este interzisã depãșirea.</p>


                    </div>","https://scoaladrpciv.ro/intrebari/categoria-c/oprirea-stationarea-si-parcarea"
"1790532894-191","https://scoaladrpciv.ro/intrebari/categoria-c","În ce situație nu vă este permisă oprirea unui vehicul?","A - în curbe și pe sectoarele de drum cu vizibilitate redusă sub 50 m;","","","B - pe drumurile publice unde circulă troleibuze și tramvaie;","C - la mai puțin de 50 m de colțul unei intersecții.","https://scoaladrpciv.ro/intrebare/in-ce-situatie-nu-va-este-permisa-oprirea-unui-vehicul-70b1","","<div class="""">
                        <h4>Articolul 142</h4><p>Se interzice oprirea voluntarã a vehiculelor:</p><p>a)&nbsp; în zona de acțiune a indicatorului ""Oprirea interzisã"";</p><p>&nbsp;b)&nbsp;&nbsp; pe trecerile la nivel cu calea feratã curentã și la o distanțã mai mica de 50 m înainte și dupã acestea;</p><p>&nbsp;c)&nbsp; pe poduri, pe și sub pasaje denivelate, precum și pe viaducte;</p><p><span style=""background-color:hsl(60, 75%, 60%);"">d)&nbsp;&nbsp; în curbe și în alte locuri cu vizibilitate redusã sub 50 m;</span></p><p>e)&nbsp;&nbsp; pe trecerile pentru pietoni ori la mai puțin de 25 m înainte și dupã acestea;;</p><p>&nbsp;f)&nbsp;&nbsp; în intersecții, inclusiv cele cu circulație în sens giratoriu, precum și în zona de preselecție unde sunt aplicate marcaje continue, iar în lipsa acestora, la o distanțã mai mica de 25 m de coltul intersecției;</p><p>g)&nbsp;&nbsp; în stațiile mijloacelor de transport public de persoane, precum și la mai puțin de 25 m înainte și dupã acestea;</p><p>h)&nbsp;&nbsp; în dreptul altui vehicul oprit pe partea carosabilã, dacã prin aceasta se stânjenește circulația a douã vehicule venind din sensuri opuse, precum și în dreptul marcajului continuu, în cazul în care conducãtorii celorlalte vehicule care circulã în același sens ar fi obligați, din aceastã cauzã, sã treacã peste acest marcaj;</p><p>i)&nbsp;&nbsp; în locul în care se împiedicã vizibilitatea asupra unui indicator sau semnal luminos;</p><p>j)&nbsp;&nbsp; pe sectoarele de drum unde sunt instalate indicatoarele cu semnificațiile ""Drum îngustat"", ""Prioritate pentru circulația din sens invers"" sau ""Prioritate fațã de circulația din sens invers"";</p><p>k)&nbsp;&nbsp; pe pistele obligatorii pentru pietoni sau pentru pietoni și biciclete ori pe benzile rezervate unor anumite categorii de vehicule, semnalizate ca atare;</p><p>l)&nbsp;&nbsp; pe platforma caii ferate industriale sau de tramvai ori la mai puțin de 50 m de acestea, dacã circulația vehiculelor pe sine ar putea fi stânjenitã sau împiedicatã;</p><p>m)&nbsp;&nbsp; pe partea carosabilã a autostrãzilor, a drumurilor expres și a celor naționale europene (E);</p><p>n)&nbsp;&nbsp; pe trotuar, cu excepția situației în care administratorul drumului public a executat amenajãri care respectã prevederile art. 144 alin.(2) și (3);</p><p>o)&nbsp;&nbsp; pe pistele pentru biciclete;</p><p>p)&nbsp;&nbsp; în locurile unde este interzisã depãșirea.</p>


                    </div>","https://scoaladrpciv.ro/intrebari/categoria-c/oprirea-stationarea-si-parcarea"
"1790532897-192","https://scoaladrpciv.ro/intrebari/categoria-c","Conducătorul autocamionului din imagine a executat regulamentar oprirea?","A - nu, pentru că pe acest sector de drum este interzisă oprirea;","","","B - nu, pentru că pe drumurile naţionale  europene circulaţia camioanelor este interzisă;","C - da, dacă autoturismul şi motocicleta au loc suficient să treacă unul pe lângă celălalt.","https://scoaladrpciv.ro/intrebare/conducatorul-autocamionului-din-imagine-a-executat-regulamentar-oprirea-38ee","https://scoaladrpciv.ro/storage/questions/1861.jpeg","<div class="""">
                        <h4>Articolul 142</h4><p>Se interzice oprirea voluntarã a vehiculelor:</p><p>a)&nbsp; în zona de acțiune a indicatorului ""Oprirea interzisã"";</p><p>&nbsp;b)&nbsp;&nbsp; pe trecerile la nivel cu calea feratã curentã și la o distanțã mai mica de 50 m înainte și dupã acestea;</p><p>&nbsp;c)&nbsp; pe poduri, pe și sub pasaje denivelate, precum și pe viaducte;</p><p>d)&nbsp;&nbsp; în curbe și în alte locuri cu vizibilitate redusã sub 50 m;</p><p>e)&nbsp;&nbsp; pe trecerile pentru pietoni ori la mai puțin de 25 m înainte și dupã acestea;;</p><p>&nbsp;f)&nbsp;&nbsp; în intersecții, inclusiv cele cu circulație în sens giratoriu, precum și în zona de preselecție unde sunt aplicate marcaje continue, iar în lipsa acestora, la o distanțã mai mica de 25 m de coltul intersecției;</p><p>g)&nbsp;&nbsp; în stațiile mijloacelor de transport public de persoane, precum și la mai puțin de 25 m înainte și dupã acestea;</p><p>h)&nbsp;&nbsp; în dreptul altui vehicul oprit pe partea carosabilã, dacã prin aceasta se stânjenește circulația a douã vehicule venind din sensuri opuse, precum și în dreptul marcajului continuu, în cazul în care conducãtorii celorlalte vehicule care circulã în același sens ar fi obligați, din aceastã cauzã, sã treacã peste acest marcaj;</p><p>i)&nbsp;&nbsp; în locul în care se împiedicã vizibilitatea asupra unui indicator sau semnal luminos;</p><p>j)&nbsp;&nbsp; pe sectoarele de drum unde sunt instalate indicatoarele cu semnificațiile ""Drum îngustat"", ""Prioritate pentru circulația din sens invers"" sau ""Prioritate fațã de circulația din sens invers"";</p><p>k)&nbsp;&nbsp; pe pistele obligatorii pentru pietoni sau pentru pietoni și biciclete ori pe benzile rezervate unor anumite categorii de vehicule, semnalizate ca atare;</p><p>l)&nbsp;&nbsp; pe platforma caii ferate industriale sau de tramvai ori la mai puțin de 50 m de acestea, dacã circulația vehiculelor pe sine ar putea fi stânjenitã sau împiedicatã;</p><p><span style=""background-color:hsl(60, 75%, 60%);"">m)&nbsp;&nbsp; pe partea carosabilã a autostrãzilor, a drumurilor expres și a celor naționale europene (E);</span></p><p>n)&nbsp;&nbsp; pe trotuar, cu excepția situației în care administratorul drumului public a executat amenajãri care respectã prevederile art. 144 alin.(2) și (3);</p><p>o)&nbsp;&nbsp; pe pistele pentru biciclete;</p><p>p)&nbsp;&nbsp; în locurile unde este interzisã depãșirea.</p>


                    </div>","https://scoaladrpciv.ro/intrebari/categoria-c/oprirea-stationarea-si-parcarea"
"1790532899-193","https://scoaladrpciv.ro/intrebari/categoria-c","Puteţi lăsa noaptea, pe un drum public, remorca autocamionului pe care îl conduceţi?","A - nu, întrucât în acest caz staţionarea este interzisă;","","","B - da, deoarece remorca nu face parte din categoria autovehiculelor;","C - da, dacă luminile de poziţie sunt aprinse.","https://scoaladrpciv.ro/intrebare/puteti-lasa-noaptea-pe-un-drum-public-remorca-autocamionului-pe-care-il-conduceti-52fd","","<div class="""">
                        <h4>Articolul 141</h4><p>(1)&nbsp;&nbsp; Conducãtorii autovehiculelor, tractoarelor agricole sau forestiere imobilizate pe drumurile publice, care se îndepãrteazã de acestea, sunt obligați sã acționeze frânã de ajutor, sã opreascã funcționarea motorului și sã cupleze într-o treaptã de vitezã inferioarã sau în cea de parcare dacã autovehiculul, tractorul agricol sau forestier are transmisie automatã.</p><p>(2)&nbsp;&nbsp; În cazul imobilizãrii involuntare a autovehiculului, tractorului agricol sau forestier în panta sau în rampa, pe lângã obligațiile prevãzute la alin. (1) conducãtorul trebuie sã bracheze rotile directoare.</p><p>(3)&nbsp;&nbsp; În cazul imobilizãrii involuntare a autovehiculului, tractorului agricol sau forestier în pasaje subterane sau în tuneluri, conducãtorul acestuia este obligat sã opreascã funcționarea motorului.</p><p>(4)&nbsp;&nbsp; În localitãți, pe drumurile cu sens unic, oprirea sau staționarea voluntarã a vehiculelor este permisã și pe partea stânga, dacã rãmâne liberã cel puțin o bandã de circulație.</p><p>(5)&nbsp;&nbsp; În afara localitãților oprirea sau staționarea voluntarã a vehiculelor se face în afara pãrții carosabile, iar atunci când nu este posibil, cât mai aproape de marginea din dreapta a drumului, paralel cu axa acestuia.</p><p><span style=""background-color:hsl(60, 75%, 60%);"">(6)&nbsp;&nbsp; Nu este permisã staționarea pe partea carosabilã, în timpul nopții, a tractoarelor agricole sau forestiere, a remorcilor, a mopedelor, a bicicletelor, a trotinetelor electrice, a vehiculelor cu tracțiune animalã ori a celor trase sau împinse cu mâna.</span></p><p>(7)&nbsp;&nbsp; Nu este permisã oprirea sau staționarea în tuneluri. În situații de urgențã sau de pericol conducãtorului de autovehicul îi este permisã oprirea sau staționarea numai în locurile special amenajate și semnalizate corespunzãtor. În caz de imobilizare prelungitã a autovehiculului în tunel, conducãtorul de vehicul este obligat sã opreascã motorul.</p><p>(8)&nbsp;&nbsp; Se considerã staționare pe partea carosabilã situația în care oricare dintre roțile vehiculului sau remorcii se regãsește pe partea carosabilã.</p>


                    </div>","https://scoaladrpciv.ro/intrebari/categoria-c/oprirea-stationarea-si-parcarea"
"1790532901-194","https://scoaladrpciv.ro/intrebari/categoria-c","Dacă rămâneţi în pană într-un tunel:","A - opriţi funcţionarea motorului;","","","B - motorul trebuie să funcţioneze, pentru a putea folosi luminile de avarie;","C - închideţi autovehiculul şi vă îndepărtaţi de acesta.","https://scoaladrpciv.ro/intrebare/daca-ramaneti-in-pana-intr-un-tunel-a4cd","","<div class="""">
                        <h4>Articolul 141</h4><p>(1)&nbsp;&nbsp; Conducãtorii autovehiculelor, tractoarelor agricole sau forestiere imobilizate pe drumurile publice, care se îndepãrteazã de acestea, sunt obligați sã acționeze frânã de ajutor, sã opreascã funcționarea motorului și sã cupleze într-o treaptã de vitezã inferioarã sau în cea de parcare dacã autovehiculul, tractorul agricol sau forestier are transmisie automatã.</p><p>(2)&nbsp;&nbsp; În cazul imobilizãrii involuntare a autovehiculului, tractorului agricol sau forestier în panta sau în rampa, pe lângã obligațiile prevãzute la alin. (1) conducãtorul trebuie sã bracheze rotile directoare.</p><p><span style=""background-color:hsl(60, 75%, 60%);"">(3)&nbsp;&nbsp; În cazul imobilizãrii involuntare a autovehiculului, tractorului agricol sau forestier în pasaje subterane sau în tuneluri, conducãtorul acestuia este obligat sã opreascã funcționarea motorului.</span></p><p>(4)&nbsp;&nbsp; În localitãți, pe drumurile cu sens unic, oprirea sau staționarea voluntarã a vehiculelor este permisã și pe partea stânga, dacã rãmâne liberã cel puțin o bandã de circulație.</p><p>(5)&nbsp;&nbsp; În afara localitãților oprirea sau staționarea voluntarã a vehiculelor se face în afara pãrții carosabile, iar atunci când nu este posibil, cât mai aproape de marginea din dreapta a drumului, paralel cu axa acestuia.</p><p>(6)&nbsp;&nbsp; Nu este permisã staționarea pe partea carosabilã, în timpul nopții, a tractoarelor agricole sau forestiere, a remorcilor, a mopedelor, a bicicletelor, a trotinetelor electrice, a vehiculelor cu tracțiune animalã ori a celor trase sau împinse cu mâna.</p><p>(7)&nbsp;&nbsp; Nu este permisã oprirea sau staționarea în tuneluri. În situații de urgențã sau de pericol conducãtorului de autovehicul îi este permisã oprirea sau staționarea numai în locurile special amenajate și semnalizate corespunzãtor. În caz de imobilizare prelungitã a autovehiculului în tunel, conducãtorul de vehicul este obligat sã opreascã motorul.</p><p>(8)&nbsp;&nbsp; Se considerã staționare pe partea carosabilã situația în care oricare dintre roțile vehiculului sau remorcii se regãsește pe partea carosabilã.</p>


                    </div>","https://scoaladrpciv.ro/intrebari/categoria-c/oprirea-stationarea-si-parcarea"
"1790532903-195","https://scoaladrpciv.ro/intrebari/categoria-c","Care este deosebirea dintre oprire și staționare?","B - deosebirea constă în durata de imobilizare a vehiculului;","","","A - niciuna;","C - deosebirea constă în modul de așezare și asigurare a vehiculului pe drum.","https://scoaladrpciv.ro/intrebare/care-este-deosebirea-dintre-oprire-si-stationare-a312","","<div class="""">
                        <h4>Articolul 63</h4><p><span style=""background-color:hsl(60, 75%, 60%);"">(1)&nbsp;&nbsp;Se consideră oprire imobilizarea voluntară a unui vehicul pe drumul public, pe o durată de cel mult 5 minute. Peste aceasta durată, imobilizarea se consideră staționare.</span></p><p>(2)&nbsp; Nu se consideră oprire:</p><ul><li>a)&nbsp;&nbsp;&nbsp;imobilizarea vehiculului atât timp cât este necesară pentru îmbarcarea sau debarcarea unor persoane, dacă prin aceasta manevra nu a fost perturbată circulația pe drumul public respectiv;</li><li>b)&nbsp; imobilizarea autovehiculului având o masă totală maximă autorizată de până la 3,5 tone, atât timp cât este necesar pentru operațiunea de distribuire a mărfurilor alimentare la unitățile comerciale.</li></ul><p>(3)&nbsp;&nbsp; Pentru autovehiculele care transportă mărfuri, altele decât cele prevăzute la alin. (2) lit. b), administratorul drumului public împreună cu autoritățile administrației publice locale, cu avizul poliției rutiere, vor stabili programe sau intervale orare pe timpul nopții, în care oprirea sau staționarea este permisă pentru distribuirea mărfurilor.</p><p>(4)&nbsp;&nbsp; Se consideră parcare staționarea vehiculelor în spații special amenajate sau stabilite și semnalizate corespunzător.</p><p>(5)&nbsp;&nbsp;&nbsp;Vehiculul oprit sau staționat pe partea carosabilă trebuie așezat lângă și în paralel cu marginea acesteia, pe un singur rând, dacă printr-un alt mijloc de semnalizare nu se dispune altfel. Motocicletele fără ataș, mopedele și bicicletele pot fi oprite sau staționate și câte două, una lângă alta.</p>


                    </div>","https://scoaladrpciv.ro/intrebari/categoria-c/oprirea-stationarea-si-parcarea"
"1790532906-196","https://scoaladrpciv.ro/intrebari/categoria-c","Parcarea este permisă:","A - numai în locurile special destinate, semnalizate prin indicatoare sau marcaje;","","","B - pe orice drum public, unde staționarea nu este interzisă, cu condiția să nu se stânjenească circulația celorlalte vehicule;","C - numai pe străzile cu o lățime de cel puțin 6 m.","https://scoaladrpciv.ro/intrebare/parcarea-este-permisa-681f","","<div class="""">
                        <h4>Articolul 63</h4><p>(1)&nbsp;&nbsp;Se consideră oprire imobilizarea voluntară a unui vehicul pe drumul public, pe o durată de cel mult 5 minute. Peste aceasta durată, imobilizarea se consideră staționare.</p><p>(2)&nbsp; Nu se consideră oprire:</p><ul><li>a)&nbsp;&nbsp;&nbsp;imobilizarea vehiculului atât timp cât este necesară pentru îmbarcarea sau debarcarea unor persoane, dacă prin aceasta manevra nu a fost perturbată circulația pe drumul public respectiv;</li><li>b)&nbsp; imobilizarea autovehiculului având o masă totală maximă autorizată de până la 3,5 tone, atât timp cât este necesar pentru operațiunea de distribuire a mărfurilor alimentare la unitățile comerciale.</li></ul><p>(3)&nbsp;&nbsp; Pentru autovehiculele care transportă mărfuri, altele decât cele prevăzute la alin. (2) lit. b), administratorul drumului public împreună cu autoritățile administrației publice locale, cu avizul poliției rutiere, vor stabili programe sau intervale orare pe timpul nopții, în care oprirea sau staționarea este permisă pentru distribuirea mărfurilor.</p><p><span style=""background-color:hsl(60, 75%, 60%);"">(4)&nbsp;&nbsp; Se consideră parcare staționarea vehiculelor în spații special amenajate sau stabilite și semnalizate corespunzător.</span></p><p>(5)&nbsp;&nbsp;&nbsp;Vehiculul oprit sau staționat pe partea carosabilă trebuie așezat lângă și în paralel cu marginea acesteia, pe un singur rând, dacă printr-un alt mijloc de semnalizare nu se dispune altfel. Motocicletele fără ataș, mopedele și bicicletele pot fi oprite sau staționate și câte două, una lângă alta.</p>


                    </div>","https://scoaladrpciv.ro/intrebari/categoria-c/oprirea-stationarea-si-parcarea"
"1790532908-197","https://scoaladrpciv.ro/intrebari/categoria-c","Oprirea voluntară a autocamioanelor este interzisă:","A - pe platforma căii ferate sau de tramvai, dacă prin aceasta este stânjenită circulaţia vehiculelor pe şine;","","","B - la mai puţin de 50 m de trecerile pentru pietoni;","C - la o distanţă mai mică de 150 m de trecerea la nivel cu calea ferată.","https://scoaladrpciv.ro/intrebare/oprirea-voluntara-a-autocamioanelor-este-interzisa-5120","","<div class="""">
                        <h4>Articolul 142</h4><p>Se interzice oprirea voluntarã a vehiculelor:</p><p>a)&nbsp; în zona de acțiune a indicatorului ""Oprirea interzisã"";</p><p>&nbsp;b)&nbsp;&nbsp; pe trecerile la nivel cu calea feratã curentã și la o distanțã mai mica de 50 m înainte și dupã acestea;</p><p>&nbsp;c)&nbsp; pe poduri, pe și sub pasaje denivelate, precum și pe viaducte;</p><p>d)&nbsp;&nbsp; în curbe și în alte locuri cu vizibilitate redusã sub 50 m;</p><p>e)&nbsp;&nbsp; pe trecerile pentru pietoni ori la mai puțin de 25 m înainte și dupã acestea;;</p><p>&nbsp;f)&nbsp;&nbsp; în intersecții, inclusiv cele cu circulație în sens giratoriu, precum și în zona de preselecție unde sunt aplicate marcaje continue, iar în lipsa acestora, la o distanțã mai mica de 25 m de coltul intersecției;</p><p>g)&nbsp;&nbsp; în stațiile mijloacelor de transport public de persoane, precum și la mai puțin de 25 m înainte și dupã acestea;</p><p>h)&nbsp;&nbsp; în dreptul altui vehicul oprit pe partea carosabilã, dacã prin aceasta se stânjenește circulația a douã vehicule venind din sensuri opuse, precum și în dreptul marcajului continuu, în cazul în care conducãtorii celorlalte vehicule care circulã în același sens ar fi obligați, din aceastã cauzã, sã treacã peste acest marcaj;</p><p>i)&nbsp;&nbsp; în locul în care se împiedicã vizibilitatea asupra unui indicator sau semnal luminos;</p><p>j)&nbsp;&nbsp; pe sectoarele de drum unde sunt instalate indicatoarele cu semnificațiile ""Drum îngustat"", ""Prioritate pentru circulația din sens invers"" sau ""Prioritate fațã de circulația din sens invers"";</p><p>k)&nbsp;&nbsp; pe pistele obligatorii pentru pietoni sau pentru pietoni și biciclete ori pe benzile rezervate unor anumite categorii de vehicule, semnalizate ca atare;</p><p><span style=""background-color:hsl(60, 75%, 60%);"">l)&nbsp;&nbsp; pe platforma caii ferate industriale sau de tramvai ori la mai puțin de 50 m de acestea, dacã circulația vehiculelor pe sine ar putea fi stânjenitã sau împiedicatã;</span></p><p>m)&nbsp;&nbsp; pe partea carosabilã a autostrãzilor, a drumurilor expres și a celor naționale europene (E);</p><p>n)&nbsp;&nbsp; pe trotuar, cu excepția situației în care administratorul drumului public a executat amenajãri care respectã prevederile art. 144 alin.(2) și (3);</p><p>o)&nbsp;&nbsp; pe pistele pentru biciclete;</p><p>p)&nbsp;&nbsp; în locurile unde este interzisã depãșirea.</p>


                    </div>","https://scoaladrpciv.ro/intrebari/categoria-c/oprirea-stationarea-si-parcarea"
"1790532910-198","https://scoaladrpciv.ro/intrebari/categoria-c","Vă este permis să parcaţi autocamionul pe drumurile publice:","A - în locurile special amenajate şi semnalizate prin indicatoare şi marcaje rutiere;","","","B - acolo unde nu există parcări amenajate;","C - acolo unde circulaţia în ambele sensuri se desfăşoară fără dificultate.","https://scoaladrpciv.ro/intrebare/va-este-permis-sa-parcati-autocamionul-pe-drumurile-publice-8482","","<div class="""">
                        <h4>Articolul 63</h4><p>(1)&nbsp;&nbsp;Se consideră oprire imobilizarea voluntară a unui vehicul pe drumul public, pe o durată de cel mult 5 minute. Peste aceasta durată, imobilizarea se consideră staționare.</p><p>(2)&nbsp; Nu se consideră oprire:</p><ul><li>a)&nbsp;&nbsp;&nbsp;imobilizarea vehiculului atât timp cât este necesară pentru îmbarcarea sau debarcarea unor persoane, dacă prin aceasta manevra nu a fost perturbată circulația pe drumul public respectiv;</li><li>b)&nbsp; imobilizarea autovehiculului având o masă totală maximă autorizată de până la 3,5 tone, atât timp cât este necesar pentru operațiunea de distribuire a mărfurilor alimentare la unitățile comerciale.</li></ul><p>(3)&nbsp;&nbsp; Pentru autovehiculele care transportă mărfuri, altele decât cele prevăzute la alin. (2) lit. b), administratorul drumului public împreună cu autoritățile administrației publice locale, cu avizul poliției rutiere, vor stabili programe sau intervale orare pe timpul nopții, în care oprirea sau staționarea este permisă pentru distribuirea mărfurilor.</p><p><span style=""background-color:hsl(60, 75%, 60%);"">(4)&nbsp;&nbsp; Se consideră parcare staționarea vehiculelor în spații special amenajate sau stabilite și semnalizate corespunzător.</span></p><p>(5)&nbsp;&nbsp;&nbsp;Vehiculul oprit sau staționat pe partea carosabilă trebuie așezat lângă și în paralel cu marginea acesteia, pe un singur rând, dacă printr-un alt mijloc de semnalizare nu se dispune altfel. Motocicletele fără ataș, mopedele și bicicletele pot fi oprite sau staționate și câte două, una lângă alta.</p>


                    </div>","https://scoaladrpciv.ro/intrebari/categoria-c/oprirea-stationarea-si-parcarea"
"1790532912-199","https://scoaladrpciv.ro/intrebari/categoria-c","Este permisă staţionarea în dreptul căilor de acces care deservesc proprietăţile alăturate drumurilor publice?","C - nu, deoarece staţionarea în astfel de locuri este interzisă.","","","A - legal, nu este prevăzut;","B - da, dar numai a autocamioanelor având o masă totală maximă autorizată de până la 7,5 t;","https://scoaladrpciv.ro/intrebare/este-permisa-stationarea-in-dreptul-cailor-de-acces-care-deservesc-proprietatile-alaturate-drumurilor-publice-1c07","","<div class="""">
                        <h4>Articolul 143</h4><p>Se interzice staționarea voluntarã a vehiculelor:</p><p>a)&nbsp; în toate cazurile în care este interzisã oprirea voluntarã;</p><p>b)&nbsp;&nbsp; în zona de acțiune a indicatorului cu semnificația ""Staționarea interzisã"" și a marcajului cu semnificația de interzicere a staționãrii;</p><p>c)&nbsp; pe drumurile publice cu o lãțime mai mica de 6 m;</p><p><span style=""background-color:hsl(60, 75%, 60%);"">d)&nbsp;&nbsp; în dreptul cailor de acces care deservesc proprietãțile alãturate drumurilor publice;</span></p><p>e)&nbsp; în pante și în rampe;</p><p>f)&nbsp;&nbsp; în locul unde este instalat indicatorul cu semnificația ""Staționare alternantã"", în altã zi sau perioadã decât cea permisã, ori indicatorul cu semnificația ""Zona de staționare cu durata limitatã"" peste durata stabilitã.</p>


                    </div>","https://scoaladrpciv.ro/intrebari/categoria-c/oprirea-stationarea-si-parcarea"
"1790532915-200","https://scoaladrpciv.ro/intrebari/categoria-c","În care dintre situaţiile de mai jos este interzisă oprirea autocamioanelor pe drumurile publice?","B - la o distanţă mai mică de 25 m înainte şi după indicatorul staţiei pentru mijloacele de transport public de persoane;","","","A - pe partea carosabilă a drumurilor naţionale;","C - la mai puţin de 50 m de cel mai apropiat colţ al intersecţiei.","https://scoaladrpciv.ro/intrebare/in-care-dintre-situatiile-de-mai-jos-este-interzisa-oprirea-autocamioanelor-pe-drumurile-publice-4dc0","","<div class="""">
                        <h4>Articolul 142</h4><p>Se interzice oprirea voluntarã a vehiculelor:</p><p>a)&nbsp; în zona de acțiune a indicatorului ""Oprirea interzisã"";</p><p>&nbsp;b)&nbsp;&nbsp; pe trecerile la nivel cu calea feratã curentã și la o distanțã mai mica de 50 m înainte și dupã acestea;</p><p>&nbsp;c)&nbsp; pe poduri, pe și sub pasaje denivelate, precum și pe viaducte;</p><p>d)&nbsp;&nbsp; în curbe și în alte locuri cu vizibilitate redusã sub 50 m;</p><p>e)&nbsp;&nbsp; pe trecerile pentru pietoni ori la mai puțin de 25 m înainte și dupã acestea;;</p><p>&nbsp;f)&nbsp;&nbsp; în intersecții, inclusiv cele cu circulație în sens giratoriu, precum și în zona de preselecție unde sunt aplicate marcaje continue, iar în lipsa acestora, la o distanțã mai mica de 25 m de coltul intersecției;</p><p><span style=""background-color:hsl(60, 75%, 60%);"">g)&nbsp;&nbsp; în stațiile mijloacelor de transport public de persoane, precum și la mai puțin de 25 m înainte și dupã acestea;</span></p><p>h)&nbsp;&nbsp; în dreptul altui vehicul oprit pe partea carosabilã, dacã prin aceasta se stânjenește circulația a douã vehicule venind din sensuri opuse, precum și în dreptul marcajului continuu, în cazul în care conducãtorii celorlalte vehicule care circulã în același sens ar fi obligați, din aceastã cauzã, sã treacã peste acest marcaj;</p><p>i)&nbsp;&nbsp; în locul în care se împiedicã vizibilitatea asupra unui indicator sau semnal luminos;</p><p>j)&nbsp;&nbsp; pe sectoarele de drum unde sunt instalate indicatoarele cu semnificațiile ""Drum îngustat"", ""Prioritate pentru circulația din sens invers"" sau ""Prioritate fațã de circulația din sens invers"";</p><p>k)&nbsp;&nbsp; pe pistele obligatorii pentru pietoni sau pentru pietoni și biciclete ori pe benzile rezervate unor anumite categorii de vehicule, semnalizate ca atare;</p><p>l)&nbsp;&nbsp; pe platforma caii ferate industriale sau de tramvai ori la mai puțin de 50 m de acestea, dacã circulația vehiculelor pe sine ar putea fi stânjenitã sau împiedicatã;</p><p>m)&nbsp;&nbsp; pe partea carosabilã a autostrãzilor, a drumurilor expres și a celor naționale europene (E);</p><p>n)&nbsp;&nbsp; pe trotuar, cu excepția situației în care administratorul drumului public a executat amenajãri care respectã prevederile art. 144 alin.(2) și (3);</p><p>o)&nbsp;&nbsp; pe pistele pentru biciclete;</p><p>p)&nbsp;&nbsp; în locurile unde este interzisã depãșirea.</p>


                    </div>","https://scoaladrpciv.ro/intrebari/categoria-c/oprirea-stationarea-si-parcarea"
"1790532917-201","https://scoaladrpciv.ro/intrebari/categoria-c","Când circulați pe un drum național european vă este interzisă:","C - staționarea voluntară pe partea carosabilă.","","","A - folosirea mijloacelor de avertizare sonoră;","B - remorcarea altui autovehicul;","https://scoaladrpciv.ro/intrebare/cand-circulati-pe-un-drum-national-european-va-este-interzisa-6ee4","","<div class="""">
                        <h4>Articolul 143</h4><p>Se interzice staționarea voluntarã a vehiculelor:</p><p><span style=""background-color:hsl(60, 75%, 60%);"">a)&nbsp; în toate cazurile în care este interzisã oprirea voluntarã;</span></p><p>b)&nbsp;&nbsp; în zona de acțiune a indicatorului cu semnificația ""Staționarea interzisã"" și a marcajului cu semnificația de interzicere a staționãrii;</p><p>c)&nbsp; pe drumurile publice cu o lãțime mai mica de 6 m;</p><p>d)&nbsp;&nbsp; în dreptul cailor de acces care deservesc proprietãțile alãturate drumurilor publice;</p><p>e)&nbsp; în pante și în rampe;</p><p>f)&nbsp;&nbsp; în locul unde este instalat indicatorul cu semnificația ""Staționare alternantã"", în altã zi sau perioadã decât cea permisã, ori indicatorul cu semnificația ""Zona de staționare cu durata limitatã"" peste durata stabilitã.</p><h4>Articolul 142</h4><p>Se interzice oprirea voluntarã a vehiculelor:</p><p>a)&nbsp; în zona de acțiune a indicatorului ""Oprirea interzisã"";</p><p>&nbsp;b)&nbsp;&nbsp; pe trecerile la nivel cu calea feratã curentã și la o distanțã mai mica de 50 m înainte și dupã acestea;</p><p>&nbsp;c)&nbsp; pe poduri, pe și sub pasaje denivelate, precum și pe viaducte;</p><p>d)&nbsp;&nbsp; în curbe și în alte locuri cu vizibilitate redusã sub 50 m;</p><p>e)&nbsp;&nbsp; pe trecerile pentru pietoni ori la mai puțin de 25 m înainte și dupã acestea;;</p><p>&nbsp;f)&nbsp;&nbsp; în intersecții, inclusiv cele cu circulație în sens giratoriu, precum și în zona de preselecție unde sunt aplicate marcaje continue, iar în lipsa acestora, la o distanțã mai mica de 25 m de coltul intersecției;</p><p>g)&nbsp;&nbsp; în stațiile mijloacelor de transport public de persoane, precum și la mai puțin de 25 m înainte și dupã acestea;</p><p>h)&nbsp;&nbsp; în dreptul altui vehicul oprit pe partea carosabilã, dacã prin aceasta se stânjenește circulația a douã vehicule venind din sensuri opuse, precum și în dreptul marcajului continuu, în cazul în care conducãtorii celorlalte vehicule care circulã în același sens ar fi obligați, din aceastã cauzã, sã treacã peste acest marcaj;</p><p>i)&nbsp;&nbsp; în locul în care se împiedicã vizibilitatea asupra unui indicator sau semnal luminos;</p><p>j)&nbsp;&nbsp; pe sectoarele de drum unde sunt instalate indicatoarele cu semnificațiile ""Drum îngustat"", ""Prioritate pentru circulația din sens invers"" sau ""Prioritate fațã de circulația din sens invers"";</p><p>k)&nbsp;&nbsp; pe pistele obligatorii pentru pietoni sau pentru pietoni și biciclete ori pe benzile rezervate unor anumite categorii de vehicule, semnalizate ca atare;</p><p>l)&nbsp;&nbsp; pe platforma caii ferate industriale sau de tramvai ori la mai puțin de 50 m de acestea, dacã circulația vehiculelor pe sine ar putea fi stânjenitã sau împiedicatã;</p><p><span style=""background-color:hsl(60, 75%, 60%);"">m)&nbsp;&nbsp; pe partea carosabilã a autostrãzilor, a drumurilor expres și a celor naționale europene (E);</span></p><p>n)&nbsp;&nbsp; pe trotuar, cu excepția situației în care administratorul drumului public a executat amenajãri care respectã prevederile art. 144 alin.(2) și (3);</p><p>o)&nbsp;&nbsp; pe pistele pentru biciclete;</p><p>p)&nbsp;&nbsp; în locurile unde este interzisã depãșirea.</p>


                    </div>","https://scoaladrpciv.ro/intrebari/categoria-c/oprirea-stationarea-si-parcarea"
"1790532919-202","https://scoaladrpciv.ro/intrebari/categoria-c","Oprirea este interzisa:","A - la o distanta mai mica de 25 m de coltul intersectiei","","","B - pe drumul cu sens unic","C - la o distanta de 5 m in spatele ultimului vagon de tramvai oprit in statia fara refugiu pentru pietoni.","https://scoaladrpciv.ro/intrebare/oprirea-este-interzisa-e44d","","<div class="""">
                        <h4>Articolul 142</h4><p>Se interzice oprirea voluntarã a vehiculelor:</p><p>a)&nbsp; în zona de acțiune a indicatorului ""Oprirea interzisã"";</p><p>&nbsp;b)&nbsp;&nbsp; pe trecerile la nivel cu calea feratã curentã și la o distanțã mai mica de 50 m înainte și dupã acestea;</p><p>&nbsp;c)&nbsp; pe poduri, pe și sub pasaje denivelate, precum și pe viaducte;</p><p>d)&nbsp;&nbsp; în curbe și în alte locuri cu vizibilitate redusã sub 50 m;</p><p>e)&nbsp;&nbsp; pe trecerile pentru pietoni ori la mai puțin de 25 m înainte și dupã acestea;;</p><p><span style=""background-color:hsl(60, 75%, 60%);"">&nbsp;f)&nbsp;&nbsp; în intersecții, inclusiv cele cu circulație în sens giratoriu, precum și în zona de preselecție unde sunt aplicate marcaje continue, iar în lipsa acestora, la o distanțã mai mica de 25 m de coltul intersecției;</span></p><p>g)&nbsp;&nbsp; în stațiile mijloacelor de transport public de persoane, precum și la mai puțin de 25 m înainte și dupã acestea;</p><p>h)&nbsp;&nbsp; în dreptul altui vehicul oprit pe partea carosabilã, dacã prin aceasta se stânjenește circulația a douã vehicule venind din sensuri opuse, precum și în dreptul marcajului continuu, în cazul în care conducãtorii celorlalte vehicule care circulã în același sens ar fi obligați, din aceastã cauzã, sã treacã peste acest marcaj;</p><p>i)&nbsp;&nbsp; în locul în care se împiedicã vizibilitatea asupra unui indicator sau semnal luminos;</p><p>j)&nbsp;&nbsp; pe sectoarele de drum unde sunt instalate indicatoarele cu semnificațiile ""Drum îngustat"", ""Prioritate pentru circulația din sens invers"" sau ""Prioritate fațã de circulația din sens invers"";</p><p>k)&nbsp;&nbsp; pe pistele obligatorii pentru pietoni sau pentru pietoni și biciclete ori pe benzile rezervate unor anumite categorii de vehicule, semnalizate ca atare;</p><p>l)&nbsp;&nbsp; pe platforma caii ferate industriale sau de tramvai ori la mai puțin de 50 m de acestea, dacã circulația vehiculelor pe sine ar putea fi stânjenitã sau împiedicatã;</p><p>m)&nbsp;&nbsp; pe partea carosabilã a autostrãzilor, a drumurilor expres și a celor naționale europene (E);</p><p>n)&nbsp;&nbsp; pe trotuar, cu excepția situației în care administratorul drumului public a executat amenajãri care respectã prevederile art. 144 alin.(2) și (3);</p><p>o)&nbsp;&nbsp; pe pistele pentru biciclete;</p><p>p)&nbsp;&nbsp; în locurile unde este interzisã depãșirea.</p>


                    </div>","https://scoaladrpciv.ro/intrebari/categoria-c/oprirea-stationarea-si-parcarea"
"1790532922-203","https://scoaladrpciv.ro/intrebari/categoria-c","În care dintre situațiile prezentate mai jos nu este permisă oprirea voluntară a vehiculelor?","A - la o distanță mai mică de 50 m de trecerea la nivel cu calea ferată;","B - pe pistele obligatorii pentru pietoni;","C - pe platforma căii ferate sau de tramvai, dacă prin aceasta este stânjenită circulația vehiculelor pe șine.","","","https://scoaladrpciv.ro/intrebare/in-care-dintre-situatiile-prezentate-mai-jos-nu-este-permisa-oprirea-voluntara-a-vehiculelor-309b","","<div class="""">
                        <h4>Articolul 142</h4><p>Se interzice oprirea voluntarã a vehiculelor:</p><p>a)&nbsp; în zona de acțiune a indicatorului ""Oprirea interzisã"";</p><p><span style=""background-color:hsl(60, 75%, 60%);"">&nbsp;b)&nbsp;&nbsp; pe trecerile la nivel cu calea feratã curentã și la o distanțã mai mica de 50 m înainte și dupã acestea;</span></p><p>&nbsp;c)&nbsp; pe poduri, pe și sub pasaje denivelate, precum și pe viaducte;</p><p>d)&nbsp;&nbsp; în curbe și în alte locuri cu vizibilitate redusã sub 50 m;</p><p><span style=""background-color:hsl(60, 75%, 60%);"">e)&nbsp;&nbsp; pe trecerile pentru pietoni ori la mai puțin de 25 m înainte și dupã acestea;;</span></p><p>&nbsp;f)&nbsp;&nbsp; în intersecții, inclusiv cele cu circulație în sens giratoriu, precum și în zona de preselecție unde sunt aplicate marcaje continue, iar în lipsa acestora, la o distanțã mai mica de 25 m de coltul intersecției;</p><p>g)&nbsp;&nbsp; în stațiile mijloacelor de transport public de persoane, precum și la mai puțin de 25 m înainte și dupã acestea;</p><p>h)&nbsp;&nbsp; în dreptul altui vehicul oprit pe partea carosabilã, dacã prin aceasta se stânjenește circulația a douã vehicule venind din sensuri opuse, precum și în dreptul marcajului continuu, în cazul în care conducãtorii celorlalte vehicule care circulã în același sens ar fi obligați, din aceastã cauzã, sã treacã peste acest marcaj;</p><p>i)&nbsp;&nbsp; în locul în care se împiedicã vizibilitatea asupra unui indicator sau semnal luminos;</p><p>j)&nbsp;&nbsp; pe sectoarele de drum unde sunt instalate indicatoarele cu semnificațiile ""Drum îngustat"", ""Prioritate pentru circulația din sens invers"" sau ""Prioritate fațã de circulația din sens invers"";</p><p>k)&nbsp;&nbsp; pe pistele obligatorii pentru pietoni sau pentru pietoni și biciclete ori pe benzile rezervate unor anumite categorii de vehicule, semnalizate ca atare;</p><p><span style=""background-color:hsl(60, 75%, 60%);"">l)&nbsp;&nbsp; pe platforma caii ferate industriale sau de tramvai ori la mai puțin de 50 m de acestea, dacã circulația vehiculelor pe sine ar putea fi stânjenitã sau împiedicatã;</span></p><p>m)&nbsp;&nbsp; pe partea carosabilã a autostrãzilor, a drumurilor expres și a celor naționale europene (E);</p><p>n)&nbsp;&nbsp; pe trotuar, cu excepția situației în care administratorul drumului public a executat amenajãri care respectã prevederile art. 144 alin.(2) și (3);</p><p>o)&nbsp;&nbsp; pe pistele pentru biciclete;</p><p>p)&nbsp;&nbsp; în locurile unde este interzisã depãșirea.</p>


                    </div>","https://scoaladrpciv.ro/intrebari/categoria-c/oprirea-stationarea-si-parcarea"
"1790532924-204","https://scoaladrpciv.ro/intrebari/categoria-c","În ce situaţie vă este permis să opriţi autocamionul sau să staţionaţi pe partea stângã a sensului de mers?","A - pe drumurile cu sens unic, dacă rămâne liberă cel puţin o bandă de circulaţie;","","","B - pe drumurile secundare;","C - pe drumurile cu cel puţin două benzi pe sens.","https://scoaladrpciv.ro/intrebare/in-ce-situatie-va-este-permis-sa-opriti-autocamionul-sau-sa-stationati-pe-partea-stanga-a-sensului-de-mers-e954","","<div class="""">
                        <h4>Articolul 141</h4><p>(1)&nbsp;&nbsp; Conducãtorii autovehiculelor, tractoarelor agricole sau forestiere imobilizate pe drumurile publice, care se îndepãrteazã de acestea, sunt obligați sã acționeze frânã de ajutor, sã opreascã funcționarea motorului și sã cupleze într-o treaptã de vitezã inferioarã sau în cea de parcare dacã autovehiculul, tractorul agricol sau forestier are transmisie automatã.</p><p>(2)&nbsp;&nbsp; În cazul imobilizãrii involuntare a autovehiculului, tractorului agricol sau forestier în panta sau în rampa, pe lângã obligațiile prevãzute la alin. (1) conducãtorul trebuie sã bracheze rotile directoare.</p><p>(3)&nbsp;&nbsp; În cazul imobilizãrii involuntare a autovehiculului, tractorului agricol sau forestier în pasaje subterane sau în tuneluri, conducãtorul acestuia este obligat sã opreascã funcționarea motorului.</p><p><span style=""background-color:hsl(60, 75%, 60%);"">(4)&nbsp;&nbsp; În localitãți, pe drumurile cu sens unic, oprirea sau staționarea voluntarã a vehiculelor este permisã și pe partea stânga, dacã rãmâne liberã cel puțin o bandã de circulație.</span></p><p>(5)&nbsp;&nbsp; În afara localitãților oprirea sau staționarea voluntarã a vehiculelor se face în afara pãrții carosabile, iar atunci când nu este posibil, cât mai aproape de marginea din dreapta a drumului, paralel cu axa acestuia.</p><p>(6)&nbsp;&nbsp; Nu este permisã staționarea pe partea carosabilã, în timpul nopții, a tractoarelor agricole sau forestiere, a remorcilor, a mopedelor, a bicicletelor, a trotinetelor electrice, a vehiculelor cu tracțiune animalã ori a celor trase sau împinse cu mâna.</p><p>(7)&nbsp;&nbsp; Nu este permisã oprirea sau staționarea în tuneluri. În situații de urgențã sau de pericol conducãtorului de autovehicul îi este permisã oprirea sau staționarea numai în locurile special amenajate și semnalizate corespunzãtor. În caz de imobilizare prelungitã a autovehiculului în tunel, conducãtorul de vehicul este obligat sã opreascã motorul.</p><p>(8)&nbsp;&nbsp; Se considerã staționare pe partea carosabilã situația în care oricare dintre roțile vehiculului sau remorcii se regãsește pe partea carosabilã.</p>


                    </div>","https://scoaladrpciv.ro/intrebari/categoria-c/oprirea-stationarea-si-parcarea"
"1790532926-205","https://scoaladrpciv.ro/intrebari/categoria-c","Este interzisă staționarea în dreptul marcajului longitudinal continuu, aplicat între sensurile de circulație?","B - da, atunci când conducătorii celorlalte vehicule ar fi obligați astfel să treacă peste marcajul respectiv;","","","A - nu;","C - legal, nu este prevăzut.","https://scoaladrpciv.ro/intrebare/este-interzisa-stationarea-in-dreptul-marcajului-longitudinal-continuu-aplicat-intre-sensurile-de-circulatie-5254","","<div class="""">
                        <h4>Articolul 142</h4><p style=""margin-left:0px;"">Se interzice oprirea voluntarã a vehiculelor:</p><p style=""margin-left:0px;"">a)&nbsp; în zona de acțiune a indicatorului ""Oprirea interzisã"";</p><p style=""margin-left:0px;"">&nbsp;b)&nbsp;&nbsp; pe trecerile la nivel cu calea feratã curentã și la o distanțã mai mica de 50 m înainte și dupã acestea;</p><p style=""margin-left:0px;"">&nbsp;c)&nbsp; pe poduri, pe și sub pasaje denivelate, precum și pe viaducte;</p><p style=""margin-left:0px;"">d)&nbsp;&nbsp; în curbe și în alte locuri cu vizibilitate redusã sub 50 m;</p><p style=""margin-left:0px;"">e)&nbsp;&nbsp; pe trecerile pentru pietoni ori la mai puțin de 25 m înainte și dupã acestea;;</p><p style=""margin-left:0px;"">&nbsp;f)&nbsp;&nbsp; în intersecții, inclusiv cele cu circulație în sens giratoriu, precum și în zona de preselecție unde sunt aplicate marcaje continue, iar în lipsa acestora, la o distanțã mai mica de 25 m de coltul intersecției;</p><p style=""margin-left:0px;"">g)&nbsp;&nbsp; în stațiile mijloacelor de transport public de persoane, precum și la mai puțin de 25 m înainte și dupã acestea;</p><p style=""margin-left:0px;""><span style=""background-color:rgb(230,230,77);"">h)&nbsp;&nbsp; în dreptul altui vehicul oprit pe partea carosabilã, dacã prin aceasta se stânjenește circulația a douã vehicule venind din sensuri opuse, precum și în dreptul marcajului continuu, în cazul în care conducãtorii celorlalte vehicule care circulã în același sens ar fi obligați, din aceastã cauzã, sã treacã peste acest marcaj;</span></p><p style=""margin-left:0px;"">i)&nbsp;&nbsp; în locul în care se împiedicã vizibilitatea asupra unui indicator sau semnal luminos;</p><p style=""margin-left:0px;"">j)&nbsp;&nbsp; pe sectoarele de drum unde sunt instalate indicatoarele cu semnificațiile ""Drum îngustat"", ""Prioritate pentru circulația din sens invers"" sau ""Prioritate fațã de circulația din sens invers"";</p><p style=""margin-left:0px;"">k)&nbsp;&nbsp; pe pistele obligatorii pentru pietoni sau pentru pietoni și biciclete ori pe benzile rezervate unor anumite categorii de vehicule, semnalizate ca atare;</p><p style=""margin-left:0px;"">l)&nbsp;&nbsp; pe platforma caii ferate industriale sau de tramvai ori la mai puțin de 50 m de acestea, dacã circulația vehiculelor pe sine ar putea fi stânjenitã sau împiedicatã;</p><p style=""margin-left:0px;"">m)&nbsp;&nbsp; pe partea carosabilã a autostrãzilor, a drumurilor expres și a celor naționale europene (E);</p><p style=""margin-left:0px;"">n)&nbsp;&nbsp; pe trotuar, cu excepția situației în care administratorul drumului public a executat amenajãri care respectã prevederile art. 144 alin.(2) și (3);</p><p style=""margin-left:0px;"">o)&nbsp;&nbsp; pe pistele pentru biciclete;</p><p style=""margin-left:0px;"">p)&nbsp;&nbsp; în locurile unde este interzisã depãșirea.</p>


                    </div>","https://scoaladrpciv.ro/intrebari/categoria-c/oprirea-stationarea-si-parcarea"
"1790532929-206","https://scoaladrpciv.ro/intrebari/categoria-c","În care dintre situațiile de mai jos este interzisă oprirea vehiculelor pe drumurile publice?","A - în intersecțiile cu sens giratoriu;","","","B - în zona de acțiune a indicatorului „Staționarea interzisă“;","C - pe arterele cu un singur sens de circulație.","https://scoaladrpciv.ro/intrebare/in-care-dintre-situatiile-de-mai-jos-este-interzisa-oprirea-vehiculelor-pe-drumurile-publice-bc4e","","<div class="""">
                        <h4>Articolul 142</h4><p>Se interzice oprirea voluntarã a vehiculelor:</p><p>a)&nbsp; în zona de acțiune a indicatorului ""Oprirea interzisã"";</p><p>&nbsp;b)&nbsp;&nbsp; pe trecerile la nivel cu calea feratã curentã și la o distanțã mai mica de 50 m înainte și dupã acestea;</p><p>&nbsp;c)&nbsp; pe poduri, pe și sub pasaje denivelate, precum și pe viaducte;</p><p>d)&nbsp;&nbsp; în curbe și în alte locuri cu vizibilitate redusã sub 50 m;</p><p>e)&nbsp;&nbsp; pe trecerile pentru pietoni ori la mai puțin de 25 m înainte și dupã acestea;;</p><p><span style=""background-color:hsl(60, 75%, 60%);"">&nbsp;f)&nbsp;&nbsp; în intersecții, inclusiv cele cu circulație în sens giratoriu, precum și în zona de preselecție unde sunt aplicate marcaje continue, iar în lipsa acestora, la o distanțã mai mica de 25 m de coltul intersecției;</span></p><p>g)&nbsp;&nbsp; în stațiile mijloacelor de transport public de persoane, precum și la mai puțin de 25 m înainte și dupã acestea;</p><p>h)&nbsp;&nbsp; în dreptul altui vehicul oprit pe partea carosabilã, dacã prin aceasta se stânjenește circulația a douã vehicule venind din sensuri opuse, precum și în dreptul marcajului continuu, în cazul în care conducãtorii celorlalte vehicule care circulã în același sens ar fi obligați, din aceastã cauzã, sã treacã peste acest marcaj;</p><p>i)&nbsp;&nbsp; în locul în care se împiedicã vizibilitatea asupra unui indicator sau semnal luminos;</p><p>j)&nbsp;&nbsp; pe sectoarele de drum unde sunt instalate indicatoarele cu semnificațiile ""Drum îngustat"", ""Prioritate pentru circulația din sens invers"" sau ""Prioritate fațã de circulația din sens invers"";</p><p>k)&nbsp;&nbsp; pe pistele obligatorii pentru pietoni sau pentru pietoni și biciclete ori pe benzile rezervate unor anumite categorii de vehicule, semnalizate ca atare;</p><p>l)&nbsp;&nbsp; pe platforma caii ferate industriale sau de tramvai ori la mai puțin de 50 m de acestea, dacã circulația vehiculelor pe sine ar putea fi stânjenitã sau împiedicatã;</p><p>m)&nbsp;&nbsp; pe partea carosabilã a autostrãzilor, a drumurilor expres și a celor naționale europene (E);</p><p>n)&nbsp;&nbsp; pe trotuar, cu excepția situației în care administratorul drumului public a executat amenajãri care respectã prevederile art. 144 alin.(2) și (3);</p><p>o)&nbsp;&nbsp; pe pistele pentru biciclete;</p><p>p)&nbsp;&nbsp; în locurile unde este interzisã depãșirea.</p>


                    </div>","https://scoaladrpciv.ro/intrebari/categoria-c/oprirea-stationarea-si-parcarea"
"1790532931-207","https://scoaladrpciv.ro/intrebari/categoria-c","Este permisă parcarea camionului / tractorului agricol sau forestier pe trotuar?","C - nu, deoarece manevra nu este regulamentară.","","","A - da, dacă trotuarul este suficient de larg și nu este stânjenită circulația pietonilor;","B - da, dacă vehiculul  are masa maximă mai mare de 7 tone;","https://scoaladrpciv.ro/intrebare/este-permisa-parcarea-camionului-tractorului-agricol-sau-forestier-pe-trotuar-53dc","","<div class="""">
                        <h4>Articolul 142</h4><p style=""margin-left:0px;"">Se interzice oprirea voluntarã a vehiculelor:</p><p style=""margin-left:0px;"">a)&nbsp; în zona de acțiune a indicatorului ""Oprirea interzisã"";</p><p style=""margin-left:0px;"">&nbsp;b)&nbsp;&nbsp; pe trecerile la nivel cu calea feratã curentã și la o distanțã mai mica de 50 m înainte și dupã acestea;</p><p style=""margin-left:0px;"">&nbsp;c)&nbsp; pe poduri, pe și sub pasaje denivelate, precum și pe viaducte;</p><p style=""margin-left:0px;"">d)&nbsp;&nbsp; în curbe și în alte locuri cu vizibilitate redusã sub 50 m;</p><p style=""margin-left:0px;"">e)&nbsp;&nbsp; pe trecerile pentru pietoni ori la mai puțin de 25 m înainte și dupã acestea;;</p><p style=""margin-left:0px;"">&nbsp;f)&nbsp;&nbsp; în intersecții, inclusiv cele cu circulație în sens giratoriu, precum și în zona de preselecție unde sunt aplicate marcaje continue, iar în lipsa acestora, la o distanțã mai mica de 25 m de coltul intersecției;</p><p style=""margin-left:0px;"">g)&nbsp;&nbsp; în stațiile mijloacelor de transport public de persoane, precum și la mai puțin de 25 m înainte și dupã acestea;</p><p style=""margin-left:0px;"">h)&nbsp;&nbsp; în dreptul altui vehicul oprit pe partea carosabilã, dacã prin aceasta se stânjenește circulația a douã vehicule venind din sensuri opuse, precum și în dreptul marcajului continuu, în cazul în care conducãtorii celorlalte vehicule care circulã în același sens ar fi obligați, din aceastã cauzã, sã treacã peste acest marcaj;</p><p style=""margin-left:0px;"">i)&nbsp;&nbsp; în locul în care se împiedicã vizibilitatea asupra unui indicator sau semnal luminos;</p><p style=""margin-left:0px;"">j)&nbsp;&nbsp; pe sectoarele de drum unde sunt instalate indicatoarele cu semnificațiile ""Drum îngustat"", ""Prioritate pentru circulația din sens invers"" sau ""Prioritate fațã de circulația din sens invers"";</p><p style=""margin-left:0px;"">k)&nbsp;&nbsp; pe pistele obligatorii pentru pietoni sau pentru pietoni și biciclete ori pe benzile rezervate unor anumite categorii de vehicule, semnalizate ca atare;</p><p style=""margin-left:0px;"">l)&nbsp;&nbsp; pe platforma caii ferate industriale sau de tramvai ori la mai puțin de 50 m de acestea, dacã circulația vehiculelor pe sine ar putea fi stânjenitã sau împiedicatã;</p><p style=""margin-left:0px;"">m)&nbsp;&nbsp; pe partea carosabilã a autostrãzilor, a drumurilor expres și a celor naționale europene (E);</p><p style=""margin-left:0px;""><span style=""background-color:rgb(230,230,77);"">n)&nbsp;&nbsp; pe trotuar, cu excepția situației în care administratorul drumului public a executat amenajãri care respectã prevederile art. 144 alin.(2) și (3);</span></p><p style=""margin-left:0px;"">o)&nbsp;&nbsp; pe pistele pentru biciclete;</p><p style=""margin-left:0px;"">p)&nbsp;&nbsp; în locurile unde este interzisã depãșirea.</p>


                    </div>","https://scoaladrpciv.ro/intrebari/categoria-c/oprirea-stationarea-si-parcarea"
"1790532935-208","https://scoaladrpciv.ro/intrebari/categoria-c","Cum trebuie să procedeze conducătorul unui autocamion la trecerea la nivel cu calea ferată, atunci când barierele sunt ridicate?","C - să reducă viteza autocamionului şi să traverseze cu atenţie, asigurându-se că din partea stângă sau din partea dreaptă nu se apropie un vehicul feroviar.","","","A - să reducă viteza, fără a depăşi linia continuă pentru oprire;","B - să oprească autocamionul în locul unde vizibilitatea este maximă, fără a depăşi indicatorul de prioritate în cruce;","https://scoaladrpciv.ro/intrebare/cum-trebuie-sa-procedeze-conducatorul-unui-autocamion-la-trecerea-la-nivel-cu-calea-ferata-atunci-cand-barierele-sunt-ridicate-21b5","","<div class="""">
                        <h4>Articolul 137</h4><p><span style=""background-color:hsl(60, 75%, 60%);"">(1)&nbsp;&nbsp; Conducãtorul de vehicul poate traversa calea feratã curentã prevãzutã cu bariere sau semibariere, dacã acestea sunt ridicate și semnalele luminoase și sonore nu funcționeazã, iar semnalul cu luminã albã intermitentã cu cadențã lentã este în funcțiune.</span></p><p>(2)&nbsp;&nbsp; Când circulația la trecerea la nivel cu calea feratã curentã este dirijatã de agenți de cale feratã, conducãtorul de vehicul trebuie sã respecte semnalele acestora.</p>


                    </div>","https://scoaladrpciv.ro/intrebari/categoria-c/trecerea-la-nivel-cu-calea-ferata"
"1790532940-209","https://scoaladrpciv.ro/intrebari/categoria-c","Ce obligații aveți la semnalele agenților căilor ferate, plasați la trecerea la nivel cu o cale ferată?","B - să vă conformați semnificației semnalelor acestora;","","","A - nicio obligație, deoarece agenții căilor ferate dirijează garniturile de tren;","C - să reduceți viteza, să vă asigurați, iar, dacă trenul nu este în mișcare, puteți să continuați traversarea căii ferate cu atenție.","https://scoaladrpciv.ro/intrebare/ce-obligatii-aveti-la-semnalele-agentilor-cailor-ferate-plasati-la-trecerea-la-nivel-cu-o-cale-ferata-9f22","","<div class="""">
                        <h4>Articolul 140</h4><p>(1)&nbsp;&nbsp; La intersectarea unui drum public cu o cale feratã industrialã, accesul vehiculelor feroviare se face numai dupã semnalizarea corespunzãtoare și din timp de cãtre cel puțin un agent de cale feratã.</p><p>(2)&nbsp;&nbsp; În cazul prevãzut la alin. (1), conducãtorii de vehicule sunt obligați sã se conformeze semnificației semnalelor agenților de cale feratã.</p>


                    </div>","https://scoaladrpciv.ro/intrebari/categoria-c/trecerea-la-nivel-cu-calea-ferata"
"1790532943-210","https://scoaladrpciv.ro/intrebari/categoria-c","Dacă la trecerea la nivel cu calea ferată constatați că un vehicul este imobilizat pe calea ferată, cum veți proceda?","C - acordați sprijin pentru scoaterea vehiculului de pe calea ferată sau, dacă nu este posibil, semnalați prezența acestuia.","","","A - vă continuați drumul, deoarece degajarea căii ferate se va face de către personalul calificat;","B - opriți și anunțați telefonic poliția despre acest incident;","https://scoaladrpciv.ro/intrebare/daca-la-trecerea-la-nivel-cu-calea-ferata-constatati-ca-un-vehicul-este-imobilizat-pe-calea-ferata-cum-veti-proceda-871c","","<div class="""">
                        <h4>Articolul 139</h4><p>(1)&nbsp;&nbsp; În cazul imobilizãrii unui vehicul pe calea feratã, conducãtorul acestuia este obligat sã scoatã imediat pasagerii din vehicul și sã elibereze platforma caii ferate, iar când nu este posibil, sã semnalizeze prezența vehiculului cu orice mijloc adecvat.</p><p><span style=""background-color:hsl(60, 75%, 60%);"">(2)&nbsp;&nbsp; Participanții la trafic, care se gãsesc în apropierea locului unde un vehicul a rãmas imobilizat pe calea feratã, sunt obligați sã acorde sprijin pentru scoaterea acestuia sau, când nu este posibil, pentru semnalizarea prezentei lui.</span></p><p>(3)&nbsp;&nbsp; Conducãtorului de vehicul îi este interzis sã treacã sau sã ocoleascã porțile de gabarit instalate înaintea cãilor ferate electrificate, dacã înãlțimea sau încãrcãtura vehiculului atinge ori depãșește partea superioarã a porții.</p>


                    </div>","https://scoaladrpciv.ro/intrebari/categoria-c/trecerea-la-nivel-cu-calea-ferata"
"1790532945-211","https://scoaladrpciv.ro/intrebari/categoria-c","La apropierea de o cale ferată industrială:","A - conducătorii auto vor da dovadă de prudență sporită;","","","B - conducătorii auto nu au nicio obligație, dacă nu există un agent de cale ferată;","C - se va respecta semnificația semaforului electric.","https://scoaladrpciv.ro/intrebare/la-apropierea-de-o-cale-ferata-industriala-28cc","","<div class="""">
                        <h4>Articolul 140</h4><p>(1)&nbsp;&nbsp; La intersectarea unui drum public cu o cale feratã industrialã, accesul vehiculelor feroviare se face numai dupã semnalizarea corespunzãtoare și din timp de cãtre cel puțin un agent de cale feratã.</p><p>(2)&nbsp;&nbsp; În cazul prevãzut la alin. (1), conducãtorii de vehicule sunt obligați sã se conformeze semnificației semnalelor agenților de cale feratã.</p>


                    </div>","https://scoaladrpciv.ro/intrebari/categoria-c/trecerea-la-nivel-cu-calea-ferata"
"1790532947-212","https://scoaladrpciv.ro/intrebari/categoria-c","La traversarea unei treceri la nivel cu calea ferată fără bariere, conducătorii de autocamioane sunt obligaţi:","C - să oprească, fără a depăşi indicatorul de avertizare în cruce, şi să traverseze numai după ce s-au asigurat că nu există niciun pericol.","","","A - să reducă viteza şi să se asigure, apoi să traverseze cu atenţie;","B - să oprească sau, dacă nu se impune, să reducă doar viteza şi, după ce s-au asigurat, să traverseze calea ferată;","https://scoaladrpciv.ro/intrebare/la-traversarea-unei-treceri-la-nivel-cu-calea-ferata-fara-bariere-conducatorii-de-autocamioane-sunt-obligati-556a","","<div class="""">
                        <h4>Articolul 138</h4><p>(1) Conducãtorul de vehicul este obligat sã opreascã atunci când:</p><ul style=""list-style-type:circle;""><li>a)&nbsp;&nbsp; barierele sau semibarierele sunt coborâte, în curs de coborâre sau de ridicare;</li><li>b)&nbsp;&nbsp; semnalul cu lumini roșii și/sau semnalul sonor sunt în funcțiune;&nbsp;</li><li><span style=""background-color:hsl(60, 75%, 60%);"">c)&nbsp;&nbsp; întâlnește indicatorul ""Trecerea la nivel cu calea feratã simplã, fãrã bariere"", ""Trecerea la nivel cu calea feratã dublã, fãrã bariere"" sau ""Oprire"".</span></li></ul><p>(2)&nbsp;&nbsp; Vehiculele trebuie sã opreascã, în ordinea sosirii, în locul în care existã vizibilitate maxima asupra caii ferate fãrã a trece de indicatoarele prevãzute la alin. (1) lit. c) sau, dupã caz, înaintea marcajului pentru oprire ori înaintea barierelor sau semibarierelor, când acestea sunt închise, în curs de coborâre sau de ridicare.</p>


                    </div>","https://scoaladrpciv.ro/intrebari/categoria-c/trecerea-la-nivel-cu-calea-ferata"
"1790532952-213","https://scoaladrpciv.ro/intrebari/categoria-c","La schimbarea direcţiei de mers spre stânga, la semnalul verde al semaforului, conducătorul de autocamion este obligat să acorde prioritate:","B - vehiculelor care circulă din sens opus şi pietonilor care traversează regulamentar strada pe care acesta urmează să intre, aflaţi pe sensul său de mers;","","","A - numai vehiculelor care vin din sens opus;","C - numai pietonilor care sunt angajaţi în traversarea străzii.","https://scoaladrpciv.ro/intrebare/la-schimbarea-directiei-de-mers-spre-stanga-la-semnalul-verde-al-semaforului-conducatorul-de-autocamion-este-obligat-sa-acorde-prioritate-8163","","<div class="""">
                        <h4>Articolul 59</h4><p>(1)&nbsp;&nbsp;În intersecțiile cu circulație nedirijată, conducătorul de vehicul este obligat să acorde prioritate de trecere vehiculelor care circulă pe sine. Acestea pierd prioritatea de trecere când efectuează virajul spre stânga sau când semnalizarea rutieră din acea zonă stabilește o altă regulă de circulație.</p><p><span style=""background-color:hsl(60, 75%, 60%);"">(2)&nbsp; În intersecții, conducătorii vehiculelor care virează spre stânga sunt obligați să acorde prioritate de trecere vehiculelor cu care se intersectează și care circulă din partea dreapta.</span></p><p style=""margin-left:0cm;text-align:justify;"">(3)&nbsp;&nbsp; În intersecțiile cu circulație dirijată prin indicatoare de prioritate, regula priorității de dreapta se respecta numai în cazul în care două vehicule urmează să se întâlnească, fiecare intrând în intersecție de pe un drum semnalizat cu un indicator având aceeași semnificație de prioritate sau de pierdere a priorității.</p><p>(4)&nbsp;&nbsp;Când un semafor cu trei culori are o lumina verde intermitentă suplimentara, montată la același nivel cu lumina verde normală a semaforului, sub forma unei săgeți verzi pe fond negru, cu vârful spre dreapta, aprinderea acesteia semnifica permisiunea pentru vehicule de a-și continua drumul în direcția indicată de săgeata, indiferent de culoarea semaforului electric, cu condiția acordării priorității de trecere vehiculelor și pietonilor care au drept de circulație.</p><h4>&nbsp;</h4>


                    </div>","https://scoaladrpciv.ro/intrebari/categoria-c/prioritate-de-trecere"
"1790532954-214","https://scoaladrpciv.ro/intrebari/categoria-c","La intersecția nedirijată dintre un drum comunal și unul local, prioritatea de trecere se acordă:","A - vehiculelor care circulă pe drumul comunal;","","","B - vehiculelor care circulă pe drumul local;","C - vehiculelor care vin din dreapta.","https://scoaladrpciv.ro/intrebare/la-intersectia-nedirijata-dintre-un-drum-comunal-si-unul-local-prioritatea-de-trecere-se-acorda-97b9","","<div class="""">
                        <h4>Articolul 135</h4><p>Conducãtorul de vehicul este obligat sã acorde prioritate de trecere și în urmãtoarele situații:</p><p>a)&nbsp;&nbsp; la intersecția nedirijatã atunci când pãtrunde pe un drum național venind de pe un drum județean, comunal sau local;</p><p>b)&nbsp;&nbsp; la intersecția nedirijatã atunci când pãtrunde pe un drum județean venind de pe un drum comunal sau local;</p><p><span style=""background-color:hsl(60, 75%, 60%);"">c)&nbsp;&nbsp; la intersecția nedirijatã atunci când pãtrunde pe un drum comunal venind de pe un drum local;</span></p><p>d)&nbsp;&nbsp; când urmeazã sã pãtrundã într-o intersecție cu circulație în sens giratoriu fațã de cel care circulã în interiorul acesteia;</p><p>e)&nbsp;&nbsp; când circulã în panta fațã de cel care urca, dacã pe sensul de mers al celui care urca se aflã un obstacol imobil. În aceastã situație manevra nu este consideratã depãșire în sensul prevederilor art. 120 lit. j);</p><p>f)&nbsp;&nbsp; când se pune în mișcare sau la pãtrunderea pe drumul public venind de pe o proprietate alãturatã acestuia fațã de vehiculul care circulã pe drumul public, indiferent de direcția de deplasare;</p><p>g)&nbsp;&nbsp; când efectueazã un viraj spre stânga sau spre dreapta și se intersecteazã cu un conducãtor de bicicletã sau trotinetã electricã care circulã pe o pistã pentru biciclete, semnalizatã ca atare;</p><p>h)&nbsp;&nbsp; pietonului care traverseazã drumul public, prin loc special amenajat, marcat și semnalizat corespunzãtor ori la culoarea verde a semaforului destinat lui, atunci când acesta se aflã pe sensul de mers al vehiculului.</p>


                    </div>","https://scoaladrpciv.ro/intrebari/categoria-c/prioritate-de-trecere"
"1790532956-215","https://scoaladrpciv.ro/intrebari/categoria-c","Pe un drum cu prioritate, conducătorul de autocamion întâlneşte în intersecţie marcajul de trecere pentru pietoni. Este obligat să acorde prioritate?","A - da, pietonilor angajaţi în traversarea drumului pe trecerea semnalizată şi aflaţi pe sensul lui de mers;","","","B - nu, deoarece circulă pe un drum prioritar;","C - da, atât pietonilor, cât şi vehiculelor care se apropie din sens opus şi care schimbă direcţia de mers spre stânga.","https://scoaladrpciv.ro/intrebare/pe-un-drum-cu-prioritate-conducatorul-de-autocamion-intalneste-in-intersectie-marcajul-de-trecere-pentru-pietoni-este-obligat-sa-acorde-prioritate-1787","","<div class="""">
                        <h4>Articolul 135</h4><p>Conducãtorul de vehicul este obligat sã acorde prioritate de trecere și în urmãtoarele situații:</p><p>a)&nbsp;&nbsp; la intersecția nedirijatã atunci când pãtrunde pe un drum național venind de pe un drum județean, comunal sau local;</p><p>b)&nbsp;&nbsp; la intersecția nedirijatã atunci când pãtrunde pe un drum județean venind de pe un drum comunal sau local;</p><p>c)&nbsp;&nbsp; la intersecția nedirijatã atunci când pãtrunde pe un drum comunal venind de pe un drum local;</p><p>d)&nbsp;&nbsp; când urmeazã sã pãtrundã într-o intersecție cu circulație în sens giratoriu fațã de cel care circulã în interiorul acesteia;</p><p>e)&nbsp;&nbsp; când circulã în panta fațã de cel care urca, dacã pe sensul de mers al celui care urca se aflã un obstacol imobil. În aceastã situație manevra nu este consideratã depãșire în sensul prevederilor art. 120 lit. j);</p><p>f)&nbsp;&nbsp; când se pune în mișcare sau la pãtrunderea pe drumul public venind de pe o proprietate alãturatã acestuia fațã de vehiculul care circulã pe drumul public, indiferent de direcția de deplasare;</p><p>g)&nbsp;&nbsp; când efectueazã un viraj spre stânga sau spre dreapta și se intersecteazã cu un conducãtor de bicicletã sau trotinetã electricã care circulã pe o pistã pentru biciclete, semnalizatã ca atare;</p><p><span style=""background-color:hsl(60, 75%, 60%);"">h)&nbsp;&nbsp; pietonului care traverseazã drumul public, prin loc special amenajat, marcat și semnalizat corespunzãtor ori la culoarea verde a semaforului destinat lui, atunci când acesta se aflã pe sensul de mers al vehiculului.</span></p>


                    </div>","https://scoaladrpciv.ro/intrebari/categoria-c/prioritate-de-trecere"
"1790532959-216","https://scoaladrpciv.ro/intrebari/categoria-c","Bicicliștii și conducătorii de vehicule cu tracțiune animală sunt obligați să acorde întotdeauna prioritate?","C - nu, dacă semnalizarea rutieră nu prevede acest lucru.","","","A - da, deoarece viteza de deplasare este mică;","B - da, dacă circulă pe drumuri județene sau comunale;","https://scoaladrpciv.ro/intrebare/biciclistii-si-conducatorii-de-vehicule-cu-tractiune-animala-sunt-obligati-sa-acorde-intotdeauna-prioritate-0af5","","<div class="""">
                        <p>Art. 6<br>In sensul prezentei ordonante de urgenta, expresiile si termenii de mai jos au urmatorul inteles:<br><span style=""background-color: #f1c40f;"">1. acordare a prioritatii - obligatia oricarui participant la trafic de a nu-si continua deplasarea sau de a nu efectua orice alta manevra, daca prin acestea ii obliga pe ceilalti participanti la trafic care au prioritate de trecere sa-si modifice brusc directia sau viteza de deplasare ori sa opreasca;</span><br><br><span style=""background-color: #f1c40f;"">26. prioritate de trecere - dreptul unui participant la trafic de a trece inaintea celorlalti participanti la trafic cu care se intersecteaza, in conformitate cu prevederile legale privind circulatia pe drumurile publice;</span><br><br></p>
<p><strong>Biciclisti si conducatorii de vehicule cu tractiune animala nu trebuie intodeauna sa acorde prioritate (adica sa cedeze prioritate celorlalte autovehicule), ce acestia se supun si respecta aceleasi reguli de circulatie aplicabile pe sectorul de drum pe care circula exact ca si autovehiculele.</strong></p>


                    </div>","https://scoaladrpciv.ro/intrebari/categoria-c/prioritate-de-trecere"
"1790532961-217","https://scoaladrpciv.ro/intrebari/categoria-c","Care dintre vehiculele prezentate în imagine au prioritate de trecere?","A - autocamionul și autoturismul;","","","B - motocicleta și autoturismul;","C - motocicleta și autocamionul.","https://scoaladrpciv.ro/intrebare/care-dintre-vehiculele-prezentate-in-imagine-au-prioritate-de-trecere-c686","https://scoaladrpciv.ro/storage/questions/1916.jpeg","<div class="""">
                        <h4>Articolul 57</h4><p style=""margin-left:0cm;text-align:justify;"">(1)&nbsp;&nbsp; La intersecțiile cu circulație nedirijată, conducătorul de vehicul este obligat să cedeze trecerea vehiculelor care vin din partea dreapta, în condițiile stabilite prin regulament.</p><p style=""margin-left:0cm;text-align:justify;"">(2)&nbsp;&nbsp; La intersecțiile cu circulație dirijată, conducătorul de vehicul este obligat să respecte semnificația indicatoarelor, culoarea semaforului sau indicațiile ori semnalele polițistului rutier.</p><p style=""margin-left:0cm;text-align:justify;"">(3)&nbsp;&nbsp; Pătrunderea unui vehicul într-o intersecție este interzisă dacă prin aceasta se produce blocarea intersecției.</p><p><span style=""background-color:hsl(60, 75%, 60%);"">(4)&nbsp;&nbsp; În intersecțiile cu sens giratoriu, semnalizate ca atare, vehiculele care circulă în interiorul acestora au prioritate față de cele care urmează să pătrundă în intersecție.</span></p>


                    </div>","https://scoaladrpciv.ro/intrebari/categoria-c/prioritate-de-trecere"
"1790532963-218","https://scoaladrpciv.ro/intrebari/categoria-c","Dacă într-o intersecţie tramvaiul execută virajul la stânga şi se intersectează cu direcţia pe care circulaţi din sens opus, cine nu are prioritate?","A - tramvaiul;","","","B - dumneavoastră, deoarece circulaţi cu viteză redusă;","C - dumneavoastră, deoarece vă intersectaţi cu tramvaiul aflat în mers.","https://scoaladrpciv.ro/intrebare/daca-intr-o-intersectie-tramvaiul-executa-virajul-la-stanga-si-se-intersecteaza-cu-directia-pe-care-circulati-din-sens-opus-cine-nu-are-prioritate-e9b0","","<div class="""">
                        <h4>Articolul 59</h4><p><span style=""background-color:hsl(60,75%,60%);"">(1)&nbsp;&nbsp;În intersecțiile cu circulație nedirijată, conducătorul de vehicul este obligat să acorde prioritate de trecere vehiculelor care circulă pe sine. Acestea pierd prioritatea de trecere când efectuează virajul spre stânga sau când semnalizarea rutieră din acea zonă stabilește o altă regulă de circulație.</span></p><p>(2)&nbsp; În intersecții, conducătorii vehiculelor care virează spre stânga sunt obligați să acorde prioritate de trecere vehiculelor cu care se intersectează și care circulă din partea dreapta.</p><p style=""margin-left:0cm;text-align:justify;"">(3)&nbsp;&nbsp; În intersecțiile cu circulație dirijată prin indicatoare de prioritate, regula priorității de dreapta se respecta numai în cazul în care două vehicule urmează să se întâlnească, fiecare intrând în intersecție de pe un drum semnalizat cu un indicator având aceeași semnificație de prioritate sau de pierdere a priorității.</p><p>(4)&nbsp;&nbsp;Când un semafor cu trei culori are o lumina verde intermitentă suplimentara, montată la același nivel cu lumina verde normală a semaforului, sub forma unei săgeți verzi pe fond negru, cu vârful spre dreapta, aprinderea acesteia semnifica permisiunea pentru vehicule de a-și continua drumul în direcția indicată de săgeata, indiferent de culoarea semaforului electric, cu condiția acordării priorității de trecere vehiculelor și pietonilor care au drept de circulație.</p>


                    </div>","https://scoaladrpciv.ro/intrebari/categoria-c/prioritate-de-trecere"
"1790532965-219","https://scoaladrpciv.ro/intrebari/categoria-c","Dacă într-o intersecţie conducătorul de autocamion întâlneşte semnalul verde al semaforului, precum şi indicatorul „Cedează trecerea“, el este obligat:","A - să respecte semnificaţia semnalului verde;","","","B - să respecte semnificaţia indicatorului;","C - să respecte semnificaţia semnalului verde, acordând prioritate de trecere vehiculelor care circulă pe drumul prioritar.","https://scoaladrpciv.ro/intrebare/daca-intr-o-intersectie-conducatorul-de-autocamion-intalneste-semnalul-verde-al-semaforului-precum-si-indicatorul-cedeaza-trecerea-el-este-obligat-7b58","","<div class="""">
                        <h4>Articolul 31</h4><p>Participanții la trafic trebuie să respecte regulile de circulație, semnalele, indicațiile și dispozițiile polițistului rutier, precum și semnificația diferitelor tipuri de mijloace de semnalizare rutieră, în următoarea ordine de prioritate:</p><ul><li>a)&nbsp; semnalele, indicațiile și dispozițiile polițistului rutier;</li><li>b)&nbsp;&nbsp; semnalele speciale de avertizare, luminoase sau sonore ale autovehiculelor, prevăzute la art. 32 alin. (2) lit. a) și b);</li><li>c)&nbsp;&nbsp;semnalizarea temporară și/sau indicatoarele electronice, care modifică regimul normal de desfășurare a circulației;</li><li>d)&nbsp; semnalele luminoase sau sonore;</li><li>e)&nbsp; indicatoarele;</li><li>f)&nbsp; marcajele;</li><li>g)&nbsp; regulile de circulație.</li></ul>


                    </div>","https://scoaladrpciv.ro/intrebari/categoria-c/prioritate-de-trecere"
"1790532968-220","https://scoaladrpciv.ro/intrebari/categoria-c","Ce autovehicul din imagine trebuie să cedeze trecerea?","A - tractorul;","","","B - autocamionul, deoarece are viteza mai mare;","C - autocamionul, pentru că schimbă direcția de mers.","https://scoaladrpciv.ro/intrebare/ce-autovehicul-din-imagine-trebuie-sa-cedeze-trecerea-6ccf","https://scoaladrpciv.ro/storage/questions/1875.jpeg","<div class="""">
                        <h4>Articolul 57</h4><p style=""margin-left:0cm;text-align:justify;"">(1)&nbsp;&nbsp; La intersecțiile cu circulație nedirijată, conducătorul de vehicul este obligat să cedeze trecerea vehiculelor care vin din partea dreapta, în condițiile stabilite prin regulament.</p><p style=""margin-left:0cm;text-align:justify;""><span style=""background-color:hsl(60, 75%, 60%);"">(2)&nbsp;&nbsp; La intersecțiile cu circulație dirijată, conducătorul de vehicul este obligat să respecte semnificația indicatoarelor, culoarea semaforului sau indicațiile ori semnalele polițistului rutier.</span></p><p style=""margin-left:0cm;text-align:justify;"">(3)&nbsp;&nbsp; Pătrunderea unui vehicul într-o intersecție este interzisă dacă prin aceasta se produce blocarea intersecției.</p><p>(4)&nbsp;&nbsp; În intersecțiile cu sens giratoriu, semnalizate ca atare, vehiculele care circulă în interiorul acestora au prioritate față de cele care urmează să pătrundă în intersecție.</p><h4>Articolul 59</h4><p>(1)&nbsp;&nbsp;În intersecțiile cu circulație nedirijată, conducătorul de vehicul este obligat să acorde prioritate de trecere vehiculelor care circulă pe sine. Acestea pierd prioritatea de trecere când efectuează virajul spre stânga sau când semnalizarea rutieră din acea zonă stabilește o altă regulă de circulație.</p><p>(2)&nbsp; În intersecții, conducătorii vehiculelor care virează spre stânga sunt obligați să acorde prioritate de trecere vehiculelor cu care se intersectează și care circulă din partea dreapta.</p><p style=""margin-left:0cm;text-align:justify;""><span style=""background-color:hsl(60, 75%, 60%);"">(3)&nbsp;&nbsp; În intersecțiile cu circulație dirijată prin indicatoare de prioritate, regula priorității de dreapta se respecta numai în cazul în care două vehicule urmează să se întâlnească, fiecare intrând în intersecție de pe un drum semnalizat cu un indicator având aceeași semnificație de prioritate sau de pierdere a priorității.</span></p><p>(4)&nbsp;&nbsp;Când un semafor cu trei culori are o lumina verde intermitentă suplimentara, montată la același nivel cu lumina verde normală a semaforului, sub forma unei săgeți verzi pe fond negru, cu vârful spre dreapta, aprinderea acesteia semnifica permisiunea pentru vehicule de a-și continua drumul în direcția indicată de săgeata, indiferent de culoarea semaforului electric, cu condiția acordării priorității de trecere vehiculelor și pietonilor care au drept de circulație.</p>


                    </div>","https://scoaladrpciv.ro/intrebari/categoria-c/prioritate-de-trecere"
"1790532970-221","https://scoaladrpciv.ro/intrebari/categoria-c","Dacă viraţi la dreapta şi vă intersectaţi cu un biciclist care circulă pe o pistă pentru biciclete, cine trebuie să acorde prioritate de trecere?","C - conducătorul autocamionului.","","","A - biciclistul, pentru că autocamionul are un gabarit mult prea mare;","B - biciclistul, pentru că circulă pe un segment de drum secundar;","https://scoaladrpciv.ro/intrebare/daca-virati-la-dreapta-si-va-intersectati-cu-un-biciclist-care-circula-pe-o-pista-pentru-biciclete-cine-trebuie-sa-acorde-prioritate-de-trecere-4a67","","<div class="""">
                        <h4>Articolul 135</h4><p>Conducãtorul de vehicul este obligat sã acorde prioritate de trecere și în urmãtoarele situații:</p><p>a)&nbsp;&nbsp; la intersecția nedirijatã atunci când pãtrunde pe un drum național venind de pe un drum județean, comunal sau local;</p><p>b)&nbsp;&nbsp; la intersecția nedirijatã atunci când pãtrunde pe un drum județean venind de pe un drum comunal sau local;</p><p>c)&nbsp;&nbsp; la intersecția nedirijatã atunci când pãtrunde pe un drum comunal venind de pe un drum local;</p><p>d)&nbsp;&nbsp; când urmeazã sã pãtrundã într-o intersecție cu circulație în sens giratoriu fațã de cel care circulã în interiorul acesteia;</p><p>e)&nbsp;&nbsp; când circulã în panta fațã de cel care urca, dacã pe sensul de mers al celui care urca se aflã un obstacol imobil. În aceastã situație manevra nu este consideratã depãșire în sensul prevederilor art. 120 lit. j);</p><p>f)&nbsp;&nbsp; când se pune în mișcare sau la pãtrunderea pe drumul public venind de pe o proprietate alãturatã acestuia fațã de vehiculul care circulã pe drumul public, indiferent de direcția de deplasare;</p><p><span style=""background-color:hsl(60, 75%, 60%);"">g)&nbsp;&nbsp; când efectueazã un viraj spre stânga sau spre dreapta și se intersecteazã cu un conducãtor de bicicletã sau trotinetã electricã care circulã pe o pistã pentru biciclete, semnalizatã ca atare;</span></p><p>h)&nbsp;&nbsp; pietonului care traverseazã drumul public, prin loc special amenajat, marcat și semnalizat corespunzãtor ori la culoarea verde a semaforului destinat lui, atunci când acesta se aflã pe sensul de mers al vehiculului.</p>


                    </div>","https://scoaladrpciv.ro/intrebari/categoria-c/prioritate-de-trecere"
"1790532972-222","https://scoaladrpciv.ro/intrebari/categoria-c","Ce obligații vă revin dacă, într-o intersecție, virați la stânga pe semnalul verde al semaforului?","C - acordați prioritate de trecere atât vehiculelor care circulă din sens opus, cât și pietonilor aflați în traversare pe sensul dumneavoastră de mers pe culoarea verde.","","","A - nicio obligație;","B - acordați prioritate de trecere mijloacelor de transport public de persoane;","https://scoaladrpciv.ro/intrebare/ce-obligatii-va-revin-daca-intr-o-intersectie-virati-la-stanga-pe-semnalul-verde-al-semaforului-f2f6","","<div class="""">
                        <h4>Articolul 59</h4><p>(1)&nbsp;&nbsp;În intersecțiile cu circulație nedirijată, conducătorul de vehicul este obligat să acorde prioritate de trecere vehiculelor care circulă pe sine. Acestea pierd prioritatea de trecere când efectuează virajul spre stânga sau când semnalizarea rutieră din acea zonă stabilește o altă regulă de circulație.</p><p><span style=""background-color:hsl(60, 75%, 60%);"">(2)&nbsp; În intersecții, conducătorii vehiculelor care virează spre stânga sunt obligați să acorde prioritate de trecere vehiculelor cu care se intersectează și care circulă din partea dreapta.</span></p><p style=""margin-left:0cm;text-align:justify;"">(3)&nbsp;&nbsp; În intersecțiile cu circulație dirijată prin indicatoare de prioritate, regula priorității de dreapta se respecta numai în cazul în care două vehicule urmează să se întâlnească, fiecare intrând în intersecție de pe un drum semnalizat cu un indicator având aceeași semnificație de prioritate sau de pierdere a priorității.</p><p>(4)&nbsp;&nbsp;Când un semafor cu trei culori are o lumina verde intermitentă suplimentara, montată la același nivel cu lumina verde normală a semaforului, sub forma unei săgeți verzi pe fond negru, cu vârful spre dreapta, aprinderea acesteia semnifica permisiunea pentru vehicule de a-și continua drumul în direcția indicată de săgeata, indiferent de culoarea semaforului electric, cu condiția acordării priorității de trecere vehiculelor și pietonilor care au drept de circulație.</p><h4>Articolul 135</h4><p>Conducãtorul de vehicul este obligat sã acorde prioritate de trecere și în urmãtoarele situații:</p><p>a)&nbsp;&nbsp; la intersecția nedirijatã atunci când pãtrunde pe un drum național venind de pe un drum județean, comunal sau local;</p><p>b)&nbsp;&nbsp; la intersecția nedirijatã atunci când pãtrunde pe un drum județean venind de pe un drum comunal sau local;</p><p>c)&nbsp;&nbsp; la intersecția nedirijatã atunci când pãtrunde pe un drum comunal venind de pe un drum local;</p><p>d)&nbsp;&nbsp; când urmeazã sã pãtrundã într-o intersecție cu circulație în sens giratoriu fațã de cel care circulã în interiorul acesteia;</p><p>e)&nbsp;&nbsp; când circulã în panta fațã de cel care urca, dacã pe sensul de mers al celui care urca se aflã un obstacol imobil. În aceastã situație manevra nu este consideratã depãșire în sensul prevederilor art. 120 lit. j);</p><p>f)&nbsp;&nbsp; când se pune în mișcare sau la pãtrunderea pe drumul public venind de pe o proprietate alãturatã acestuia fațã de vehiculul care circulã pe drumul public, indiferent de direcția de deplasare;</p><p>g)&nbsp;&nbsp; când efectueazã un viraj spre stânga sau spre dreapta și se intersecteazã cu un conducãtor de bicicletã sau trotinetã electricã care circulã pe o pistã pentru biciclete, semnalizatã ca atare;</p><p><span style=""background-color:hsl(60, 75%, 60%);"">h)&nbsp;&nbsp; pietonului care traverseazã drumul public, prin loc special amenajat, marcat și semnalizat corespunzãtor ori la culoarea verde a semaforului destinat lui, atunci când acesta se aflã pe sensul de mers al vehiculului.</span></p>


                    </div>","https://scoaladrpciv.ro/intrebari/categoria-c/prioritate-de-trecere"
"1790532975-223","https://scoaladrpciv.ro/intrebari/categoria-c","Neacordarea priorității înseamnă:","C - obligarea celor care au prioritate de trecere de a-și modifica brusc direcția sau viteza de deplasare ori să oprească.","","","A - nerespectarea semnificației semnalizării rutiere de obligare sau de avertizare;","B - nerespectarea dispozițiilor legale privind asigurarea și semnalizarea în intersecții;","https://scoaladrpciv.ro/intrebare/neacordarea-prioritatii-inseamna-5316","","<div class="""">
                        <h4>Articolul 6</h4>
<p>În sensul prezentei ordonanțe de urgență, expresiile și termenii de mai jos au următorul înțeles:</p>
<p><span style=""background-color: hsl(60, 75%, 60%);"">1.&nbsp; acordare a priorității - obligația oricărui participant la trafic de a nu își continua deplasarea sau de a nu efectua orice altă manevră, dacă prin acestea îi obliga pe ceilalți participanți la trafic care au prioritate de trecere să își modifice brusc direcția sau viteza de deplasare ori să oprească;</span></p>
<p>[...]</p>
<p><span style=""background-color: hsl(60, 75%, 60%);"">26.&nbsp; prioritate de trecere - dreptul unui participant la trafic de a trece înaintea celorlalți participanți la trafic cu care se intersectează, în conformitate cu prevederile legale privind circulația pe drumurile publice;</span></p>
<p>[...]</p>


                    </div>","https://scoaladrpciv.ro/intrebari/categoria-c/prioritate-de-trecere"
"1790532977-224","https://scoaladrpciv.ro/intrebari/categoria-c","Ieşiţi cu autocamionul de pe un drum agricol şi intenţionaţi să viraţi la dreapta, ieşind în şosea. Din stânga se apropie un alt vehicul. Cine dă prioritate?","C - dvs.","","","A - nu este permisă intrarea pe şosea;","B - autovehiculul care circulă pe şosea, deoarece dvs. circulaţi din dreapta acestuia;","https://scoaladrpciv.ro/intrebare/iesiti-cu-autocamionul-de-pe-un-drum-agricol-si-intentionati-sa-virati-la-dreapta-iesind-in-sosea-din-stanga-se-apropie-un-alt-vehicul-cine-da-prioritate-2b4f","","<div class="""">
                        <h4>Articolul 58</h4><p>În cazul vehiculelor care pătrund într-o intersecție dintre un drum închis circulației publice și un drum public, au prioritate acele vehicule care circulă pe drumul public.</p><h4>Articolul 135</h4><p>Conducãtorul de vehicul este obligat sã acorde prioritate de trecere și în urmãtoarele situații:</p><p>a)&nbsp;&nbsp; la intersecția nedirijatã atunci când pãtrunde pe un drum național venind de pe un drum județean, comunal sau local;</p><p>b)&nbsp;&nbsp; la intersecția nedirijatã atunci când pãtrunde pe un drum județean venind de pe un drum comunal sau local;</p><p><span style=""background-color:hsl(60, 75%, 60%);"">c)&nbsp;&nbsp; la intersecția nedirijatã atunci când pãtrunde pe un drum comunal venind de pe un drum local;</span></p><p>d)&nbsp;&nbsp; când urmeazã sã pãtrundã într-o intersecție cu circulație în sens giratoriu fațã de cel care circulã în interiorul acesteia;</p><p>e)&nbsp;&nbsp; când circulã în panta fațã de cel care urca, dacã pe sensul de mers al celui care urca se aflã un obstacol imobil. În aceastã situație manevra nu este consideratã depãșire în sensul prevederilor art. 120 lit. j);</p><p>f)&nbsp;&nbsp; când se pune în mișcare sau la pãtrunderea pe drumul public venind de pe o proprietate alãturatã acestuia fațã de vehiculul care circulã pe drumul public, indiferent de direcția de deplasare;</p><p>g)&nbsp;&nbsp; când efectueazã un viraj spre stânga sau spre dreapta și se intersecteazã cu un conducãtor de bicicletã sau trotinetã electricã care circulã pe o pistã pentru biciclete, semnalizatã ca atare;</p><p>h)&nbsp;&nbsp; pietonului care traverseazã drumul public, prin loc special amenajat, marcat și semnalizat corespunzãtor ori la culoarea verde a semaforului destinat lui, atunci când acesta se aflã pe sensul de mers al vehiculului.</p>


                    </div>","https://scoaladrpciv.ro/intrebari/categoria-c/prioritate-de-trecere"
"1790532979-225","https://scoaladrpciv.ro/intrebari/categoria-c","Semnalele date dintr-un autovehicul al poliției, ce însoțește o coloană oficială, prin folosirea avertizoarelor sonore și luminoase, obligă la:","B - oprirea de îndată pe partea dreaptă a drumului, cât mai aproape de trotuar sau de acostament ori, dacă este posibil, în afara părții carosabile;","","","A - intrarea pe prima stradă în dreapta;","C - reducerea vitezei și deplasarea pe lângă bordură sau acostament.","https://scoaladrpciv.ro/intrebare/semnalele-date-dintr-un-autovehicul-al-politiei-ce-insoteste-o-coloana-oficiala-prin-folosirea-avertizoarelor-sonore-si-luminoase-obliga-la-7378","","<div class="""">
                        <h4>Articolul 37</h4><p><span style=""background-color:hsl(60, 75%, 60%);"">(1)&nbsp;&nbsp;Conducătorii de vehicule sunt obligați să oprească imediat, pe acostament sau, în lipsa acestuia, cât mai aproape de marginea drumului sau bordura trotuarului, în sensul de deplasare, la apropierea și la trecerea autovehiculelor cu regim de circulație prioritară care au în funcțiune mijloacele speciale de avertizare luminoasă de culoare roșie și sonore.</span></p><p>(2)&nbsp;Conducătorii de vehicule sunt obligați să reducă viteza, să circule cât mai aproape de marginea drumului în sensul de deplasare și să acorde prioritate la trecerea autovehiculelor cu regim de circulație prioritară care au în funcțiune mijloacele speciale de avertizare luminoasă de culoare albastră și sonore.</p><p>(3)&nbsp;&nbsp;În situațiile prevăzute la alin. (1) și (2), pietonilor le sunt interzise traversarea și circulația pe carosabil până la trecerea vehiculelor respective.</p>


                    </div>","https://scoaladrpciv.ro/intrebari/categoria-c/prioritate-de-trecere"
"1790532981-226","https://scoaladrpciv.ro/intrebari/categoria-c","Dacă circulaţi în pantă şi din sens opus un alt camion intenţionează să depăşească un obstacol, acordă prioritate de trecere:","B - dvs.;","","","A - vehiculul care urcă, deoarece execută o depăşire interzisă;","C - vehiculul care are posibilitatea să se retragă pe un refugiu.","https://scoaladrpciv.ro/intrebare/daca-circulati-in-panta-si-din-sens-opus-un-alt-camion-intentioneaza-sa-depaseasca-un-obstacol-acorda-prioritate-de-trecere-87ad","","<div class="""">
                        <h4>Articolul 135</h4><p>Conducãtorul de vehicul este obligat sã acorde prioritate de trecere și în urmãtoarele situații:</p><p>a)&nbsp;&nbsp; la intersecția nedirijatã atunci când pãtrunde pe un drum național venind de pe un drum județean, comunal sau local;</p><p>b)&nbsp;&nbsp; la intersecția nedirijatã atunci când pãtrunde pe un drum județean venind de pe un drum comunal sau local;</p><p>c)&nbsp;&nbsp; la intersecția nedirijatã atunci când pãtrunde pe un drum comunal venind de pe un drum local;</p><p>d)&nbsp;&nbsp; când urmeazã sã pãtrundã într-o intersecție cu circulație în sens giratoriu fațã de cel care circulã în interiorul acesteia;</p><p><span style=""background-color:hsl(60, 75%, 60%);"">e)&nbsp;&nbsp; când circulã în panta fațã de cel care urca, dacã pe sensul de mers al celui care urca se aflã un obstacol imobil. În aceastã situație manevra nu este consideratã depãșire în sensul prevederilor art. 120 lit. j);</span></p><p>f)&nbsp;&nbsp; când se pune în mișcare sau la pãtrunderea pe drumul public venind de pe o proprietate alãturatã acestuia fațã de vehiculul care circulã pe drumul public, indiferent de direcția de deplasare;</p><p>g)&nbsp;&nbsp; când efectueazã un viraj spre stânga sau spre dreapta și se intersecteazã cu un conducãtor de bicicletã sau trotinetã electricã care circulã pe o pistã pentru biciclete, semnalizatã ca atare;</p><p>h)&nbsp;&nbsp; pietonului care traverseazã drumul public, prin loc special amenajat, marcat și semnalizat corespunzãtor ori la culoarea verde a semaforului destinat lui, atunci când acesta se aflã pe sensul de mers al vehiculului.</p>


                    </div>","https://scoaladrpciv.ro/intrebari/categoria-c/prioritate-de-trecere"
"1790532989-227","https://scoaladrpciv.ro/intrebari/categoria-c","La ieșirea din zonele rezidențiale sau pietonale, sunteți obligat să acordați prioritate:","C - tuturor vehiculelor cu care vă intersectați.","","","A - nici unui vehicul;","B - pietonilor de pe sensul opus de circulație;","https://scoaladrpciv.ro/intrebare/la-iesirea-din-zonele-rezidentiale-sau-pietonale-sunteti-obligat-sa-acordati-prioritate-8cc6","","<div class="""">
                        <h4>Articolul 134</h4><p>La ieșirea din zonele rezidențiale sau pietonale, conducãtorii de vehicule sunt obligați sã acorde prioritate de trecere tuturor vehiculelor cu care se intersecteazã.</p>


                    </div>","https://scoaladrpciv.ro/intrebari/categoria-c/prioritate-de-trecere"
"1790532991-228","https://scoaladrpciv.ro/intrebari/categoria-c","Ce obligaţii revin conducătorilor de autocamioane la trecerea autovehiculelor cu regim de circulaţie prioritară, care au în funcţiune mijloacele speciale de avertizare luminoasă de culoare albastră şi pe cele de avertizare sonoră?","A - să reducă viteza, să circule cât mai aproape de marginea drumului în sensul de deplasare şi să acorde prioritate de trecere;","","","B - să mărească viteza pentru a nu incomoda circulaţia;","C - să oprească imediat, pe acostament sau, în lipsa acestuia, cât mai aproape de marginea drumului sau de bordura trotuarului, în sensul de deplasare.","https://scoaladrpciv.ro/intrebare/ce-obligatii-revin-conducatorilor-de-autocamioane-la-trecerea-autovehiculelor-cu-regim-de-circulatie-prioritara-care-au-in-functiune-mijloacele-speciale-de-avertizare-luminoasa-de-culoare-albastra-si-pe-cele-de-avertizare-sonora-ec77","","<div class="""">
                        <h4>Articolul 37</h4><p>(1)&nbsp;&nbsp;Conducătorii de vehicule sunt obligați să oprească imediat, pe acostament sau, în lipsa acestuia, cât mai aproape de marginea drumului sau bordura trotuarului, în sensul de deplasare, la apropierea și la trecerea autovehiculelor cu regim de circulație prioritară care au în funcțiune mijloacele speciale de avertizare luminoasă de culoare roșie și sonore.</p><p><span style=""background-color:hsl(60, 75%, 60%);"">(2)&nbsp;Conducătorii de vehicule sunt obligați să reducă viteza, să circule cât mai aproape de marginea drumului în sensul de deplasare și să acorde prioritate la trecerea autovehiculelor cu regim de circulație prioritară care au în funcțiune mijloacele speciale de avertizare luminoasă de culoare albastră și sonore.</span></p><p>(3)&nbsp;&nbsp;În situațiile prevăzute la alin. (1) și (2), pietonilor le sunt interzise traversarea și circulația pe carosabil până la trecerea vehiculelor respective.</p>


                    </div>","https://scoaladrpciv.ro/intrebari/categoria-c/prioritate-de-trecere"
"1790532993-229","https://scoaladrpciv.ro/intrebari/categoria-c","Pentru a schimba direcția, tractorul din imagine trebuie să cedeze trecerea autocamionului?","B - da, pentru că regulamentul îl obligă;","","","A - nu, pentru că tractorul circulă pe un drum prioritar;","C - da, pentru că circulă cu viteză mai mică.","https://scoaladrpciv.ro/intrebare/pentru-a-schimba-directia-tractorul-din-imagine-trebuie-sa-cedeze-trecerea-autocamionului-81fd","https://scoaladrpciv.ro/storage/questions/1666.jpeg","<div class="""">
                        <h4>Articolul 57</h4><p style=""margin-left:0cm;text-align:justify;"">(1)&nbsp;&nbsp; La intersecțiile cu circulație nedirijată, conducătorul de vehicul este obligat să cedeze trecerea vehiculelor care vin din partea dreapta, în condițiile stabilite prin regulament.</p><p style=""margin-left:0cm;text-align:justify;""><span style=""background-color:hsl(60,75%,60%);"">(2)&nbsp;&nbsp; La intersecțiile cu circulație dirijată, conducătorul de vehicul este obligat să respecte semnificația indicatoarelor, culoarea semaforului sau indicațiile ori semnalele polițistului rutier.</span></p><p style=""margin-left:0cm;text-align:justify;"">(3)&nbsp;&nbsp; Pătrunderea unui vehicul într-o intersecție este interzisă dacă prin aceasta se produce blocarea intersecției.</p><p>(4)&nbsp;&nbsp; În intersecțiile cu sens giratoriu, semnalizate ca atare, vehiculele care circulă în interiorul acestora au prioritate față de cele care urmează să pătrundă în intersecție.</p><h4>Articolul 59</h4><p>(1)&nbsp;&nbsp;În intersecțiile cu circulație nedirijată, conducătorul de vehicul este obligat să acorde prioritate de trecere vehiculelor care circulă pe sine. Acestea pierd prioritatea de trecere când efectuează virajul spre stânga sau când semnalizarea rutieră din acea zonă stabilește o altă regulă de circulație.</p><p><span style=""background-color:hsl(60,75%,60%);"">(2)&nbsp; În intersecții, conducătorii vehiculelor care virează spre stânga sunt obligați să acorde prioritate de trecere vehiculelor cu care se intersectează și care circulă din partea dreapta.</span></p><p style=""margin-left:0cm;text-align:justify;"">(3)&nbsp;&nbsp; În intersecțiile cu circulație dirijată prin indicatoare de prioritate, regula priorității de dreapta se respecta numai în cazul în care două vehicule urmează să se întâlnească, fiecare intrând în intersecție de pe un drum semnalizat cu un indicator având aceeași semnificație de prioritate sau de pierdere a priorității.</p><p>(4)&nbsp;&nbsp;Când un semafor cu trei culori are o lumina verde intermitentă suplimentara, montată la același nivel cu lumina verde normală a semaforului, sub forma unei săgeți verzi pe fond negru, cu vârful spre dreapta, aprinderea acesteia semnifica permisiunea pentru vehicule de a-și continua drumul în direcția indicată de săgeata, indiferent de culoarea semaforului electric, cu condiția acordării priorității de trecere vehiculelor și pietonilor care au drept de circulație.</p>


                    </div>","https://scoaladrpciv.ro/intrebari/categoria-c/prioritate-de-trecere"
"1790532998-230","https://scoaladrpciv.ro/intrebari/categoria-c","Care dintre cele enumerate mai jos sunt considerate a fi comportament agresiv?","B - conducerea intenționată a unui vehicul prin accelerarea repetată a motorului, de natură a stânjeni persoanele aflate în zona drumului public;","C - folosirea repetată a semnalelor sonore și/sau luminoase de natură a obliga nejustificat conducătorul de vehicul care circulă în fața sa să elibereze banda de circulație.","","A - nerespectarea obligației de semnalizare a manevrei de schimbare a direcției de mers;","","https://scoaladrpciv.ro/intrebare/care-dintre-cele-enumerate-mai-jos-sunt-considerate-a-fi-comportament-agresiv-3554","","<div class="""">
                        <h4>Articolul 54^1</h4><p>(1)&nbsp;&nbsp;&nbsp;Se interzice conducătorilor de vehicule să adopte un comportament agresiv în conducerea acestora pe drumurile publice.</p><p>(2)&nbsp;&nbsp;Prin comportament agresiv se înțelege efectuarea, pe drumul public, de către conducătorul de vehicul, a uneia dintre următoarele manevre:</p><ul><li>a)&nbsp;&nbsp;&nbsp;deplasarea succesivă de pe o bandă de circulație pe alta sau de pe un rând pe altul, alternând din stânga în dreapta, în scopul depășirii unui șir de vehicule care circulă în același sens;</li><li>b)&nbsp; întoarcerea vehiculului prin folosirea frânei de ajutor;</li><li>c)&nbsp; pornirea vehiculului de pe loc prin patinarea excesivă, în gol, a roților motoare;</li><li>d)&nbsp;circulația cu vehiculul la o distanță foarte redusă față de un alt vehicul, înaintea sau în spatele acestuia, cât și în lateral, ori reducerea bruscă a vitezei de deplasare fără motiv întemeiat, de natură a intimida conducătorul acestuia;</li><li><span style=""background-color:hsl(60,75%,60%);"">e)&nbsp;&nbsp;&nbsp; folosirea repetată a semnalelor sonore și/sau luminoase de natură a obliga nejustificat conducătorul de vehicul care circulă în fața sa să elibereze banda de circulație;</span></li><li>f)&nbsp;&nbsp;&nbsp; conducerea mopedului sau motocicletei având în contact cu partea carosabilă numai una dintre roți;</li><li>g)&nbsp;&nbsp;&nbsp;mersul cu spatele cu vehiculul în scopul intimidării celorlalți participanți la trafic care circulă în spatele acestuia;</li><li>h)&nbsp;&nbsp; realizarea intenționată a unui derapaj controlat al vehiculului în vederea întoarcerii sau rotirii acestuia;</li><li><span style=""background-color:hsl(60,75%,60%);"">i)&nbsp;&nbsp;&nbsp;conducerea intenționată a unui vehicul prin accelerarea repetată a motorului, de natură a stânjeni persoanele aflate în zona drumului public.</span></li></ul>


                    </div>","https://scoaladrpciv.ro/intrebari/categoria-c/reguli-referitoare-la-manevre"
"1790533000-231","https://scoaladrpciv.ro/intrebari/categoria-c","Care dintre următoarele manevre, efectuate pe drumul public de către conducătorul de vehicul, sunt considerate a fi comportament agresiv?","A - deplasarea succesivă de pe o bandă de circulație pe alta sau de pe un rând pe altul, alternând din stânga în dreapta, în scopul depășirii unui șir de vehicule care circulă în același sens;","C - realizarea intenționată a unui derapaj controlat al vehiculului în vederea întoarcerii sau rotirii acestuia.","","B - depășirea pe partea dreaptă a vehiculului care a semnalizat intenția și s-a încadrat corespunzător părăsirii sensului de mers spre stânga;","","https://scoaladrpciv.ro/intrebare/care-dintre-urmatoarele-manevre-efectuate-pe-drumul-public-de-catre-conducatorul-de-vehicul-sunt-considerate-a-fi-comportament-agresiv-e7f4","","<div class="""">
                        <h4>Articolul 54^1</h4><p>(1)&nbsp;&nbsp;&nbsp;Se interzice conducătorilor de vehicule să adopte un comportament agresiv în conducerea acestora pe drumurile publice.</p><p>(2)&nbsp;&nbsp;Prin comportament agresiv se înțelege efectuarea, pe drumul public, de către conducătorul de vehicul, a uneia dintre următoarele manevre:</p><ul><li><span style=""background-color:hsl(60,75%,60%);"">a)&nbsp;&nbsp;&nbsp;deplasarea succesivă de pe o bandă de circulație pe alta sau de pe un rând pe altul, alternând din stânga în dreapta, în scopul depășirii unui șir de vehicule care circulă în același sens;</span></li><li>b)&nbsp; întoarcerea vehiculului prin folosirea frânei de ajutor;</li><li>c)&nbsp; pornirea vehiculului de pe loc prin patinarea excesivă, în gol, a roților motoare;</li><li>d)&nbsp;circulația cu vehiculul la o distanță foarte redusă față de un alt vehicul, înaintea sau în spatele acestuia, cât și în lateral, ori reducerea bruscă a vitezei de deplasare fără motiv întemeiat, de natură a intimida conducătorul acestuia;</li><li>e)&nbsp;&nbsp;&nbsp; folosirea repetată a semnalelor sonore și/sau luminoase de natură a obliga nejustificat conducătorul de vehicul care circulă în fața sa să elibereze banda de circulație;</li><li>f)&nbsp;&nbsp;&nbsp; conducerea mopedului sau motocicletei având în contact cu partea carosabilă numai una dintre roți;</li><li>g)&nbsp;&nbsp;&nbsp;mersul cu spatele cu vehiculul în scopul intimidării celorlalți participanți la trafic care circulă în spatele acestuia;</li><li><span style=""background-color:hsl(60,75%,60%);"">h)&nbsp;&nbsp; realizarea intenționată a unui derapaj controlat al vehiculului în vederea întoarcerii sau rotirii acestuia;</span></li><li>i)&nbsp;&nbsp;&nbsp;conducerea intenționată a unui vehicul prin accelerarea repetată a motorului, de natură a stânjeni persoanele aflate în zona drumului public.</li></ul>


                    </div>","https://scoaladrpciv.ro/intrebari/categoria-c/reguli-referitoare-la-manevre"
"1790533002-232","https://scoaladrpciv.ro/intrebari/categoria-c","În ce condiţii puteţi manevra înapoi un autovehicul de mare tonaj, când vizibilitatea în spate este împiedicatã?","B - dacă sunteţi pilotat de către o altă persoană din exteriorul autovehiculului;","","","A - dacă manevraţi autovehiculul cu o viteză sub 10 km/oră şi claxonaţi;","C - dacă manevraţi autovehiculul cu uşa cabinei deschisă, pentru a vă putea asigura mai uşor.","https://scoaladrpciv.ro/intrebare/in-ce-conditii-puteti-manevra-inapoi-un-autovehicul-de-mare-tonaj-cand-vizibilitatea-in-spate-este-impiedicata-9971","","<div class="""">
                        <h4>Articolul 128</h4><p>(1) Se interzice mersul înapoi cu vehiculul:</p><ul style=""list-style-type:circle;""><li>a)&nbsp; în cazurile prevãzute la art. 126, cu excepția lit. d);</li><li>b)&nbsp;&nbsp; pe o distanțã mai mare de 50 m;</li><li>c)&nbsp; la ieșirea de pe proprietãți alãturate drumurilor publice.</li></ul><p><span style=""background-color:hsl(60, 75%, 60%);"">(2)&nbsp;&nbsp; În locurile în care mersul înapoi este permis, dar vizibilitatea în spate este împiedicatã, vehiculul poate fi manevrat înapoi numai atunci când conducãtorul acestuia este dirijat de cel puțin o persoanã aflatã în afara vehiculului.</span></p><p>(3)&nbsp;&nbsp; Persoana care dirijeazã manevrarea cu spatele a unui vehicul este obligatã sã se asigure cã manevra se efectueazã fãrã a pune în pericol siguranța participanților la trafic.</p><p>Mersul înapoi cu autovehiculul trebuie semnalizat cu lumina sau luminile speciale din dotare. Se recomanda dotarea autovehiculelor și cu dispozitive sonore pentru semnalizarea acestei manevre</p>


                    </div>","https://scoaladrpciv.ro/intrebari/categoria-c/reguli-referitoare-la-manevre"
"1790533005-233","https://scoaladrpciv.ro/intrebari/categoria-c","În care dintre situațiile de mai jos este interzisă întoarcerea unui vehicul?","A - în zona de acțiune a indicatorului „Drum îngustat“;","B - în curbe cu vizibilitatea redusă sub 50 m;","","C - la 100 m de stațiile de tramvai.","","https://scoaladrpciv.ro/intrebare/in-care-dintre-situatiile-de-mai-jos-este-interzisa-intoarcerea-unui-vehicul-04b4","","<div class="""">
                        <h4>Articolul 126</h4><p>Se interzice întoarcerea vehiculului:</p><p><span style=""background-color:hsl(60, 75%, 60%);"">a)&nbsp;&nbsp; în locurile în care este interzisã oprirea voluntarã a vehiculelor, cu excepția cazurilor prevãzute la art. 142 lit. f);</span></p><p>b)&nbsp;&nbsp; în intersecțiile în care este interzis virajul la stânga, precum și în cele în care, pentru efectuare, este necesarã manevrarea înainte și înapoi a vehiculului;</p><p>c)&nbsp; în locurile unde soliditatea drumului nu permite;</p><p>d)&nbsp;&nbsp; pe drumurile cu sens unic;</p><p>e)&nbsp; pe marcajul pietonal;</p><p>f)&nbsp;&nbsp; în locurile în care este instalat indicatorul ""Întoarcerea interzisã"".</p><h4>Articolul 142</h4><p>Se interzice oprirea voluntarã a vehiculelor:</p><p>a)&nbsp; în zona de acțiune a indicatorului ""Oprirea interzisã"";</p><p>&nbsp;b)&nbsp;&nbsp; pe trecerile la nivel cu calea feratã curentã și la o distanțã mai mica de 50 m înainte și dupã acestea;</p><p>&nbsp;c)&nbsp; pe poduri, pe și sub pasaje denivelate, precum și pe viaducte;</p><p><span style=""background-color:hsl(60, 75%, 60%);"">d)&nbsp;&nbsp; în curbe și în alte locuri cu vizibilitate redusã sub 50 m;</span></p><p>e)&nbsp;&nbsp; pe trecerile pentru pietoni ori la mai puțin de 25 m înainte și dupã acestea;;</p><p>&nbsp;f)&nbsp;&nbsp; în intersecții, inclusiv cele cu circulație în sens giratoriu, precum și în zona de preselecție unde sunt aplicate marcaje continue, iar în lipsa acestora, la o distanțã mai mica de 25 m de coltul intersecției;</p><p>g)&nbsp;&nbsp; în stațiile mijloacelor de transport public de persoane, precum și la mai puțin de 25 m înainte și dupã acestea;</p><p>h)&nbsp;&nbsp; în dreptul altui vehicul oprit pe partea carosabilã, dacã prin aceasta se stânjenește circulația a douã vehicule venind din sensuri opuse, precum și în dreptul marcajului continuu, în cazul în care conducãtorii celorlalte vehicule care circulã în același sens ar fi obligați, din aceastã cauzã, sã treacã peste acest marcaj;</p><p>i)&nbsp;&nbsp; în locul în care se împiedicã vizibilitatea asupra unui indicator sau semnal luminos;</p><p><span style=""background-color:hsl(60, 75%, 60%);"">j)&nbsp;&nbsp; pe sectoarele de drum unde sunt instalate indicatoarele cu semnificațiile ""Drum îngustat"", ""Prioritate pentru circulația din sens invers"" sau ""Prioritate fațã de circulația din sens invers"";</span></p><p>k)&nbsp;&nbsp; pe pistele obligatorii pentru pietoni sau pentru pietoni și biciclete ori pe benzile rezervate unor anumite categorii de vehicule, semnalizate ca atare;</p><p>l)&nbsp;&nbsp; pe platforma caii ferate industriale sau de tramvai ori la mai puțin de 50 m de acestea, dacã circulația vehiculelor pe sine ar putea fi stânjenitã sau împiedicatã;</p><p>m)&nbsp;&nbsp; pe partea carosabilã a autostrãzilor, a drumurilor expres și a celor naționale europene (E);</p><p>n)&nbsp;&nbsp; pe trotuar, cu excepția situației în care administratorul drumului public a executat amenajãri care respectã prevederile art. 144 alin.(2) și (3);</p><p>o)&nbsp;&nbsp; pe pistele pentru biciclete;</p><p>p)&nbsp;&nbsp; în locurile unde este interzisã depãșirea.</p>


                    </div>","https://scoaladrpciv.ro/intrebari/categoria-c/reguli-referitoare-la-manevre"
"1790533007-234","https://scoaladrpciv.ro/intrebari/categoria-c","Ce autovehicule au prioritate de trecere pe un drum îngust, în rampă?","A - autovehiculele cu gabarit depăşit, faţă de celelalte vehicule, indiferent dacă urcă sau coboară;","","","B - autovehiculele care urcă, faţă de cele care coboară;","C - autovehiculele care întâlnesc indicatorul „Prioritate pentru circulaţia din sens invers“.","https://scoaladrpciv.ro/intrebare/ce-autovehicule-au-prioritate-de-trecere-pe-un-drum-ingust-in-rampa-deb9","","<div class="""">
                        <h4>Articolul 127</h4><p>(1)&nbsp;&nbsp; Pe drumurile publice înguste și/sau cu declivitate, unde trecerea vehiculelor care circulã din sensuri opuse, unele pe lângã altele, este imposibilã sau periculoasã, se procedeazã dupã cum urmeazã:</p><p>a)&nbsp;&nbsp; la întâlnirea unui ansamblu de vehicule cu un vehicul conducãtorul acestuia din urma trebuie sã manevreze cu spatele;</p><p><span style=""background-color:hsl(60, 75%, 60%);"">b)&nbsp;&nbsp; la întâlnirea unui vehicul greu cu un vehicul ușor, conducãtorul acestuia din urma trebuie sã manevreze cu spatele;</span></p><p>c)&nbsp;&nbsp; la întâlnirea unui vehicul care efectueazã transport public de persoane cu un vehicul de transport mãrfuri conducãtorul acestuia din urma trebuie sã manevreze cu spatele.</p><p>(2)&nbsp;&nbsp; În cazul vehiculelor de aceeași categorie, obligația de a efectua o manevrã de mers înapoi revine conducãtorului care urca, cu excepția cazului când este mai ușor și existã condiții pentru conducãtorul care coboarã sã execute aceastã manevrã, mai ales atunci când se aflã aproape de un refugiu.</p>


                    </div>","https://scoaladrpciv.ro/intrebari/categoria-c/reguli-referitoare-la-manevre"
"1790533009-235","https://scoaladrpciv.ro/intrebari/categoria-c","Pilotarea șoferilor de vehicule la mersul înapoi se efectuează în următoarea situație:","A - când vizibilitatea în spate este obstrucționată;","","","B - când manevra se execută în curbe cu vizibilitate redusă;","C - când manevra se execută în vârfuri de rampă, la mai puțin de 100 m.","https://scoaladrpciv.ro/intrebare/pilotarea-soferilor-de-vehicule-la-mersul-inapoi-se-efectueaza-in-urmatoarea-situatie-0497","","<div class="""">
                        <h4>Articolul 128</h4><p>(1) Se interzice mersul înapoi cu vehiculul:</p><ul style=""list-style-type:circle;""><li>a)&nbsp; în cazurile prevãzute la art. 126, cu excepția lit. d);</li><li>b)&nbsp;&nbsp; pe o distanțã mai mare de 50 m;</li><li>c)&nbsp; la ieșirea de pe proprietãți alãturate drumurilor publice.</li></ul><p><span style=""background-color:hsl(60, 75%, 60%);"">(2)&nbsp;&nbsp; În locurile în care mersul înapoi este permis, dar vizibilitatea în spate este împiedicatã, vehiculul poate fi manevrat înapoi numai atunci când conducãtorul acestuia este dirijat de cel puțin o persoanã aflatã în afara vehiculului.</span></p><p>(3)&nbsp;&nbsp; Persoana care dirijeazã manevrarea cu spatele a unui vehicul este obligatã sã se asigure cã manevra se efectueazã fãrã a pune în pericol siguranța participanților la trafic.</p><p>Mersul înapoi cu autovehiculul trebuie semnalizat cu lumina sau luminile speciale din dotare. Se recomanda dotarea autovehiculelor și cu dispozitive sonore pentru semnalizarea acestei manevre</p>


                    </div>","https://scoaladrpciv.ro/intrebari/categoria-c/reguli-referitoare-la-manevre"
"1790533011-236","https://scoaladrpciv.ro/intrebari/categoria-c","În care dintre situațiile de mai jos este interzisă întoarcerea vehiculului?","A - în locul unde este instalat indicatorul „Întoarcerea interzisă“;","C - în locurile unde oprirea este interzisă, cu excepția intersecțiilor.","","B - în dreptul unei instituții;","","https://scoaladrpciv.ro/intrebare/in-care-dintre-situatiile-de-mai-jos-este-interzisa-intoarcerea-vehiculului-f03b","","<div class="""">
                        <h4>Articolul 126</h4><p>Se interzice întoarcerea vehiculului:</p><p><span style=""background-color:hsl(60, 75%, 60%);"">a)&nbsp;&nbsp; în locurile în care este interzisã oprirea voluntarã a vehiculelor, cu excepția cazurilor prevãzute la art. 142 lit. f);</span></p><p>b)&nbsp;&nbsp; în intersecțiile în care este interzis virajul la stânga, precum și în cele în care, pentru efectuare, este necesarã manevrarea înainte și înapoi a vehiculului;</p><p>c)&nbsp; în locurile unde soliditatea drumului nu permite;</p><p>d)&nbsp;&nbsp; pe drumurile cu sens unic;</p><p>e)&nbsp; pe marcajul pietonal;</p><p><span style=""background-color:hsl(60, 75%, 60%);"">f)&nbsp;&nbsp; în locurile în care este instalat indicatorul ""Întoarcerea interzisã"".</span></p>


                    </div>","https://scoaladrpciv.ro/intrebari/categoria-c/reguli-referitoare-la-manevre"
"1790533014-237","https://scoaladrpciv.ro/intrebari/categoria-c","La întâlnirea unui vehicul cu un ansamblu de vehicule pe un drum public îngust, unde trecerea din sensuri opuse este imposibilă sau periculoasă, va manevra cu spatele:","B - vehiculul;","","","A - ansamblul de vehicule;","C - la libera înțelegere.","https://scoaladrpciv.ro/intrebare/la-intalnirea-unui-vehicul-cu-un-ansamblu-de-vehicule-pe-un-drum-public-ingust-unde-trecerea-din-sensuri-opuse-este-imposibila-sau-periculoasa-va-manevra-cu-spatele-f363","","<div class="""">
                        <h4>Articolul 127</h4><p>(1)&nbsp;&nbsp; Pe drumurile publice înguste și/sau cu declivitate, unde trecerea vehiculelor care circulã din sensuri opuse, unele pe lângã altele, este imposibilã sau periculoasã, se procedeazã dupã cum urmeazã:</p><p><span style=""background-color:hsl(60,75%,60%);"">a)&nbsp;&nbsp; la întâlnirea unui ansamblu de vehicule cu un vehicul conducãtorul acestuia din urma trebuie sã manevreze cu spatele;</span></p><p>b)&nbsp;&nbsp; la întâlnirea unui vehicul greu cu un vehicul ușor, conducãtorul acestuia din urma trebuie sã manevreze cu spatele;</p><p>c)&nbsp;&nbsp; la întâlnirea unui vehicul care efectueazã transport public de persoane cu un vehicul de transport mãrfuri conducãtorul acestuia din urma trebuie sã manevreze cu spatele.</p><p>(2)&nbsp;&nbsp; În cazul vehiculelor de aceeași categorie, obligația de a efectua o manevrã de mers înapoi revine conducãtorului care urca, cu excepția cazului când este mai ușor și existã condiții pentru conducãtorul care coboarã sã execute aceastã manevrã, mai ales atunci când se aflã aproape de un refugiu.</p>


                    </div>","https://scoaladrpciv.ro/intrebari/categoria-c/reguli-referitoare-la-manevre"
"1790533018-238","https://scoaladrpciv.ro/intrebari/categoria-c","Pentru conducătorii auto începători care conduc un autocamion ce tractează o remorcă, în afara localităților, limitele de viteză scad cu:","C - 30 km/h.","","","A - 10 km/h;","B - 20 km/h;","https://scoaladrpciv.ro/intrebare/pentru-conducatorii-auto-incepatori-care-conduc-un-autocamion-ce-tracteaza-o-remorca-in-afara-localitatilor-limitele-de-viteza-scad-cu-5930","","<div class="""">
                        <p>Conducatorii incepatori au automat limita de viteza redusa cu <strong>20 km/h</strong>.<br>Daca se tracteaza o remorca, limita de viteza este mai mica cu <strong>10km/h<br></strong></p>
<p>In total limita de viteza este mai mica cu <strong>30km/h</strong></p>


                    </div>","https://scoaladrpciv.ro/intrebari/categoria-c/viteza-si-distanta-intre-vehicule"
"1790533021-239","https://scoaladrpciv.ro/intrebari/categoria-c","Viteza maximă admisă pe drumurile expres pentru autovehicule din categoria C este de:","A - 100 km/h;","","","B - 90 km/h;","C - 110 km/h.","https://scoaladrpciv.ro/intrebare/viteza-maxima-admisa-pe-drumurile-expres-pentru-autovehicule-din-categoria-c-este-de-3c66","","<div class="""">
                        <h4>Articolul 50</h4><p>(1)&nbsp;&nbsp; Vitezele maxime admise în afara localităților pentru categoriile de autovehicule prevăzute în anexa nr. 1 sunt următoarele:</p><ul><li>a)&nbsp;&nbsp;&nbsp;130 km/h pe autostrăzi, 120 km/h pe drumurile expres, 100 km/h pe drumurile naționale europene (E) și 90 km/h pe celelalte categorii de drumuri, pentru autovehiculele din categoriile A și B;</li><li><span style=""background-color:hsl(60, 75%, 60%);"">b)&nbsp;&nbsp;&nbsp;110 km/h pe autostrăzi, 100 km/h pe drumurile expres, 90 km/h pe drumurile naționale europene (E) și 80 km/h pe celelalte categorii de drumuri, pentru autovehiculele din categoriile C, D și categoria D1;</span></li><li>c)&nbsp;&nbsp;&nbsp;90 km/h pe autostrăzi, 85 km/h pe drumuri expres, 80 km/h pe drumurile naționale europene (E) și 70 km/h pentru celelalte categorii de drumuri, pentru autovehiculele din categoriile A1, B1 și C1;</li><li>d)&nbsp; 45 km/h, pentru tractoarele agricole sau forestiere și mopede.</li></ul>


                    </div>","https://scoaladrpciv.ro/intrebari/categoria-c/viteza-si-distanta-intre-vehicule"
"1790533023-240","https://scoaladrpciv.ro/intrebari/categoria-c","Care este viteza maximă admisă pentru un ansamblu format dintr-un autovehicul din categoria C şi o remorcă, în localităţi?","B - 50 km/h;","","","A - 70 km/h;","C - 65 km/h.","https://scoaladrpciv.ro/intrebare/care-este-viteza-maxima-admisa-pentru-un-ansamblu-format-dintr-un-autovehicul-din-categoria-c-si-o-remorca-in-localitati-7e90","","<div class="""">
                        <h4>Articolul 49</h4><p>(1)&nbsp; Limita maximă de viteză în localități este de 50 km/h.</p><p>(2)&nbsp;&nbsp;&nbsp;Pe anumite sectoare de drum din interiorul localităților, administratorul drumului poate stabili, pentru autovehiculele din categoriile A și B, și limite de viteză superioare, dar nu mai mult de 80 km/h. Limitele de viteză mai mari de 50 km/h se stabilesc numai cu avizul poliției rutiere.</p><p style=""margin-left:0cm;text-align:justify;"">(3)&nbsp;&nbsp;&nbsp;Pe anumite sectoare de drum, ținând seama de împrejurări și de intensitatea circulației, administratorul drumului, cu avizul poliției rutiere, poate stabili și limite de viteză inferioare, dar nu mai puțin de 10 km/h pentru tramvaie și de 30 km/h pentru toate autovehiculele.</p><p>(4)&nbsp; Limitele maxime de viteză în afara localităților sunt:</p><ul><li>a)&nbsp; pe autostrăzi - 130 km/h;</li><li>b)&nbsp; pe drumurile expres - 120 km/h;</li><li>c)&nbsp; pe drumurile naționale europene (E) - 100 km/h;</li><li>d)&nbsp; pe celelalte categorii de drumuri - 90 km/h.</li></ul>


                    </div>","https://scoaladrpciv.ro/intrebari/categoria-c/viteza-si-distanta-intre-vehicule"
"1790533025-241","https://scoaladrpciv.ro/intrebari/categoria-c","Autovehiculele din categoria C pot circula în localităţi cu o viteză maximă de:","B - 50 km/h;","","","A - 40 km/h;","C - 60 km/h.","https://scoaladrpciv.ro/intrebare/autovehiculele-din-categoria-c-pot-circula-in-localitati-cu-o-viteza-maxima-de-b40b","","<div class="""">
                        <h4>Articolul 49</h4><p><span style=""background-color:hsl(60, 75%, 60%);"">(1)&nbsp; Limita maximă de viteză în localități este de 50 km/h.</span></p><p>(2)&nbsp;&nbsp;&nbsp;Pe anumite sectoare de drum din interiorul localităților, administratorul drumului poate stabili, pentru autovehiculele din categoriile A și B, și limite de viteză superioare, dar nu mai mult de 80 km/h. Limitele de viteză mai mari de 50 km/h se stabilesc numai cu avizul poliției rutiere.</p><p style=""margin-left:0cm;text-align:justify;"">(3)&nbsp;&nbsp;&nbsp;Pe anumite sectoare de drum, ținând seama de împrejurări și de intensitatea circulației, administratorul drumului, cu avizul poliției rutiere, poate stabili și limite de viteză inferioare, dar nu mai puțin de 10 km/h pentru tramvaie și de 30 km/h pentru toate autovehiculele.</p><p>(4)&nbsp; Limitele maxime de viteză în afara localităților sunt:</p><ul><li>a)&nbsp; pe autostrăzi - 130 km/h;</li><li>b)&nbsp; pe drumurile expres - 120 km/h;</li><li>c)&nbsp; pe drumurile naționale europene (E) - 100 km/h;</li><li>d)&nbsp; pe celelalte categorii de drumuri - 90 km/h.</li></ul>


                    </div>","https://scoaladrpciv.ro/intrebari/categoria-c/viteza-si-distanta-intre-vehicule"
"1790533028-242","https://scoaladrpciv.ro/intrebari/categoria-c","Care sunt vitezele maxime admise pentru autovehiculele din categoriile C, D şi subcategoria D1?","C - 110 km/h pe autostrăzi, 100 km/h pe drumurile expres, 90 km/h pe drumurile naționale europene și 80 km/h pe celelalte categorii de drumuri.","","","A - 120 km/h pe autostrăzi, 90 km/h pe drumurile expres sau naționale europene și 60 km/h pe celelalte categorii de drumuri;","B - 110 km/h pe autostrăzi și 80 km/h pe celelalte categorii de drumuri;","https://scoaladrpciv.ro/intrebare/care-sunt-vitezele-maxime-admise-pentru-autovehiculele-din-categoriile-c-d-si-subcategoria-d1-feed","","<div class="""">
                        <h4>Articolul 50</h4><p>(1)&nbsp;&nbsp; Vitezele maxime admise în afara localităților pentru categoriile de autovehicule prevăzute în anexa nr. 1 sunt următoarele:</p><ul><li>a)&nbsp;&nbsp;&nbsp;130 km/h pe autostrăzi, 120 km/h pe drumurile expres, 100 km/h pe drumurile naționale europene (E) și 90 km/h pe celelalte categorii de drumuri, pentru autovehiculele din categoriile A și B;</li><li><span style=""background-color:hsl(60, 75%, 60%);"">b)&nbsp;&nbsp;&nbsp;110 km/h pe autostrăzi, 100 km/h pe drumurile expres, 90 km/h pe drumurile naționale europene (E) și 80 km/h pe celelalte categorii de drumuri, pentru autovehiculele din categoriile C, D și categoria D1;</span></li><li>c)&nbsp;&nbsp;&nbsp;90 km/h pe autostrăzi, 85 km/h pe drumuri expres, 80 km/h pe drumurile naționale europene (E) și 70 km/h pentru celelalte categorii de drumuri, pentru autovehiculele din categoriile A1, B1 și C1;</li><li>d)&nbsp; 45 km/h, pentru tractoarele agricole sau forestiere și mopede.</li></ul><p>(2)&nbsp; Viteza maximă admisă în afara localităților pentru autovehiculele care tractează remorci sau semiremorci este cu 10 km/h mai mică decât viteza maximă admisă pentru categoria din care face parte autovehiculul trăgător.</p><p style=""margin-left:0cm;text-align:justify;"">(3)&nbsp;&nbsp; Viteza maximă admisă pentru autovehicule cu mase și/sau gabarite depășite ori care transportă produse periculoase este de 40 km/h în localități, iar în afara localităților de 70 km/h.</p><p>(4)&nbsp;&nbsp;Viteza maximă admisă în afara localităților pentru autovehiculele ai căror conducători au mai puțin de un an practică de conducere sau pentru persoanele care efectuează pregătirea practică în vederea obținerii permisului de conducere este cu 20 km/h mai mică decât viteza maximă admisă pentru categoria din care fac parte autovehiculele conduse.</p>


                    </div>","https://scoaladrpciv.ro/intrebari/categoria-c/viteza-si-distanta-intre-vehicule"
"1790533030-243","https://scoaladrpciv.ro/intrebari/categoria-c","Conducătorul de autocamion este obligat să circule cu o viteză care să nu depăşească 30 km/h în localităţi, în următoarele situaţii:","A - în zona de acţiune a indicatorului de avertizare „Copii“, în intervalul orar 07.00 - 22.00;","","","B - pe poduri;","C - la trecerea prin dreptul staţiilor de tramvai.","https://scoaladrpciv.ro/intrebare/conducatorul-de-autocamion-este-obligat-sa-circule-cu-o-viteza-care-sa-nu-depaseasca-30-km-h-in-localitati-in-urmatoarele-situatii-b425","","<div class="""">
                        <h4>Articolul 123</h4><p>Conducãtorul de vehicul este obligat sã circule cu o viteza care sã nu depãșeascã 30 km/h în localitãți sau 50 km/h în afara localitãților, în urmãtoarele situații:</p><p>a)&nbsp; la trecerea prin intersecțiile cu circulație nedirijatã;</p><p>b)&nbsp;&nbsp; în curbe deosebit de periculoase semnalizate ca atare sau în care vizibilitatea este mai mica de 50 m;</p><p>c)&nbsp;&nbsp; la trecerea pe lângã grupuri organizate, coloane militare sau cortegii, indiferent dacã acestea se aflã în mers sau staționeazã pe partea carosabilã a drumurilor cu o singurã bandã de circulație pe sens;</p><p>&nbsp;d)&nbsp;&nbsp; la trecerea pe lângã animale care sunt conduse pe partea carosabilã sau pe acostament;</p><p>e)&nbsp;&nbsp; când partea carosabilã este acoperitã cu polei, gheațã, zãpadã bãtãtoritã, mâzgã sau piatrã cubicã umedã;</p><p>f)&nbsp;&nbsp; pe drumuri cu denivelãri, semnalizate ca atare;</p><p><span style=""background-color:hsl(60, 75%, 60%);"">g)&nbsp;&nbsp; în zona de acțiune a indicatorului de avertizare ""Copii"" în intervalul orar 7,00-22,00, precum și a indicatorului ""Accident"";</span></p><p>h)&nbsp;&nbsp; la trecerile pentru pietoni nesemaforizate, semnalizate prin indicatoare și marcaje, când drumul public are cel mult o bandã pe sens, iar pietonii aflați pe trotuar, în imediatã apropiere a pãrții carosabile, intenționeazã sã se angajeze în traversare;</p><p>i)&nbsp;&nbsp; la schimbarea direcției de mers prin viraje;</p><p>&nbsp;j)&nbsp;&nbsp; când vizibilitatea este sub 100 m în condiții de ceațã, ploi torențiale, ninsori abundente.</p>


                    </div>","https://scoaladrpciv.ro/intrebari/categoria-c/viteza-si-distanta-intre-vehicule"
"1790533032-244","https://scoaladrpciv.ro/intrebari/categoria-c","Limita maximă de viteză pe drumurile naţionale din afara localităţilor, pentru autovehiculele din categoria C este:","B - 80 km/h;","","","A - 110 km/h;","C - 100 km/h.","https://scoaladrpciv.ro/intrebare/limita-maxima-de-viteza-pe-drumurile-nationale-din-afara-localitatilor-pentru-autovehiculele-din-categoria-c-este-bef4","","<div class="""">
                        <h4>Articolul 50</h4><p>(1)&nbsp;&nbsp; Vitezele maxime admise în afara localităților pentru categoriile de autovehicule prevăzute în anexa nr. 1 sunt următoarele:</p><ul><li>a)&nbsp;&nbsp;&nbsp;130 km/h pe autostrăzi, 120 km/h pe drumurile expres, 100 km/h pe drumurile naționale europene (E) și 90 km/h pe celelalte categorii de drumuri, pentru autovehiculele din categoriile A și B;</li><li><span style=""background-color:hsl(60, 75%, 60%);"">b)&nbsp;&nbsp;&nbsp;110 km/h pe autostrăzi, 100 km/h pe drumurile expres, 90 km/h pe drumurile naționale europene (E) și 80 km/h pe celelalte categorii de drumuri, pentru autovehiculele din categoriile C, D și categoria D1;</span></li><li>c)&nbsp;&nbsp;&nbsp;90 km/h pe autostrăzi, 85 km/h pe drumuri expres, 80 km/h pe drumurile naționale europene (E) și 70 km/h pentru celelalte categorii de drumuri, pentru autovehiculele din categoriile A1, B1 și C1;</li><li>d)&nbsp; 45 km/h, pentru tractoarele agricole sau forestiere și mopede.</li></ul><p>(2)&nbsp; Viteza maximă admisă în afara localităților pentru autovehiculele care tractează remorci sau semiremorci este cu 10 km/h mai mică decât viteza maximă admisă pentru categoria din care face parte autovehiculul trăgător.</p><p style=""margin-left:0cm;text-align:justify;"">(3)&nbsp;&nbsp; Viteza maximă admisă pentru autovehicule cu mase și/sau gabarite depășite ori care transportă produse periculoase este de 40 km/h în localități, iar în afara localităților de 70 km/h.</p><p>(4)&nbsp;&nbsp;Viteza maximă admisă în afara localităților pentru autovehiculele ai căror conducători au mai puțin de un an practică de conducere sau pentru persoanele care efectuează pregătirea practică în vederea obținerii permisului de conducere este cu 20 km/h mai mică decât viteza maximă admisă pentru categoria din care fac parte autovehiculele conduse.</p>


                    </div>","https://scoaladrpciv.ro/intrebari/categoria-c/viteza-si-distanta-intre-vehicule"
"1790533034-245","https://scoaladrpciv.ro/intrebari/categoria-c","Conducătorul de autocamion este obligat să circule cu o viteză care să nu depăşească 30 km/h în localităţi sau 50 km/h în afara acestora în următoarele situaţii:","B - când vizibilitatea este sub 100 m în condiţii de ceaţă sau ninsori abundente;","","","A - la întâlnirea autovehiculelor poliţiei;","C - atunci când autovehiculul are sistemul de iluminare defect.","https://scoaladrpciv.ro/intrebare/conducatorul-de-autocamion-este-obligat-sa-circule-cu-o-viteza-care-sa-nu-depaseasca-30-km-h-in-localitati-sau-50-km-h-in-afara-acestora-in-urmatoarele-situatii-3aab","","<div class="""">
                        <h4>Articolul 123</h4><p>Conducãtorul de vehicul este obligat sã circule cu o viteza care sã nu depãșeascã 30 km/h în localitãți sau 50 km/h în afara localitãților, în urmãtoarele situații:</p><p>a)&nbsp; la trecerea prin intersecțiile cu circulație nedirijatã;</p><p>b)&nbsp;&nbsp; în curbe deosebit de periculoase semnalizate ca atare sau în care vizibilitatea este mai mica de 50 m;</p><p>c)&nbsp;&nbsp; la trecerea pe lângã grupuri organizate, coloane militare sau cortegii, indiferent dacã acestea se aflã în mers sau staționeazã pe partea carosabilã a drumurilor cu o singurã bandã de circulație pe sens;</p><p>&nbsp;d)&nbsp;&nbsp; la trecerea pe lângã animale care sunt conduse pe partea carosabilã sau pe acostament;</p><p>e)&nbsp;&nbsp; când partea carosabilã este acoperitã cu polei, gheațã, zãpadã bãtãtoritã, mâzgã sau piatrã cubicã umedã;</p><p>f)&nbsp;&nbsp; pe drumuri cu denivelãri, semnalizate ca atare;</p><p>g)&nbsp;&nbsp; în zona de acțiune a indicatorului de avertizare ""Copii"" în intervalul orar 7,00-22,00, precum și a indicatorului ""Accident"";</p><p>h)&nbsp;&nbsp; la trecerile pentru pietoni nesemaforizate, semnalizate prin indicatoare și marcaje, când drumul public are cel mult o bandã pe sens, iar pietonii aflați pe trotuar, în imediatã apropiere a pãrții carosabile, intenționeazã sã se angajeze în traversare;</p><p>i)&nbsp;&nbsp; la schimbarea direcției de mers prin viraje;</p><p><span style=""background-color:hsl(60, 75%, 60%);"">&nbsp;j)&nbsp;&nbsp; când vizibilitatea este sub 100 m în condiții de ceațã, ploi torențiale, ninsori abundente.</span></p>


                    </div>","https://scoaladrpciv.ro/intrebari/categoria-c/viteza-si-distanta-intre-vehicule"
"1790533037-246","https://scoaladrpciv.ro/intrebari/categoria-c","Conduceţi, într-o localitate, un autocamion cu care transportaţi încărcături periculoase. Cu ce viteză maximă veţi circula?","B - cu 40 km/h;","","","A - cu 30 km/h;","C - cu 50 km/h.","https://scoaladrpciv.ro/intrebare/conduceti-intr-o-localitate-un-autocamion-cu-care-transportati-incarcaturi-periculoase-cu-ce-viteza-maxima-veti-circula-478f","","<div class="""">
                        <h4>Articolul 50</h4><p>(1)&nbsp;&nbsp; Vitezele maxime admise în afara localităților pentru categoriile de autovehicule prevăzute în anexa nr. 1 sunt următoarele:</p><ul><li>a)&nbsp;&nbsp;&nbsp;130 km/h pe autostrăzi, 120 km/h pe drumurile expres, 100 km/h pe drumurile naționale europene (E) și 90 km/h pe celelalte categorii de drumuri, pentru autovehiculele din categoriile A și B;</li><li>b)&nbsp;&nbsp;&nbsp;110 km/h pe autostrăzi, 100 km/h pe drumurile expres, 90 km/h pe drumurile naționale europene (E) și 80 km/h pe celelalte categorii de drumuri, pentru autovehiculele din categoriile C, D și categoria D1;</li><li>c)&nbsp;&nbsp;&nbsp;90 km/h pe autostrăzi, 85 km/h pe drumuri expres, 80 km/h pe drumurile naționale europene (E) și 70 km/h pentru celelalte categorii de drumuri, pentru autovehiculele din categoriile A1, B1 și C1;</li><li>d)&nbsp; 45 km/h, pentru tractoarele agricole sau forestiere și mopede.</li></ul><p>(2)&nbsp; Viteza maximă admisă în afara localităților pentru autovehiculele care tractează remorci sau semiremorci este cu 10 km/h mai mică decât viteza maximă admisă pentru categoria din care face parte autovehiculul trăgător.</p><p style=""margin-left:0cm;text-align:justify;""><span style=""background-color:hsl(60, 75%, 60%);"">(3)&nbsp;&nbsp; Viteza maximă admisă pentru autovehicule cu mase și/sau gabarite depășite ori care transportă produse periculoase este de 40 km/h în localități, iar în afara localităților de 70 km/h.</span></p><p>(4)&nbsp;&nbsp;Viteza maximă admisă în afara localităților pentru autovehiculele ai căror conducători au mai puțin de un an practică de conducere sau pentru persoanele care efectuează pregătirea practică în vederea obținerii permisului de conducere este cu 20 km/h mai mică decât viteza maximă admisă pentru categoria din care fac parte autovehiculele conduse.</p>


                    </div>","https://scoaladrpciv.ro/intrebari/categoria-c/viteza-si-distanta-intre-vehicule"
"1790533039-247","https://scoaladrpciv.ro/intrebari/categoria-c","Pe autostrăzi, puteţi circula cu autocamionul cu o viteză maximă de:","B - 110 km/h;","","","A - 80 km/h;","C - 130 km/h.","https://scoaladrpciv.ro/intrebare/pe-autostrazi-puteti-circula-cu-autocamionul-cu-o-viteza-maxima-de-ac50","","<div class="""">
                        <h4>Articolul 50</h4><p>(1)&nbsp;&nbsp; Vitezele maxime admise în afara localităților pentru categoriile de autovehicule prevăzute în anexa nr. 1 sunt următoarele:</p><ul><li>a)&nbsp;&nbsp;&nbsp;130 km/h pe autostrăzi, 120 km/h pe drumurile expres, 100 km/h pe drumurile naționale europene (E) și 90 km/h pe celelalte categorii de drumuri, pentru autovehiculele din categoriile A și B;</li><li><span style=""background-color:hsl(60, 75%, 60%);"">b)&nbsp;&nbsp;&nbsp;110 km/h pe autostrăzi, 100 km/h pe drumurile expres, 90 km/h pe drumurile naționale europene (E) și 80 km/h pe celelalte categorii de drumuri, pentru autovehiculele din categoriile C, D și categoria D1;</span></li><li>c)&nbsp;&nbsp;&nbsp;90 km/h pe autostrăzi, 85 km/h pe drumuri expres, 80 km/h pe drumurile naționale europene (E) și 70 km/h pentru celelalte categorii de drumuri, pentru autovehiculele din categoriile A1, B1 și C1;</li><li>d)&nbsp; 45 km/h, pentru tractoarele agricole sau forestiere și mopede.</li></ul><p>(2)&nbsp; Viteza maximă admisă în afara localităților pentru autovehiculele care tractează remorci sau semiremorci este cu 10 km/h mai mică decât viteza maximă admisă pentru categoria din care face parte autovehiculul trăgător.</p><p style=""margin-left:0cm;text-align:justify;"">(3)&nbsp;&nbsp; Viteza maximă admisă pentru autovehicule cu mase și/sau gabarite depășite ori care transportă produse periculoase este de 40 km/h în localități, iar în afara localităților de 70 km/h.</p><p>(4)&nbsp;&nbsp;Viteza maximă admisă în afara localităților pentru autovehiculele ai căror conducători au mai puțin de un an practică de conducere sau pentru persoanele care efectuează pregătirea practică în vederea obținerii permisului de conducere este cu 20 km/h mai mică decât viteza maximă admisă pentru categoria din care fac parte autovehiculele conduse.</p>


                    </div>","https://scoaladrpciv.ro/intrebari/categoria-c/viteza-si-distanta-intre-vehicule"
"1790533041-248","https://scoaladrpciv.ro/intrebari/categoria-c","Limita maximă de viteză pe drumurile judeţene situate în afara localităţilor, pentru autovehiculele din categoria C, este următoarea:","B - 80 km/h;","","","A - 100 km/h;","C - 60 km/h.","https://scoaladrpciv.ro/intrebare/limita-maxima-de-viteza-pe-drumurile-judetene-situate-in-afara-localitatilor-pentru-autovehiculele-din-categoria-c-este-urmatoarea-538a","","<div class="""">
                        <h4>Articolul 50</h4><p>(1)&nbsp;&nbsp; Vitezele maxime admise în afara localităților pentru categoriile de autovehicule prevăzute în anexa nr. 1 sunt următoarele:</p><ul><li>a)&nbsp;&nbsp;&nbsp;130 km/h pe autostrăzi, 120 km/h pe drumurile expres, 100 km/h pe drumurile naționale europene (E) și 90 km/h pe celelalte categorii de drumuri, pentru autovehiculele din categoriile A și B;</li><li><span style=""background-color:hsl(60, 75%, 60%);"">b)&nbsp;&nbsp;&nbsp;110 km/h pe autostrăzi, 100 km/h pe drumurile expres, 90 km/h pe drumurile naționale europene (E) și 80 km/h pe celelalte categorii de drumuri, pentru autovehiculele din categoriile C, D și categoria D1;</span></li><li>c)&nbsp;&nbsp;&nbsp;90 km/h pe autostrăzi, 85 km/h pe drumuri expres, 80 km/h pe drumurile naționale europene (E) și 70 km/h pentru celelalte categorii de drumuri, pentru autovehiculele din categoriile A1, B1 și C1;</li><li>d)&nbsp; 45 km/h, pentru tractoarele agricole sau forestiere și mopede.</li></ul><p>(2)&nbsp; Viteza maximă admisă în afara localităților pentru autovehiculele care tractează remorci sau semiremorci este cu 10 km/h mai mică decât viteza maximă admisă pentru categoria din care face parte autovehiculul trăgător.</p><p style=""margin-left:0cm;text-align:justify;"">(3)&nbsp;&nbsp; Viteza maximă admisă pentru autovehicule cu mase și/sau gabarite depășite ori care transportă produse periculoase este de 40 km/h în localități, iar în afara localităților de 70 km/h.</p><p>(4)&nbsp;&nbsp;Viteza maximă admisă în afara localităților pentru autovehiculele ai căror conducători au mai puțin de un an practică de conducere sau pentru persoanele care efectuează pregătirea practică în vederea obținerii permisului de conducere este cu 20 km/h mai mică decât viteza maximă admisă pentru categoria din care fac parte autovehiculele conduse.</p>


                    </div>","https://scoaladrpciv.ro/intrebari/categoria-c/viteza-si-distanta-intre-vehicule"
"1790533044-249","https://scoaladrpciv.ro/intrebari/categoria-c","În ce situaţii sunteţi obligat să circulaţi cu o viteză care să nu depăşească 30 km/h în localităţi sau 50 km/h în afara acestora?","C - la schimbarea direcţiei de mers prin viraje.","","","A - în zonele unde sunt interzise oprirea şi staţionarea;","B - pe drumurile publice cu sens unic;","https://scoaladrpciv.ro/intrebare/in-ce-situatii-sunteti-obligat-sa-circulati-cu-o-viteza-care-sa-nu-depaseasca-30-km-h-in-localitati-sau-50-km-h-in-afara-acestora-6a37","","<div class="""">
                        <h4>Articolul 123</h4><p>Conducãtorul de vehicul este obligat sã circule cu o viteza care sã nu depãșeascã 30 km/h în localitãți sau 50 km/h în afara localitãților, în urmãtoarele situații:</p><p>a)&nbsp; la trecerea prin intersecțiile cu circulație nedirijatã;</p><p>b)&nbsp;&nbsp; în curbe deosebit de periculoase semnalizate ca atare sau în care vizibilitatea este mai mica de 50 m;</p><p>c)&nbsp;&nbsp; la trecerea pe lângã grupuri organizate, coloane militare sau cortegii, indiferent dacã acestea se aflã în mers sau staționeazã pe partea carosabilã a drumurilor cu o singurã bandã de circulație pe sens;</p><p>&nbsp;d)&nbsp;&nbsp; la trecerea pe lângã animale care sunt conduse pe partea carosabilã sau pe acostament;</p><p>e)&nbsp;&nbsp; când partea carosabilã este acoperitã cu polei, gheațã, zãpadã bãtãtoritã, mâzgã sau piatrã cubicã umedã;</p><p>f)&nbsp;&nbsp; pe drumuri cu denivelãri, semnalizate ca atare;</p><p>g)&nbsp;&nbsp; în zona de acțiune a indicatorului de avertizare ""Copii"" în intervalul orar 7,00-22,00, precum și a indicatorului ""Accident"";</p><p>h)&nbsp;&nbsp; la trecerile pentru pietoni nesemaforizate, semnalizate prin indicatoare și marcaje, când drumul public are cel mult o bandã pe sens, iar pietonii aflați pe trotuar, în imediatã apropiere a pãrții carosabile, intenționeazã sã se angajeze în traversare;</p><p><span style=""background-color:hsl(60, 75%, 60%);"">i)&nbsp;&nbsp; la schimbarea direcției de mers prin viraje;</span></p><p>&nbsp;j)&nbsp;&nbsp; când vizibilitatea este sub 100 m în condiții de ceațã, ploi torențiale, ninsori abundente.</p>


                    </div>","https://scoaladrpciv.ro/intrebari/categoria-c/viteza-si-distanta-intre-vehicule"
"1790533046-250","https://scoaladrpciv.ro/intrebari/categoria-c","Viteza maximă admisă pe drumurile naţionale europene (E) din afara localităţilor, pentru autovehiculele din subcategoria C1, este de:","C - 80 km/h.","","","A - 110 km/h;","B - 100 km/h;","https://scoaladrpciv.ro/intrebare/viteza-maxima-admisa-pe-drumurile-nationale-europene-e-din-afara-localitatilor-pentru-autovehiculele-din-subcategoria-c1-este-de-0ac3","","<div class="""">
                        <h4>Articolul 50</h4><p>(1)&nbsp;&nbsp; Vitezele maxime admise în afara localităților pentru categoriile de autovehicule prevăzute în anexa nr. 1 sunt următoarele:</p><ul><li>a)&nbsp;&nbsp;&nbsp;130 km/h pe autostrăzi, 120 km/h pe drumurile expres, 100 km/h pe drumurile naționale europene (E) și 90 km/h pe celelalte categorii de drumuri, pentru autovehiculele din categoriile A și B;</li><li>b)&nbsp;&nbsp;&nbsp;110 km/h pe autostrăzi, 100 km/h pe drumurile expres, 90 km/h pe drumurile naționale europene (E) și 80 km/h pe celelalte categorii de drumuri, pentru autovehiculele din categoriile C, D și categoria D1;</li><li><span style=""background-color:hsl(60, 75%, 60%);"">c)&nbsp;&nbsp;&nbsp;90 km/h pe autostrăzi, 85 km/h pe drumuri expres, 80 km/h pe drumurile naționale europene (E) și 70 km/h pentru celelalte categorii de drumuri, pentru autovehiculele din categoriile A1, B1 și C1;</span></li><li>d)&nbsp; 45 km/h, pentru tractoarele agricole sau forestiere și mopede.</li></ul><p>(2)&nbsp; Viteza maximă admisă în afara localităților pentru autovehiculele care tractează remorci sau semiremorci este cu 10 km/h mai mică decât viteza maximă admisă pentru categoria din care face parte autovehiculul trăgător.</p><p style=""margin-left:0cm;text-align:justify;"">(3)&nbsp;&nbsp; Viteza maximă admisă pentru autovehicule cu mase și/sau gabarite depășite ori care transportă produse periculoase este de 40 km/h în localități, iar în afara localităților de 70 km/h.</p><p>(4)&nbsp;&nbsp;Viteza maximă admisă în afara localităților pentru autovehiculele ai căror conducători au mai puțin de un an practică de conducere sau pentru persoanele care efectuează pregătirea practică în vederea obținerii permisului de conducere este cu 20 km/h mai mică decât viteza maximă admisă pentru categoria din care fac parte autovehiculele conduse.</p>


                    </div>","https://scoaladrpciv.ro/intrebari/categoria-c/viteza-si-distanta-intre-vehicule"
"1790533048-251","https://scoaladrpciv.ro/intrebari/categoria-c","Într-o intersecție sunteți obligat:","A - să acordați prioritate de trecere atunci când pietonii angajați regulamentar în traversare se află pe sensul dvs. de mers;","B - să circulați cu o viteză care să nu depășească 30 km/h în localități sau 50 km/h în afara acestora, dacă drumul are cel mult o bandă pe sens, iar pietonii aflați pe trotuar în apropierea părții carosabile intenționează să traverseze;","","C - să circulați cât mai aproape de bordura din partea dreaptă a trotuarului.","","https://scoaladrpciv.ro/intrebare/intr-o-intersectie-sunteti-obligat-12e2","","<div class="""">
                        <h4>Articolul 123</h4><p>Conducãtorul de vehicul este obligat sã circule cu o viteza care sã nu depãșeascã 30 km/h în localitãți sau 50 km/h în afara localitãților, în urmãtoarele situații:</p><p>a)&nbsp; la trecerea prin intersecțiile cu circulație nedirijatã;</p><p>b)&nbsp;&nbsp; în curbe deosebit de periculoase semnalizate ca atare sau în care vizibilitatea este mai mica de 50 m;</p><p>c)&nbsp;&nbsp; la trecerea pe lângã grupuri organizate, coloane militare sau cortegii, indiferent dacã acestea se aflã în mers sau staționeazã pe partea carosabilã a drumurilor cu o singurã bandã de circulație pe sens;</p><p>&nbsp;d)&nbsp;&nbsp; la trecerea pe lângã animale care sunt conduse pe partea carosabilã sau pe acostament;</p><p>e)&nbsp;&nbsp; când partea carosabilã este acoperitã cu polei, gheațã, zãpadã bãtãtoritã, mâzgã sau piatrã cubicã umedã;</p><p>f)&nbsp;&nbsp; pe drumuri cu denivelãri, semnalizate ca atare;</p><p>g)&nbsp;&nbsp; în zona de acțiune a indicatorului de avertizare ""Copii"" în intervalul orar 7,00-22,00, precum și a indicatorului ""Accident"";</p><p><span style=""background-color:hsl(60, 75%, 60%);"">h)&nbsp;&nbsp; la trecerile pentru pietoni nesemaforizate, semnalizate prin indicatoare și marcaje, când drumul public are cel mult o bandã pe sens, iar pietonii aflați pe trotuar, în imediatã apropiere a pãrții carosabile, intenționeazã sã se angajeze în traversare;</span></p><p>i)&nbsp;&nbsp; la schimbarea direcției de mers prin viraje;</p><p>&nbsp;j)&nbsp;&nbsp; când vizibilitatea este sub 100 m în condiții de ceațã, ploi torențiale, ninsori abundente.</p><h4>Articolul 135</h4><p>Conducãtorul de vehicul este obligat sã acorde prioritate de trecere și în urmãtoarele situații:</p><p>a)&nbsp;&nbsp; la intersecția nedirijatã atunci când pãtrunde pe un drum național venind de pe un drum județean, comunal sau local;</p><p>b)&nbsp;&nbsp; la intersecția nedirijatã atunci când pãtrunde pe un drum județean venind de pe un drum comunal sau local;</p><p>c)&nbsp;&nbsp; la intersecția nedirijatã atunci când pãtrunde pe un drum comunal venind de pe un drum local;</p><p>d)&nbsp;&nbsp; când urmeazã sã pãtrundã într-o intersecție cu circulație în sens giratoriu fațã de cel care circulã în interiorul acesteia;</p><p>e)&nbsp;&nbsp; când circulã în panta fațã de cel care urca, dacã pe sensul de mers al celui care urca se aflã un obstacol imobil. În aceastã situație manevra nu este consideratã depãșire în sensul prevederilor art. 120 lit. j);</p><p>f)&nbsp;&nbsp; când se pune în mișcare sau la pãtrunderea pe drumul public venind de pe o proprietate alãturatã acestuia fațã de vehiculul care circulã pe drumul public, indiferent de direcția de deplasare;</p><p>g)&nbsp;&nbsp; când efectueazã un viraj spre stânga sau spre dreapta și se intersecteazã cu un conducãtor de bicicletã sau trotinetã electricã care circulã pe o pistã pentru biciclete, semnalizatã ca atare;</p><p><span style=""background-color:hsl(60, 75%, 60%);"">h)&nbsp;&nbsp; pietonului care traverseazã drumul public, prin loc special amenajat, marcat și semnalizat corespunzãtor ori la culoarea verde a semaforului destinat lui, atunci când acesta se aflã pe sensul de mers al vehiculului.</span></p>


                    </div>","https://scoaladrpciv.ro/intrebari/categoria-c/viteza-si-distanta-intre-vehicule"
"1790533051-252","https://scoaladrpciv.ro/intrebari/categoria-c","În care dintre următoarele situaţii puteţi depăşi un autoturism în afara localităţilor?","A - atunci când conducătorul autoturismului circulă cu o viteză sub limita maximă admisă pentru un autocamion;","","","B - când circulaţi pe un drum public cu mai mult de două benzi pe sens;","C - atunci când autoturismul are semnul distinctiv al conducătorului cu vechime în conducere mai mică de un an.","https://scoaladrpciv.ro/intrebare/in-care-dintre-urmatoarele-situatii-puteti-depasi-un-autoturism-in-afara-localitatilor-23f0","","<div class="""">
                        <h4>Articolul 48</h4><p>Conducătorul de vehicul trebuie să respecte regimul legal de viteză și să o adapteze în funcție de condițiile de drum, astfel încât să poată efectua orice manevra în condiții de siguranță.<br><br>Articolul 50</p><p>(1)&nbsp;&nbsp; Vitezele maxime admise în afara localităților pentru categoriile de autovehicule prevăzute în anexa nr. 1 sunt următoarele:</p><ul><li><span style=""background-color:hsl(60, 75%, 60%);"">a)&nbsp;&nbsp;&nbsp;130 km/h pe autostrăzi, 120 km/h pe drumurile expres, 100 km/h pe drumurile naționale europene (E) și 90 km/h pe celelalte categorii de drumuri, pentru autovehiculele din categoriile A și B;</span></li><li><span style=""background-color:hsl(60, 75%, 60%);"">b)&nbsp;&nbsp;&nbsp;110 km/h pe autostrăzi, 100 km/h pe drumurile expres, 90 km/h pe drumurile naționale europene (E) și 80 km/h pe celelalte categorii de drumuri, pentru autovehiculele din categoriile C, D și categoria D1;</span></li><li>c)&nbsp;&nbsp;&nbsp;90 km/h pe autostrăzi, 85 km/h pe drumuri expres, 80 km/h pe drumurile naționale europene (E) și 70 km/h pentru celelalte categorii de drumuri, pentru autovehiculele din categoriile A1, B1 și C1;</li><li>d)&nbsp; 45 km/h, pentru tractoarele agricole sau forestiere și mopede.</li></ul>


                    </div>","https://scoaladrpciv.ro/intrebari/categoria-c/viteza-si-distanta-intre-vehicule"
"1790533053-253","https://scoaladrpciv.ro/intrebari/categoria-c","În afara localităţii, pe un drum judeţean, un ansamblu format dintr-un autovehicul din categoria C şi o remorcă de peste 750 kg poate circula cu o viteză maximă de:","B - 70 km/h;","","","A - 60 km/h;","C - 40 km/h.","https://scoaladrpciv.ro/intrebare/in-afara-localitatii-pe-un-drum-judetean-un-ansamblu-format-dintr-un-autovehicul-din-categoria-c-si-o-remorca-de-peste-750-kg-poate-circula-cu-o-viteza-maxima-de-920e","","<div class="""">
                        <h4>Articolul 50</h4><p>(1)&nbsp;&nbsp; Vitezele maxime admise în afara localităților pentru categoriile de autovehicule prevăzute în anexa nr. 1 sunt următoarele:</p><ul><li>a)&nbsp;&nbsp;&nbsp;130 km/h pe autostrăzi, 120 km/h pe drumurile expres, 100 km/h pe drumurile naționale europene (E) și 90 km/h pe celelalte categorii de drumuri, pentru autovehiculele din categoriile A și B;</li><li><span style=""background-color:hsl(60, 75%, 60%);"">b)&nbsp;&nbsp;&nbsp;110 km/h pe autostrăzi, 100 km/h pe drumurile expres, 90 km/h pe drumurile naționale europene (E) și 80 km/h pe celelalte categorii de drumuri, pentru autovehiculele din categoriile C, D și categoria D1;</span></li><li>c)&nbsp;&nbsp;&nbsp;90 km/h pe autostrăzi, 85 km/h pe drumuri expres, 80 km/h pe drumurile naționale europene (E) și 70 km/h pentru celelalte categorii de drumuri, pentru autovehiculele din categoriile A1, B1 și C1;</li><li>d)&nbsp; 45 km/h, pentru tractoarele agricole sau forestiere și mopede.</li></ul><p><span style=""background-color:hsl(60, 75%, 60%);"">(2)&nbsp; Viteza maximă admisă în afara localităților pentru autovehiculele care tractează remorci sau semiremorci este cu 10 km/h mai mică decât viteza maximă admisă pentru categoria din care face parte autovehiculul trăgător.</span></p><p style=""margin-left:0cm;text-align:justify;"">(3)&nbsp;&nbsp; Viteza maximă admisă pentru autovehicule cu mase și/sau gabarite depășite ori care transportă produse periculoase este de 40 km/h în localități, iar în afara localităților de 70 km/h.</p><p>(4)&nbsp;&nbsp;Viteza maximă admisă în afara localităților pentru autovehiculele ai căror conducători au mai puțin de un an practică de conducere sau pentru persoanele care efectuează pregătirea practică în vederea obținerii permisului de conducere este cu 20 km/h mai mică decât viteza maximă admisă pentru categoria din care fac parte autovehiculele conduse.</p>


                    </div>","https://scoaladrpciv.ro/intrebari/categoria-c/viteza-si-distanta-intre-vehicule"
"1790533062-254","https://scoaladrpciv.ro/intrebari/categoria-c","Cum trebuie să procedați atunci când intenționați să finalizați o depășire?","A - vă încadrați cât se poate de repede pe dreapta, fără a-l stânjeni pe cel depășit;","","","B - după reîncadrare, semnalizați cu luminile de avarie;","C - claxonați și vă angajați pe partea dreaptă, direct în fața vehiculului depășit.","https://scoaladrpciv.ro/intrebare/cum-trebuie-sa-procedati-atunci-cand-intentionati-sa-finalizati-o-depasire-a0f9","","<div class="""">
                        <h4>Articolul 118</h4><p>(1) Conducãtorul de vehicul care efectueazã depãșirea este obligat:</p><ul style=""list-style-type:circle;""><li>a)&nbsp;&nbsp; sã se asigure cã acela care îl urmeazã sau îl precedã nu a semnalizat intenția începerii unei manevre similare și cã poate depãși fãrã a pune în pericol sau fãrã a stânjeni circulația din sens opus;</li><li>b)&nbsp;&nbsp; sã semnalizeze intenția de efectuare a depãșirii;</li><li>c)&nbsp;&nbsp; sã pãstreze în timpul depãșirii o distanțã lateralã suficientã fațã de vehiculul depãșit;</li><li><span style=""background-color:hsl(60, 75%, 60%);"">d)&nbsp;&nbsp; sã reintre pe banda sau în șirul de circulație inițial dupã ce a semnalizat și s-a asigurat cã poate efectua aceastã manevrã în condiții de siguranțã pentru vehiculul depãșit și pentru ceilalți participanți la trafic.</span></li></ul><p>(2)&nbsp;&nbsp; Pentru asigurarea distanței laterale de siguranțã, la depãșirea unei biciclete sau a unei trotinete electrice conducãtorii de autovehicule, altele decât cele care se deplaseazã pe douã roți, realizeazã aceastã manevrã prin trecerea peste marcajul longitudinal de separare a sensurilor de circulație ori de separare a benzilor pe același sens, cu cel puțin jumãtate din lãțimea autovehiculului atunci când viteza acestuia de deplasare este mai mare de 50 km/h, sau cel puțin prin încãlcarea acestor marcaje atunci când viteza de deplasare este de cel mult 50 km/h.</p>


                    </div>","https://scoaladrpciv.ro/intrebari/categoria-c/depasirea"
"1790533064-255","https://scoaladrpciv.ro/intrebari/categoria-c","Vă apropiați de o trecere la nivel cu calea ferată curentă fără bariere, în traversarea căreia s-a angajat o căruță aflată în fața dvs. În această situație puteți efectua depășirea?","C - nu, întrucât depășirea este interzisă pe trecerile la nivel cu calea ferată și la mai puțin de 50 m înainte de acestea.","","","A - da, dacă aceasta nu a ajuns încă la linia de tren;","B - da, întrucât căruța este un vehicul lent;","https://scoaladrpciv.ro/intrebare/va-apropiati-de-o-trecere-la-nivel-cu-calea-ferata-curenta-fara-bariere-in-traversarea-careia-s-a-angajat-o-caruta-aflata-in-fata-dvs-in-aceasta-situatie-puteti-efectua-depasirea-b06f","","<div class="""">
                        <h4>Articolul 120</h4><p>(1)&nbsp;&nbsp; Se interzice depãșirea vehiculelor: a) în intersecții cu circulația nedirijatã;</p><ul style=""list-style-type:circle;""><li>b)&nbsp;&nbsp; în apropierea vârfurilor de rampa, când vizibilitatea este redusã sub 50 m;</li><li>c)&nbsp; în curbe și în orice alte locuri unde vizibilitatea este redusã sub 50 m;</li><li>d)&nbsp;&nbsp;pe pasaje denivelate, pe poduri, sub poduri și în tuneluri. Prin excepție, pot fi depãșite în aceste locuri vehiculele cu tracțiune animalã, motocicletele fãrã ataș, mopedele, bicicletele și trotinetele electrice, dacã vizibilitatea asupra drumului este asiguratã pe o distanțã mai mare de 20 m, iar lãțimea drumului este de cel puțin 7 m;</li><li>e)&nbsp;&nbsp; pe trecerile pentru pietoni semnalizate prin indicatoare și marcaje;</li><li><span style=""background-color:hsl(60, 75%, 60%);"">f)&nbsp;&nbsp; pe trecerile la nivel cu calea feratã curentã și la mai puțin de 50 m înainte de acestea;</span></li><li>g)&nbsp;&nbsp; în dreptul stației pentru tramvai, atunci când acesta este oprit, iar stația nu este prevãzutã cu refugiu pentru pietoni;</li><li>h)&nbsp;&nbsp; în zona de acțiune a indicatorului ""Depãșirea interzisã"";</li><li>i)&nbsp;&nbsp; când pentru efectuarea manevrei se încalcã marcajul continuu, simplu sau dublu, care desparte sensurile de mers, iar autovehiculul circulã, chiar și parțial, pe sensul opus, ori se încalcã marcajul care delimiteazã spațiul de interzicere;</li><li>j)&nbsp;&nbsp; când din sens opus se apropie un alt vehicul, iar conducãtorul acestuia este obligat sã efectueze manevre de evitare a coliziunii;</li><li>k)&nbsp;&nbsp; pe sectorul de drum unde s-a format o coloana de vehicule în așteptare, dacã prin aceasta se intrã pe sensul opus de circulație.</li></ul><p>(2) Se interzice depãșirea coloanei oficiale.</p>


                    </div>","https://scoaladrpciv.ro/intrebari/categoria-c/depasirea"
"1790533066-256","https://scoaladrpciv.ro/intrebari/categoria-c","Care dintre acțiunile de mai jos sunt obligatorii în timpul ce efectuați o depășire:","A - să semnalizați și să vă asigurați că puteți reveni în rândul inițial, fără să puneți în pericol vehiculul depășit;","B - să păstrați în timpul depășirii o distanță laterală suficientă față de vehiculul depășit;","","C - să reintrați cât mai repede pe partea dreaptă.","","https://scoaladrpciv.ro/intrebare/care-dintre-actiunile-de-mai-jos-sunt-obligatorii-in-timpul-ce-efectuati-o-depasire-2046","","<div class="""">
                        <h4>Articolul 118</h4><p>(1) Conducãtorul de vehicul care efectueazã depãșirea este obligat:</p><ul style=""list-style-type:circle;""><li>a)&nbsp;&nbsp; sã se asigure cã acela care îl urmeazã sau îl precedã nu a semnalizat intenția începerii unei manevre similare și cã poate depãși fãrã a pune în pericol sau fãrã a stânjeni circulația din sens opus;</li><li><span style=""background-color:hsl(60, 75%, 60%);"">b)&nbsp;&nbsp; sã semnalizeze intenția de efectuare a depãșirii;</span></li><li><span style=""background-color:hsl(60, 75%, 60%);"">c)&nbsp;&nbsp; sã pãstreze în timpul depãșirii o distanțã lateralã suficientã fațã de vehiculul depãșit;</span></li><li>d)&nbsp;&nbsp; sã reintre pe banda sau în șirul de circulație inițial dupã ce a semnalizat și s-a asigurat cã poate efectua aceastã manevrã în condiții de siguranțã pentru vehiculul depãșit și pentru ceilalți participanți la trafic.</li></ul><p>(2)&nbsp;&nbsp; Pentru asigurarea distanței laterale de siguranțã, la depãșirea unei biciclete sau a unei trotinete electrice conducãtorii de autovehicule, altele decât cele care se deplaseazã pe douã roți, realizeazã aceastã manevrã prin trecerea peste marcajul longitudinal de separare a sensurilor de circulație ori de separare a benzilor pe același sens, cu cel puțin jumãtate din lãțimea autovehiculului atunci când viteza acestuia de deplasare este mai mare de 50 km/h, sau cel puțin prin încãlcarea acestor marcaje atunci când viteza de deplasare este de cel mult 50 km/h.</p>


                    </div>","https://scoaladrpciv.ro/intrebari/categoria-c/depasirea"
"1790533068-257","https://scoaladrpciv.ro/intrebari/categoria-c","Depăşirea tramvaiului din imagine este regulamentară?","C - da, pentru că strada este cu sens unic şi, în acest caz, depăşirea pe partea stângă este permisă.","","","A - nu, deoarece depăşirea tramvaiului în mers se face doar pe partea dreaptă;","B - nu, deoarece depăşirea are loc în apropierea unei intersecţii;","https://scoaladrpciv.ro/intrebare/depasirea-tramvaiului-din-imagine-este-regulamentara-0e41","https://scoaladrpciv.ro/storage/questions/1917.jpeg","<div class="""">
                        <h4>Articolul 45</h4><p style=""margin-left:0cm;text-align:justify;"">(1)&nbsp;&nbsp; Depășirea este manevra prin care un vehicul trece înaintea altui vehicul ori pe lângă un obstacol, aflat pe același sens de circulație, prin schimbarea direcției de mers și ieșirea de pe banda de circulație sau din șirul de vehicule în care s-a aflat inițial.</p><p>(2)&nbsp;&nbsp;Conducătorul vehiculului care se angajează în depășire trebuie să se asigure că vehiculul care circulă în fața sau în spatele lui nu a inițiat o asemenea manevră.</p><p>(3)&nbsp;&nbsp;Atunci când prin manevra de depășire se trece peste axa care separa sensurile de circulație, conducătorii de vehicule trebuie să se asigure că din sens opus nu se apropie un vehicul și că dispun de spațiu suficient pentru a reintra pe banda inițială, unde au obligația să revină după efectuarea manevrei de depășire.</p><p>(4)&nbsp; Nu constituie depășire, în sensul alin. (1), situația în care un vehicul circulă mai repede pe una dintre benzi decât vehiculele care circulă pe altă bandă în același sens de circulație.</p><p>(5)&nbsp;&nbsp;Depășirea se efectuează numai pe partea stângă a vehiculului depășit. Tramvaiul sau vehiculul al cărui conducător a semnalizat intenția și s-a încadrat corespunzător părăsirii sensului de mers spre stânga se depășește prin partea dreapta.</p><p><span style=""background-color:hsl(60, 75%, 60%);"">(6)&nbsp;&nbsp;Tramvaiul aflat în mers poate fi depășit și pe partea stângă atunci când drumul este cu sens unic sau când între șina din dreapta și marginea trotuarului nu există spațiu suficient.</span></p>


                    </div>","https://scoaladrpciv.ro/intrebari/categoria-c/depasirea"
"1790533071-258","https://scoaladrpciv.ro/intrebari/categoria-c","Ce obligații vă revin dacă sesizați că urmează să fiți depășit?","C - să nu măriți viteza de deplasare.","","","A - să vă continuați deplasarea cât mai aproape de axul drumului;","B - să puneți în funcțiune semnalizatoarele cu lumină intermitentă din partea dreaptă;","https://scoaladrpciv.ro/intrebare/ce-obligatii-va-revin-daca-sesizati-ca-urmeaza-sa-fiti-depasit-9b85","","<div class="""">
                        <h4>Articolul 119</h4><p>Conducãtorul de vehicul care urmeazã sã fie depãșit este obligat:</p><p><span style=""background-color:hsl(60, 75%, 60%);"">a)&nbsp; sã nu mãreascã viteza de deplasare;</span></p><p>b)&nbsp;&nbsp; sã circule cât mai aproape de marginea din dreapta a pãrții carosabile sau a benzii pe care se deplaseazã.</p>


                    </div>","https://scoaladrpciv.ro/intrebari/categoria-c/depasirea"
"1790533073-259","https://scoaladrpciv.ro/intrebari/categoria-c","Conducătorul autocamionului din imaginea alăturată execută corect depăşirea tramvaiului care se apropie de staţie?","B - da, deoarece distanţa dintre tramvai şi bordură permite acest lucru, iar tramvaiul nu a oprit în staţie;","","","A - nu, deoarece în staţie nu există refugiu pentru pietoni;","C - nu, în această situaţie tramvaiele se depăşesc pe partea stângă.","https://scoaladrpciv.ro/intrebare/conducatorul-autocamionului-din-imaginea-alaturata-executa-corect-depasirea-tramvaiului-care-se-apropie-de-statie-6804","https://scoaladrpciv.ro/storage/questions/1880.jpeg","<div class="""">
                        <h4>Articolul 45</h4><p style=""margin-left:0cm;text-align:justify;"">(1)&nbsp;&nbsp; Depășirea este manevra prin care un vehicul trece înaintea altui vehicul ori pe lângă un obstacol, aflat pe același sens de circulație, prin schimbarea direcției de mers și ieșirea de pe banda de circulație sau din șirul de vehicule în care s-a aflat inițial.</p><p>(2)&nbsp;&nbsp;Conducătorul vehiculului care se angajează în depășire trebuie să se asigure că vehiculul care circulă în fața sau în spatele lui nu a inițiat o asemenea manevră.</p><p>(3)&nbsp;&nbsp;Atunci când prin manevra de depășire se trece peste axa care separa sensurile de circulație, conducătorii de vehicule trebuie să se asigure că din sens opus nu se apropie un vehicul și că dispun de spațiu suficient pentru a reintra pe banda inițială, unde au obligația să revină după efectuarea manevrei de depășire.</p><p>(4)&nbsp; Nu constituie depășire, în sensul alin. (1), situația în care un vehicul circulă mai repede pe una dintre benzi decât vehiculele care circulă pe altă bandă în același sens de circulație.</p><p><span style=""background-color:hsl(60, 75%, 60%);"">(5)&nbsp;&nbsp;Depășirea se efectuează numai pe partea stângă a vehiculului depășit. Tramvaiul sau vehiculul al cărui conducător a semnalizat intenția și s-a încadrat corespunzător părăsirii sensului de mers spre stânga se depășește prin partea dreapta.</span></p><p>(6)&nbsp;&nbsp;Tramvaiul aflat în mers poate fi depășit și pe partea stângă atunci când drumul este cu sens unic sau când între șina din dreapta și marginea trotuarului nu există spațiu suficient.</p>


                    </div>","https://scoaladrpciv.ro/intrebari/categoria-c/depasirea"
"1790533075-260","https://scoaladrpciv.ro/intrebari/categoria-c","Cum este definită depășirea?","B - manevra prin care un vehicul trece înaintea altui vehicul ori pe lângă un obstacol, aflat pe același sens de circulație, prin schimbarea direcției de mers și ieșirea de pe banda de circulație sau din șirul de vehicule în care s-a aflat inițial;","","","A - trecerea unui vehicul pe lângă altul, când circulă în același sens, dar pe o bandă alăturată;","C - trecerea unui vehicul prin dreptul altuia.","https://scoaladrpciv.ro/intrebare/cum-este-definita-depasirea-50ab","","<div class="""">
                        <h4>Articolul 45</h4><p style=""margin-left:0cm;text-align:justify;""><span style=""background-color:hsl(60, 75%, 60%);"">(1)&nbsp;&nbsp; Depășirea este manevra prin care un vehicul trece înaintea altui vehicul ori pe lângă un obstacol, aflat pe același sens de circulație, prin schimbarea direcției de mers și ieșirea de pe banda de circulație sau din șirul de vehicule în care s-a aflat inițial.</span></p><p>(2)&nbsp;&nbsp;Conducătorul vehiculului care se angajează în depășire trebuie să se asigure că vehiculul care circulă în fața sau în spatele lui nu a inițiat o asemenea manevră.</p><p>(3)&nbsp;&nbsp;Atunci când prin manevra de depășire se trece peste axa care separa sensurile de circulație, conducătorii de vehicule trebuie să se asigure că din sens opus nu se apropie un vehicul și că dispun de spațiu suficient pentru a reintra pe banda inițială, unde au obligația să revină după efectuarea manevrei de depășire.</p><p>(4)&nbsp; Nu constituie depășire, în sensul alin. (1), situația în care un vehicul circulă mai repede pe una dintre benzi decât vehiculele care circulă pe altă bandă în același sens de circulație.</p><p>(5)&nbsp;&nbsp;Depășirea se efectuează numai pe partea stângă a vehiculului depășit. Tramvaiul sau vehiculul al cărui conducător a semnalizat intenția și s-a încadrat corespunzător părăsirii sensului de mers spre stânga se depășește prin partea dreapta.</p><p>(6)&nbsp;&nbsp;Tramvaiul aflat în mers poate fi depășit și pe partea stângă atunci când drumul este cu sens unic sau când între șina din dreapta și marginea trotuarului nu există spațiu suficient.</p>


                    </div>","https://scoaladrpciv.ro/intrebari/categoria-c/depasirea"
"1790533078-261","https://scoaladrpciv.ro/intrebari/categoria-c","Este corectă depăşirea prezentată în imaginea alăturată?","A - nu, întrucât indicatorul interzice depăşirea;","","","B - da, deoarece tractorul are o viteză de deplasare redusă;","C - da, dacă din sens opus nu circulă niciun vehicul.","https://scoaladrpciv.ro/intrebare/este-corecta-depasirea-prezentata-in-imaginea-alaturata-bbd6","https://scoaladrpciv.ro/storage/questions/1800.jpeg","<div class="""">
                        <h4>Articolul 120</h4><p>(1)&nbsp;&nbsp; Se interzice depãșirea vehiculelor:&nbsp;</p><ul style=""list-style-type:circle;""><li>a) în intersecții cu circulația nedirijatã;</li><li>b)&nbsp;&nbsp; în apropierea vârfurilor de rampa, când vizibilitatea este redusã sub 50 m;</li><li>c)&nbsp; în curbe și în orice alte locuri unde vizibilitatea este redusã sub 50 m;</li><li>d)&nbsp;&nbsp;pe pasaje denivelate, pe poduri, sub poduri și în tuneluri. Prin excepție, pot fi depãșite în aceste locuri vehiculele cu tracțiune animalã, motocicletele fãrã ataș, mopedele, bicicletele și trotinetele electrice, dacã vizibilitatea asupra drumului este asiguratã pe o distanțã mai mare de 20 m, iar lãțimea drumului este de cel puțin 7 m;</li><li>e)&nbsp;&nbsp; pe trecerile pentru pietoni semnalizate prin indicatoare și marcaje;</li><li>f)&nbsp;&nbsp; pe trecerile la nivel cu calea feratã curentã și la mai puțin de 50 m înainte de acestea;</li><li>g)&nbsp;&nbsp; în dreptul stației pentru tramvai, atunci când acesta este oprit, iar stația nu este prevãzutã cu refugiu pentru pietoni;</li><li><span style=""background-color:hsl(60,75%,60%);"">h)&nbsp;&nbsp; în zona de acțiune a indicatorului ""Depãșirea interzisã"";</span></li><li>i)&nbsp;&nbsp; când pentru efectuarea manevrei se încalcã marcajul continuu, simplu sau dublu, care desparte sensurile de mers, iar autovehiculul circulã, chiar și parțial, pe sensul opus, ori se încalcã marcajul care delimiteazã spațiul de interzicere;</li><li>j)&nbsp;&nbsp; când din sens opus se apropie un alt vehicul, iar conducãtorul acestuia este obligat sã efectueze manevre de evitare a coliziunii;</li><li>k)&nbsp;&nbsp; pe sectorul de drum unde s-a format o coloana de vehicule în așteptare, dacã prin aceasta se intrã pe sensul opus de circulație.</li></ul><p>(2) Se interzice depãșirea coloanei oficiale.</p>


                    </div>","https://scoaladrpciv.ro/intrebari/categoria-c/depasirea"
"1790533080-262","https://scoaladrpciv.ro/intrebari/categoria-c","În care dintre situații nu este permisă depășirea?","A - pe un drum în rampă, în apropierea vârfului, când vizibilitatea este redusă sub 50 m;","","","B - când un autobuz se află oprit în stație;","C - în zonele cu trafic intens.","https://scoaladrpciv.ro/intrebare/in-care-dintre-situatii-nu-este-permisa-depasirea-688a","","<div class="""">
                        <h4>Articolul 120</h4><p>(1)&nbsp;&nbsp; Se interzice depãșirea vehiculelor:&nbsp;</p><ul style=""list-style-type:circle;""><li>a) în intersecții cu circulația nedirijatã;</li><li><span style=""background-color:hsl(60, 75%, 60%);"">b)&nbsp;&nbsp; în apropierea vârfurilor de rampa, când vizibilitatea este redusã sub 50 m;</span></li><li>c)&nbsp; în curbe și în orice alte locuri unde vizibilitatea este redusã sub 50 m;</li><li>d)&nbsp;&nbsp;pe pasaje denivelate, pe poduri, sub poduri și în tuneluri. Prin excepție, pot fi depãșite în aceste locuri vehiculele cu tracțiune animalã, motocicletele fãrã ataș, mopedele, bicicletele și trotinetele electrice, dacã vizibilitatea asupra drumului este asiguratã pe o distanțã mai mare de 20 m, iar lãțimea drumului este de cel puțin 7 m;</li><li>e)&nbsp;&nbsp; pe trecerile pentru pietoni semnalizate prin indicatoare și marcaje;</li><li>f)&nbsp;&nbsp; pe trecerile la nivel cu calea feratã curentã și la mai puțin de 50 m înainte de acestea;</li><li>g)&nbsp;&nbsp; în dreptul stației pentru tramvai, atunci când acesta este oprit, iar stația nu este prevãzutã cu refugiu pentru pietoni;</li><li>h)&nbsp;&nbsp; în zona de acțiune a indicatorului ""Depãșirea interzisã"";</li><li>i)&nbsp;&nbsp; când pentru efectuarea manevrei se încalcã marcajul continuu, simplu sau dublu, care desparte sensurile de mers, iar autovehiculul circulã, chiar și parțial, pe sensul opus, ori se încalcã marcajul care delimiteazã spațiul de interzicere;</li><li>j)&nbsp;&nbsp; când din sens opus se apropie un alt vehicul, iar conducãtorul acestuia este obligat sã efectueze manevre de evitare a coliziunii;</li><li>k)&nbsp;&nbsp; pe sectorul de drum unde s-a format o coloana de vehicule în așteptare, dacã prin aceasta se intrã pe sensul opus de circulație.</li></ul><p>(2) Se interzice depãșirea coloanei oficiale.</p>


                    </div>","https://scoaladrpciv.ro/intrebari/categoria-c/depasirea"
"1790533082-263","https://scoaladrpciv.ro/intrebari/categoria-c","În ce situații este interzisă depășirea unei biciclete?","B - pe trecerea pentru pietoni, semnalizată cu indicator și marcaj;","","","A - în zona de acțiune a indicatorului „Depășirea autovehiculelor, cu excepția motocicletelor fără ataș, interzisă“;","C - la mai puțin de 100 m de trecerea la nivel cu calea ferată.","https://scoaladrpciv.ro/intrebare/in-ce-situatii-este-interzisa-depasirea-unei-biciclete-f725","","<div class="""">
                        <h4>Articolul 120</h4><p>(1)&nbsp;&nbsp; Se interzice depãșirea vehiculelor: a) în intersecții cu circulația nedirijatã;</p><ul style=""list-style-type:circle;""><li>b)&nbsp;&nbsp; în apropierea vârfurilor de rampa, când vizibilitatea este redusã sub 50 m;</li><li>c)&nbsp; în curbe și în orice alte locuri unde vizibilitatea este redusã sub 50 m;</li><li>d)&nbsp;&nbsp;pe pasaje denivelate, pe poduri, sub poduri și în tuneluri. Prin excepție, pot fi depãșite în aceste locuri vehiculele cu tracțiune animalã, motocicletele fãrã ataș, mopedele, bicicletele și trotinetele electrice, dacã vizibilitatea asupra drumului este asiguratã pe o distanțã mai mare de 20 m, iar lãțimea drumului este de cel puțin 7 m;</li><li><span style=""background-color:hsl(60,75%,60%);"">e)&nbsp;&nbsp; pe trecerile pentru pietoni semnalizate prin indicatoare și marcaje;</span></li><li>f)&nbsp;&nbsp; pe trecerile la nivel cu calea feratã curentã și la mai puțin de 50 m înainte de acestea;</li><li>g)&nbsp;&nbsp; în dreptul stației pentru tramvai, atunci când acesta este oprit, iar stația nu este prevãzutã cu refugiu pentru pietoni;</li><li>h)&nbsp;&nbsp; în zona de acțiune a indicatorului ""Depãșirea interzisã"";</li><li>i)&nbsp;&nbsp; când pentru efectuarea manevrei se încalcã marcajul continuu, simplu sau dublu, care desparte sensurile de mers, iar autovehiculul circulã, chiar și parțial, pe sensul opus, ori se încalcã marcajul care delimiteazã spațiul de interzicere;</li><li>j)&nbsp;&nbsp; când din sens opus se apropie un alt vehicul, iar conducãtorul acestuia este obligat sã efectueze manevre de evitare a coliziunii;</li><li>k)&nbsp;&nbsp; pe sectorul de drum unde s-a format o coloana de vehicule în așteptare, dacã prin aceasta se intrã pe sensul opus de circulație.</li></ul><p>&nbsp;</p>


                    </div>","https://scoaladrpciv.ro/intrebari/categoria-c/depasirea"
"1790533085-264","https://scoaladrpciv.ro/intrebari/categoria-c","Manevra de evitare, prin schimbarea direcției de mers, a unui obstacol aflat pe sensul dvs. de circulație, urmată de revenirea pe același sens, constituie:","B - depășire;","","","A - ocolire;","C - situație de urgență.","https://scoaladrpciv.ro/intrebare/manevra-de-evitare-prin-schimbarea-directiei-de-mers-a-unui-obstacol-aflat-pe-sensul-dvs-de-circulatie-urmata-de-revenirea-pe-acelasi-sens-constituie-1320","","<div class="""">
                        <h4>Articolul 45</h4><p style=""margin-left:0cm;text-align:justify;""><span style=""background-color:hsl(60, 75%, 60%);"">(1)&nbsp;&nbsp; Depășirea este manevra prin care un vehicul trece înaintea altui vehicul ori pe lângă un obstacol, aflat pe același sens de circulație, prin schimbarea direcției de mers și ieșirea de pe banda de circulație sau din șirul de vehicule în care s-a aflat inițial.</span></p><p>(2)&nbsp;&nbsp;Conducătorul vehiculului care se angajează în depășire trebuie să se asigure că vehiculul care circulă în fața sau în spatele lui nu a inițiat o asemenea manevră.</p><p>(3)&nbsp;&nbsp;Atunci când prin manevra de depășire se trece peste axa care separa sensurile de circulație, conducătorii de vehicule trebuie să se asigure că din sens opus nu se apropie un vehicul și că dispun de spațiu suficient pentru a reintra pe banda inițială, unde au obligația să revină după efectuarea manevrei de depășire.</p><p>(4)&nbsp; Nu constituie depășire, în sensul alin. (1), situația în care un vehicul circulă mai repede pe una dintre benzi decât vehiculele care circulă pe altă bandă în același sens de circulație.</p><p>(5)&nbsp;&nbsp;Depășirea se efectuează numai pe partea stângă a vehiculului depășit. Tramvaiul sau vehiculul al cărui conducător a semnalizat intenția și s-a încadrat corespunzător părăsirii sensului de mers spre stânga se depășește prin partea dreapta.</p><p>(6)&nbsp;&nbsp;Tramvaiul aflat în mers poate fi depășit și pe partea stângă atunci când drumul este cu sens unic sau când între șina din dreapta și marginea trotuarului nu există spațiu suficient.</p>


                    </div>","https://scoaladrpciv.ro/intrebari/categoria-c/depasirea"
"1790533087-265","https://scoaladrpciv.ro/intrebari/categoria-c","Se interzice depășirea:","A - atunci când se încalcă marcajul continuu longitudinal, chiar și numai cu roțile de pe partea stângă;","","","B - în zonele cu trafic intens;","C - când se încalcă marcajul discontinuu longitudinal.","https://scoaladrpciv.ro/intrebare/se-interzice-depasirea-be15","","<div class="""">
                        <h4>Articolul 120</h4><p>(1)&nbsp;&nbsp; Se interzice depãșirea vehiculelor: a) în intersecții cu circulația nedirijatã;</p><ul style=""list-style-type:circle;""><li>b)&nbsp;&nbsp; în apropierea vârfurilor de rampa, când vizibilitatea este redusã sub 50 m;</li><li>c)&nbsp; în curbe și în orice alte locuri unde vizibilitatea este redusã sub 50 m;</li><li>d)&nbsp;&nbsp;pe pasaje denivelate, pe poduri, sub poduri și în tuneluri. Prin excepție, pot fi depãșite în aceste locuri vehiculele cu tracțiune animalã, motocicletele fãrã ataș, mopedele, bicicletele și trotinetele electrice, dacã vizibilitatea asupra drumului este asiguratã pe o distanțã mai mare de 20 m, iar lãțimea drumului este de cel puțin 7 m;</li><li>e)&nbsp;&nbsp; pe trecerile pentru pietoni semnalizate prin indicatoare și marcaje;</li><li>f)&nbsp;&nbsp; pe trecerile la nivel cu calea feratã curentã și la mai puțin de 50 m înainte de acestea;</li><li>g)&nbsp;&nbsp; în dreptul stației pentru tramvai, atunci când acesta este oprit, iar stația nu este prevãzutã cu refugiu pentru pietoni;</li><li>h)&nbsp;&nbsp; în zona de acțiune a indicatorului ""Depãșirea interzisã"";</li><li><span style=""background-color:hsl(60, 75%, 60%);"">i)&nbsp;&nbsp; când pentru efectuarea manevrei se încalcã marcajul continuu, simplu sau dublu, care desparte sensurile de mers, iar autovehiculul circulã, chiar și parțial, pe sensul opus, ori se încalcã marcajul care delimiteazã spațiul de interzicere;</span></li><li>j)&nbsp;&nbsp; când din sens opus se apropie un alt vehicul, iar conducãtorul acestuia este obligat sã efectueze manevre de evitare a coliziunii;</li><li>k)&nbsp;&nbsp; pe sectorul de drum unde s-a format o coloana de vehicule în așteptare, dacã prin aceasta se intrã pe sensul opus de circulație.</li></ul><p>(2) Se interzice depãșirea coloanei oficiale.</p>


                    </div>","https://scoaladrpciv.ro/intrebari/categoria-c/depasirea"
"1790533092-266","https://scoaladrpciv.ro/intrebari/categoria-c","Pe drumurile publice prevăzute cu minimum 3 benzi pe sens, atunci când conducătorii a două vehicule circulă în aceeași direcție, dar pe benzi diferite, și intenționează să se înscrie pe banda liberă dintre ei, această bandă va fi ocupată de:","A - vehiculul care circulă pe banda din stânga, față de cel care circulă pe banda din dreapta;","","","B - vehiculul care circulă pe banda din dreapta, față de cel care circulă pe banda din stânga;","C - vehiculul care circulă cu viteza maximă admisă pe sectorul de drum respectiv.","https://scoaladrpciv.ro/intrebare/pe-drumurile-publice-prevazute-cu-minimum-3-benzi-pe-sens-atunci-cand-conducatorii-a-doua-vehicule-circula-in-aceeasi-directie-dar-pe-benzi-diferite-si-intentioneaza-sa-se-inscrie-pe-banda-libera-dintre-ei-aceasta-banda-va-fi-ocupata-de-3cb2","","<div class="""">
                        <h4>Articolul 106</h4>
<p>(1)&nbsp;&nbsp; Pe un drum public prevãzut cu minimum 3 benzi pe sens, când conducãtorii a douã autovehicule circulã în aceeași direcție, dar pe benzi diferite, și intenționeazã sã se înscrie pe banda liberã dintre ei, cel care circulã pe banda din dreapta este obligat sã permitã celui care vine din stânga sã ocupe acea bandã.</p>


                    </div>","https://scoaladrpciv.ro/intrebari/categoria-c/pozitia-in-timpul-mersului-si-semnalele-conducatorilor-de-autovehicule"
"1790533096-267","https://scoaladrpciv.ro/intrebari/categoria-c","Ce rând trebuie să ocupați și de la ce distanță, pentru a putea executa virajul la stânga într-o intersecție nedirijată?","A - rândul din stânga, de la o distanță de cel puțin 50 m;","","","B - rândul din mijloc, de la o distanță de cel puțin 100 m;","C - rândul de lângă bordură, de la o distanță de cel puțin 50 m.","https://scoaladrpciv.ro/intrebare/ce-rand-trebuie-sa-ocupati-si-de-la-ce-distanta-pentru-a-putea-executa-virajul-la-stanga-intr-o-intersectie-nedirijata-bd43","","<div class="""">
                        <h4>Articolul 107</h4>
<p>(1)&nbsp;&nbsp; La intersecțiile prevãzute cu indicatoare și/sau cu marcaje pentru semnalizarea direcției de mers, conducãtorii de vehicule trebuie sã se încadreze pe benzile corespunzãtoare direcției de mers voite cu cel puțin 50 m înainte de intersecție și sunt obligați sã respecte semnificația indicatoarelor și marcajelor.</p>
<p>(2)&nbsp;&nbsp; La intersecțiile fãrã marcaje de delimitare a benzilor, conducãtorii vehiculelor ocupa în mers, cu cel puțin 50 m înainte de intersecție, urmãtoarele poziții:</p>
<ul>
<li>a)&nbsp;&nbsp; rândul de lângã bordurã sau acostament, cei care vor sã schimbe direcția de mers spre dreapta;</li>
<li><span style=""background-color: #fbeeb8;"">b)&nbsp;&nbsp; rândul de lângã axa drumului sau de lângã marcajul de separare a sensurilor, cei care vor sã schimbe direcția de mers spre stânga. Când circulația se desfãșoarã pe drumuri cu sens unic, conducãtorii de vehicule care intenționeazã sã vireze la stânga sunt obligați sã ocupe rândul de lângã bordura sau acostamentul din partea stânga;</span></li>
<li>c)&nbsp; oricare dintre rânduri, cei care vor sã meargã înainte.</li>
</ul>


                    </div>","https://scoaladrpciv.ro/intrebari/categoria-c/pozitia-in-timpul-mersului-si-semnalele-conducatorilor-de-autovehicule"
"1790533098-268","https://scoaladrpciv.ro/intrebari/categoria-c","Cum trebuie să procedați atunci când un autobuz școlar oprește cu luminile de avarie aprinse?","B - circulați cu atenție sporită;","","","A - luminile intermitente de avertizare ale autobuzelor școlare vă obligă să opriți;","C - nu aveți nicio obligație.","https://scoaladrpciv.ro/intrebare/cum-trebuie-sa-procedati-atunci-cand-un-autobuz-scolar-opreste-cu-luminile-de-avarie-aprinse-9b46","","","https://scoaladrpciv.ro/intrebari/categoria-c/pozitia-in-timpul-mersului-si-semnalele-conducatorilor-de-autovehicule"
"1790533100-269","https://scoaladrpciv.ro/intrebari/categoria-c","Ce categorii de vehicule au obligația de a folosi luminile de întâlnire pe timp de zi?","A - motocicletele și mopedele;","B - autovehiculele care însoțesc coloane militare sau transportă grupuri de persoane;","C - autovehiculele care tractează alte vehicule sau care transportă produse periculoase.","","","https://scoaladrpciv.ro/intrebare/ce-categorii-de-vehicule-au-obligatia-de-a-folosi-luminile-de-intalnire-pe-timp-de-zi-a398","","<div class="""">
                        <h4>Articolul 44</h4><p>(1) În circulația pe drumurile publice conducătorii de vehicule pot folosi, în condițiile prevăzute de regulament, mijloacele de avertizare sonoră și luminoasă aflate în dotare și omologate.&nbsp;</p><p>(2) În circulația pe toate categoriile de drumuri publice conducătorii de autovehicule și tractoare agricole sau forestiere sunt obligați să folosească și în timpul zilei luminile de întâlnire sau luminile pentru circulația diurnă.&nbsp;</p><p><span style=""background-color:hsl(60, 75%, 60%);"">(3) Conducătorii motocicletelor și mopedelor sunt obligați să folosească luminile de întâlnire pe toată durata deplasării acestora pe drumurile publice.&nbsp;</span></p><p>(4) În circulația pe drumurile publice se interzice deținerea la vedere, montarea și folosirea mijloacelor speciale de avertizare sonoră și luminoasă pe și în alte autovehicule decât cele prevăzute la art. 32 alin. (2), precum și deținerea, montarea sau folosirea pe autovehicule a sistemelor care perturbă buna funcționare a dispozitivelor de supraveghere a traficului.&nbsp;</p><p>(5) Conducătorii de autovehicule pot fi avertizați de poliția rutieră în legatură cu prezența în trafic a dispozitivelor de măsurare a vitezei, prin mass-media sau panouri de avertizare. Conducătorii de autovehicule pot folosi mijloace proprii de detectare a dispozitivelor de măsurare a vitezei.</p><p>&nbsp;</p><h4>Articolul 114</h4><p>(1)&nbsp;&nbsp; Conducãtorii de autovehicule, tractoare agricole sau forestiere și tramvaie sunt obligați sã foloseascã instalațiile de iluminare și/sau semnalizare a acestora, dupã cum urmeazã:</p><ul style=""list-style-type:circle;""><li>a)&nbsp;&nbsp; luminile de poziție sau de staționare pe timpul imobilizãrii vehiculului pe partea carosabilã în afara localitãților, de la lãsarea serii și pânã în zorii zilei, ziua când plouã torențial, ninge abundent sau este ceațã densã ori în alte condiții care reduc vizibilitatea pe drumul public;</li><li>b)&nbsp;&nbsp; luminile de întâlnire sau de drum, în mers, atât în localitãți, cât și în afara acestora, dupã gradul de iluminare a drumului public;</li><li>c)&nbsp; luminile de întâlnire și cele de ceațã pe timp de ceațã densã;</li><li><span style=""background-color:hsl(60, 75%, 60%);"">d)&nbsp;&nbsp; luminile de întâlnire ale autovehiculelor care însoțesc coloane militare sau cortegii, transportã grupuri organizate de persoane și cele care tracteazã alte vehicule sau care transporta mãrfuri ori produse periculoase, în timpul zilei;</span></li><li>e)&nbsp;&nbsp; luminile de întâlnire atunci când plouã torențial, ninge abundent ori în alte condiții care reduc vizibilitatea pe drum;</li><li>f)&nbsp;&nbsp; luminile pentru mersul înapoi atunci când vehiculul este manevrat cãtre înapoi;</li><li>g)&nbsp;&nbsp; luminile indicatoare de direcție pentru semnalizarea schimbãrii direcției de mers, inclusiv la punerea în mișcare a vehiculului de pe loc.</li></ul><p>(2)&nbsp;&nbsp; Pe timpul nopții, la apropierea a douã vehicule care circulã din sensuri opuse, conducãtorii acestora sunt obligați ca de la o distanțã de cel puțin 200 m sã foloseascã luminile de întâlnire concomitent cu reducerea vitezei. Când conducãtorul de autovehicul, tractor agricol sau forestier se apropie de un autovehicul care circulã în fațã sã, acesta este obligat sã foloseascã luminile de întâlnire de la o distanțã de cel puțin 100 m.</p><p>(3)&nbsp;&nbsp; Pe timpul nopții sau în condiții de vizibilitate redusã conducãtorii de autovehicule, tractoare agricole sau forestiere și tramvaie care se apropie de o intersecție nedirijatã prin semnale luminoase sau de cãtre polițiști sunt obligați sã semnalizeze prin folosirea alternantã a luminilor de întâlnire cu cele de drum dacã nu încalcã astfel prevederile alin. (2).</p><p>&nbsp;(4)&nbsp;&nbsp; Pe timpul nopții sau în condiții de vizibilitate redusã autovehiculele, tractoarele agricole sau forestiere ori remorcile cu deficiențe la sistemul de iluminare și semnalizare luminoasã nu pot fi conduse sau remorcate fãrã a avea în funcțiune pe partea stânga, în fațã o luminã de întâlnire și în spate una de poziție.</p><p>(5) Luminile de avarie se folosesc în urmãtoarele situații:</p><ul style=""list-style-type:circle;""><li>a)&nbsp; când vehiculul este imobilizat involuntar pe partea carosabilã;</li><li>b)&nbsp;&nbsp; când vehiculul se deplaseazã foarte lent și/sau constituie el însuși un pericol pentru ceilalți participanți la trafic;</li><li>c)&nbsp;&nbsp; când autovehiculul, tractorul agricol sau forestier ori tramvaiul este remorcat.</li></ul><p>&nbsp;(6)&nbsp;&nbsp; În situațiile prevãzute la alin. (5), conducãtorii de autovehicule, tractoare agricole sau forestiere și tramvaie trebuie sã punã în funcțiune luminile de avarie, în mod succesiv, în ordinea opririi și în cazul în care aceastã manevrã este impusã de blocarea circulației pe sensul de mers.</p><p>(7)&nbsp;&nbsp; Când circulã prin tunel conducãtorul de vehicul este obligat sã foloseascã luminile de întâlnire.</p>


                    </div>","https://scoaladrpciv.ro/intrebari/categoria-c/pozitia-in-timpul-mersului-si-semnalele-conducatorilor-de-autovehicule"
"1790533103-270","https://scoaladrpciv.ro/intrebari/categoria-c","Cât timp trebuie menținută semnalizarea schimbării direcției de mers?","B - pe întreaga durată a executării manevrei;","","","A - 10 secunde de la începerea manevrei;","C - legea nu prevede nimic cu privire la acest aspect.","https://scoaladrpciv.ro/intrebare/cat-timp-trebuie-mentinuta-semnalizarea-schimbarii-directiei-de-mers-06ce","","<div class="""">
                        <h4>Articolul 54</h4><p>(1)&nbsp;&nbsp;Conducătorul de vehicul care executa o manevra de schimbare a direcției de mers, de ieșire dintr-un rând de vehicule staționate sau de intrare într-un asemenea rând, de trecere pe o altă bandă de circulație sau de virare spre dreapta ori spre stânga sau care urmează să efectueze o întoarcere ori să meargă cu spatele este obligat să semnalizeze din timp și să se asigure că o poate face fără să perturbe circulația sau să pună în pericol siguranța celorlalți participanți la trafic.</p><p><span style=""background-color:hsl(60,75%,60%);"">(2)&nbsp;&nbsp; Semnalizarea schimbării direcției de mers trebuie să fie menținută pe întreaga durată a manevrei.</span></p>


                    </div>","https://scoaladrpciv.ro/intrebari/categoria-c/pozitia-in-timpul-mersului-si-semnalele-conducatorilor-de-autovehicule"
"1790533105-271","https://scoaladrpciv.ro/intrebari/categoria-c","La intersecţiile fără marcaje, conducătorii de autocamioane care vor să circule pe direcţia înainte vor ocupa:","C - oricare dintre rânduri.","","","A - rândul din stânga;","B - rândul din dreapta;","https://scoaladrpciv.ro/intrebare/la-intersectiile-fara-marcaje-conducatorii-de-autocamioane-care-vor-sa-circule-pe-directia-inainte-vor-ocupa-d6d6","","<div class="""">
                        <h4>Articolul 107</h4><p>(1)&nbsp;&nbsp; La intersecțiile prevãzute cu indicatoare și/sau cu marcaje pentru semnalizarea direcției de mers, conducãtorii de vehicule trebuie sã se încadreze pe benzile corespunzãtoare direcției de mers voite cu cel puțin 50 m înainte de intersecție și sunt obligați sã respecte semnificația indicatoarelor și marcajelor.</p><p>(2)&nbsp;&nbsp; La intersecțiile fãrã marcaje de delimitare a benzilor, conducãtorii vehiculelor ocupa în mers, cu cel puțin 50 m înainte de intersecție, urmãtoarele poziții:</p><ul style=""list-style-type:circle;""><li>a)&nbsp;&nbsp; rândul de lângã bordurã sau acostament, cei care vor sã schimbe direcția de mers spre dreapta;</li><li>b)&nbsp;&nbsp; rândul de lângã axa drumului sau de lângã marcajul de separare a sensurilor, cei care vor sã schimbe direcția de mers spre stânga. Când circulația se desfãșoarã pe drumuri cu sens unic, conducãtorii de vehicule care intenționeazã sã vireze la stânga sunt obligați sã ocupe rândul de lângã bordura sau acostamentul din partea stânga;</li><li><span style=""background-color:hsl(60, 75%, 60%);"">c)&nbsp; oricare dintre rânduri, cei care vor sã meargã înainte.</span></li></ul><p>(3)&nbsp;&nbsp; Dacã în intersecție circulã și tramvaie, iar spațiul dintre șina din dreapta și trotuar nu permite circulația pe douã sau mai multe rânduri, toți conducãtorii de vehicule, indiferent de direcția de deplasare, vor circula pe un singur rând, lãsând liber traseul tramvaiului.</p><p>(4)&nbsp;&nbsp; În cazul în care tramvaiul este oprit într-o stație fãrã refugiu pentru pietoni, vehiculele trebuie sã opreascã în ordinea sosirii, în spatele acestuia, și sã își reia deplasarea numai dupã ce ușile tramvaiului au fost închise și s-au asigurat cã nu pun în pericol siguranța pietonilor angajați în traversarea drumului public.</p>


                    </div>","https://scoaladrpciv.ro/intrebari/categoria-c/pozitia-in-timpul-mersului-si-semnalele-conducatorilor-de-autovehicule"
"1790533112-272","https://scoaladrpciv.ro/intrebari/categoria-c","Circulația pe banda rezervată transportului public de persoane, semnalizată ca atare, este permisă:","A - vehiculelor care efectuează transport public de persoane și autovehiculelor cu regim de circulație prioritar, atunci când se deplasează în acțiuni de intervenție sau în misiuni care au caracter de urgență;","","","B - numai vehiculelor care efectuează transport public de persoane;","C - tuturor vehiculelor, dacă nu incomodează circulația vehiculelor prioritare.","https://scoaladrpciv.ro/intrebare/circulatia-pe-banda-rezervata-transportului-public-de-persoane-semnalizata-ca-atare-este-permisa-f9b9","","<div class="""">
                        <h4>Articolul 104</h4><p>Vehiculele care efectueazã transport public de persoane se conduc pe banda rezervatã acestora, dacã o astfel de bandã existã și este semnalizatã ca atare. Pe aceeași bandã pot circula și autovehiculele cu regim de circulație prioritarã când se deplaseazã în acțiuni de intervenții sau în misiuni care au caracter de urgențã.</p>


                    </div>","https://scoaladrpciv.ro/intrebari/categoria-c/pozitia-in-timpul-mersului-si-semnalele-conducatorilor-de-autovehicule"
"1790533114-273","https://scoaladrpciv.ro/intrebari/categoria-c","Cum trebuie să se încadreze conducătorul de autocamion, dacă intenţionează să schimbe direcţia de mers spre stânga într-o intersecţie prin care circulă şi tramvaie, iar spaţiul dintre şina din dreapta şi bordura trotuarului permite deplasarea vehiculelor doar pe un singur rând?","B - pe singurul rând rămas la dispoziţie, lăsând liber traseul tramvaiului;","","","A - pe linia tramvaiului;","C - în această situaţie nu se poate schimba direcţia de mers spre stânga.","https://scoaladrpciv.ro/intrebare/cum-trebuie-sa-se-incadreze-conducatorul-de-autocamion-daca-intentioneaza-sa-schimbe-directia-de-mers-spre-stanga-intr-o-intersectie-prin-care-circula-si-tramvaie-iar-spatiul-dintre-sina-din-dreapta-si-bordura-trotuarului-permite-deplasarea-vehiculelor-doar-pe-un-singur-rand-1f49","","<div class="""">
                        <h4>Articolul 107</h4><p>(1)&nbsp;&nbsp; La intersecțiile prevãzute cu indicatoare și/sau cu marcaje pentru semnalizarea direcției de mers, conducãtorii de vehicule trebuie sã se încadreze pe benzile corespunzãtoare direcției de mers voite cu cel puțin 50 m înainte de intersecție și sunt obligați sã respecte semnificația indicatoarelor și marcajelor.</p><p>(2)&nbsp;&nbsp; La intersecțiile fãrã marcaje de delimitare a benzilor, conducãtorii vehiculelor ocupa în mers, cu cel puțin 50 m înainte de intersecție, urmãtoarele poziții:</p><ul style=""list-style-type:circle;""><li>a)&nbsp;&nbsp; rândul de lângã bordurã sau acostament, cei care vor sã schimbe direcția de mers spre dreapta;</li><li>b)&nbsp;&nbsp; rândul de lângã axa drumului sau de lângã marcajul de separare a sensurilor, cei care vor sã schimbe direcția de mers spre stânga. Când circulația se desfãșoarã pe drumuri cu sens unic, conducãtorii de vehicule care intenționeazã sã vireze la stânga sunt obligați sã ocupe rândul de lângã bordura sau acostamentul din partea stânga;</li><li>c)&nbsp; oricare dintre rânduri, cei care vor sã meargã înainte.</li></ul><p><span style=""background-color:hsl(60, 75%, 60%);"">(3)&nbsp;&nbsp; Dacã în intersecție circulã și tramvaie, iar spațiul dintre șina din dreapta și trotuar nu permite circulația pe douã sau mai multe rânduri, toți conducãtorii de vehicule, indiferent de direcția de deplasare, vor circula pe un singur rând, lãsând liber traseul tramvaiului.</span></p><p>(4)&nbsp;&nbsp; În cazul în care tramvaiul este oprit într-o stație fãrã refugiu pentru pietoni, vehiculele trebuie sã opreascã în ordinea sosirii, în spatele acestuia, și sã își reia deplasarea numai dupã ce ușile tramvaiului au fost închise și s-au asigurat cã nu pun în pericol siguranța pietonilor angajați în traversarea drumului public.</p>


                    </div>","https://scoaladrpciv.ro/intrebari/categoria-c/pozitia-in-timpul-mersului-si-semnalele-conducatorilor-de-autovehicule"
"1790533116-274","https://scoaladrpciv.ro/intrebari/categoria-c","Când aveţi obligaţia de a folosi luminile de întâlnire ale autocamionului pe care îl conduceţi?","A - de la lăsarea serii și până în zorii zilei, precum și ziua când plouă torențial, ninge abundent sau este ceață densă, ori în alte condiții meteorologice ce reduc vizibilitatea pe drum;","","","B - când parcați autocamionul în locuri special amenajate, dar neiluminate în mod corespunzător;","C - numai la întâlnirea cortegiilor.","https://scoaladrpciv.ro/intrebare/cand-aveti-obligatia-de-a-folosi-luminile-de-intalnire-ale-autocamionului-pe-care-il-conduceti-c9bf","","<div class="""">
                        <h4>Articolul 114</h4><p>(1)&nbsp;&nbsp; Conducãtorii de autovehicule, tractoare agricole sau forestiere și tramvaie sunt obligați sã foloseascã instalațiile de iluminare și/sau semnalizare a acestora, dupã cum urmeazã:</p><ul style=""list-style-type:circle;""><li>a)&nbsp;&nbsp; luminile de poziție sau de staționare pe timpul imobilizãrii vehiculului pe partea carosabilã în afara localitãților, de la lãsarea serii și pânã în zorii zilei, ziua când plouã torențial, ninge abundent sau este ceațã densã ori în alte condiții care reduc vizibilitatea pe drumul public;</li><li><span style=""background-color:hsl(60, 75%, 60%);"">b)&nbsp;&nbsp; luminile de întâlnire sau de drum, în mers, atât în localitãți, cât și în afara acestora, dupã gradul de iluminare a drumului public;</span></li><li>c)&nbsp; luminile de întâlnire și cele de ceațã pe timp de ceațã densã;</li><li>d)&nbsp;&nbsp; luminile de întâlnire ale autovehiculelor care însoțesc coloane militare sau cortegii, transportã grupuri organizate de persoane și cele care tracteazã alte vehicule sau care transporta mãrfuri ori produse periculoase, în timpul zilei;</li><li><span style=""background-color:hsl(60, 75%, 60%);"">e)&nbsp;&nbsp; luminile de întâlnire atunci când plouã torențial, ninge abundent ori în alte condiții care reduc vizibilitatea pe drum;</span></li><li>f)&nbsp;&nbsp; luminile pentru mersul înapoi atunci când vehiculul este manevrat cãtre înapoi;</li><li>g)&nbsp;&nbsp; luminile indicatoare de direcție pentru semnalizarea schimbãrii direcției de mers, inclusiv la punerea în mișcare a vehiculului de pe loc.</li></ul><p>(2)&nbsp;&nbsp; Pe timpul nopții, la apropierea a douã vehicule care circulã din sensuri opuse, conducãtorii acestora sunt obligați ca de la o distanțã de cel puțin 200 m sã foloseascã luminile de întâlnire concomitent cu reducerea vitezei. Când conducãtorul de autovehicul, tractor agricol sau forestier se apropie de un autovehicul care circulã în fațã sã, acesta este obligat sã foloseascã luminile de întâlnire de la o distanțã de cel puțin 100 m.</p><p>(3)&nbsp;&nbsp; Pe timpul nopții sau în condiții de vizibilitate redusã conducãtorii de autovehicule, tractoare agricole sau forestiere și tramvaie care se apropie de o intersecție nedirijatã prin semnale luminoase sau de cãtre polițiști sunt obligați sã semnalizeze prin folosirea alternantã a luminilor de întâlnire cu cele de drum dacã nu încalcã astfel prevederile alin. (2).</p><p>&nbsp;(4)&nbsp;&nbsp; Pe timpul nopții sau în condiții de vizibilitate redusã autovehiculele, tractoarele agricole sau forestiere ori remorcile cu deficiențe la sistemul de iluminare și semnalizare luminoasã nu pot fi conduse sau remorcate fãrã a avea în funcțiune pe partea stânga, în fațã o luminã de întâlnire și în spate una de poziție.</p><p>(5) Luminile de avarie se folosesc în urmãtoarele situații:</p><ul style=""list-style-type:circle;""><li>a)&nbsp; când vehiculul este imobilizat involuntar pe partea carosabilã;</li><li>b)&nbsp;&nbsp; când vehiculul se deplaseazã foarte lent și/sau constituie el însuși un pericol pentru ceilalți participanți la trafic;</li><li>c)&nbsp;&nbsp; când autovehiculul, tractorul agricol sau forestier ori tramvaiul este remorcat.</li></ul><p>&nbsp;(6)&nbsp;&nbsp; În situațiile prevãzute la alin. (5), conducãtorii de autovehicule, tractoare agricole sau forestiere și tramvaie trebuie sã punã în funcțiune luminile de avarie, în mod succesiv, în ordinea opririi și în cazul în care aceastã manevrã este impusã de blocarea circulației pe sensul de mers.</p><p>(7)&nbsp;&nbsp; Când circulã prin tunel conducãtorul de vehicul este obligat sã foloseascã luminile de întâlnire.</p>


                    </div>","https://scoaladrpciv.ro/intrebari/categoria-c/pozitia-in-timpul-mersului-si-semnalele-conducatorilor-de-autovehicule"
"1790533119-275","https://scoaladrpciv.ro/intrebari/categoria-c","Când se folosesc luminile de avarie?","A - când vehiculul a rămas în pană sau a fost avariat, fiind imobilizat pe carosabil;","B - când vehiculul se deplasează foarte lent și constituie un pericol pentru ceilalți participanți la trafic;","C - când se blochează circulația pe sensul de mers.","","","https://scoaladrpciv.ro/intrebare/cand-se-folosesc-luminile-de-avarie-54f9","","<div class="""">
                        <h4>Articolul 114</h4><p>(1)&nbsp;&nbsp; Conducãtorii de autovehicule, tractoare agricole sau forestiere și tramvaie sunt obligați sã foloseascã instalațiile de iluminare și/sau semnalizare a acestora, dupã cum urmeazã:</p><ul style=""list-style-type:circle;""><li>a)&nbsp;&nbsp; luminile de poziție sau de staționare pe timpul imobilizãrii vehiculului pe partea carosabilã în afara localitãților, de la lãsarea serii și pânã în zorii zilei, ziua când plouã torențial, ninge abundent sau este ceațã densã ori în alte condiții care reduc vizibilitatea pe drumul public;</li><li>b)&nbsp;&nbsp; luminile de întâlnire sau de drum, în mers, atât în localitãți, cât și în afara acestora, dupã gradul de iluminare a drumului public;</li><li>c)&nbsp; luminile de întâlnire și cele de ceațã pe timp de ceațã densã;</li><li>d)&nbsp;&nbsp; luminile de întâlnire ale autovehiculelor care însoțesc coloane militare sau cortegii, transportã grupuri organizate de persoane și cele care tracteazã alte vehicule sau care transporta mãrfuri ori produse periculoase, în timpul zilei;</li><li>e)&nbsp;&nbsp; luminile de întâlnire atunci când plouã torențial, ninge abundent ori în alte condiții care reduc vizibilitatea pe drum;</li><li>f)&nbsp;&nbsp; luminile pentru mersul înapoi atunci când vehiculul este manevrat cãtre înapoi;</li><li>g)&nbsp;&nbsp; luminile indicatoare de direcție pentru semnalizarea schimbãrii direcției de mers, inclusiv la punerea în mișcare a vehiculului de pe loc.</li></ul><p>(2)&nbsp;&nbsp; Pe timpul nopții, la apropierea a douã vehicule care circulã din sensuri opuse, conducãtorii acestora sunt obligați ca de la o distanțã de cel puțin 200 m sã foloseascã luminile de întâlnire concomitent cu reducerea vitezei. Când conducãtorul de autovehicul, tractor agricol sau forestier se apropie de un autovehicul care circulã în fațã sã, acesta este obligat sã foloseascã luminile de întâlnire de la o distanțã de cel puțin 100 m.</p><p>(3)&nbsp;&nbsp; Pe timpul nopții sau în condiții de vizibilitate redusã conducãtorii de autovehicule, tractoare agricole sau forestiere și tramvaie care se apropie de o intersecție nedirijatã prin semnale luminoase sau de cãtre polițiști sunt obligați sã semnalizeze prin folosirea alternantã a luminilor de întâlnire cu cele de drum dacã nu încalcã astfel prevederile alin. (2).</p><p>&nbsp;(4)&nbsp;&nbsp; Pe timpul nopții sau în condiții de vizibilitate redusã autovehiculele, tractoarele agricole sau forestiere ori remorcile cu deficiențe la sistemul de iluminare și semnalizare luminoasã nu pot fi conduse sau remorcate fãrã a avea în funcțiune pe partea stânga, în fațã o luminã de întâlnire și în spate una de poziție.</p><p>(5) Luminile de avarie se folosesc în urmãtoarele situații:</p><ul style=""list-style-type:circle;""><li><span style=""background-color:hsl(60, 75%, 60%);"">a)&nbsp; când vehiculul este imobilizat involuntar pe partea carosabilã;</span></li><li><span style=""background-color:hsl(60, 75%, 60%);"">b)&nbsp;&nbsp; când vehiculul se deplaseazã foarte lent și/sau constituie el însuși un pericol pentru ceilalți participanți la trafic;</span></li><li><span style=""background-color:hsl(60, 75%, 60%);"">c)&nbsp;&nbsp; când autovehiculul, tractorul agricol sau forestier ori tramvaiul este remorcat.</span></li></ul><p><span style=""background-color:hsl(60, 75%, 60%);"">&nbsp;(6)&nbsp;&nbsp; În situațiile prevãzute la alin. (5), conducãtorii de autovehicule, tractoare agricole sau forestiere și tramvaie trebuie sã punã în funcțiune luminile de avarie, în mod succesiv, în ordinea opririi și în cazul în care aceastã manevrã este impusã de blocarea circulației pe sensul de mers.</span></p><p>(7)&nbsp;&nbsp; Când circulã prin tunel conducãtorul de vehicul este obligat sã foloseascã luminile de întâlnire.</p>


                    </div>","https://scoaladrpciv.ro/intrebari/categoria-c/pozitia-in-timpul-mersului-si-semnalele-conducatorilor-de-autovehicule"
"1790533122-276","https://scoaladrpciv.ro/intrebari/categoria-c","Cum se semnalizează mersul înapoi?","C - cu luminile speciale destinate acestei manevre.","","","A - folosind claxonul din dotare;","B - cu luminile intermitente de culoare galbenă;","https://scoaladrpciv.ro/intrebare/cum-se-semnalizeaza-mersul-inapoi-827b","","<div class="""">
                        <h4>Articolul 114</h4><p>(1)&nbsp;&nbsp; Conducãtorii de autovehicule, tractoare agricole sau forestiere și tramvaie sunt obligați sã foloseascã instalațiile de iluminare și/sau semnalizare a acestora, dupã cum urmeazã:</p><ul style=""list-style-type:circle;""><li>a)&nbsp;&nbsp; luminile de poziție sau de staționare pe timpul imobilizãrii vehiculului pe partea carosabilã în afara localitãților, de la lãsarea serii și pânã în zorii zilei, ziua când plouã torențial, ninge abundent sau este ceațã densã ori în alte condiții care reduc vizibilitatea pe drumul public;</li><li>b)&nbsp;&nbsp; luminile de întâlnire sau de drum, în mers, atât în localitãți, cât și în afara acestora, dupã gradul de iluminare a drumului public;</li><li>c)&nbsp; luminile de întâlnire și cele de ceațã pe timp de ceațã densã;</li><li>d)&nbsp;&nbsp; luminile de întâlnire ale autovehiculelor care însoțesc coloane militare sau cortegii, transportã grupuri organizate de persoane și cele care tracteazã alte vehicule sau care transporta mãrfuri ori produse periculoase, în timpul zilei;</li><li>e)&nbsp;&nbsp; luminile de întâlnire atunci când plouã torențial, ninge abundent ori în alte condiții care reduc vizibilitatea pe drum;</li><li><span style=""background-color:hsl(60, 75%, 60%);"">f)&nbsp;&nbsp; luminile pentru mersul înapoi atunci când vehiculul este manevrat cãtre înapoi;</span></li><li>g)&nbsp;&nbsp; luminile indicatoare de direcție pentru semnalizarea schimbãrii direcției de mers, inclusiv la punerea în mișcare a vehiculului de pe loc.</li></ul><p>(2)&nbsp;&nbsp; Pe timpul nopții, la apropierea a douã vehicule care circulã din sensuri opuse, conducãtorii acestora sunt obligați ca de la o distanțã de cel puțin 200 m sã foloseascã luminile de întâlnire concomitent cu reducerea vitezei. Când conducãtorul de autovehicul, tractor agricol sau forestier se apropie de un autovehicul care circulã în fațã sã, acesta este obligat sã foloseascã luminile de întâlnire de la o distanțã de cel puțin 100 m.</p><p>(3)&nbsp;&nbsp; Pe timpul nopții sau în condiții de vizibilitate redusã conducãtorii de autovehicule, tractoare agricole sau forestiere și tramvaie care se apropie de o intersecție nedirijatã prin semnale luminoase sau de cãtre polițiști sunt obligați sã semnalizeze prin folosirea alternantã a luminilor de întâlnire cu cele de drum dacã nu încalcã astfel prevederile alin. (2).</p><p>&nbsp;(4)&nbsp;&nbsp; Pe timpul nopții sau în condiții de vizibilitate redusã autovehiculele, tractoarele agricole sau forestiere ori remorcile cu deficiențe la sistemul de iluminare și semnalizare luminoasã nu pot fi conduse sau remorcate fãrã a avea în funcțiune pe partea stânga, în fațã o luminã de întâlnire și în spate una de poziție.</p><p>(5) Luminile de avarie se folosesc în urmãtoarele situații:</p><ul style=""list-style-type:circle;""><li>a)&nbsp; când vehiculul este imobilizat involuntar pe partea carosabilã;</li><li>b)&nbsp;&nbsp; când vehiculul se deplaseazã foarte lent și/sau constituie el însuși un pericol pentru ceilalți participanți la trafic;</li><li>c)&nbsp;&nbsp; când autovehiculul, tractorul agricol sau forestier ori tramvaiul este remorcat.</li></ul><p>&nbsp;(6)&nbsp;&nbsp; În situațiile prevãzute la alin. (5), conducãtorii de autovehicule, tractoare agricole sau forestiere și tramvaie trebuie sã punã în funcțiune luminile de avarie, în mod succesiv, în ordinea opririi și în cazul în care aceastã manevrã este impusã de blocarea circulației pe sensul de mers.</p><p>(7)&nbsp;&nbsp; Când circulã prin tunel conducãtorul de vehicul este obligat sã foloseascã luminile de întâlnire.</p>


                    </div>","https://scoaladrpciv.ro/intrebari/categoria-c/pozitia-in-timpul-mersului-si-semnalele-conducatorilor-de-autovehicule"
"1790533124-277","https://scoaladrpciv.ro/intrebari/categoria-c","Vehiculul staționat noaptea pe partea carosabilă a unui drum public neiluminat se semnalizează prin:","C - aprinderea luminilor de poziție sau de staționare.","","","A - plasarea, în partea din spate, a unui triunghi reflectorizant;","B - aprinderea luminilor de avarie;","https://scoaladrpciv.ro/intrebare/vehiculul-stationat-noaptea-pe-partea-carosabila-a-unui-drum-public-neiluminat-se-semnalizeaza-prin-6030","","<div class="""">
                        <h4>Articolul 114</h4><p>(1)&nbsp;&nbsp; Conducãtorii de autovehicule, tractoare agricole sau forestiere și tramvaie sunt obligați sã foloseascã instalațiile de iluminare și/sau semnalizare a acestora, dupã cum urmeazã:</p><ul style=""list-style-type:circle;""><li><span style=""background-color:hsl(60, 75%, 60%);"">a)&nbsp;&nbsp; luminile de poziție sau de staționare pe timpul imobilizãrii vehiculului pe partea carosabilã în afara localitãților, de la lãsarea serii și pânã în zorii zilei, ziua când plouã torențial, ninge abundent sau este ceațã densã ori în alte condiții care reduc vizibilitatea pe drumul public;</span></li><li>b)&nbsp;&nbsp; luminile de întâlnire sau de drum, în mers, atât în localitãți, cât și în afara acestora, dupã gradul de iluminare a drumului public;</li><li>c)&nbsp; luminile de întâlnire și cele de ceațã pe timp de ceațã densã;</li><li>d)&nbsp;&nbsp; luminile de întâlnire ale autovehiculelor care însoțesc coloane militare sau cortegii, transportã grupuri organizate de persoane și cele care tracteazã alte vehicule sau care transporta mãrfuri ori produse periculoase, în timpul zilei;</li><li>e)&nbsp;&nbsp; luminile de întâlnire atunci când plouã torențial, ninge abundent ori în alte condiții care reduc vizibilitatea pe drum;</li><li>f)&nbsp;&nbsp; luminile pentru mersul înapoi atunci când vehiculul este manevrat cãtre înapoi;</li><li>g)&nbsp;&nbsp; luminile indicatoare de direcție pentru semnalizarea schimbãrii direcției de mers, inclusiv la punerea în mișcare a vehiculului de pe loc.</li></ul><p>(2)&nbsp;&nbsp; Pe timpul nopții, la apropierea a douã vehicule care circulã din sensuri opuse, conducãtorii acestora sunt obligați ca de la o distanțã de cel puțin 200 m sã foloseascã luminile de întâlnire concomitent cu reducerea vitezei. Când conducãtorul de autovehicul, tractor agricol sau forestier se apropie de un autovehicul care circulã în fațã sã, acesta este obligat sã foloseascã luminile de întâlnire de la o distanțã de cel puțin 100 m.</p><p>(3)&nbsp;&nbsp; Pe timpul nopții sau în condiții de vizibilitate redusã conducãtorii de autovehicule, tractoare agricole sau forestiere și tramvaie care se apropie de o intersecție nedirijatã prin semnale luminoase sau de cãtre polițiști sunt obligați sã semnalizeze prin folosirea alternantã a luminilor de întâlnire cu cele de drum dacã nu încalcã astfel prevederile alin. (2).</p><p>&nbsp;(4)&nbsp;&nbsp; Pe timpul nopții sau în condiții de vizibilitate redusã autovehiculele, tractoarele agricole sau forestiere ori remorcile cu deficiențe la sistemul de iluminare și semnalizare luminoasã nu pot fi conduse sau remorcate fãrã a avea în funcțiune pe partea stânga, în fațã o luminã de întâlnire și în spate una de poziție.</p><p>(5) Luminile de avarie se folosesc în urmãtoarele situații:</p><ul style=""list-style-type:circle;""><li>a)&nbsp; când vehiculul este imobilizat involuntar pe partea carosabilã;</li><li>b)&nbsp;&nbsp; când vehiculul se deplaseazã foarte lent și/sau constituie el însuși un pericol pentru ceilalți participanți la trafic;</li><li>c)&nbsp;&nbsp; când autovehiculul, tractorul agricol sau forestier ori tramvaiul este remorcat.</li></ul><p>&nbsp;(6)&nbsp;&nbsp; În situațiile prevãzute la alin. (5), conducãtorii de autovehicule, tractoare agricole sau forestiere și tramvaie trebuie sã punã în funcțiune luminile de avarie, în mod succesiv, în ordinea opririi și în cazul în care aceastã manevrã este impusã de blocarea circulației pe sensul de mers.</p><p>(7)&nbsp;&nbsp; Când circulã prin tunel conducãtorul de vehicul este obligat sã foloseascã luminile de întâlnire.</p>


                    </div>","https://scoaladrpciv.ro/intrebari/categoria-c/pozitia-in-timpul-mersului-si-semnalele-conducatorilor-de-autovehicule"
"1790533126-278","https://scoaladrpciv.ro/intrebari/categoria-c","Avertizarea sonoră se folosește:","A - ori de câte ori este necesar, pentru evitarea unui pericol imediat;","","","B - la trecerea pe lângă bicicliști;","C - în localități, la apropierea de o trecere pentru pietoni.","https://scoaladrpciv.ro/intrebare/avertizarea-sonora-se-foloseste-63ea","","<div class="""">
                        <h4>Articolul 112</h4><p>Conducãtorii de vehicule semnalizeazã cu mijloacele de avertizare luminoasã, sonorã sau cu brațul, dupã caz, înaintea efectuãrii oricãrei manevre sau pentru evitarea unui pericol imediat.</p>


                    </div>","https://scoaladrpciv.ro/intrebari/categoria-c/pozitia-in-timpul-mersului-si-semnalele-conducatorilor-de-autovehicule"
"1790533129-279","https://scoaladrpciv.ro/intrebari/categoria-c","Sunteţi obligat să folosiţi lumina de întâlnire când conduceţi autocamionul pe autostrăzi?","A - da, inclusiv în timpul zilei;","","","B - nu, întrucât autostrada este iluminată;","C - această obligaţie revine numai conducătorilor de motociclete şi autoturisme.","https://scoaladrpciv.ro/intrebare/sunteti-obligat-sa-folositi-lumina-de-intalnire-cand-conduceti-autocamionul-pe-autostrazi-b595","","<div class="""">
                        <h4>Articolul 44</h4><p>(1)&nbsp;&nbsp;În circulația pe drumurile publice conducătorii de vehicule pot folosi, în condițiile prevăzute de regulament, mijloacele de avertizare sonoră și luminoasă aflate în dotare și omologate.</p><p><span style=""background-color:hsl(60,75%,60%);"">(2)&nbsp;În circulația pe autostrăzi, pe drumurile expres și pe cele naționale europene (E) conducătorii de autovehicule și tractoare agricole sau forestiere sunt obligați să folosească și în timpul zilei luminile de întâlnire sau luminile pentru circulația diurnă.</span></p><p>(3)&nbsp; Conducătorii motocicletelor și mopedelor sunt obligați să folosească luminile de întâlnire pe toată durata deplasării acestora pe drumurile publice.</p><p style=""margin-left:0cm;text-align:justify;"">(4)&nbsp; În circulația pe drumurile publice se interzice deținerea la vedere, montarea și folosirea mijloacelor speciale de avertizare sonoră și luminoasă pe și în alte autovehicule decât cele prevăzute la art. 32 alin. (2), precum și deținerea, montarea sau folosirea pe autovehicule a sistemelor care perturbă buna funcționare a dispozitivelor de supraveghere a traficului.</p><p>(5)&nbsp;&nbsp;Conducătorii de autovehicule pot fi avertizați de poliția rutieră în legatură cu prezența în trafic a dispozitivelor de măsurare a vitezei, prin mass-media sau panouri de avertizare. Conducătorii de autovehicule pot folosi mijloace proprii de detectare a dispozitivelor de măsurare a vitezei.</p>


                    </div>","https://scoaladrpciv.ro/intrebari/categoria-c/pozitia-in-timpul-mersului-si-semnalele-conducatorilor-de-autovehicule"
"1790533131-280","https://scoaladrpciv.ro/intrebari/categoria-c","La intersecțiile fără marcaje, dacă intenționați să circulați pe direcția înainte, ocupați în mers:","C - oricare dintre rânduri.","","","A - rândul din stânga;","B - rândul din dreapta;","https://scoaladrpciv.ro/intrebare/la-intersectiile-fara-marcaje-daca-intentionati-sa-circulati-pe-directia-inainte-ocupati-in-mers-f7fd","","<div class="""">
                        <h4>Articolul 107</h4><p>(1)&nbsp;&nbsp; La intersecțiile prevãzute cu indicatoare și/sau cu marcaje pentru semnalizarea direcției de mers, conducãtorii de vehicule trebuie sã se încadreze pe benzile corespunzãtoare direcției de mers voite cu cel puțin 50 m înainte de intersecție și sunt obligați sã respecte semnificația indicatoarelor și marcajelor.</p><p>(2)&nbsp;&nbsp; La intersecțiile fãrã marcaje de delimitare a benzilor, conducãtorii vehiculelor ocupa în mers, cu cel puțin 50 m înainte de intersecție, urmãtoarele poziții:</p><ul style=""list-style-type:circle;""><li>a)&nbsp;&nbsp; rândul de lângã bordurã sau acostament, cei care vor sã schimbe direcția de mers spre dreapta;</li><li>b)&nbsp;&nbsp; rândul de lângã axa drumului sau de lângã marcajul de separare a sensurilor, cei care vor sã schimbe direcția de mers spre stânga. Când circulația se desfãșoarã pe drumuri cu sens unic, conducãtorii de vehicule care intenționeazã sã vireze la stânga sunt obligați sã ocupe rândul de lângã bordura sau acostamentul din partea stânga;</li><li><span style=""background-color:hsl(60, 75%, 60%);"">c)&nbsp; oricare dintre rânduri, cei care vor sã meargã înainte.</span></li></ul><p>(3)&nbsp;&nbsp; Dacã în intersecție circulã și tramvaie, iar spațiul dintre șina din dreapta și trotuar nu permite circulația pe douã sau mai multe rânduri, toți conducãtorii de vehicule, indiferent de direcția de deplasare, vor circula pe un singur rând, lãsând liber traseul tramvaiului.</p><p>(4)&nbsp;&nbsp; În cazul în care tramvaiul este oprit într-o stație fãrã refugiu pentru pietoni, vehiculele trebuie sã opreascã în ordinea sosirii, în spatele acestuia, și sã își reia deplasarea numai dupã ce ușile tramvaiului au fost închise și s-au asigurat cã nu pun în pericol siguranța pietonilor angajați în traversarea drumului public.</p>


                    </div>","https://scoaladrpciv.ro/intrebari/categoria-c/pozitia-in-timpul-mersului-si-semnalele-conducatorilor-de-autovehicule"
"1790533133-281","https://scoaladrpciv.ro/intrebari/categoria-c","Schimbarea direcției de mers spre stânga, într-o intersecție neprevăzută cu marcaje de ghidare, se face:","B - prin stânga centrului imaginar al intersecției, fără a intersecta traiectoria celor care se deplasează din sens opus și care virează la stânga;","","","A - prin ocolirea centrului imaginar al intersecției;","C - la libera înțelegere cu cei care se deplasează din sens opus.","https://scoaladrpciv.ro/intrebare/schimbarea-directiei-de-mers-spre-stanga-intr-o-intersectie-neprevazuta-cu-marcaje-de-ghidare-se-face-8aa9","","<div class="""">
                        <h4>Articolul 110</h4><p>(1)&nbsp;&nbsp; În situațiile în care existã benzi speciale pentru executarea manevrei, schimbarea direcției de deplasare se face prin stânga centrului imaginar al intersecției, iar dacã existã un marcaj de ghidare, cu respectarea semnificației acestuia.</p><p><span style=""background-color:hsl(60, 75%, 60%);"">(2)&nbsp;&nbsp; Schimbarea direcției de mers spre stânga, în cazul vehiculelor care intra într-o intersecție circulând pe același drum în aliniament, dar din sensuri opuse, se efectueazã prin stânga centrului intersecției, fãrã intersectarea traiectoriei acestora.</span></p><p>(3)&nbsp;&nbsp; Amenajãrile rutiere sau obstacolele din zona medianã a pãrții carosabile se ocolesc prin partea dreaptã.</p><p>(4)&nbsp;&nbsp; Trotinetele electrice se conduc numai în aliniament pe drumurile publice. Schimbarea direcției de mers în cazul trotinetelor electrice se face prin deplasarea conducãtorilor pe lângã acestea, cu respectarea regulilor privind circulația vehiculelor trase sau împinse cu mâna.</p>


                    </div>","https://scoaladrpciv.ro/intrebari/categoria-c/pozitia-in-timpul-mersului-si-semnalele-conducatorilor-de-autovehicule"
"1790533141-282","https://scoaladrpciv.ro/intrebari/categoria-c","Luminile de avarie se folosesc în următoarea situație:","B - când autocamionul este imobilizat involuntar pe partea carosabilă sau în timp ce sunteți remorcat;","","","A - când sunteți dezorientat în privința traseului de urmat;","C - când luminile de drum s-au defectat.","https://scoaladrpciv.ro/intrebare/luminile-de-avarie-se-folosesc-in-urmatoarea-situatie-c2f9","","<div class="""">
                        <h4>Articolul 114</h4><p>(1)&nbsp;&nbsp; Conducãtorii de autovehicule, tractoare agricole sau forestiere și tramvaie sunt obligați sã foloseascã instalațiile de iluminare și/sau semnalizare a acestora, dupã cum urmeazã:</p><ul style=""list-style-type:circle;""><li>a)&nbsp;&nbsp; luminile de poziție sau de staționare pe timpul imobilizãrii vehiculului pe partea carosabilã în afara localitãților, de la lãsarea serii și pânã în zorii zilei, ziua când plouã torențial, ninge abundent sau este ceațã densã ori în alte condiții care reduc vizibilitatea pe drumul public;</li><li>b)&nbsp;&nbsp; luminile de întâlnire sau de drum, în mers, atât în localitãți, cât și în afara acestora, dupã gradul de iluminare a drumului public;</li><li>c)&nbsp; luminile de întâlnire și cele de ceațã pe timp de ceațã densã;</li><li>d)&nbsp;&nbsp; luminile de întâlnire ale autovehiculelor care însoțesc coloane militare sau cortegii, transportã grupuri organizate de persoane și cele care tracteazã alte vehicule sau care transporta mãrfuri ori produse periculoase, în timpul zilei;</li><li>e)&nbsp;&nbsp; luminile de întâlnire atunci când plouã torențial, ninge abundent ori în alte condiții care reduc vizibilitatea pe drum;</li><li>f)&nbsp;&nbsp; luminile pentru mersul înapoi atunci când vehiculul este manevrat cãtre înapoi;</li><li>g)&nbsp;&nbsp; luminile indicatoare de direcție pentru semnalizarea schimbãrii direcției de mers, inclusiv la punerea în mișcare a vehiculului de pe loc.</li></ul><p>(2)&nbsp;&nbsp; Pe timpul nopții, la apropierea a douã vehicule care circulã din sensuri opuse, conducãtorii acestora sunt obligați ca de la o distanțã de cel puțin 200 m sã foloseascã luminile de întâlnire concomitent cu reducerea vitezei. Când conducãtorul de autovehicul, tractor agricol sau forestier se apropie de un autovehicul care circulã în fațã sã, acesta este obligat sã foloseascã luminile de întâlnire de la o distanțã de cel puțin 100 m.</p><p>(3)&nbsp;&nbsp; Pe timpul nopții sau în condiții de vizibilitate redusã conducãtorii de autovehicule, tractoare agricole sau forestiere și tramvaie care se apropie de o intersecție nedirijatã prin semnale luminoase sau de cãtre polițiști sunt obligați sã semnalizeze prin folosirea alternantã a luminilor de întâlnire cu cele de drum dacã nu încalcã astfel prevederile alin. (2).</p><p>&nbsp;(4)&nbsp;&nbsp; Pe timpul nopții sau în condiții de vizibilitate redusã autovehiculele, tractoarele agricole sau forestiere ori remorcile cu deficiențe la sistemul de iluminare și semnalizare luminoasã nu pot fi conduse sau remorcate fãrã a avea în funcțiune pe partea stânga, în fațã o luminã de întâlnire și în spate una de poziție.</p><p>(5) Luminile de avarie se folosesc în urmãtoarele situații:</p><ul style=""list-style-type:circle;""><li><span style=""background-color:hsl(60, 75%, 60%);"">a)&nbsp; când vehiculul este imobilizat involuntar pe partea carosabilã;</span></li><li>b)&nbsp;&nbsp; când vehiculul se deplaseazã foarte lent și/sau constituie el însuși un pericol pentru ceilalți participanți la trafic;</li><li>c)&nbsp;&nbsp; când autovehiculul, tractorul agricol sau forestier ori tramvaiul este remorcat.</li></ul><p>&nbsp;(6)&nbsp;&nbsp; În situațiile prevãzute la alin. (5), conducãtorii de autovehicule, tractoare agricole sau forestiere și tramvaie trebuie sã punã în funcțiune luminile de avarie, în mod succesiv, în ordinea opririi și în cazul în care aceastã manevrã este impusã de blocarea circulației pe sensul de mers.</p><p>(7)&nbsp;&nbsp; Când circulã prin tunel conducãtorul de vehicul este obligat sã foloseascã luminile de întâlnire.</p>


                    </div>","https://scoaladrpciv.ro/intrebari/categoria-c/pozitia-in-timpul-mersului-si-semnalele-conducatorilor-de-autovehicule"
"1790533144-283","https://scoaladrpciv.ro/intrebari/categoria-c","Cum trebuie să procedeze conducătorul de autocamioane atunci când circulă pe un drum cu trei sau mai multe benzi pe sens?","A - să circule pe banda situată lângă acostament;","","","B - să nu circule pe liniile de tramvai;","C - să circule pe banda a doua, respectiv a treia, cu o viteză mai mică de 100 km/h.","https://scoaladrpciv.ro/intrebare/cum-trebuie-sa-procedeze-conducatorul-de-autocamioane-atunci-cand-circula-pe-un-drum-cu-trei-sau-mai-multe-benzi-pe-sens-24b4","","<div class="""">
                        <h4>Articolul 41</h4><p><span style=""background-color:hsl(60, 75%, 60%);"">(1)&nbsp;&nbsp;Vehiculele și animalele, atunci când circulă pe drumurile publice pe care le este permis accesul, trebuie conduse pe partea din dreapta a drumului public, în sensul de circulație, cât mai aproape de marginea părții carosabile, cu respectarea semnificației semnalizării rutiere și a regulilor de circulație.</span></p><p>(2)&nbsp; Numerotarea benzilor de circulație pe fiecare sens se efectuează în ordine crescătoare de la marginea din partea dreapta a drumului către axa acestuia. În cazul autostrăzilor, banda de urgență nu intră în numerotarea benzilor de circulație.</p><p>(3)&nbsp;&nbsp;&nbsp;Dacă un drum este prevăzut cu o pistă pentru biciclete, bicicletele și trotinetele electrice vor fi conduse numai pe pista respectivă. În lipsa acestei piste, circulația trotinetelor electrice este permisă numai pe sectoarele de drum unde viteza maximă admisă pentru circulația vehiculelor este de 50 km/h.</p>


                    </div>","https://scoaladrpciv.ro/intrebari/categoria-c/pozitia-in-timpul-mersului-si-semnalele-conducatorilor-de-autovehicule"
"1790533146-284","https://scoaladrpciv.ro/intrebari/categoria-c","Dacă vehiculul rămas în pană nu poate fi scos de pe carosabil, la ce distanță de acesta veți instala triunghiurile reflectorizante?","A - la cel puțin 30 m;","","","B - la cel mult 100 m;","C - legal, nu este prevăzută distanța.","https://scoaladrpciv.ro/intrebare/daca-vehiculul-ramas-in-pana-nu-poate-fi-scos-de-pe-carosabil-la-ce-distanta-de-acesta-veti-instala-triunghiurile-reflectorizante-67a0","","<div class="""">
                        <h4>Articolul 156</h4><p>(1)&nbsp;&nbsp; Dacã un autovehicul, tractor agricol sau forestier sau o remorcã a rãmas în pânã pe partea carosabilã a drumului și nu poate fi deplasat/deplasatã în afara acesteia, conducãtorul autovehiculului, tractorului agricol sau forestier este obligat sã punã în funcțiune luminile de avarie și sã instaleze triunghiurile reflectorizante.</p><p><span style=""background-color:hsl(60, 75%, 60%);"">&nbsp;(2)&nbsp;&nbsp; Triunghiurile reflectorizante se instaleazã în fațã și în spatele vehiculului, pe aceeași bandã de circulație, la o distanțã de cel puțin 30 m de acesta, astfel încât sã poatã fi observate din timp de cãtre participanții la trafic care se apropie. În localitãți, atunci când circulația este intensã, triunghiurile reflectorizante pot fi așezate la o distanțã mai mica sau chiar pe vehicul, astfel încât sã poatã fi observate din timp de ceilalți conducãtori de vehicule.</span></p><p>(3)&nbsp;&nbsp; Dacã vehiculul nu este dotat cu lumini de avarie sau acestea sunt defecte, conducãtorul poate folosi, pe timpul nopții ori în condiții de vizibilitate redusã, o lampã portativã cu luminã galbenã intermitentã, care se instaleazã la partea din spate a vehiculului.</p><p>(4)&nbsp;&nbsp; Se interzice folosirea triunghiurilor reflectorizante ori a luminilor de avarie în mod nejustificat sau pentru a simula o rãmânere în pânã în locurile unde oprirea ori staționarea este interzisã.</p><p>(5)&nbsp;&nbsp; În cazul cãderii din vehicule, pe partea carosabilã, a încãrcãturii sau a unei pãrți din aceasta, care constituie un obstacol ce nu poate fi înlãturat imediat, conducãtorul este obligat sã îl semnalizeze cu unul dintre mijloacele prevãzute la alin. (1)-(3).</p>


                    </div>","https://scoaladrpciv.ro/intrebari/categoria-c/pozitia-in-timpul-mersului-si-semnalele-conducatorilor-de-autovehicule"
"1790533148-285","https://scoaladrpciv.ro/intrebari/categoria-c","Ce categorii de vehicule au obligația de a folosi în timpul zilei luminile de întâlnire?","A - autovehiculele care tractează alte vehicule sau care transportă produse periculoase;","","","B - numai autovehiculele care se deplasează cu viteză mare;","C - numai autovehiculele pentru transport public de persoane.","https://scoaladrpciv.ro/intrebare/ce-categorii-de-vehicule-au-obligatia-de-a-folosi-in-timpul-zilei-luminile-de-intalnire-64cf","","<div class="""">
                        <h4>Articolul 114</h4><p>(1)&nbsp;&nbsp; Conducãtorii de autovehicule, tractoare agricole sau forestiere și tramvaie sunt obligați sã foloseascã instalațiile de iluminare și/sau semnalizare a acestora, dupã cum urmeazã:</p><ul style=""list-style-type:circle;""><li>a)&nbsp;&nbsp; luminile de poziție sau de staționare pe timpul imobilizãrii vehiculului pe partea carosabilã în afara localitãților, de la lãsarea serii și pânã în zorii zilei, ziua când plouã torențial, ninge abundent sau este ceațã densã ori în alte condiții care reduc vizibilitatea pe drumul public;</li><li>b)&nbsp;&nbsp; luminile de întâlnire sau de drum, în mers, atât în localitãți, cât și în afara acestora, dupã gradul de iluminare a drumului public;</li><li>c)&nbsp; luminile de întâlnire și cele de ceațã pe timp de ceațã densã;</li><li><span style=""background-color:hsl(60, 75%, 60%);"">d)&nbsp;&nbsp; luminile de întâlnire ale autovehiculelor care însoțesc coloane militare sau cortegii, transportã grupuri organizate de persoane și cele care tracteazã alte vehicule sau care transporta mãrfuri ori produse periculoase, în timpul zilei;</span></li><li>e)&nbsp;&nbsp; luminile de întâlnire atunci când plouã torențial, ninge abundent ori în alte condiții care reduc vizibilitatea pe drum;</li><li>f)&nbsp;&nbsp; luminile pentru mersul înapoi atunci când vehiculul este manevrat cãtre înapoi;</li><li>g)&nbsp;&nbsp; luminile indicatoare de direcție pentru semnalizarea schimbãrii direcției de mers, inclusiv la punerea în mișcare a vehiculului de pe loc.</li></ul><p>(2)&nbsp;&nbsp; Pe timpul nopții, la apropierea a douã vehicule care circulã din sensuri opuse, conducãtorii acestora sunt obligați ca de la o distanțã de cel puțin 200 m sã foloseascã luminile de întâlnire concomitent cu reducerea vitezei. Când conducãtorul de autovehicul, tractor agricol sau forestier se apropie de un autovehicul care circulã în fațã sã, acesta este obligat sã foloseascã luminile de întâlnire de la o distanțã de cel puțin 100 m.</p><p>(3)&nbsp;&nbsp; Pe timpul nopții sau în condiții de vizibilitate redusã conducãtorii de autovehicule, tractoare agricole sau forestiere și tramvaie care se apropie de o intersecție nedirijatã prin semnale luminoase sau de cãtre polițiști sunt obligați sã semnalizeze prin folosirea alternantã a luminilor de întâlnire cu cele de drum dacã nu încalcã astfel prevederile alin. (2).</p><p>&nbsp;(4)&nbsp;&nbsp; Pe timpul nopții sau în condiții de vizibilitate redusã autovehiculele, tractoarele agricole sau forestiere ori remorcile cu deficiențe la sistemul de iluminare și semnalizare luminoasã nu pot fi conduse sau remorcate fãrã a avea în funcțiune pe partea stânga, în fațã o luminã de întâlnire și în spate una de poziție.</p><p>(5) Luminile de avarie se folosesc în urmãtoarele situații:</p><ul style=""list-style-type:circle;""><li>a)&nbsp; când vehiculul este imobilizat involuntar pe partea carosabilã;</li><li>b)&nbsp;&nbsp; când vehiculul se deplaseazã foarte lent și/sau constituie el însuși un pericol pentru ceilalți participanți la trafic;</li><li>c)&nbsp;&nbsp; când autovehiculul, tractorul agricol sau forestier ori tramvaiul este remorcat.</li></ul><p>&nbsp;(6)&nbsp;&nbsp; În situațiile prevãzute la alin. (5), conducãtorii de autovehicule, tractoare agricole sau forestiere și tramvaie trebuie sã punã în funcțiune luminile de avarie, în mod succesiv, în ordinea opririi și în cazul în care aceastã manevrã este impusã de blocarea circulației pe sensul de mers.</p><p>(7)&nbsp;&nbsp; Când circulã prin tunel conducãtorul de vehicul este obligat sã foloseascã luminile de întâlnire.</p>


                    </div>","https://scoaladrpciv.ro/intrebari/categoria-c/pozitia-in-timpul-mersului-si-semnalele-conducatorilor-de-autovehicule"
"1790533151-286","https://scoaladrpciv.ro/intrebari/categoria-c","Când se folosesc luminile de avarie?","B - când autocamionul se deplasează foarte lent, din motive obiective;","","","A - când se circulă în coloană, cu viteză redusă;","C - când se circulă pe un drum alunecos.","https://scoaladrpciv.ro/intrebare/cand-se-folosesc-luminile-de-avarie-a983","","<div class="""">
                        <h4>Articolul 114</h4><p>(1)&nbsp;&nbsp; Conducãtorii de autovehicule, tractoare agricole sau forestiere și tramvaie sunt obligați sã foloseascã instalațiile de iluminare și/sau semnalizare a acestora, dupã cum urmeazã:</p><ul style=""list-style-type:circle;""><li>a)&nbsp;&nbsp; luminile de poziție sau de staționare pe timpul imobilizãrii vehiculului pe partea carosabilã în afara localitãților, de la lãsarea serii și pânã în zorii zilei, ziua când plouã torențial, ninge abundent sau este ceațã densã ori în alte condiții care reduc vizibilitatea pe drumul public;</li><li>b)&nbsp;&nbsp; luminile de întâlnire sau de drum, în mers, atât în localitãți, cât și în afara acestora, dupã gradul de iluminare a drumului public;</li><li>c)&nbsp; luminile de întâlnire și cele de ceațã pe timp de ceațã densã;</li><li>d)&nbsp;&nbsp; luminile de întâlnire ale autovehiculelor care însoțesc coloane militare sau cortegii, transportã grupuri organizate de persoane și cele care tracteazã alte vehicule sau care transporta mãrfuri ori produse periculoase, în timpul zilei;</li><li>e)&nbsp;&nbsp; luminile de întâlnire atunci când plouã torențial, ninge abundent ori în alte condiții care reduc vizibilitatea pe drum;</li><li>f)&nbsp;&nbsp; luminile pentru mersul înapoi atunci când vehiculul este manevrat cãtre înapoi;</li><li>g)&nbsp;&nbsp; luminile indicatoare de direcție pentru semnalizarea schimbãrii direcției de mers, inclusiv la punerea în mișcare a vehiculului de pe loc.</li></ul><p>(2)&nbsp;&nbsp; Pe timpul nopții, la apropierea a douã vehicule care circulã din sensuri opuse, conducãtorii acestora sunt obligați ca de la o distanțã de cel puțin 200 m sã foloseascã luminile de întâlnire concomitent cu reducerea vitezei. Când conducãtorul de autovehicul, tractor agricol sau forestier se apropie de un autovehicul care circulã în fațã sã, acesta este obligat sã foloseascã luminile de întâlnire de la o distanțã de cel puțin 100 m.</p><p>(3)&nbsp;&nbsp; Pe timpul nopții sau în condiții de vizibilitate redusã conducãtorii de autovehicule, tractoare agricole sau forestiere și tramvaie care se apropie de o intersecție nedirijatã prin semnale luminoase sau de cãtre polițiști sunt obligați sã semnalizeze prin folosirea alternantã a luminilor de întâlnire cu cele de drum dacã nu încalcã astfel prevederile alin. (2).</p><p>&nbsp;(4)&nbsp;&nbsp; Pe timpul nopții sau în condiții de vizibilitate redusã autovehiculele, tractoarele agricole sau forestiere ori remorcile cu deficiențe la sistemul de iluminare și semnalizare luminoasã nu pot fi conduse sau remorcate fãrã a avea în funcțiune pe partea stânga, în fațã o luminã de întâlnire și în spate una de poziție.</p><p>(5) Luminile de avarie se folosesc în urmãtoarele situații:</p><ul style=""list-style-type:circle;""><li>a)&nbsp; când vehiculul este imobilizat involuntar pe partea carosabilã;</li><li><span style=""background-color:hsl(60, 75%, 60%);"">b)&nbsp;&nbsp; când vehiculul se deplaseazã foarte lent și/sau constituie el însuși un pericol pentru ceilalți participanți la trafic;</span></li><li>c)&nbsp;&nbsp; când autovehiculul, tractorul agricol sau forestier ori tramvaiul este remorcat.</li></ul><p>&nbsp;(6)&nbsp;&nbsp; În situațiile prevãzute la alin. (5), conducãtorii de autovehicule, tractoare agricole sau forestiere și tramvaie trebuie sã punã în funcțiune luminile de avarie, în mod succesiv, în ordinea opririi și în cazul în care aceastã manevrã este impusã de blocarea circulației pe sensul de mers.</p><p>(7)&nbsp;&nbsp; Când circulã prin tunel conducãtorul de vehicul este obligat sã foloseascã luminile de întâlnire.</p>


                    </div>","https://scoaladrpciv.ro/intrebari/categoria-c/pozitia-in-timpul-mersului-si-semnalele-conducatorilor-de-autovehicule"
"1790533153-287","https://scoaladrpciv.ro/intrebari/categoria-c","În care dintre situaţiile de mai jos puteţi folosi banda de lângă axul drumului pe o autostradă?","A - când efectuaţi depăşirea altor autovehicule, dacă celelalte benzi în direcţia de mers sunt ocupate;","","","B - când conduceţi autocamionul cu viteza maximă admisă;","C - când nu sunteţi precedat de alte autovehicule.","https://scoaladrpciv.ro/intrebare/in-care-dintre-situatiile-de-mai-jos-puteti-folosi-banda-de-langa-axul-drumului-pe-o-autostrada-2f55","","<div class="""">
                        <h4>Articolul 42</h4><p>Când circulația se desfășoară pe două sau mai multe benzi pe sens, acestea se folosesc de către conducătorii de vehicule în funcție de intensitatea traficului și viteza de deplasare, având obligația să revină pe prima bandă ori de câte ori acest lucru este posibil, dacă aceasta nu este destinată vehiculelor lente sau transportului public de persoane.</p><h4>Articolul 101</h4><p>Când drumul are douã sau mai multe benzi pe sensul de mers, vehiculele se conduc pe banda situatã lângã acostament sau bordura. Celelalte benzi pot fi folosite succesiv, de la dreapta spre stânga, dacã banda de circulație utilizatã este ocupatã, cu obligația de a reveni pe banda din dreapta atunci când acest lucru este posibil.</p>


                    </div>","https://scoaladrpciv.ro/intrebari/categoria-c/pozitia-in-timpul-mersului-si-semnalele-conducatorilor-de-autovehicule"
"1790533155-288","https://scoaladrpciv.ro/intrebari/categoria-c","Atunci când intenţionaţi să circulaţi cu autocamionul spre stânga, într-o intersecţie fără marcaje, aflată în afara localităţii, ce rând trebuie să ocupaţi şi de la ce distanţă?","A - rândul din stânga, de la cel puţin 50 m;","","","B - rândul din stânga, de la cel puţin 200 m;","C - rândul din dreapta, de la cel puţin 100 m.","https://scoaladrpciv.ro/intrebare/atunci-cand-intentionati-sa-circulati-cu-autocamionul-spre-stanga-intr-o-intersectie-fara-marcaje-aflata-in-afara-localitatii-ce-rand-trebuie-sa-ocupati-si-de-la-ce-distanta-e1da","","<div class="""">
                        <h4>Articolul 107</h4><p>(1)&nbsp;&nbsp; La intersecțiile prevãzute cu indicatoare și/sau cu marcaje pentru semnalizarea direcției de mers, conducãtorii de vehicule trebuie sã se încadreze pe benzile corespunzãtoare direcției de mers voite cu cel puțin 50 m înainte de intersecție și sunt obligați sã respecte semnificația indicatoarelor și marcajelor.</p><p>(2)&nbsp;&nbsp; La intersecțiile fãrã marcaje de delimitare a benzilor, conducãtorii vehiculelor ocupa în mers, cu cel puțin 50 m înainte de intersecție, urmãtoarele poziții:</p><ul style=""list-style-type:circle;""><li>a)&nbsp;&nbsp; rândul de lângã bordurã sau acostament, cei care vor sã schimbe direcția de mers spre dreapta;</li><li><span style=""background-color:hsl(60, 75%, 60%);"">b)&nbsp;&nbsp; rândul de lângã axa drumului sau de lângã marcajul de separare a sensurilor, cei care vor sã schimbe direcția de mers spre stânga. Când circulația se desfãșoarã pe drumuri cu sens unic, conducãtorii de vehicule care intenționeazã sã vireze la stânga sunt obligați sã ocupe rândul de lângã bordura sau acostamentul din partea stânga;</span></li><li>c)&nbsp; oricare dintre rânduri, cei care vor sã meargã înainte.</li></ul><p>(3)&nbsp;&nbsp; Dacã în intersecție circulã și tramvaie, iar spațiul dintre șina din dreapta și trotuar nu permite circulația pe douã sau mai multe rânduri, toți conducãtorii de vehicule, indiferent de direcția de deplasare, vor circula pe un singur rând, lãsând liber traseul tramvaiului.</p><p>(4)&nbsp;&nbsp; În cazul în care tramvaiul este oprit într-o stație fãrã refugiu pentru pietoni, vehiculele trebuie sã opreascã în ordinea sosirii, în spatele acestuia, și sã își reia deplasarea numai dupã ce ușile tramvaiului au fost închise și s-au asigurat cã nu pun în pericol siguranța pietonilor angajați în traversarea drumului public.</p>


                    </div>","https://scoaladrpciv.ro/intrebari/categoria-c/pozitia-in-timpul-mersului-si-semnalele-conducatorilor-de-autovehicule"
"1790533158-289","https://scoaladrpciv.ro/intrebari/categoria-c","Ce se înțelege prin selectarea benzii de circulație în apropierea unei intersecții?","B - ocuparea din timp a benzii corespunzătoare direcției de mers, la apropierea de o intersecție;","","","A - semnalizarea și asigurarea la schimbarea direcției de mers;","C - reducerea vitezei și semnalizarea schimbării poziției autocamionului.","https://scoaladrpciv.ro/intrebare/ce-se-intelege-prin-selectarea-benzii-de-circulatie-in-apropierea-unei-intersectii-c6c2","","<div class="""">
                        <h4>Articolul 42</h4><p>Când circulația se desfășoară pe două sau mai multe benzi pe sens, acestea se folosesc de către conducătorii de vehicule în funcție de intensitatea traficului și viteza de deplasare, având obligația să revină pe prima bandă ori de câte ori acest lucru este posibil, dacă aceasta nu este destinată vehiculelor lente sau transportului public de persoane.</p><h4>Articolul 107</h4><p>(1)&nbsp;&nbsp; La intersecțiile prevãzute cu indicatoare și/sau cu marcaje pentru semnalizarea direcției de mers, conducãtorii de vehicule trebuie sã se încadreze pe benzile corespunzãtoare direcției de mers voite cu cel puțin 50 m înainte de intersecție și sunt obligați sã respecte semnificația indicatoarelor și marcajelor.</p><p>(2)&nbsp;&nbsp; La intersecțiile fãrã marcaje de delimitare a benzilor, conducãtorii vehiculelor ocupa în mers, cu cel puțin 50 m înainte de intersecție, urmãtoarele poziții:</p><ul style=""list-style-type:circle;""><li>a)&nbsp;&nbsp; rândul de lângã bordurã sau acostament, cei care vor sã schimbe direcția de mers spre dreapta;</li><li>b)&nbsp;&nbsp; rândul de lângã axa drumului sau de lângã marcajul de separare a sensurilor, cei care vor sã schimbe direcția de mers spre stânga. Când circulația se desfãșoarã pe drumuri cu sens unic, conducãtorii de vehicule care intenționeazã sã vireze la stânga sunt obligați sã ocupe rândul de lângã bordura sau acostamentul din partea stânga;</li><li>c)&nbsp; oricare dintre rânduri, cei care vor sã meargã înainte.</li></ul><p>(3)&nbsp;&nbsp; Dacã în intersecție circulã și tramvaie, iar spațiul dintre șina din dreapta și trotuar nu permite circulația pe douã sau mai multe rânduri, toți conducãtorii de vehicule, indiferent de direcția de deplasare, vor circula pe un singur rând, lãsând liber traseul tramvaiului.</p><p>(4)&nbsp;&nbsp; În cazul în care tramvaiul este oprit într-o stație fãrã refugiu pentru pietoni, vehiculele trebuie sã opreascã în ordinea sosirii, în spatele acestuia, și sã își reia deplasarea numai dupã ce ușile tramvaiului au fost închise și s-au asigurat cã nu pun în pericol siguranța pietonilor angajați în traversarea drumului public.</p>


                    </div>","https://scoaladrpciv.ro/intrebari/categoria-c/pozitia-in-timpul-mersului-si-semnalele-conducatorilor-de-autovehicule"
"1790533160-290","https://scoaladrpciv.ro/intrebari/categoria-c","De la ce distanţă trebuie să folosească un conducător de autocamion mijloacele de avertizare sonoră, pentru a preveni pietonii şi pe ceilalţi conducători de vehicule?","C - de la cel puţin 25 m de aceştia.","","","A - legea nu prevede o anumită distanţă;","B - de la cel mult 30 m de aceştia;","https://scoaladrpciv.ro/intrebare/de-la-ce-distanta-trebuie-sa-foloseasca-un-conducator-de-autocamion-mijloacele-de-avertizare-sonora-pentru-a-preveni-pietonii-si-pe-ceilalti-conducatori-de-vehicule-cb6e","","<div class="""">
                        <h4>Articolul 113</h4><p><span style=""background-color:hsl(60, 75%, 60%);"">(1)&nbsp;&nbsp; Mijloacele de avertizare sonorã trebuie folosite de la o distanțã de cel puțin 25 m fațã de cei cãrora li se adreseazã, pe o durata de timp care sã asigure perceperea semnalului și fãrã sã îi determine pe aceștia la manevre ce pot pune în pericol siguranța circulației.</span></p><p>(2)&nbsp;&nbsp; Semnalizarea cu mijloacele de avertizare sonorã nu poate fi folositã în zonele de acțiune a indicatorului ""Claxonarea interzisã"".</p><p>(3)&nbsp;&nbsp; Se excepteazã de la prevederile alin. (2):</p><ul style=""list-style-type:circle;""><li>a)&nbsp;&nbsp; conducãtorii autovehiculelor cu regim de circulație prioritarã când se deplaseazã în acțiuni de intervenții sau în misiuni care au caracter de urgențã;</li><li>b)&nbsp;&nbsp; conducãtorii autovehiculelor care folosesc acest semnal pentru evitarea unui pericol imediat.</li></ul>


                    </div>","https://scoaladrpciv.ro/intrebari/categoria-c/pozitia-in-timpul-mersului-si-semnalele-conducatorilor-de-autovehicule"
"1790533162-291","https://scoaladrpciv.ro/intrebari/categoria-c","Sunteți obligat să folosiți luminile de întâlnire în timpul zilei:","A - pe toate categoriile de drumuri publice;","","","B - numai pe drumurile județene, comunale și locale;","C - numai pe autostrăzi, drumuri expres și naționale europene.","https://scoaladrpciv.ro/intrebare/sunteti-obligat-sa-folositi-luminile-de-intalnire-in-timpul-zilei-3573","","<div class="""">
                        <p>(1) În circulația pe drumurile publice conducătorii de vehicule pot folosi, în condițiile prevăzute de regulament, mijloacele de avertizare sonoră și luminoasă aflate în dotare și omologate.&nbsp;</p><p><span style=""background-color:hsl(60, 75%, 60%);"">(2) În circulația pe toate categoriile de drumuri publice conducătorii de autovehicule și tractoare agricole sau forestiere sunt obligați să folosească și în timpul zilei luminile de întâlnire sau luminile pentru circulația diurnă.&nbsp;</span></p><p>(3) Conducătorii motocicletelor și mopedelor sunt obligați să folosească luminile de întâlnire pe toată durata deplasării acestora pe drumurile publice.&nbsp;</p><p>(4) În circulația pe drumurile publice se interzice deținerea la vedere, montarea și folosirea mijloacelor speciale de avertizare sonoră și luminoasă pe și în alte autovehicule decât cele prevăzute la art. 32 alin. (2), precum și deținerea, montarea sau folosirea pe autovehicule a sistemelor care perturbă buna funcționare a dispozitivelor de supraveghere a traficului.&nbsp;</p><p>(5) Conducătorii de autovehicule pot fi avertizați de poliția rutieră în legatură cu prezența în trafic a dispozitivelor de măsurare a vitezei, prin mass-media sau panouri de avertizare. Conducătorii de autovehicule pot folosi mijloace proprii de detectare a dispozitivelor de măsurare a vitezei.</p>


                    </div>","https://scoaladrpciv.ro/intrebari/categoria-c/pozitia-in-timpul-mersului-si-semnalele-conducatorilor-de-autovehicule"
"1790533165-292","https://scoaladrpciv.ro/intrebari/categoria-c","Sunteți obligat să semnalizați orice schimbare a direcției de mers?","C - da.","","","A - numai dacă sunt vehicule care vă urmează;","B - numai în localități;","https://scoaladrpciv.ro/intrebare/sunteti-obligat-sa-semnalizati-orice-schimbare-a-directiei-de-mers-b618","","<div class="""">
                        <h4>&nbsp;Articolul 116</h4><p><span style=""background-color:hsl(60, 75%, 60%);"">&nbsp;(1)&nbsp;&nbsp; Conducãtorii de vehicule sunt obligați sã semnalizeze schimbarea direcției de deplasare, depãșirea, oprirea și punerea în mișcare.</span></p><p>&nbsp;(2)&nbsp;&nbsp; Intenția conducãtorilor de autovehicule, tractoare agricole sau forestiere și tramvaie de a schimba direcția de mers, de a ieși dintr-un rând de vehicule staționate ori de a intra într-un asemenea rând, de a trece pe o altã bandã de circulație sau de a vira spre dreapta ori spre stânga sau a celor care urmeazã sã efectueze întoarcere, depãșire ori oprire se semnalizeazã prin punerea în funcțiune a luminilor indicatoare de direcție cu cel puțin 50 m în localitãți și 100 m în afara localitãților înainte de începerea efectuãrii manevrelor.</p>


                    </div>","https://scoaladrpciv.ro/intrebari/categoria-c/pozitia-in-timpul-mersului-si-semnalele-conducatorilor-de-autovehicule"
"1790533172-293","https://scoaladrpciv.ro/intrebari/categoria-c","Dacă în zona de preselecție v-ați încadrat pe banda pe care se află un marcaj pentru semnalizarea direcției de mers spre stânga, puteți circula pe direcția înainte?","A - nu;","","","B - da, dacă intersecția este dirijată;","C - da, dacă circulați cu atenție.","https://scoaladrpciv.ro/intrebare/daca-in-zona-de-preselectie-v-ati-incadrat-pe-banda-pe-care-se-afla-un-marcaj-pentru-semnalizarea-directiei-de-mers-spre-stanga-puteti-circula-pe-directia-inainte-5847","","<div class="""">
                        <h4>Articolul 107</h4><p><span style=""background-color:hsl(60, 75%, 60%);"">(1)&nbsp;&nbsp; La intersecțiile prevãzute cu indicatoare și/sau cu marcaje pentru semnalizarea direcției de mers, conducãtorii de vehicule trebuie sã se încadreze pe benzile corespunzãtoare direcției de mers voite cu cel puțin 50 m înainte de intersecție și sunt obligați sã respecte semnificația indicatoarelor și marcajelor.</span></p><p>(2)&nbsp;&nbsp; La intersecțiile fãrã marcaje de delimitare a benzilor, conducãtorii vehiculelor ocupa în mers, cu cel puțin 50 m înainte de intersecție, urmãtoarele poziții:</p><ul style=""list-style-type:circle;""><li>a)&nbsp;&nbsp; rândul de lângã bordurã sau acostament, cei care vor sã schimbe direcția de mers spre dreapta;</li><li>b)&nbsp;&nbsp; rândul de lângã axa drumului sau de lângã marcajul de separare a sensurilor, cei care vor sã schimbe direcția de mers spre stânga. Când circulația se desfãșoarã pe drumuri cu sens unic, conducãtorii de vehicule care intenționeazã sã vireze la stânga sunt obligați sã ocupe rândul de lângã bordura sau acostamentul din partea stânga;</li><li>c)&nbsp; oricare dintre rânduri, cei care vor sã meargã înainte.</li></ul><p>(3)&nbsp;&nbsp; Dacã în intersecție circulã și tramvaie, iar spațiul dintre șina din dreapta și trotuar nu permite circulația pe douã sau mai multe rânduri, toți conducãtorii de vehicule, indiferent de direcția de deplasare, vor circula pe un singur rând, lãsând liber traseul tramvaiului.</p><p>(4)&nbsp;&nbsp; În cazul în care tramvaiul este oprit într-o stație fãrã refugiu pentru pietoni, vehiculele trebuie sã opreascã în ordinea sosirii, în spatele acestuia, și sã își reia deplasarea numai dupã ce ușile tramvaiului au fost închise și s-au asigurat cã nu pun în pericol siguranța pietonilor angajați în traversarea drumului public.</p>


                    </div>","https://scoaladrpciv.ro/intrebari/categoria-c/pozitia-in-timpul-mersului-si-semnalele-conducatorilor-de-autovehicule"
"1790533175-294","https://scoaladrpciv.ro/intrebari/categoria-c","Luminile de poziţie se folosesc, pe timp de zi, atunci când autocamionul este oprit în afara localităţilor:","C - pentru că vizibilitatea este redusă.","","","A - pentru urcarea sau coborârea pasagerilor;","B - din cauza unor avarii;","https://scoaladrpciv.ro/intrebare/luminile-de-pozitie-se-folosesc-pe-timp-de-zi-atunci-cand-autocamionul-este-oprit-in-afara-localitatilor-290e","","<div class="""">
                        <h4>Articolul 114</h4><p>(1)&nbsp;&nbsp; Conducãtorii de autovehicule, tractoare agricole sau forestiere și tramvaie sunt obligați sã foloseascã instalațiile de iluminare și/sau semnalizare a acestora, dupã cum urmeazã:</p><ul style=""list-style-type:circle;""><li><span style=""background-color:hsl(60, 75%, 60%);"">a)&nbsp;&nbsp; luminile de poziție sau de staționare pe timpul imobilizãrii vehiculului pe partea carosabilã în afara localitãților, de la lãsarea serii și pânã în zorii zilei, ziua când plouã torențial, ninge abundent sau este ceațã densã ori în alte condiții care reduc vizibilitatea pe drumul public;</span></li><li>b)&nbsp;&nbsp; luminile de întâlnire sau de drum, în mers, atât în localitãți, cât și în afara acestora, dupã gradul de iluminare a drumului public;</li><li>c)&nbsp; luminile de întâlnire și cele de ceațã pe timp de ceațã densã;</li><li>d)&nbsp;&nbsp; luminile de întâlnire ale autovehiculelor care însoțesc coloane militare sau cortegii, transportã grupuri organizate de persoane și cele care tracteazã alte vehicule sau care transporta mãrfuri ori produse periculoase, în timpul zilei;</li><li>e)&nbsp;&nbsp; luminile de întâlnire atunci când plouã torențial, ninge abundent ori în alte condiții care reduc vizibilitatea pe drum;</li><li>f)&nbsp;&nbsp; luminile pentru mersul înapoi atunci când vehiculul este manevrat cãtre înapoi;</li><li>g)&nbsp;&nbsp; luminile indicatoare de direcție pentru semnalizarea schimbãrii direcției de mers, inclusiv la punerea în mișcare a vehiculului de pe loc.</li></ul><p>(2)&nbsp;&nbsp; Pe timpul nopții, la apropierea a douã vehicule care circulã din sensuri opuse, conducãtorii acestora sunt obligați ca de la o distanțã de cel puțin 200 m sã foloseascã luminile de întâlnire concomitent cu reducerea vitezei. Când conducãtorul de autovehicul, tractor agricol sau forestier se apropie de un autovehicul care circulã în fațã sã, acesta este obligat sã foloseascã luminile de întâlnire de la o distanțã de cel puțin 100 m.</p><p>(3)&nbsp;&nbsp; Pe timpul nopții sau în condiții de vizibilitate redusã conducãtorii de autovehicule, tractoare agricole sau forestiere și tramvaie care se apropie de o intersecție nedirijatã prin semnale luminoase sau de cãtre polițiști sunt obligați sã semnalizeze prin folosirea alternantã a luminilor de întâlnire cu cele de drum dacã nu încalcã astfel prevederile alin. (2).</p><p>&nbsp;(4)&nbsp;&nbsp; Pe timpul nopții sau în condiții de vizibilitate redusã autovehiculele, tractoarele agricole sau forestiere ori remorcile cu deficiențe la sistemul de iluminare și semnalizare luminoasã nu pot fi conduse sau remorcate fãrã a avea în funcțiune pe partea stânga, în fațã o luminã de întâlnire și în spate una de poziție.</p><p>(5) Luminile de avarie se folosesc în urmãtoarele situații:</p><ul style=""list-style-type:circle;""><li>a)&nbsp; când vehiculul este imobilizat involuntar pe partea carosabilã;</li><li>b)&nbsp;&nbsp; când vehiculul se deplaseazã foarte lent și/sau constituie el însuși un pericol pentru ceilalți participanți la trafic;</li><li>c)&nbsp;&nbsp; când autovehiculul, tractorul agricol sau forestier ori tramvaiul este remorcat.</li></ul><p>&nbsp;(6)&nbsp;&nbsp; În situațiile prevãzute la alin. (5), conducãtorii de autovehicule, tractoare agricole sau forestiere și tramvaie trebuie sã punã în funcțiune luminile de avarie, în mod succesiv, în ordinea opririi și în cazul în care aceastã manevrã este impusã de blocarea circulației pe sensul de mers.</p><p>(7)&nbsp;&nbsp; Când circulã prin tunel conducãtorul de vehicul este obligat sã foloseascã luminile de întâlnire.</p>


                    </div>","https://scoaladrpciv.ro/intrebari/categoria-c/pozitia-in-timpul-mersului-si-semnalele-conducatorilor-de-autovehicule"
"1790533179-295","https://scoaladrpciv.ro/intrebari/categoria-c","Vehiculele cu mase și/sau dimensiuni de gabarit depășite sunt prevăzute cu dispozitive de iluminare speciale de avertizare având culoarea:","B - galbenă;","","","A - roșie;","C - albastră.","https://scoaladrpciv.ro/intrebare/vehiculele-cu-mase-si-sau-dimensiuni-de-gabarit-depasite-sunt-prevazute-cu-dispozitive-de-iluminare-speciale-de-avertizare-avand-culoarea-5a9c","","<div class="""">
                        <h4>Articolul 32</h4><p>(1)&nbsp;&nbsp;&nbsp; Semnalele speciale de avertizare luminoase sunt emise intermitent de dispozitivele de iluminare montate pe autovehicule și au următoarele semnificații:</p><ul><li>a)&nbsp;lumina roșie obligă participanții la trafic să oprească în direcția de mers cât mai aproape de marginea drumului;</li><li>b)&nbsp; lumina albastră obligă participanții la trafic să acorde prioritate de trecere;</li><li>c)&nbsp; lumina galbenă obligă participanții la trafic să circule cu atenție.</li></ul><p>(2)&nbsp; Sunt autorizate să utilizeze semnale speciale de avertizare luminoase:</p><ul><li>a)&nbsp; pentru lumina roșie - autovehiculele aparținând poliției și pompierilor;</li><li>b)&nbsp;&nbsp; pentru lumina albastră - autovehiculele aparținând poliției, jandarmeriei, poliției de frontieră, Autorității Vamale Române, Agenției Naționale de Administrare Fiscală, serviciului de ambulanță sau medicină legală, protecției civile, serviciilor publice Salvamont și Salvaspeo organizate de consiliile județene și consiliile locale, Ministerului Apărării Naționale care însoțesc coloane militare, unităților speciale ale Serviciului Român de Informații și ale Serviciului de Protecție și Pază, Administrației Naționale a Penitenciarelor din cadrul Ministerului Justiției, precum și autovehiculele de serviciu ale procurorilor din Ministerul Public, atunci când se deplasează în acțiuni de intervenție sau în misiuni care au caracter de urgență;</li><li><span style=""background-color:hsl(60, 75%, 60%);"">c) pentru lumina galbenă - autovehiculele cu mase și/sau dimensiuni de gabarit depășite ori care însoțesc asemenea vehicule, cele care transportă anumite mărfuri sau substanțe periculoase, cele destinate întreținerii, reparării ori verificării unor lucrări efectuate în partea carosabilă sau executării unor lucrări de drumuri, curățeniei străzilor, deszăpezirii sau tractării, transportului și depanării autovehiculelor ramase în pană sau avariate, precum și tractoarele care tractează utilajele agricole și tehnologice cu dimensiuni de gabarit depășite.</span></li></ul><p>(3)&nbsp;&nbsp;Autovehiculele prevăzute la alin. (2) lit. a) și b) trebuie să fie echipate și cu mijloace speciale sonore de avertizare.</p><p>(4)&nbsp; Pe autovehiculele aparținând poliției și pe cele prevăzute la alin. (2) lit. c) pot fi instalate și dispozitive luminoase cu mesaje variabile, destinate participanților la trafic.</p><p>(4^1) Pe autovehiculele Autorității Vamale Române, precum și ale Agenției Naționale de Administrare Fiscală, inscripționate vizibil cu denumirea și sigla instituției din care fac parte, pot fi instalate dispozitive luminoase cu mesaje variabile, de care se poate face uz pentru oprirea în trafic a autovehiculelor în scopul exercitării atribuțiilor de control specifice, potrivit legii.</p><p>(5)&nbsp;&nbsp;Mijloacele speciale de avertizare, luminoase sau sonore, se certifică sau se omologhează de autoritatea competentă, potrivit legii. Condițiile de utilizare a acestora se stabilesc prin regulament.</p>


                    </div>","https://scoaladrpciv.ro/intrebari/categoria-c/semnale-luminoase"
"1790533182-296","https://scoaladrpciv.ro/intrebari/categoria-c","Puteţi efectua virajul spre stânga, atunci când conduceţi un autocamion în apropierea unei intersecţii, în care întâlniţi semnalul de culoare verde al semaforului, precum şi indicatorul „Înainte sau la dreapta“?","B - nu puteţi executa virajul;","","","A - indicatorul trebuie respectat numai în cazul în care semaforul nu funcţionează, deci puteţi efectua virajul spre stânga;","C - trebuie să aşteptaţi schimbarea culorii semaforului.","https://scoaladrpciv.ro/intrebare/puteti-efectua-virajul-spre-stanga-atunci-cand-conduceti-un-autocamion-in-apropierea-unei-intersectii-in-care-intalniti-semnalul-de-culoare-verde-al-semaforului-precum-si-indicatorul-inainte-sau-la-dreapta-6ab6","","<div class="""">
                        <h4>Articolul 57</h4><p>Conducãtorul vehiculului care intra într-o intersecție la culoarea verde a semaforului este obligat sã respecte și semnificația indicatoarelor instalate în interiorul acesteia.</p>


                    </div>","https://scoaladrpciv.ro/intrebari/categoria-c/semnale-luminoase"
"1790533184-297","https://scoaladrpciv.ro/intrebari/categoria-c","Când deasupra fiecărei benzi de circulaţie se află în funcţiune câte un semafor, conducătorul de autocamion trebuie:","C - să respecte semnificaţia semnalului luminos instalat deasupra benzii pe care se află.","","","A - să respecte semnificaţia semnalului luminos al semaforului instalat deasupra benzii din stânga;","B - să respecte semnificaţia semnalului luminos al semaforului instalat pe trotuar;","https://scoaladrpciv.ro/intrebare/cand-deasupra-fiecarei-benzi-de-circulatie-se-afla-in-functiune-cate-un-semafor-conducatorul-de-autocamion-trebuie-c11c","","<div class="""">
                        <h4>Articolul 48</h4><p>&nbsp;(1)&nbsp;&nbsp; Semafoarele care emit semnale luminoase pentru dirijarea circulației în intersecții se instaleazã obligatoriu înainte de intersecție, astfel încât sã fie vizibile de la o distanțã de cel puțin 50 m. Acestea pot fi repetate în mijlocul, deasupra ori de cealaltã parte a intersecției.</p><p><span style=""background-color:hsl(60, 75%, 60%);"">&nbsp;(2)&nbsp;&nbsp; Semnificația semnalelor luminoase pentru dirijarea circulației vehiculelor este valabilã pe întreaga lãțime a pãrții carosabile deschise circulației conducãtorilor cãrora li se adreseazã. Pe drumurile cu douã sau mai multe benzi pe sens, pentru direcții diferite, delimitate prin marcaje longitudinale, semafoarele se pot instala deasupra uneia sau unora dintre benzi, caz în care semnificația semnalelor luminoase se limiteazã la banda sau benzile astfel semnalizate.</span></p>


                    </div>","https://scoaladrpciv.ro/intrebari/categoria-c/semnale-luminoase"
"1790533186-298","https://scoaladrpciv.ro/intrebari/categoria-c","Ce obligaţii îi revin conducătorului de autocamion în momentul apropierii de o intersecţie, dacă semnalul verde se schimbă cu cel galben?","C - să oprească autocamionul în faţa marcajului de oprire sau a marcajului pentru trecerea pietonilor ori în dreptul semaforului.","","","A - să grăbească traversarea;","B - să traverseze intersecţia cu viteză redusă;","https://scoaladrpciv.ro/intrebare/ce-obligatii-ii-revin-conducatorului-de-autocamion-in-momentul-apropierii-de-o-intersectie-daca-semnalul-verde-se-schimba-cu-cel-galben-537d","","<div class="""">
                        <h4>Articolul 53</h4><p><span style=""background-color:hsl(60, 75%, 60%);"">(1)&nbsp;&nbsp; Când semnalul de culoare galbenã apare dupã semnalul de culoare verde, conducãtorul vehiculului care se apropie de intersecție nu trebuie sã treacã de locurile prevãzute la art. 52 alin.</span></p><p>(2), cu excepția situației în care, la apariția semnalului, se aflã atât de aproape de acele locuri încât nu ar mai putea opri vehiculul în condiții de siguranțã.</p><p>(2)&nbsp;&nbsp; Semnalul de culoare galbenã intermitent permite trecerea, conducãtorul de vehicul fiind obligat sã circule cu viteza redusã, sã respecte semnificația semnalizãrii rutiere și a regulilor de circulație aplicabile în acel loc.</p>


                    </div>","https://scoaladrpciv.ro/intrebari/categoria-c/semnale-luminoase"
"1790533188-299","https://scoaladrpciv.ro/intrebari/categoria-c","Cum veți proceda dacă la intrarea într-o intersecție semaforul este pe semnalul verde, dar aceasta este blocată din cauza aglomerației?","C - opriți și așteptați deblocarea, după care pătrundeți în intersecție pe semnalul verde al semaforului.","","","A - vă continuați deplasarea, deoarece semnalul verde vă permite acest lucru;","B - claxonați și găsiți o modalitate de a avansa printre celelalte vehicule;","https://scoaladrpciv.ro/intrebare/cum-veti-proceda-daca-la-intrarea-intr-o-intersectie-semaforul-este-pe-semnalul-verde-dar-aceasta-este-blocata-din-cauza-aglomeratiei-735f","","<div class="""">
                        <h4>Articolul 57</h4><p style=""margin-left:0cm;text-align:justify;"">(1)&nbsp;&nbsp; La intersecțiile cu circulație nedirijată, conducătorul de vehicul este obligat să cedeze trecerea vehiculelor care vin din partea dreapta, în condițiile stabilite prin regulament.</p><p style=""margin-left:0cm;text-align:justify;"">(2)&nbsp;&nbsp; La intersecțiile cu circulație dirijată, conducătorul de vehicul este obligat să respecte semnificația indicatoarelor, culoarea semaforului sau indicațiile ori semnalele polițistului rutier.</p><p style=""margin-left:0cm;text-align:justify;""><span style=""background-color:hsl(60, 75%, 60%);"">(3)&nbsp;&nbsp; Pătrunderea unui vehicul într-o intersecție este interzisă dacă prin aceasta se produce blocarea intersecției.</span></p><p>(4)&nbsp;&nbsp; În intersecțiile cu sens giratoriu, semnalizate ca atare, vehiculele care circulă în interiorul acestora au prioritate față de cele care urmează să pătrundă în intersecție.</p>


                    </div>","https://scoaladrpciv.ro/intrebari/categoria-c/semnale-luminoase"
"1790533191-300","https://scoaladrpciv.ro/intrebari/categoria-c","Cum veți proceda dacă, apropiindu-vă de o intersecție, observați aprinse simultan luminile de culoare roșie și galbenă ale semaforului?","C - opriți și așteptați culoarea verde a semaforului.","","","A - reduceți viteza și vă continuați drumul, dacă intenționați să virați la dreapta;","B - circulați cu prudență, deoarece semaforul este defect;","https://scoaladrpciv.ro/intrebare/cum-veti-proceda-daca-apropiindu-va-de-o-intersectie-observati-aprinse-simultan-luminile-de-culoare-rosie-si-galbena-ale-semaforului-c500","","<div class="""">
                        <h4>Articolul 30</h4><p>(1)&nbsp; Mijloacele de semnalizare rutieră sunt:</p><ul><li>a)&nbsp; sistemele de semnalizare luminoasă sau sonoră;</li><li>&nbsp;b)&nbsp; indicatoarele;</li><li>&nbsp;c)&nbsp; marcajele;</li><li>&nbsp;d)&nbsp; alte dispozitive speciale.</li></ul><p>(2)&nbsp;&nbsp;&nbsp;Mijloacele de semnalizare rutieră se constituie într-un sistem unitar, se realizează și se instalează astfel încât să fie observate cu ușurință și de la o distanță adecvată, atât pe timp de zi, cât și pe timp de noapte, de cei cărora li se adresează și trebuie să fie în deplină concordanță între ele, precum și într-o stare tehnică de funcționare corespunzătoare.</p><p>(3)&nbsp; Semnalele luminoase pentru dirijarea circulației în intersecții au următoarele semnificații:</p><ul><li>&nbsp;a)&nbsp; semnalul de culoare verde permite trecerea;</li><li>&nbsp;b)&nbsp; semnalul de culoare roșie interzice trecerea;</li><li><span style=""background-color:hsl(60, 75%, 60%);"">&nbsp;c)&nbsp; semnalul de culoare galbenă împreună cu cel de culoare roșie interzic trecerea.</span></li></ul><p>(4)&nbsp;&nbsp; Mijloacele de semnalizare rutieră, precum și alte dispozitive speciale de acest fel se asigură, se instalează și se întrețin prin grija administratorului drumului public respectiv ori al căii ferate, după caz. Instalarea mijloacelor de semnalizare rutieră și a dispozitivelor speciale se execută numai cu avizul prealabil al poliției rutiere.</p><p>(5)&nbsp;&nbsp;Mijloacele de semnalizare și presemnalizare a intersecțiilor dintre două drumuri de categorii diferite se asigura, se instalează și se întrețin de către administratorul fiecărui drum, cu respectarea modului de reglementare a circulației stabilit în nodul rutier respectiv.</p><p>(6)&nbsp; Mijloacele de semnalizare rutieră pot fi însoțite și de dispozitive speciale de avertizare.</p><p>&nbsp;7)&nbsp; Se interzic:</p><ul><li>a)&nbsp;&nbsp;amplasarea, în zona drumului public, de construcții, panouri sau dispozitive ce pot fi confundate cu indicatoarele sau cu instalațiile ce servesc la semnalizarea rutieră ori realizarea de amenajări sau alte obstacole care sunt de natură să limiteze vizibilitatea ori eficacitatea acestora, să stânjenească participanții la trafic sau să le distragă atenția, punând în pericol siguranța circulației;</li><li>b)&nbsp;&nbsp;&nbsp; lipirea de afișe, inscripții sau înscrisuri pe indicatoarele ori dispozitivele ce servesc la semnalizarea rutieră, inclusiv pe suporturile acestora.</li></ul>


                    </div>","https://scoaladrpciv.ro/intrebari/categoria-c/semnale-luminoase"
"1790533193-301","https://scoaladrpciv.ro/intrebari/categoria-c","Dacă semaforul în funcţiune se află instalat de cealaltă parte a intersecţiei, conducătorul de autocamion:","C - este obligat să respecte semnificaţia semnalelor luminoase ale acestuia, dacă un alt semafor instalat la intrarea în intersecţie are în funcţiune un semnal similar.","","","A - nu este obligat să respecte semnificaţia semnalelor luminoase, deoarece nu i se adresează;","B - este obligat să respecte semnificaţia semnalelor luminoase, doar dacă semaforul este însoţit de un semn adiţional care indică direcţiile cărora li se adresează semnalele;","https://scoaladrpciv.ro/intrebare/daca-semaforul-in-functiune-se-afla-instalat-de-cealalta-parte-a-intersectiei-conducatorul-de-autocamion-0239","","<div class="""">
                        <h4>Articolul 48</h4>
<p><span style=""background-color: #fbeeb8;"">&nbsp;(1)&nbsp;&nbsp; Semafoarele care emit semnale luminoase pentru dirijarea circulației în intersecții se instaleazã obligatoriu înainte de intersecție, astfel încât sã fie vizibile de la o distanțã de cel puțin 50 m. Acestea pot fi repetate în mijlocul, deasupra ori de cealaltã parte a intersecției.</span></p>
<h4>Articolul 52</h4>
<p>(1)&nbsp;&nbsp; Semnalul de culoare roșie interzice trecerea.</p>
<p><span style=""background-color: hsl(60, 75%, 60%);"">(2)&nbsp;&nbsp; La semnalul de culoare roșie vehiculul trebuie oprit înaintea marcajului pentru oprire sau, dupã caz, pentru trecerea pietonilor, iar în lipsa acestuia, în dreptul semaforului. Dacã semaforul este instalat deasupra ori de cealaltã parte a intersecției, în lipsa marcajului pentru oprire sau pentru trecerea pietonilor, vehiculul trebuie oprit înainte de marginea pãrții carosabile a drumului ce urmeazã a fi intersectat.</span></p>
<p>(3)&nbsp;&nbsp; Atunci când semnalul de culoare roșie funcționeazã concomitent cu cel de culoare galbenã, acesta anunțã apariția semnalului de culoare verde.</p>


                    </div>","https://scoaladrpciv.ro/intrebari/categoria-c/semnale-luminoase"
"1790533195-302","https://scoaladrpciv.ro/intrebari/categoria-c","Cum sunt semnalizate benzile de circulație reversibilă, care vă permit să continuați deplasarea?","B - cu semnalul verde de forma unei săgeți cu vârful în jos;","","","A - cu dispozitive de culoare galbenă intermitentă;","C - cu semnul roșu în cruce.","https://scoaladrpciv.ro/intrebare/cum-sunt-semnalizate-benzile-de-circulatie-reversibila-care-va-permit-sa-continuati-deplasarea-3f7f","","<div class="""">
                        <h4>Articolul 56</h4><p><span style=""background-color:hsl(60, 75%, 60%);"">(1)&nbsp;&nbsp; Când deasupra benzilor de circulație sunt instalate dispozitive care emit semnale roșii și verzi, acestea sunt destinate semnalizãrii benzilor cu circulație reversibilã. Semnalul rosu, având forma a douã bare încrucișate, interzice accesul vehiculelor pe banda deasupra cãreia se gãsește, iar semnalul verde, de forma unei sãgeți cu vârful în jos, permite intrarea vehiculelor și circulația pe acea bandã.</span></p><p>(2)&nbsp;&nbsp; Semnalul luminos intermediar care are forma unei sau unor sãgeți de culoare galbenã ori albã cu vârful orientat cãtre dreapta sau stânga jos anunțã schimbarea semnalului verde, în cazul benzilor cu circulație reversibilã, ori faptul cã banda deasupra cãreia se aflã este pe punctul de a fi închisã circulației conducãtorilor cãrora li se adreseazã, aceștia fiind obligați sã se deplaseze pe banda sau benzile indicate de sãgeți.</p>


                    </div>","https://scoaladrpciv.ro/intrebari/categoria-c/semnale-luminoase"
"1790533198-303","https://scoaladrpciv.ro/intrebari/categoria-c","Semaforul de avertizare constituit dintr-un corp de iluminat de culoare galbenă intermitentă vă informează în legătură cu:","B - o trecere de pietoni;","","","A - o intersecție nedirijată;","C - o avarie a sistemului de semafoare dintr-o intersecție.","https://scoaladrpciv.ro/intrebare/semaforul-de-avertizare-constituit-dintr-un-corp-de-iluminat-de-culoare-galbena-intermitenta-va-informeaza-in-legatura-cu-cc14","","<div class="""">
                        <h4>Articolul 62</h4><p>Semaforul de avertizare se instaleazã la ieșirea din intersecție și este constituit dintr-un corp de iluminat cu luminã galbenã intermitentã. Acesta poate avea în câmpul sau imaginea unui pieton în mișcare, de culoare galbenã pe fond negru.</p>


                    </div>","https://scoaladrpciv.ro/intrebari/categoria-c/semnale-luminoase"
"1790533202-304","https://scoaladrpciv.ro/intrebari/categoria-c","Ce obligaţii are conducătorul unui autocamion care circulă în zona de frontieră?","A - să oprească imediat autocamionul la semnalele regulamentare ale poliţiştilor de frontieră aflaţi în zona de competenţă;","","","B - să reducă viteza sub limita legală;","C - să circule cu faza de întâlnire în funcţiune, deoarece se află în zona de frontieră.","https://scoaladrpciv.ro/intrebare/ce-obligatii-are-conducatorul-unui-autocamion-care-circula-in-zona-de-frontiera-c9a3","","<div class="""">
                        <h4>Articolul 89</h4><p>(1)&nbsp;&nbsp; Oprirea participanților la trafic este obligatorie și la semnalele date de:</p><ul style=""list-style-type:circle;""><li><span style=""background-color:hsl(60, 75%, 60%);"">a)&nbsp; polițiștii de frontierã;</span></li><li>b)&nbsp;&nbsp; îndrumãtorii de circulație ai Ministerului Apãrãrii;</li><li>&nbsp;c)&nbsp; agenții de cale feratã, la trecerile la nivel;</li><li>&nbsp;d)&nbsp;&nbsp; personalul autorizat din zona lucrãrilor pe drumurile publice;</li><li>&nbsp;e)&nbsp;&nbsp; membrii patrulelor școlare de circulație, la trecerile pentru pietoni din apropierea unitãților de învãțãmânt;</li><li>&nbsp;f)&nbsp;&nbsp; nevãzãtori, prin ridicarea bastonului alb, atunci când aceștia traverseazã strada.</li></ul><p>(2)&nbsp;&nbsp; Persoanele prevãzute la alin. (1) lit. a)-d) pot efectua și urmãtoarele semnale:</p><ul style=""list-style-type:circle;""><li>a)&nbsp;&nbsp; balansarea brațului în plan vertical, cu palma mâinii orientatã cãtre sol sau cu un mijloc de semnalizare, care semnificã reducerea vitezei;</li><li>b)&nbsp;&nbsp; rotirea vioaie a brațului, care semnificã mãrirea vitezei de deplasare a vehiculelor, inclusiv grãbirea traversãrii drumului de cãtre pietoni.</li></ul>


                    </div>","https://scoaladrpciv.ro/intrebari/categoria-c/semnalele-politistilor"
"1790533204-305","https://scoaladrpciv.ro/intrebari/categoria-c","Când sunteţi obligat să opriţi autocamionul?","A - la semnalele îndrumătorilor de circulaţie ai Ministerului Apărării;","","","B - la semnalele conducătorilor de vehicule care virează la dreapta;","C - la semnalele conducătorilor vehiculelor care circulă din sens invers.","https://scoaladrpciv.ro/intrebare/cand-sunteti-obligat-sa-opriti-autocamionul-e4e1","","<div class="""">
                        <h4>Articolul 89</h4><p>(1)&nbsp;&nbsp; Oprirea participanților la trafic este obligatorie și la semnalele date de:</p><ul style=""list-style-type:circle;""><li>a)&nbsp; polițiștii de frontierã;</li><li><span style=""background-color:hsl(60, 75%, 60%);"">b)&nbsp;&nbsp; îndrumãtorii de circulație ai Ministerului Apãrãrii;</span></li><li>&nbsp;c)&nbsp; agenții de cale feratã, la trecerile la nivel;</li><li>&nbsp;d)&nbsp;&nbsp; personalul autorizat din zona lucrãrilor pe drumurile publice;</li><li>&nbsp;e)&nbsp;&nbsp; membrii patrulelor școlare de circulație, la trecerile pentru pietoni din apropierea unitãților de învãțãmânt;</li><li>&nbsp;f)&nbsp;&nbsp; nevãzãtori, prin ridicarea bastonului alb, atunci când aceștia traverseazã strada.</li></ul><p>(2)&nbsp;&nbsp; Persoanele prevãzute la alin. (1) lit. a)-d) pot efectua și urmãtoarele semnale:</p><ul style=""list-style-type:circle;""><li>a)&nbsp;&nbsp; balansarea brațului în plan vertical, cu palma mâinii orientatã cãtre sol sau cu un mijloc de semnalizare, care semnificã reducerea vitezei;</li><li>b)&nbsp;&nbsp; rotirea vioaie a brațului, care semnificã mãrirea vitezei de deplasare a vehiculelor, inclusiv grãbirea traversãrii drumului de cãtre pietoni.</li></ul>


                    </div>","https://scoaladrpciv.ro/intrebari/categoria-c/semnalele-politistilor"
"1790533207-306","https://scoaladrpciv.ro/intrebari/categoria-c","Conducătorul unui autocamion este obligat să oprească:","B - la semnalul nevăzătorilor care traversează strada;","","","A - la apropierea de o intersecţie;","C - la semnalul conducătorului coloanei de pietoni.","https://scoaladrpciv.ro/intrebare/conducatorul-unui-autocamion-este-obligat-sa-opreasca-ca7d","","<div class="""">
                        <h4>Articolul 89</h4><p>(1)&nbsp;&nbsp; Oprirea participanților la trafic este obligatorie și la semnalele date de:</p><ul style=""list-style-type:circle;""><li>a)&nbsp; polițiștii de frontierã;</li><li>b)&nbsp;&nbsp; îndrumãtorii de circulație ai Ministerului Apãrãrii;</li><li>&nbsp;c)&nbsp; agenții de cale feratã, la trecerile la nivel;</li><li>&nbsp;d)&nbsp;&nbsp; personalul autorizat din zona lucrãrilor pe drumurile publice;</li><li>&nbsp;e)&nbsp;&nbsp; membrii patrulelor școlare de circulație, la trecerile pentru pietoni din apropierea unitãților de învãțãmânt;</li><li><span style=""background-color:hsl(60, 75%, 60%);"">&nbsp;f)&nbsp;&nbsp; nevãzãtori, prin ridicarea bastonului alb, atunci când aceștia traverseazã strada.</span></li></ul><p>(2)&nbsp;&nbsp; Persoanele prevãzute la alin. (1) lit. a)-d) pot efectua și urmãtoarele semnale:</p><ul style=""list-style-type:circle;""><li>a)&nbsp;&nbsp; balansarea brațului în plan vertical, cu palma mâinii orientatã cãtre sol sau cu un mijloc de semnalizare, care semnificã reducerea vitezei;</li><li>b)&nbsp;&nbsp; rotirea vioaie a brațului, care semnificã mãrirea vitezei de deplasare a vehiculelor, inclusiv grãbirea traversãrii drumului de cãtre pietoni.</li></ul>


                    </div>","https://scoaladrpciv.ro/intrebari/categoria-c/semnalele-politistilor"
"1790533212-307","https://scoaladrpciv.ro/intrebari/categoria-c","Care dintre indicatoarele alăturate interzice conducătorilor de autocamioane să depăşească motociclete fără ataş?","A - numai indicatorul 1;","","","B - numai indicatorul 2;","C - ambele indicatoare.","https://scoaladrpciv.ro/intrebare/care-dintre-indicatoarele-alaturate-interzice-conducatorilor-de-autocamioane-sa-depaseasca-motociclete-fara-atas-e53b","https://scoaladrpciv.ro/storage/questions/2058.jpeg","<div class="""">
                        <p><strong>Indicatorul 1 </strong>se numeste: <span style=""text-decoration: underline;"">Depasirea interzisa autovehiculelor destinate transportului de marfuri</span> si are rolul de a preciza inceputul sectorului de drum pe care depasirea este interzisa autovehiculelor destinate transportului de marfuri.</p>
<p><strong>Indicatorul 2</strong> se numeste: <span style=""text-decoration: underline;"">Depasirea autovehiculelor, cu exceptia motocicletelor fara atas, interzisa.</span> La intalnirea acestui indicator depasirea autovehiculelor, cu exceptia motocicletelor fara atas, este interzisa.</p>
<p>Asadar la intalnirea indicatorului 2 se poate depasii motociclete fara atas prin exceptie. La intalnirea indicatorului 1 este interzis depasirea tuturor vehiculelor ce include si exceptia de la indicatorul 1.</p>


                    </div>","https://scoaladrpciv.ro/intrebari/categoria-c/indicatoare-si-marcaje"
"1790533214-308","https://scoaladrpciv.ro/intrebari/categoria-c","Conducând un camion cu marfă, ce interdicţie aveţi la întâlnirea indicatorului din imagine?","A - să depăşiţi autovehicule;","","","B - să depăşiţi motociclete, bicicletele şi ciclomotoare;","C - să depăşiţi vehicule staţionate.","https://scoaladrpciv.ro/intrebare/conducand-un-camion-cu-marfa-ce-interdictie-aveti-la-intalnirea-indicatorului-din-imagine-40d5","https://scoaladrpciv.ro/storage/questions/2054.jpeg","","https://scoaladrpciv.ro/intrebari/categoria-c/indicatoare-si-marcaje"
"1790533216-309","https://scoaladrpciv.ro/intrebari/categoria-c","Ce interzice indicatorul din imagine?","A - accesul vehiculelor care transportă mărfuri periculoase;","","","B - accesul vehiculelor care transportă containere;","C - accesul vehiculelor cu remorcă.","https://scoaladrpciv.ro/intrebare/ce-interzice-indicatorul-din-imagine-b563","https://scoaladrpciv.ro/storage/questions/2052.webp","","https://scoaladrpciv.ro/intrebari/categoria-c/indicatoare-si-marcaje"
"1790533219-310","https://scoaladrpciv.ro/intrebari/categoria-c","Camionul din imagine a oprit regulamentar?","B - nu, deoarece se află în zona de acţiune a indicatorului „Oprirea interzisă“;","","","A - nu, deoarece lăţimea drumului este mai mică de 6 m;","C - da, deoarece semnul adiţional indică sfârşitul zonei unde oprirea este interzisă.","https://scoaladrpciv.ro/intrebare/camionul-din-imagine-a-oprit-regulamentar-97b3","https://scoaladrpciv.ro/storage/questions/2039.jpeg","<div class="""">
                        


                    </div>","https://scoaladrpciv.ro/intrebari/categoria-c/indicatoare-si-marcaje"
"1790533221-311","https://scoaladrpciv.ro/intrebari/categoria-c","Ce obligaţii aveţi la întâlnirea acestui indicator?","C - să folosiţi lanţuri pentru zăpadă, dacă autovehiculul are masa mai mare de 3,5 t şi carosabilul este acoperit cu gheaţă sau zăpadă.","","","A - să echipaţi obligatoriu autovehiculul cu lanţuri;","B - să folosiţi pneuri cu crampoane;","https://scoaladrpciv.ro/intrebare/ce-obligatii-aveti-la-intalnirea-acestui-indicator-4439","https://scoaladrpciv.ro/storage/questions/1997.jpeg","<div class="""">
                        <h4>Articolul 148</h4><p>Se interzice conducãtorului de autovehicul, tractor agricol sau forestier ori tramvai:</p><p>1.&nbsp;&nbsp; sã conducã un autovehicul, tractor agricol sau forestier ori tramvai cu dovada înlocuitoare a permisului de conducere eliberatã fãrã drept de circulație sau a cãrei valabilitate a expirat;</p><p>2.&nbsp;&nbsp; sã transporte în autovehicul, tractor agricol sau forestier ori tramvai mai multe persoane decât numãrul de locuri stabilite în certificatul de înmatriculare sau de înregistrare;</p><p>3.&nbsp;&nbsp; sã transporte persoane în stare de ebrietate pe autovehicule din categoriile AM, A1, A2 și A sau în cabina ori în caroseria autovehiculului destinat transportului de mãrfuri;</p><p>4.&nbsp;&nbsp; sã transporte persoane în caroseria autobasculantei, pe autocisternã, pe platformã, deasupra încãrcãturii, pe pãrțile laterale ale caroseriei sau persoane care stau în picioare în caroseria autocamionului, pe scãri și în remorcã, cu excepția celei special amenajate pentru transportul persoanelor;</p><p>5.&nbsp;&nbsp; sã transporte în și pe autoturism obiecte a cãror lungime sau lãțime depãșește, împreunã cu încãrcãtura, dimensiunile acestuia;</p><p>6.&nbsp;&nbsp; sã deschidã ușile vehiculului sau tramvaiului în timpul mersului, sã porneascã de pe loc cu ușile deschise;</p><p>7.&nbsp;&nbsp; sã aibã în timpul mersului preocupãri de naturã a-i distrage în mod periculos atenția ori sã foloseascã instalații de sonorizare la un nivel de zgomot care ar afecta deplasarea în siguranțã a lui și a celorlalți participanți la trafic;</p><p>8.&nbsp;&nbsp; sã intre pe drumurile modernizate cu vehiculul care are pe roți sau pe caroserie noroi ce se depune pe partea carosabilã ori din care cad sau se scurg produse, substanțe ori materiale ce pot pune în pericol siguranța circulației;</p><p>9.&nbsp;&nbsp; sã aibã aplicate pe parbriz, lunetã sau pe geamurile laterale afișe, reclame publicitare, înscrisuri ori accesorii, care restrâng sau estompeazã vizibilitatea conducãtorului ori a pasagerilor, atât din interior, cât și din exterior;</p><p>10.&nbsp;&nbsp; sã aibã aplicate folii sau tratamente chimice pe parbrize, lunetã ori pe geamurile laterale, care restrâng sau estompeazã vizibilitatea, atât din interior, cât și din exterior, cu excepția celor omologate și certificate, prin marcaj corespunzãtor, de cãtre autoritatea competentã;</p><p>11.&nbsp;&nbsp; sã aibã aplicate folii sau tratamente chimice pe dispozitivele de iluminare ori semnalizare luminoasã, care diminueazã eficacitatea acestora, precum și pe plãcuțele cu numãrul de înmatriculare sau de înregistrare, care împiedicã citirea numãrului de înmatriculare sau de înregistrare;</p><p>12.&nbsp;&nbsp; sã lase liber în timpul mersului volanul, ghidonul sau maneta de comandã, sã opreascã motorul ori sã decupleze transmisia în timpul mersului;</p><p>13.&nbsp;&nbsp; sã foloseascã în mod abuziv mijloacele de avertizare sonorã;</p><p><span style=""background-color:hsl(60, 75%, 60%);"">14.&nbsp;&nbsp; sã circule cu autovehiculul cu masa totalã maximã autorizatã mai mare de 3,5 tone pe drumurile acoperite cu zãpadã, gheațã sau polei, fãrã a avea montate pe roți lanțuri sau alte echipamente antiderapante omologate, în perioadele și pe drumurile stabilite prin ordin al ministrului transporturilor, construcțiilor și turismului;</span></p><p>15.&nbsp;&nbsp; sã circule având montate pe autovehicul și tractor agricol sau forestier anvelope cu alte dimensiuni ori caracteristici decât cele prevãzute în certificatul de înmatriculare sau de înregistrare ori care prezintã tãieturi sau rupturi ale cordului ori sunt uzate peste limita admisã;</p><p>16.&nbsp;&nbsp; sã conducã un vehicul care emanã noxe peste limita legalã admisã ori al cãrui zgomot în mers sau staționare depãșește pragul fonic prevãzut de lege ori care are montat pe sistemul de evacuare a gazelor dispozitive neomologate;</p><p>17.&nbsp;&nbsp; sã circule cu vehiculul având plãcuțele cu numerele de înmatriculare sau de înregistrare, provizorii ori pentru probe deteriorate sau neconforme cu standardul;</p><p>18.&nbsp;&nbsp; sã sãvârșeascã acte sau gesturi obscene, sã profereze injurii, sã adreseze expresii jignitoare ori vulgare celorlalți participanți la trafic;</p><p>19.&nbsp;&nbsp; sã circule cu vehiculul avariat mai mult de 30 de zile de la data producerii avariei;</p><p>20.&nbsp;&nbsp; sã arunce, pe drumurile publice, din vehicul obiecte, materiale sau substanțe;</p><p>21.&nbsp;&nbsp; sã traverseze drumurile publice, pe trecerile destinate pietonilor, în timp ce se deplaseazã pe vehicule din categoriile AM, A1, A2 și A.</p>


                    </div>","https://scoaladrpciv.ro/intrebari/categoria-c/indicatoare-si-marcaje"
"1790533223-312","https://scoaladrpciv.ro/intrebari/categoria-c","Care dintre indicatoarele alăturate interzice accesul autocamioanelor cu remorcă, a căror lungime totală este mai mare de 10 m?","A - numai indicatorul 1;","","","B - ambele indicatoare;","C - niciunul.","https://scoaladrpciv.ro/intrebare/care-dintre-indicatoarele-alaturate-interzice-accesul-autocamioanelor-cu-remorca-a-caror-lungime-totala-este-mai-mare-de-10-m-876f","https://scoaladrpciv.ro/storage/questions/1984.jpeg","<div class="""">
                        


                    </div>","https://scoaladrpciv.ro/intrebari/categoria-c/indicatoare-si-marcaje"
"1790533225-313","https://scoaladrpciv.ro/intrebari/categoria-c","Indicatorul interzice:","A - accesul autovehiculelor destinate transportului de mărfuri;","","","B - accesul tuturor autovehiculelor;","C - accesul maşinilor destinate transporturilor speciale (produse periculoase, autoutilaje speciale).","https://scoaladrpciv.ro/intrebare/indicatorul-interzice-29a4","https://scoaladrpciv.ro/storage/questions/1944.jpeg","<div class="""">
                        


                    </div>","https://scoaladrpciv.ro/intrebari/categoria-c/indicatoare-si-marcaje"
"1790533228-314","https://scoaladrpciv.ro/intrebari/categoria-c","Ce simbolizează indicatorul din imagine?","B - indică traseul de urmat pentru conducătorii de autocamioane;","","","A - conducătorii de autocamioane vor circula numai pe direcţia înainte;","C - indică locul de parcare pentru autocamioane.","https://scoaladrpciv.ro/intrebare/ce-simbolizeaza-indicatorul-din-imagine-da43","https://scoaladrpciv.ro/storage/questions/1939.jpeg","<div class="""">
                        


                    </div>","https://scoaladrpciv.ro/intrebari/categoria-c/indicatoare-si-marcaje"
"1790533230-315","https://scoaladrpciv.ro/intrebari/categoria-c","Vă aflaţi la volanul unui autocamion şi întâlniţi indicatorul alăturat. În această situaţie puteţi folosi:","C - o viteză care să nu depăşească 30 km/h.","","","A - o viteză care să nu depăşească 50 km/h;","B - o viteză cuprinsă între 30-50 km/h;","https://scoaladrpciv.ro/intrebare/va-aflati-la-volanul-unui-autocamion-si-intalniti-indicatorul-alaturat-in-aceasta-situatie-puteti-folosi-9450","https://scoaladrpciv.ro/storage/questions/1924.jpeg","<div class="""">
                        


                    </div>","https://scoaladrpciv.ro/intrebari/categoria-c/indicatoare-si-marcaje"
"1790533232-316","https://scoaladrpciv.ro/intrebari/categoria-c","Indicatorul alăturat permite accesul:","C - bicicletelor.","","","A - autocamioanelor;","B - motocicletelor fără ataș;","https://scoaladrpciv.ro/intrebare/indicatorul-alaturat-permite-accesul-35c1","https://scoaladrpciv.ro/storage/questions/1898.jpeg","<div class="""">
                        


                    </div>","https://scoaladrpciv.ro/intrebari/categoria-c/indicatoare-si-marcaje"
"1790533235-317","https://scoaladrpciv.ro/intrebari/categoria-c","Indicatorul interzice accesul:","A - autovehiculelor și vehiculelor cu tracțiune animală;","","","B - motocicletelor, autoturismelor și vehiculelor cu tracțiune animală;","C - autoturismelor și vehiculelor cu tracțiune animală.","https://scoaladrpciv.ro/intrebare/indicatorul-interzice-accesul-9ce4","https://scoaladrpciv.ro/storage/questions/1890.jpeg","<div class="""">
                        


                    </div>","https://scoaladrpciv.ro/intrebari/categoria-c/indicatoare-si-marcaje"
"1790533237-318","https://scoaladrpciv.ro/intrebari/categoria-c","Indicatorul alăturat limitează:","C - înălţimea totală a vehiculului, inclusiv încărcătura.","","","A - înălţimea încărcăturii de la platforma vehiculului;","B - înălţimea vehiculului;","https://scoaladrpciv.ro/intrebare/indicatorul-alaturat-limiteaza-8ac8","https://scoaladrpciv.ro/storage/questions/1846.jpeg","<div class="""">
                        


                    </div>","https://scoaladrpciv.ro/intrebari/categoria-c/indicatoare-si-marcaje"
"1790533239-319","https://scoaladrpciv.ro/intrebari/categoria-c","Cum veţi proceda corect la întâlnirea indicatorului din imagine?","C - veţi circula pe banda din dreapta, dacă viteza autocamionului nu este mai mare de 30 km/h.","","","A - veţi circula cu o viteză minimă de 30 km/h;","B - veţi opri pe banda din dreapta, pentru a permite celorlalte vehicule să vă depăşească;","https://scoaladrpciv.ro/intrebare/cum-veti-proceda-corect-la-intalnirea-indicatorului-din-imagine-8c41","https://scoaladrpciv.ro/storage/questions/1833.jpeg","<div class="""">
                        


                    </div>","https://scoaladrpciv.ro/intrebari/categoria-c/indicatoare-si-marcaje"
"1790533241-320","https://scoaladrpciv.ro/intrebari/categoria-c","Care dintre indicatoarele alăturate interzice accesul vehiculelor a căror înălțime este mai mare de 3,5 m?","A - indicatorul 1;","B - indicatorul 2;","C - indicatorul 3.","","","https://scoaladrpciv.ro/intrebare/care-dintre-indicatoarele-alaturate-interzice-accesul-vehiculelor-a-caror-inaltime-este-mai-mare-de-3-5-m-8028","https://scoaladrpciv.ro/storage/questions/1831.jpeg","<div class="""">
                        <p>Indicatorul 1: <strong>Accesul interzis autovehiculelor </strong>-&nbsp; fiind interzisa accesul tuturor autovehiculelor automat este interzis si autocamioanelor cu inaltimea mai mare de 3.5 m</p>
<p>Indicatorul 2: <strong>Accesul interzis vehiculelor cu inaltimea mai mare de 3.5 m</strong> - este de inteles ca interzice autocamioanele ce au inaltime mai mare de 3.5m</p>
<p>Indicatorul 3:&nbsp; <strong>Accesul interzis vehiculelor destinate transportului de marfuri</strong> - acesta interzice si accesul autocamioanelor ce au inaltimea mai mare de 3.5m</p>


                    </div>","https://scoaladrpciv.ro/intrebari/categoria-c/indicatoare-si-marcaje"
"1790533244-321","https://scoaladrpciv.ro/intrebari/categoria-c","Indicatorul din imagine semnifică:","A - presemnalizarea unei rute ocolitoare pentru camioane;","","","B - accesul autocamioanelor este interzis;","C - o intersecţie cu un drum pentru autoturisme la 200 m.","https://scoaladrpciv.ro/intrebare/indicatorul-din-imagine-semnifica-0dc4","https://scoaladrpciv.ro/storage/questions/1803.jpeg","<div class="""">
                        


                    </div>","https://scoaladrpciv.ro/intrebari/categoria-c/indicatoare-si-marcaje"
"1790533246-322","https://scoaladrpciv.ro/intrebari/categoria-c","Vă aflaţi la volanul unui autocamion şi întâlniţi indicatorul alăturat. Cum veţi proceda?","A - nu veţi depăşi autovehiculele care circulă în faţa dumneavoastră;","","","B - puteţi depăşi numai autocamioanele;","C - puteţi depăşi numai autoturismele.","https://scoaladrpciv.ro/intrebare/va-aflati-la-volanul-unui-autocamion-si-intalniti-indicatorul-alaturat-cum-veti-proceda-fcc2","https://scoaladrpciv.ro/storage/questions/1801.jpeg","<div class="""">
                        


                    </div>","https://scoaladrpciv.ro/intrebari/categoria-c/indicatoare-si-marcaje"
"1790533248-323","https://scoaladrpciv.ro/intrebari/categoria-c","Care este semnificaţia indicatorului din imagine?","B - direcţie obligatorie pentru vehiculele care transportă mărfuri periculoase;","","","A - direcţie obligatorie pentru vehiculele de transport marfă;","C - direcţie obligatorie pentru autovehicule, cu excepţia celor care transportă mărfuri periculoase.","https://scoaladrpciv.ro/intrebare/care-este-semnificatia-indicatorului-din-imagine-6af7","https://scoaladrpciv.ro/storage/questions/1792.jpeg","<div class="""">
                        


                    </div>","https://scoaladrpciv.ro/intrebari/categoria-c/indicatoare-si-marcaje"
"1790533251-324","https://scoaladrpciv.ro/intrebari/categoria-c","Indicatorul vă interzice accesul dacă:","B - masa pe osia simplă depăşeşte valoarea precizată;","","","A - masa autocamionului depăşeşte valoarea recomandată;","C - masa pe osia dublă depăşeşte valoarea recomandată.","https://scoaladrpciv.ro/intrebare/indicatorul-va-interzice-accesul-daca-2c06","https://scoaladrpciv.ro/storage/questions/1791.jpeg","<div class="""">
                        <p>Indicatorul se numeste:<span style=""text-decoration: underline;""> <a href=""/indicatoare-rutiere/indicatoare-de-interzicere-sau-restrictie/accesul-interzis-vehiculelor-cu-masa-mai-mare-de-t-pe-osia-simpla-9c9f"" target=""_blank"" rel=""noopener"">Accesul interzis vehiculelor cu masa mai mare de ... t pe osia simpla&nbsp;</a></span></p>
<p>&nbsp;</p>
<p>Are rolul de a preciza inceputul sectorului de drum pe care este interzis accesul vehiculelor cu o masa pe osia simpla mai mare decat cea inscriptionata pe panou.</p>
<p>&nbsp;</p>
<p>A nu se confunda cu cel cu osia dubla : <a title=""Accesul interzis vehiculelor cu masa pe osia dubla mai mare de ... t"" href=""/indicatoare-rutiere/indicatoare-de-interzicere-sau-restrictie/accesul-interzis-vehiculelor-cu-masa-pe-osia-dubla-mai-mare-de-t-c0d3"" target=""_blank"" rel=""noopener"">Accesul interzis vehiculelor cu masa pe osia dubla mai mare de ... t</a>&nbsp;</p>


                    </div>","https://scoaladrpciv.ro/intrebari/categoria-c/indicatoare-si-marcaje"
"1790533253-325","https://scoaladrpciv.ro/intrebari/categoria-c","Indicatorul alăturat interzice:","A - accesul autovehiculelor cu remorci, cu excepţia celor cu o semiremorcă sau cu o remorcă cu o osie;","","","B - accesul tuturor autovehiculelor cu semiremorcă;","C - accesul tuturor autovehiculelor care tractează remorci sau semiremorci.","https://scoaladrpciv.ro/intrebare/indicatorul-alaturat-interzice-3e36","https://scoaladrpciv.ro/storage/questions/1778.jpeg","<div class="""">
                        


                    </div>","https://scoaladrpciv.ro/intrebari/categoria-c/indicatoare-si-marcaje"
"1790533255-326","https://scoaladrpciv.ro/intrebari/categoria-c","Puteţi circula în continuare la întâlnirea indicatorului?","A - da, dacă lungimea autocamionului sau a ansamblului de vehicule nu depăşeşte valoarea precizată;","","","B - da, dacă lungimea remorcii, incluzând-o şi pe cea a proţapului, nu depăşeşte valoarea recomandată;","C - da, dacă distanţa dintre osii nu depăşeşte 10 m.","https://scoaladrpciv.ro/intrebare/puteti-circula-in-continuare-la-intalnirea-indicatorului-03cc","https://scoaladrpciv.ro/storage/questions/1767.jpeg","<div class="""">
                        


                    </div>","https://scoaladrpciv.ro/intrebari/categoria-c/indicatoare-si-marcaje"
"1790533257-327","https://scoaladrpciv.ro/intrebari/categoria-c","În timp ce conduceţi un autocamion, întâlniţi indicatorul alăturat. Vă puteţi continua deplasarea în acest caz?","C - da, dacă masa autocamionului şi a încărcăturii nu depăşesc masa înscrisă pe indicator.","","","A - da, dacă încărcătura nu depăşeşte masa înscrisă pe indicator;","B - da, dacă autocamionul este gol, indiferent de greutatea lui;","https://scoaladrpciv.ro/intrebare/in-timp-ce-conduceti-un-autocamion-intalniti-indicatorul-alaturat-va-puteti-continua-deplasarea-in-acest-caz-0b44","https://scoaladrpciv.ro/storage/questions/1766.jpeg","<div class="""">
                        


                    </div>","https://scoaladrpciv.ro/intrebari/categoria-c/indicatoare-si-marcaje"
"1790533260-328","https://scoaladrpciv.ro/intrebari/categoria-c","Care dintre indicatoarele alăturate interzice conducătorilor de autocamioane ce transportă marfă să depăşească autoturisme?","C - ambele indicatoare.","","","A - numai indicatorul 1;","B - numai indicatorul 2;","https://scoaladrpciv.ro/intrebare/care-dintre-indicatoarele-alaturate-interzice-conducatorilor-de-autocamioane-ce-transporta-marfa-sa-depaseasca-autoturisme-31b1","https://scoaladrpciv.ro/storage/questions/1750.jpeg","<div class="""">
                        <p>Indicatorul 1 semnifica: ""Depasirea interzisa autovehiculelor destinate transportului de marfuri""</p><p>Indicatorul 2 semnifica: ""Depasirea autovehiculelor, cu exceptia motocicletelor fara atas, intezisa""</p><p>La actiunea ambelor indicatoare, conducatorului de autocamioane ce transportă marfă ii este interzis sa depaseasca autoturisme deci raspunsul corect este C - ambele indicatoare.&nbsp;</p>


                    </div>","https://scoaladrpciv.ro/intrebari/categoria-c/indicatoare-si-marcaje"
"1790533262-329","https://scoaladrpciv.ro/intrebari/categoria-c","Indicatorul alăturat vă interzice să pătrundeţi cu autocamionul pe segmentul de drum la începutul căruia este instalat, dacă:","C - masa pe osia simplă depăşeşte 6,5 t.","","","A - masa acestuia depăşeşte 6,5 t;","B - masa pe osia dublă depăşeşte 6,5 t;","https://scoaladrpciv.ro/intrebare/indicatorul-alaturat-va-interzice-sa-patrundeti-cu-autocamionul-pe-segmentul-de-drum-la-inceputul-caruia-este-instalat-daca-b1ef","https://scoaladrpciv.ro/storage/questions/1739.jpeg","<div class="""">
                        <p>Indicatorul se numeste:<span style=""text-decoration: underline;""> <a href=""/indicatoare-rutiere/indicatoare-de-interzicere-sau-restrictie/accesul-interzis-vehiculelor-cu-masa-mai-mare-de-t-pe-osia-simpla-9c9f"" target=""_blank"" rel=""noopener"">Accesul interzis vehiculelor cu masa mai mare de ... t pe osia simpla&nbsp;</a></span></p>
<p>&nbsp;</p>
<p>Are rolul de a preciza inceputul sectorului de drum pe care este interzis accesul vehiculelor cu o masa pe osia simpla mai mare decat cea inscriptionata pe panou.</p>
<p>&nbsp;</p>
<p>A nu se confunda cu cel cu osia dubla : <a title=""Accesul interzis vehiculelor cu masa pe osia dubla mai mare de ... t"" href=""/indicatoare-rutiere/indicatoare-de-interzicere-sau-restrictie/accesul-interzis-vehiculelor-cu-masa-pe-osia-dubla-mai-mare-de-t-c0d3"" target=""_blank"" rel=""noopener"">Accesul interzis vehiculelor cu masa pe osia dubla mai mare de ... t</a>&nbsp;</p>


                    </div>","https://scoaladrpciv.ro/intrebari/categoria-c/indicatoare-si-marcaje"
"1790533264-330","https://scoaladrpciv.ro/intrebari/categoria-c","Care dintre următoarele obligaţii vă revin la întâlnirea indicatorului alăturat, în timp ce conduceţi un autocamion?","B - să acordaţi prioritate de trecere tuturor vehiculelor care se apropie din sens invers;","","","A - să acordaţi prioritate de trecere numai autocamioanelor şi autobuzelor care se apropie din sens invers;","C - să circulaţi cu atenţie sporită, fiind un sector de drum îngustat intens circulat de autocamioane şi autobuze.","https://scoaladrpciv.ro/intrebare/care-dintre-urmatoarele-obligatii-va-revin-la-intalnirea-indicatorului-alaturat-in-timp-ce-conduceti-un-autocamion-6282","https://scoaladrpciv.ro/storage/questions/1726.jpeg","<div class="""">
                        


                    </div>","https://scoaladrpciv.ro/intrebari/categoria-c/indicatoare-si-marcaje"
"1790533267-331","https://scoaladrpciv.ro/intrebari/categoria-c","Care dintre indicatoarele alăturate interzice accesul autocamioanelor a căror masă maximă autorizată depăşeşte 7 t?","A - numai indicatorul 1;","","","B - ambele indicatoare;","C - niciunul.","https://scoaladrpciv.ro/intrebare/care-dintre-indicatoarele-alaturate-interzice-accesul-autocamioanelor-a-caror-masa-maxima-autorizata-depaseste-7-t-024a","https://scoaladrpciv.ro/storage/questions/1707.jpeg","<div class="""">
                        


                    </div>","https://scoaladrpciv.ro/intrebari/categoria-c/indicatoare-si-marcaje"
"1790533269-332","https://scoaladrpciv.ro/intrebari/categoria-c","Indicatorul alăturat arată că:","C - drumul are o bandă destinată circulaţiei vehiculelor ce nu pot circula cu viteza înscrisă pe indicator.","","","A - circulaţia este deviată pe primul drum la dreapta;","B - primul drum la dreapta este întrerupt;","https://scoaladrpciv.ro/intrebare/indicatorul-alaturat-arata-ca-e6c7","https://scoaladrpciv.ro/storage/questions/1685.jpeg","<div class="""">
                        


                    </div>","https://scoaladrpciv.ro/intrebari/categoria-c/indicatoare-si-marcaje"
"1790533271-333","https://scoaladrpciv.ro/intrebari/categoria-c","În ce condiţii vă puteţi continua deplasarea, la întâlnirea indicatorului alăturat?","B - dacă gabaritul în lăţime al camionului nu depăşeşte 2,30 m;","","","A - dacă gabaritul în lungime al camionului pe care îl conduceţi nu depăşeşte 2,30 m;","C - dacă gabaritul în înălţime nu depăşeşte 2,30 m.","https://scoaladrpciv.ro/intrebare/in-ce-conditii-va-puteti-continua-deplasarea-la-intalnirea-indicatorului-alaturat-5391","https://scoaladrpciv.ro/storage/questions/1681.jpeg","<div class="""">
                        


                    </div>","https://scoaladrpciv.ro/intrebari/categoria-c/indicatoare-si-marcaje"
"1790533273-334","https://scoaladrpciv.ro/intrebari/categoria-c","Care este semnificaţia indicatorului din imagine?","B - accesul interzis vehiculelor având o masă pe osia triplă mai mare de 22 t;","","","A - accesul interzis remorcilor având o masă totală mai mare de 22 t;","C - accesul interzis vehiculelor echipate cu mai mult de două osii.","https://scoaladrpciv.ro/intrebare/care-este-semnificatia-indicatorului-din-imagine-223e","https://scoaladrpciv.ro/storage/questions/1664.jpeg","<div class="""">
                        


                    </div>","https://scoaladrpciv.ro/intrebari/categoria-c/indicatoare-si-marcaje"
"1790533276-335","https://scoaladrpciv.ro/intrebari/categoria-c","Care dintre indicatoarele alăturate interzice accesul autocamioanelor care transportă încărcături uşor inflamabile?","A - indicatorul 1;","","","B - indicatorul 2;","C - indicatorul 3.","https://scoaladrpciv.ro/intrebare/care-dintre-indicatoarele-alaturate-interzice-accesul-autocamioanelor-care-transporta-incarcaturi-usor-inflamabile-c325","https://scoaladrpciv.ro/storage/questions/1608.jpeg","<div class="""">
                        


                    </div>","https://scoaladrpciv.ro/intrebari/categoria-c/indicatoare-si-marcaje"
"1790533278-336","https://scoaladrpciv.ro/intrebari/categoria-c","Indicatorul alăturat vă interzice să pătrundeţi cu autocamionul pe segmentul de drum la începutul căruia este instalat, dacă:","A - transportaţi substanţe explozive sau uşor inflamabile;","","","B - transportaţi substanţe uşor inflamabile sau produse chimice;","C - transportaţi substanţe explozive sau mase plastice.","https://scoaladrpciv.ro/intrebare/indicatorul-alaturat-va-interzice-sa-patrundeti-cu-autocamionul-pe-segmentul-de-drum-la-inceputul-caruia-este-instalat-daca-cb6d","https://scoaladrpciv.ro/storage/questions/1580.jpeg","<div class="""">
                        


                    </div>","https://scoaladrpciv.ro/intrebari/categoria-c/indicatoare-si-marcaje"
