web_scraper_order,web_scraper_start_url,data,raspuns_corect_1,raspuns_corect_2,raspuns_corect_3,raspuns_1,raspuns_2,data3,image,explicatie,categorii
"1790474765-1","https://scoaladrpciv.ro/intrebari/categoria-b","Ce măsuri de precauţie trebuie să luaţi la utilizarea soluţiei antigel?","B - se va evita contactul cu aceasta, deoarece este toxică;","","","A - nicio măsură, întrucât lichidul respectiv nu este nociv;","C - nu se va combina cu apa, deoarece degajă multă căldură.","https://scoaladrpciv.ro/intrebare/ce-masuri-de-precautie-trebuie-sa-luati-la-utilizarea-solutiei-antigel-feda","","<div class="""">
                        


                    </div>","https://scoaladrpciv.ro/intrebari/categoria-b/notiuni-de-mecanica"
"1790474767-2","https://scoaladrpciv.ro/intrebari/categoria-b","Termostatul aparţine instalaţiei de:","A - răcire;","","","B - ungere;","C - alimentare.","https://scoaladrpciv.ro/intrebare/termostatul-apartine-instalatiei-de-addf","","<div class="""">
                        


                    </div>","https://scoaladrpciv.ro/intrebari/categoria-b/notiuni-de-mecanica"
"1790474769-3","https://scoaladrpciv.ro/intrebari/categoria-b","Cauzele ce pot determina creşterea nivelului de ulei în baia de ungere sunt:","B - pătrunderea apei sau a combustibilului în baia de ulei;","","","A - circulaţia frecventă pe drumuri neasfaltate;","C - defectarea pompei de ulei.","https://scoaladrpciv.ro/intrebare/cauzele-ce-pot-determina-cresterea-nivelului-de-ulei-in-baia-de-ungere-sunt-7182","","<div class="""">
                        


                    </div>","https://scoaladrpciv.ro/intrebari/categoria-b/notiuni-de-mecanica"
"1790474771-4","https://scoaladrpciv.ro/intrebari/categoria-b","Care sunt criteriile de apreciere a eficacităţii frânelor?","A - spaţiul de frânare;","","","B - forma pedalei;","C - mărimea urmei de frânare imprimată pe carosabil.","https://scoaladrpciv.ro/intrebare/care-sunt-criteriile-de-apreciere-a-eficacitatii-franelor-0f65","","<div class="""">
                        


                    </div>","https://scoaladrpciv.ro/intrebari/categoria-b/notiuni-de-mecanica"
"1790474774-5","https://scoaladrpciv.ro/intrebari/categoria-b","Pentru întreţinerea sistemului de ungere, trebuie să efectuaţi:","A - verificarea şi completarea nivelului uleiului din baie;","B - înlocuirea uleiului după expirarea termenului de utilizare;","","C - desfundarea orificiilor de aerisire ale radiatorului.","","https://scoaladrpciv.ro/intrebare/pentru-intretinerea-sistemului-de-ungere-trebuie-sa-efectuati-dc9f","","<div class="""">
                        


                    </div>","https://scoaladrpciv.ro/intrebari/categoria-b/notiuni-de-mecanica"
"1790474776-6","https://scoaladrpciv.ro/intrebari/categoria-b","Care sunt factorii care fac ca motorul Diesel al unui autoturism să emită fum excesiv?","C - defecţiuni la instalaţia de injecţie.","","","A - lipsa combustibilului;","B - buşonul rezervorului închis la maximum;","https://scoaladrpciv.ro/intrebare/care-sunt-factorii-care-fac-ca-motorul-diesel-al-unui-autoturism-sa-emita-fum-excesiv-a473","","<div class="""">
                        


                    </div>","https://scoaladrpciv.ro/intrebari/categoria-b/notiuni-de-mecanica"
"1790474778-7","https://scoaladrpciv.ro/intrebari/categoria-b","Când măsuraţi presiunea din pneuri?","A - înaintea plecării în cursă, când pneurile sunt reci;","","","B - după parcurgerea a cel puţin 400-500 km, când pneurile sunt calde;","C - doar atunci când observăm că autovehiculul este înclinat într-o parte.","https://scoaladrpciv.ro/intrebare/cand-masurati-presiunea-din-pneuri-6a90","","<div class="""">
                        


                    </div>","https://scoaladrpciv.ro/intrebari/categoria-b/notiuni-de-mecanica"
"1790474780-8","https://scoaladrpciv.ro/intrebari/categoria-b","Ce vă indică, de regulă, faptul că bateria de acumulatori este descărcată?","A - la aprinderea farurilor, intensitatea luminoasă a acestora scade progresiv;","B - acţionând claxonul, acesta emite un sunet slab, întrerupt;","","C - demontând bateria, constatăm că aceasta este mai uşoară decât de obicei.","","https://scoaladrpciv.ro/intrebare/ce-va-indica-de-regula-faptul-ca-bateria-de-acumulatori-este-descarcata-8168","","<div class="""">
                        


                    </div>","https://scoaladrpciv.ro/intrebari/categoria-b/notiuni-de-mecanica"
"1790474783-9","https://scoaladrpciv.ro/intrebari/categoria-b","Aprinderea luminii „martor“ de la bord, care semnalizează funcţionarea generatorului de curent, poate indica:","B - ruperea curelei de antrenare a pompei de apă, a ventilatorului şi a alternatorului;","","","A - griparea rotorului pompei de apă;","C - scurgeri de electrolit din acumulatori.","https://scoaladrpciv.ro/intrebare/aprinderea-luminii-martor-de-la-bord-care-semnalizeaza-functionarea-generatorului-de-curent-poate-indica-1cc6","","<div class="""">
                        


                    </div>","https://scoaladrpciv.ro/intrebari/categoria-b/notiuni-de-mecanica"
"1790474785-10","https://scoaladrpciv.ro/intrebari/categoria-b","Criteriul de alegere a benzinei pentru motoarele cu aprindere prin scânteie îl constituie:","B - cifra octanică (CO);","","","A - culoarea şi consistenţa;","C - cifra cetanică (CC).","https://scoaladrpciv.ro/intrebare/criteriul-de-alegere-a-benzinei-pentru-motoarele-cu-aprindere-prin-scanteie-il-constituie-e6cb","","<div class="""">
                        


                    </div>","https://scoaladrpciv.ro/intrebari/categoria-b/notiuni-de-mecanica"
"1790474788-11","https://scoaladrpciv.ro/intrebari/categoria-b","Schimbarea uleiului şi a elementului filtrant se face:","A - conform periodicităţii stabilite de constructor;","","","B - din 5 în 5 ani;","C - din 3 în 3 ani.","https://scoaladrpciv.ro/intrebare/schimbarea-uleiului-si-a-elementului-filtrant-se-face-b707","","<div class="""">
                        


                    </div>","https://scoaladrpciv.ro/intrebari/categoria-b/notiuni-de-mecanica"
"1790474790-12","https://scoaladrpciv.ro/intrebari/categoria-b","Care este rolul uleiului pentru motor?","B - reduce uzura motorului, prin crearea unui film rezistent de lubrifiant între suprafeţele pieselor aflate în mişcare;","","","A - asigură demontarea mai uşoară a pieselor motorului;","C - protejează motorul faţă de pătrunderea amestecului carburant în baia de ulei.","https://scoaladrpciv.ro/intrebare/care-este-rolul-uleiului-pentru-motor-2d2c","","<div class="""">
                        


                    </div>","https://scoaladrpciv.ro/intrebari/categoria-b/notiuni-de-mecanica"
"1790474793-13","https://scoaladrpciv.ro/intrebari/categoria-b","Circulaţia frecventă cu termostatul defect şi, implicit, cu o temperatură a lichidului de  răcire sub 60 grade C conduce la:","A - creşterea consumului de combustibil;","","","B - imposibilitatea încălzirii habitaclului;","C - blocarea pompei de apă.","https://scoaladrpciv.ro/intrebare/circulatia-frecventa-cu-termostatul-defect-si-implicit-cu-o-temperatura-a-lichidului-de-racire-sub-60-grade-c-conduce-la-1afa","","<div class="""">
                        


                    </div>","https://scoaladrpciv.ro/intrebari/categoria-b/notiuni-de-mecanica"
"1790474796-14","https://scoaladrpciv.ro/intrebari/categoria-b","Dacă efortul depus pentru acţionarea volanului este mai mare decât în mod obişnuit, trebuie să verificăm, în primul rând:","C - presiunea în pneurile punţii din faţă.","","","A - starea de prindere a volanului pe axul său;","B - presiunea în pneurile punţii din spate;","https://scoaladrpciv.ro/intrebare/daca-efortul-depus-pentru-actionarea-volanului-este-mai-mare-decat-in-mod-obisnuit-trebuie-sa-verificam-in-primul-rand-e973","","<div class="""">
                        


                    </div>","https://scoaladrpciv.ro/intrebari/categoria-b/notiuni-de-mecanica"
"1790474798-15","https://scoaladrpciv.ro/intrebari/categoria-b","Cum trebuie să aveți reglat sistemul de lumini pentru circulația pe timp de noapte?","A - astfel încât să vedeți și să fiți văzut, fără a-i stânjeni pe ceilalți participanți la trafic;","","","B - să vedeți cât mai bine în față, indiferent dacă sunt deranjați ceilalți participanți la trafic cu care vă întersectați;","C - să asigurați, cel puțin, funcționarea farului din partea dreaptă.","https://scoaladrpciv.ro/intrebare/cum-trebuie-sa-aveti-reglat-sistemul-de-lumini-pentru-circulatia-pe-timp-de-noapte-5cb7","","<div class="""">
                        


                    </div>","https://scoaladrpciv.ro/intrebari/categoria-b/notiuni-de-mecanica"
"1790474801-16","https://scoaladrpciv.ro/intrebari/categoria-b","Când este indicat să verificați presiunea din anvelope?","B - de regulă, înainte de a porni la drum;","","","A - întotdeauna la 300 km;","C - numai pe timp de iarnă, când anvelopele sunt reci.","https://scoaladrpciv.ro/intrebare/cand-este-indicat-sa-verificati-presiunea-din-anvelope-506d","","<div class="""">
                        


                    </div>","https://scoaladrpciv.ro/intrebari/categoria-b/notiuni-de-mecanica"
"1790474804-17","https://scoaladrpciv.ro/intrebari/categoria-b","Uzura prematură a pneurilor din faţă se datorează, în primul rând:","A - dereglării geometriei direcţiei;","","","B - circulaţiei frecvente cu viteză redusă;","C - fenomenul este specific autovehiculelor care au tracţiunea pe puntea din spate.","https://scoaladrpciv.ro/intrebare/uzura-prematura-a-pneurilor-din-fata-se-datoreaza-in-primul-rand-852c","","<div class="""">
                        


                    </div>","https://scoaladrpciv.ro/intrebari/categoria-b/notiuni-de-mecanica"
"1790474808-18","https://scoaladrpciv.ro/intrebari/categoria-b","La apariţia defecţiunilor tehnice ale mecanismului de direcţie se procedează astfel:","C - se apelează numai la atelierele specializate, care au personal calificat.","","","A - se apelează la cunoştinţe care au mai întâlnit astfel de situaţii;","B - se continuă deplasarea, întrucât defecţiunea se datorează stării drumului public;","https://scoaladrpciv.ro/intrebare/la-aparitia-defectiunilor-tehnice-ale-mecanismului-de-directie-se-procedeaza-astfel-7684","","<div class="""">
                        


                    </div>","https://scoaladrpciv.ro/intrebari/categoria-b/notiuni-de-mecanica"
"1790474811-19","https://scoaladrpciv.ro/intrebari/categoria-b","Temperatura lichidului de răcire care asigură performanţa maximă şi uzura minimă a motorului este cuprinsă în intervalul:","C - 90-95 grade C.","","","A - 100-120 grade C;","B - 60-70 grade C;","https://scoaladrpciv.ro/intrebare/temperatura-lichidului-de-racire-care-asigura-performanta-maxima-si-uzura-minima-a-motorului-este-cuprinsa-in-intervalul-6523","","<div class="""">
                        


                    </div>","https://scoaladrpciv.ro/intrebari/categoria-b/notiuni-de-mecanica"
"1790474815-20","https://scoaladrpciv.ro/intrebari/categoria-b","Cum puteţi folosi în condiţii optime capacitatea de frânare a motorului, atunci când coborâţi o pantă lungă şi înclinată?","B - schimbaţi la timp într-o treaptă inferioară;","","","A - schimbaţi într-o treaptă superioară;","C - după schimbarea vitezei, aduceţi imediat maneta în „punctul mort“.","https://scoaladrpciv.ro/intrebare/cum-puteti-folosi-in-conditii-optime-capacitatea-de-franare-a-motorului-atunci-cand-coborati-o-panta-lunga-si-inclinata-c307","","<div class="""">
                        


                    </div>","https://scoaladrpciv.ro/intrebari/categoria-b/notiuni-de-mecanica"
"1790474817-21","https://scoaladrpciv.ro/intrebari/categoria-b","La folosirea pe termen lung a soluţiilor antigel, trebuie aplicate următoarele reguli:","A - se va urmări întotdeauna nivelul optim al lichidului din vasul de expansiune;","B - după cel mult 3 ani soluţia antigel va fi complet înlocuită, chiar dacă densitatea acesteia corespunde cerinţelor;","","C - se va urmări culoarea lichidului din vasul de expansiune.","","https://scoaladrpciv.ro/intrebare/la-folosirea-pe-termen-lung-a-solutiilor-antigel-trebuie-aplicate-urmatoarele-reguli-cb34","","<div class="""">
                        


                    </div>","https://scoaladrpciv.ro/intrebari/categoria-b/notiuni-de-mecanica"
"1790474819-22","https://scoaladrpciv.ro/intrebari/categoria-b","Prezenţa calaminei pe suprafaţa bujiilor şi fumul albăstrui al eşapamentului indică:","A - mecanismul motor (grup piston-cilindru) este uzat;","","","B - rularea frecventă cu o viteză inferioară limitei legale;","C - folosirea unor bujii necorespunzătoare.","https://scoaladrpciv.ro/intrebare/prezenta-calaminei-pe-suprafata-bujiilor-si-fumul-albastrui-al-esapamentului-indica-ff28","","<div class="""">
                        


                    </div>","https://scoaladrpciv.ro/intrebari/categoria-b/notiuni-de-mecanica"
"1790474822-23","https://scoaladrpciv.ro/intrebari/categoria-b","Cea mai frecventă defecţiune a instalaţiei de răcire a motorului este:","A - slăbirea sau ruperea curelei de antrenare a ventilatorului şi a pompei de apă;","","","B - înfundarea prizei de aer care alimentează ventilatorul;","C - patinarea ambreiajului.","https://scoaladrpciv.ro/intrebare/cea-mai-frecventa-defectiune-a-instalatiei-de-racire-a-motorului-este-db22","","<div class="""">
                        


                    </div>","https://scoaladrpciv.ro/intrebari/categoria-b/notiuni-de-mecanica"
"1790474824-24","https://scoaladrpciv.ro/intrebari/categoria-b","Neeliberarea completă a frânei de staţionare determină:","B - un consum suplimentar de carburant;","C - încălzirea excesivă a butucilor roţilor din spate.","","A - zgomote în zona manetei frânei de mână;","","https://scoaladrpciv.ro/intrebare/neeliberarea-completa-a-franei-de-stationare-determina-2b80","","<div class="""">
                        


                    </div>","https://scoaladrpciv.ro/intrebari/categoria-b/notiuni-de-mecanica"
"1790474826-25","https://scoaladrpciv.ro/intrebari/categoria-b","Ce factor influenţează cel mai mult durata de serviciu a pneurilor?","A - presiunea;","","","B - temperatura mediului ambiant;","C - starea tehnică a frânei.","https://scoaladrpciv.ro/intrebare/ce-factor-influenteaza-cel-mai-mult-durata-de-serviciu-a-pneurilor-4e7d","","<div class="""">
                        


                    </div>","https://scoaladrpciv.ro/intrebari/categoria-b/notiuni-de-mecanica"
"1790474829-26","https://scoaladrpciv.ro/intrebari/categoria-b","Ce deprindere greşită a conducătorului auto determină frecvent defectarea ambreiajului?","C - aşteptarea la semafor având pedala de ambreiaj apăsată.","","","A - coborârea pantelor cu motorul oprit sau aducerea schimbătorului de viteze în punctul mort;","B - rularea cu jocuri mari la pedala de ambreiaj sau la mecanismul de direcţie;","https://scoaladrpciv.ro/intrebare/ce-deprindere-gresita-a-conducatorului-auto-determina-frecvent-defectarea-ambreiajului-be29","","<div class="""">
                        


                    </div>","https://scoaladrpciv.ro/intrebari/categoria-b/notiuni-de-mecanica"
"1790474832-27","https://scoaladrpciv.ro/intrebari/categoria-b","Utilizarea frânei de serviciu este semnalizată cu:","C - luminile roșii din spate.","","","A - luminile de culoare portocalie;","B - luminile de avarie din față și din spate;","https://scoaladrpciv.ro/intrebare/utilizarea-franei-de-serviciu-este-semnalizata-cu-82d0","","<div class="""">
                        


                    </div>","https://scoaladrpciv.ro/intrebari/categoria-b/notiuni-de-mecanica"
"1790474836-28","https://scoaladrpciv.ro/intrebari/categoria-b","Uzura pneurilor creşte foarte mult:","A - la demarări şi frânări intense, consecinţe ale unui stil agresiv de conducere;","","","B - atunci când se conduce preventiv-defensiv;","C - la circulaţia pe timp nefavorabil.","https://scoaladrpciv.ro/intrebare/uzura-pneurilor-creste-foarte-mult-15d8","","<div class="""">
                        


                    </div>","https://scoaladrpciv.ro/intrebari/categoria-b/notiuni-de-mecanica"
"1790474838-29","https://scoaladrpciv.ro/intrebari/categoria-b","Care dintre variantele de mai jos reprezintă calităţi ale unui ulei de motor?","B - vâscozitatea;","C - punctul de congelare.","","A - culoarea;","","https://scoaladrpciv.ro/intrebare/care-dintre-variantele-de-mai-jos-reprezinta-calitati-ale-unui-ulei-de-motor-d389","","<div class="""">
                        


                    </div>","https://scoaladrpciv.ro/intrebari/categoria-b/notiuni-de-mecanica"
"1790474841-30","https://scoaladrpciv.ro/intrebari/categoria-b","Perna de aer (AIRBAG-ul) asigură:","B - protecţia suplimentară a persoanelor în cazul unui impact puternic al autovehiculului;","","","A - amortizarea rapidă a trepidaţiilor datorate denivelărilor existente pe drumul public;","C - posibilitatea conducerii relaxate, cu capul sprijinit de aceasta.","https://scoaladrpciv.ro/intrebare/perna-de-aer-airbag-ul-asigura-1423","","<div class="""">
                        <p><strong data-start=""21"" data-end=""49"">Perna de aer (airbag-ul)</strong> este un sistem de siguranță al autovehiculului care, în cazul unui impact puternic, se declanșează automat și se umflă rapid pentru a <strong data-start=""184"" data-end=""205"">proteja pasagerii</strong>, reducând riscul de lovire a capului și a toracelui de volan, bord sau alte părți dure ale mașinii.</p>


                    </div>","https://scoaladrpciv.ro/intrebari/categoria-b/notiuni-de-mecanica"
"1790474849-31","https://scoaladrpciv.ro/intrebari/categoria-b","Cum este indicat să demarați, astfel încât să reduceți consumul de carburant?","A - folositi ultima treapta de viteza atunci cand este posibil, chiar si cand circulati prin localitati","B - schimbati cat mai repede vitezele pana ajungeti la treapta de viteza optima","","C - circulati cu treptele de viteza inferioare pentru a nu forta motorul, obtinand astfel o putere mai mare","","https://scoaladrpciv.ro/intrebare/cum-este-indicat-sa-demarati-astfel-incat-sa-reduceti-consumul-de-carburant-afcd","","<div class="""">
                        <h4><span style=""background-color:transparent;"">Cum procedezi pentru a reduce consumul?&nbsp;</span></h4><ul><li><span style=""background-color:transparent;"">a) Schimbăm repede vitezele până la treapta de viteză optimă;&nbsp;</span></li><li><span style=""background-color:transparent;"">b) folosim ultima treaptă de viteză pe cât posibil şi în localități.&nbsp;</span></li></ul><p><span style=""background-color:transparent;"">(cu cât turaţia motorului este mai mică, cu atât scade consumul; în treptele inferioare 1,2,3 consumul este mare).&nbsp;</span></p>


                    </div>","https://scoaladrpciv.ro/intrebari/categoria-b/conducerea-ecologica"
"1790474851-32","https://scoaladrpciv.ro/intrebari/categoria-b","Pentru a conduce ecologic un autovehicul, se recomandă:","C - utilizarea climatizării numai în situaţiile absolut necesare.","","","A - utilizarea climatizării numai în cazul traseelor scurte;","B - utilizarea climatizării numai pe timp de noapte;","https://scoaladrpciv.ro/intrebare/pentru-a-conduce-ecologic-un-autovehicul-se-recomanda-e9a8","","<div class="""">
                        


                    </div>","https://scoaladrpciv.ro/intrebari/categoria-b/conducerea-ecologica"
"1790474856-33","https://scoaladrpciv.ro/intrebari/categoria-b","Cum se recomandă să procedaţi pentru a conduce ecologic un autovehicul?","A - să utilizaţi frâna de motor pentru a încetini;","","","B - să scoateţi autovehiculul din viteză în timpul frânării;","C - să folosiţi frâna de mână concomitent cu frâna de serviciu, pentru a obţine o frânare rapidă şi eficientă.","https://scoaladrpciv.ro/intrebare/cum-se-recomanda-sa-procedati-pentru-a-conduce-ecologic-un-autovehicul-b989","","<div class="""">
                        <p>Folosirea frânei de motor în locul frânei de serviciu (de picior), când este posibil, este recomandată deoarece duce la: scăderea consumului de combusitibil, control mai bun asupra mașinii pe suprafețele alunecoase și prelungirea duratei de viață a elementelor frânei de serviciu.</p>


                    </div>","https://scoaladrpciv.ro/intrebari/categoria-b/conducerea-ecologica"
"1790474860-34","https://scoaladrpciv.ro/intrebari/categoria-b","Precizați dacă presiunea din pneuri are efect asupra consumului de carburant:","A - da;","","","B - nu;","C - numai în cazul vehiculelor de mare tonaj.","https://scoaladrpciv.ro/intrebare/precizati-daca-presiunea-din-pneuri-are-efect-asupra-consumului-de-carburant-a694","https://scoaladrpciv.ro/storage/questions/1266.jpeg","<div class="""">
                        <p>Umflarea insuficientă a pneurilor are ca efect creșterea consumului de combustibil, datorită unei forțe de frecare mai mari dintre anvelopă și asfalt.</p>


                    </div>","https://scoaladrpciv.ro/intrebari/categoria-b/conducerea-ecologica"
"1790474866-35","https://scoaladrpciv.ro/intrebari/categoria-b","Conduita ecologică în conducerea unui autovehicul înseamnă:","C - să fiţi calm şi să anticipaţi situaţiile astfel încât să evitaţi accelerarea şi frânarea bruscă.","","","A - să nu poluaţi fonic mediul înconjurător, folosind sistemul de sonorizare la putere maximă;","B - să întreţineţi în permanenţă autovehiculul curat, prin spălare şi degresare zilnică;","https://scoaladrpciv.ro/intrebare/conduita-ecologica-in-conducerea-unui-autovehicul-inseamna-edf1","","<div class="""">
                        


                    </div>","https://scoaladrpciv.ro/intrebari/categoria-b/conducerea-ecologica"
"1790474869-36","https://scoaladrpciv.ro/intrebari/categoria-b","În sensul conducerii ecologice a unui autovehicul, se recomandă:","A - să evitaţi transportul obiectelor inutile în portbagaj sau în habitaclu;","B - să nu aveţi montat în permanenţă pe autovehicul portbagajul suplimentar;","","C - să utilizaţi spoilere şi faruri suplimentare.","","https://scoaladrpciv.ro/intrebare/in-sensul-conducerii-ecologice-a-unui-autovehicul-se-recomanda-cd62","","<div class="""">
                        


                    </div>","https://scoaladrpciv.ro/intrebari/categoria-b/conducerea-ecologica"
"1790474871-37","https://scoaladrpciv.ro/intrebari/categoria-b","În care dintre situaţii consumul de carburant al unui motor creşte?","A - atunci când motorul nu atinge temperatura de funcţionare;","B - atunci când fumul de eşapament este de culoare neagră;","C - atunci când motorul funcţionează cu întreruperi.","","","https://scoaladrpciv.ro/intrebare/in-care-dintre-situatii-consumul-de-carburant-al-unui-motor-creste-525a","","<div class="""">
                        


                    </div>","https://scoaladrpciv.ro/intrebari/categoria-b/conducerea-ecologica"
"1790474876-38","https://scoaladrpciv.ro/intrebari/categoria-b","Ce se înţelege prin conducere ecologică a unui autovehicul?","C - un ansamblu de măsuri comportamentale, de control sau de verificare a vehiculului, prin care se realizează o importantă economie de energie şi protecţia mediului.","","","A - obligaţia de a folosi în permanenţă carburant biodegradabil;","B - deplasări urbane cu bicicleta, pe jos sau cu alte mijloace care nu poluează atmosfera;","https://scoaladrpciv.ro/intrebare/ce-se-intelege-prin-conducere-ecologica-a-unui-autovehicul-529f","","<div class="""">
                        


                    </div>","https://scoaladrpciv.ro/intrebari/categoria-b/conducerea-ecologica"
"1790474881-39","https://scoaladrpciv.ro/intrebari/categoria-b","Consumul de carburant se măreşte dacă:","C - folosiţi orice aparat electric alimentat de generatorul autovehiculului.","","","A - lichidul de răcire nu conţine antigel;","B - sistemul de direcţie este manual;","https://scoaladrpciv.ro/intrebare/consumul-de-carburant-se-mareste-daca-8468","","<div class="""">
                        <p>Aparatele electrice alimentate de generatorul autovehiculului (alternator) cresc consumul de carburant. Carburantul este ""transformat"" în energie electrică; deci, crescând consumul de energie electrică, crește și consumul de carburant.</p>


                    </div>","https://scoaladrpciv.ro/intrebari/categoria-b/conducerea-ecologica"
"1790474886-40","https://scoaladrpciv.ro/intrebari/categoria-b","Comportamentul ecologic în conducerea unui autovehicul presupune:","A - planificarea traseului pentru a economisi timp și combustibil;","B - evitarea zonelor cu circulație densă, cu lucrări pe carosabil sau cu teren accidentat;","","C - viteză și accelerație mai mari, pentru a scurta timpul de deplasare.","","https://scoaladrpciv.ro/intrebare/comportamentul-ecologic-in-conducerea-unui-autovehicul-presupune-1730","","<div class="""">
                        


                    </div>","https://scoaladrpciv.ro/intrebari/categoria-b/conducerea-ecologica"
"1790474888-41","https://scoaladrpciv.ro/intrebari/categoria-b","Utilizarea pe autostradă a limitatorului de viteză pentru autovehiculele dotate cu acest sistem are ca efect:","B - reducerea consumului de combustibil;","","","A - creşterea consumului de combustibil;","C - acest sistem nu are efecte asupra consumului de combustibil.","https://scoaladrpciv.ro/intrebare/utilizarea-pe-autostrada-a-limitatorului-de-viteza-pentru-autovehiculele-dotate-cu-acest-sistem-are-ca-efect-5dc9","","<div class="""">
                        <p>Utilizarea limitatorului de viteză pe autostradă, are ca efect reducerea consumului de combustibil, datorită menţinerii unei viteze constante.</p>


                    </div>","https://scoaladrpciv.ro/intrebari/categoria-b/conducerea-ecologica"
"1790474891-42","https://scoaladrpciv.ro/intrebari/categoria-b","Ce reprezintă simbolurile EURO I, EURO II, EURO III şi EURO IV?","B - standardele de poluare din Uniunea Europeană;","","","A - caracteristicile tehnice de provenienţă a unor vehicule din Uniunea Europeană;","C - încadrarea autovehiculelor în diferite norme de consum.","https://scoaladrpciv.ro/intrebare/ce-reprezinta-simbolurile-euro-i-euro-ii-euro-iii-si-euro-iv-f62b","","<div class="""">
                        <p>Simbolurile EURO I, EURO II, EURO III şi EURO IV reprezintă standardele de poluare din Uniunea Europeană.</p>


                    </div>","https://scoaladrpciv.ro/intrebari/categoria-b/conducerea-ecologica"
"1790474893-43","https://scoaladrpciv.ro/intrebari/categoria-b","Pentru a conduce ecologic un autovehicul, se recomandă:","B - menţinerea unei viteze constante, de preferinţă medie;","","","A - folosirea motorului la relanti, în cazul în care staţionaţi mai mult timp în acelaşi loc;","C - oprirea motorului în timp ce coborâţi o pantă, pentru a economisi carburant.","https://scoaladrpciv.ro/intrebare/pentru-a-conduce-ecologic-un-autovehicul-se-recomanda-6dd0","","<div class="""">
                        <p><br>Pentru conducerea ecologica este recomandata mentinerea unei viteze constante, cel mai bine medii. Nu este recomandata folosirea motorului la relanti, în cazul în care staţionaţi mai mult timp în acelaşi loc (din punct de vedere ecologic), iar oprirea motorului in timpul mersului este interzisa. Este posibila si recomandata oprirea motorului (pentru reducerea consumului de carburant) in cazul unei opriri de lunga durata la culoarea rosie a unui semafor (care stii ca dureaza mult) sau la o trecere la nivel cu o cale ferata.<br>&nbsp;</p>


                    </div>","https://scoaladrpciv.ro/intrebari/categoria-b/conducerea-ecologica"
"1790474895-44","https://scoaladrpciv.ro/intrebari/categoria-b","Când se recomandă să opriţi motorul pentru a reduce consumul de combustibil?","A - în cazul unei opriri lungi la o trecere la nivel cu calea ferată;","B - la culoarea roşie a unui semafor care, de regulă, durează foarte mult;","","C - la semnalul poliţistului rutier făcut în acest sens.","","https://scoaladrpciv.ro/intrebare/cand-se-recomanda-sa-opriti-motorul-pentru-a-reduce-consumul-de-combustibil-cce4","","<div class="""">
                        


                    </div>","https://scoaladrpciv.ro/intrebari/categoria-b/conducerea-ecologica"
"1790474897-45","https://scoaladrpciv.ro/intrebari/categoria-b","De ce trebuie reparat necondiţionat un eşapament defect?","A - pentru că produce un zgomot prea mare;","","","B - nu este o urgenţă;","C - pentru că destabilizează autovehiculul.","https://scoaladrpciv.ro/intrebare/de-ce-trebuie-reparat-neconditionat-un-esapament-defect-6592","","<div class="""">
                        


                    </div>","https://scoaladrpciv.ro/intrebari/categoria-b/conducerea-ecologica"
"1790474900-46","https://scoaladrpciv.ro/intrebari/categoria-b","Ce cauze determină poluarea mediului ambiant de către autovehicule?","B - arderea incompletă şi defectuoasă a combustibilului;","","","A - rularea cu viteză redusă, fără motiv;","C - defectarea filtrului de benzină sau motorină.","https://scoaladrpciv.ro/intrebare/ce-cauze-determina-poluarea-mediului-ambiant-de-catre-autovehicule-93b0","","<div class="""">
                        


                    </div>","https://scoaladrpciv.ro/intrebari/categoria-b/conducerea-ecologica"
"1790474902-47","https://scoaladrpciv.ro/intrebari/categoria-b","Cum trebuie să conduceţi, astfel încât să reduceţi poluarea?","B - porniţi motorul fără să acţionaţi pedala de acceleraţie şi demaraţi imediat;","","","A - porniţi motorul acţionând pedala de acceleraţie la un sfert din cursă şi aşteptaţi ca acesta să se încălzească, pentru a reduce ulterior consumul de carburant;","C - apăsaţi până la capăt pedala de acceleraţie, porniţi motorul şi demaraţi cu o viteză cât mai mare.","https://scoaladrpciv.ro/intrebare/cum-trebuie-sa-conduceti-astfel-incat-sa-reduceti-poluarea-c123","","<div class="""">
                        <p><span style=""background-color:rgb(255,255,255);color:rgb(33,37,41);"">Pornim motorul (fără a accelera) şi plecăm imediat de pe loc. La autovehiculele moderne nu se recomandă încălzirea motorului pe loc, ci în mers, fără a accelera brusc.&nbsp;</span></p>


                    </div>","https://scoaladrpciv.ro/intrebari/categoria-b/conducerea-ecologica"
"1790474904-48","https://scoaladrpciv.ro/intrebari/categoria-b","Pentru a conduce ecologic un autovehiculul, este necesar:","A - să verificaţi o dată pe lună, la rece, presiunea din pneuri;","B - să schimbaţi între ele pneurile, la aproximativ 10 000 km;","","C - să înlocuiţi pneurile la fiecare 1000 km.","","https://scoaladrpciv.ro/intrebare/pentru-a-conduce-ecologic-un-autovehiculul-este-necesar-3787","","<div class="""">
                        <p>Verificaţi presiunea pneurilor o dată pe lună, la rece, altfel spus, atunci când vehiculul nu a circulat mai mult de 2 ore. Pentru a vă asigura că presiunea aerului este adecvată, nu vă raportaţi la indicaţiile scrise chiar pe pneu, pentru că acestea arată presiunea maximă. Este preferabil să consultaţi manualul producatorului maşinii dumneavoastră. Schimbaţi între ele pneurile (permutaţi) la fiecare 10.000 de km, efectuaţi reglajul geometriei şi echilibrarea roţilor o dată pe an.</p>


                    </div>","https://scoaladrpciv.ro/intrebari/categoria-b/conducerea-ecologica"
"1790474906-49","https://scoaladrpciv.ro/intrebari/categoria-b","Utilizarea sistemului de climatizare are ca efect:","A - creşterea consumului de combustibil;","","","B - reducerea consumului de combustibil;","C - scăderea puternică a gradului de confort.","https://scoaladrpciv.ro/intrebare/utilizarea-sistemului-de-climatizare-are-ca-efect-6e19","","<div class="""">
                        <p>Utilizarea sistemului de climatizare al autovehiculului poate să mărească consumul de combustibil, mai ales la circulaţia prin oraș</p>


                    </div>","https://scoaladrpciv.ro/intrebari/categoria-b/conducerea-ecologica"
"1790474911-50","https://scoaladrpciv.ro/intrebari/categoria-b","Resuscitarea cardio-respiratorie trebuie efectuată:","B - accidentaţilor aflaţi în stare de inconştienţă, care nu respiră şi nu au puls;","","","A - oricărui accidentat;","C - numai accidentaţilor care au suferit fracturi uşoare.","https://scoaladrpciv.ro/intrebare/resuscitarea-cardio-respiratorie-trebuie-efectuata-9c34","","<div class="""">
                        


                    </div>","https://scoaladrpciv.ro/intrebari/categoria-b/masuri-de-prim-ajutor"
"1790474914-51","https://scoaladrpciv.ro/intrebari/categoria-b","O funcţie a bandajului este:","A - de a opri hemoragia;","","","B - de a preveni murdărirea hainelor;","C - de a acoperi aspectul neplăcut al rănii.","https://scoaladrpciv.ro/intrebare/o-functie-a-bandajului-este-95ef","","<div class="""">
                        


                    </div>","https://scoaladrpciv.ro/intrebari/categoria-b/masuri-de-prim-ajutor"
"1790474916-52","https://scoaladrpciv.ro/intrebari/categoria-b","În cazul unui accident cu victime şi cu deformarea accentuată a caroseriei, procedaţi la:","A - victimele conştiente sunt sfătuite să nu se mişte, iar degajarea acestora trebuie să se realizeze cât mai repede şi numai de către echipaje specializate;","","","B - degajarea victimelor trebuie să se realizeze cât mai repede, prin orice mijloace;","C - se administrează calmante victimelor care sunt conştiente.","https://scoaladrpciv.ro/intrebare/in-cazul-unui-accident-cu-victime-si-cu-deformarea-accentuata-a-caroseriei-procedati-la-ff7c","","<div class="""">
                        


                    </div>","https://scoaladrpciv.ro/intrebari/categoria-b/masuri-de-prim-ajutor"
"1790474918-53","https://scoaladrpciv.ro/intrebari/categoria-b","Imobilizarea unei fracturi fără atele se face cu:","B - eşarfe şi triunghiuri de pânză;","","","A - o folie de material plastic;","C - carton rigid.","https://scoaladrpciv.ro/intrebare/imobilizarea-unei-fracturi-fara-atele-se-face-cu-e3d5","","<div class="""">
                        


                    </div>","https://scoaladrpciv.ro/intrebari/categoria-b/masuri-de-prim-ajutor"
"1790474921-54","https://scoaladrpciv.ro/intrebari/categoria-b","Bandajele se folosesc:","B - pentru acoperirea şi pentru susţinerea rănilor, precum şi pentru oprirea hemoragiilor;","","","A - pentru susţinerea părţilor lezate;","C - pentru imobilizarea fracturilor.","https://scoaladrpciv.ro/intrebare/bandajele-se-folosesc-ad32","","<div class="""">
                        


                    </div>","https://scoaladrpciv.ro/intrebari/categoria-b/masuri-de-prim-ajutor"
"1790474923-55","https://scoaladrpciv.ro/intrebari/categoria-b","Gravitatea unei hemoragii se apreciază în funcţie de:","A - cantitatea sângelui pierdut;","","","B - culoarea sângelui scurs;","C - fluiditatea sângelui scurs.","https://scoaladrpciv.ro/intrebare/gravitatea-unei-hemoragii-se-apreciaza-in-functie-de-0927","","<div class="""">
                        


                    </div>","https://scoaladrpciv.ro/intrebari/categoria-b/masuri-de-prim-ajutor"
"1790474925-56","https://scoaladrpciv.ro/intrebari/categoria-b","Ce trebuie să faceţi pentru evitarea complicaţiilor în cazul unei fracturi?","A - să imobilizaţi zona fracturată;","","","B - să sterilizaţi şi să pansaţi zona fracturată;","C - să aplicaţi un garou de cauciuc deasupra fracturii.","https://scoaladrpciv.ro/intrebare/ce-trebuie-sa-faceti-pentru-evitarea-complicatiilor-in-cazul-unei-fracturi-dd03","","<div class="""">
                        


                    </div>","https://scoaladrpciv.ro/intrebari/categoria-b/masuri-de-prim-ajutor"
"1790474927-57","https://scoaladrpciv.ro/intrebari/categoria-b","Victima care a pierdut mult sânge trebuie să fie aşezată:","C - cu picioarele situate mai sus decât nivelul corpului.","","","A - cu faţa în sus;","B - cu faţa în jos;","https://scoaladrpciv.ro/intrebare/victima-care-a-pierdut-mult-sange-trebuie-sa-fie-asezata-ab4b","","<div class="""">
                        


                    </div>","https://scoaladrpciv.ro/intrebari/categoria-b/masuri-de-prim-ajutor"
"1790474930-58","https://scoaladrpciv.ro/intrebari/categoria-b","O hemoragie produsă la unul dintre membrele unei persoane rănite se va opri prin:","C - acţiunea compresivă asupra vasului lezat sau aplicarea garoului.","","","A - dezinfectarea rănii, pansarea şi aplicarea atelelor;","B - ridicarea membrului accidentat în poziţie verticală;","https://scoaladrpciv.ro/intrebare/o-hemoragie-produsa-la-unul-dintre-membrele-unei-persoane-ranite-se-va-opri-prin-3089","","<div class="""">
                        


                    </div>","https://scoaladrpciv.ro/intrebari/categoria-b/masuri-de-prim-ajutor"
"1790474932-59","https://scoaladrpciv.ro/intrebari/categoria-b","Cum trebuie aşezată într-un mijloc de transport o persoană rănită, care prezintă leziuni ale coloanei vertebrale?","C - persoana nu trebuie mişcată până la sosirea ambulanţei.","","","A - în poziţie şezândă;","B - orizontal, cu faţa în sus;","https://scoaladrpciv.ro/intrebare/cum-trebuie-asezata-intr-un-mijloc-de-transport-o-persoana-ranita-care-prezinta-leziuni-ale-coloanei-vertebrale-3f2b","","<div class="""">
                        


                    </div>","https://scoaladrpciv.ro/intrebari/categoria-b/masuri-de-prim-ajutor"
"1790474934-60","https://scoaladrpciv.ro/intrebari/categoria-b","Ce trebuie să conţină biletul care se prinde lângă garoul aplicat unei persoane rănite?","C - ora şi minutul aplicării garoului.","","","A - datele de stare civilă ale persoanei;","B - poziţia în care a fost găsită victima;","https://scoaladrpciv.ro/intrebare/ce-trebuie-sa-contina-biletul-care-se-prinde-langa-garoul-aplicat-unei-persoane-ranite-cc55","","<div class="""">
                        


                    </div>","https://scoaladrpciv.ro/intrebari/categoria-b/masuri-de-prim-ajutor"
"1790474936-61","https://scoaladrpciv.ro/intrebari/categoria-b","Imobilizarea unui braţ fracturat se face:","C - cuprinzând osul fracturat şi cele două articulaţii, respectiv cea superioară şi inferioară.","","","A - în dreptul osului fracturat;","B - cuprinzând osul fracturat şi articulaţia superioară;","https://scoaladrpciv.ro/intrebare/imobilizarea-unui-brat-fracturat-se-face-40e7","","<div class="""">
                        


                    </div>","https://scoaladrpciv.ro/intrebari/categoria-b/masuri-de-prim-ajutor"
"1790474939-62","https://scoaladrpciv.ro/intrebari/categoria-b","Într-un pansament, pe plagă, se aplică:","B - o compresă din tifon steril;","","","A - o compresă de vată sterilă;","C - o compresă oarecare.","https://scoaladrpciv.ro/intrebare/intr-un-pansament-pe-plaga-se-aplica-708a","","<div class="""">
                        


                    </div>","https://scoaladrpciv.ro/intrebari/categoria-b/masuri-de-prim-ajutor"
"1790474941-63","https://scoaladrpciv.ro/intrebari/categoria-b","Ce simptome ale stopului cardiac prezintă o persoană, victimă a unui accident de circulaţie?","B - lipsa pulsului;","","","A - leziuni profunde în zona toracelui;","C - apariţia hemoragiei pe gură.","https://scoaladrpciv.ro/intrebare/ce-simptome-ale-stopului-cardiac-prezinta-o-persoana-victima-a-unui-accident-de-circulatie-e11c","","<div class="""">
                        


                    </div>","https://scoaladrpciv.ro/intrebari/categoria-b/masuri-de-prim-ajutor"
"1790474943-64","https://scoaladrpciv.ro/intrebari/categoria-b","Stopul respirator, în cazul persoanelor accidentate, poate fi determinat de:","C - astuparea căilor respiratorii.","","","A - multiple fracturi ale membrelor;","B - pierderea intensă de sânge;","https://scoaladrpciv.ro/intrebare/stopul-respirator-in-cazul-persoanelor-accidentate-poate-fi-determinat-de-f4ac","","<div class="""">
                        


                    </div>","https://scoaladrpciv.ro/intrebari/categoria-b/masuri-de-prim-ajutor"
"1790474946-65","https://scoaladrpciv.ro/intrebari/categoria-b","În cazul imobilizării unei fracturi, atela trebuie să fie:","A - rigidă şi suficient de lungă pentru a cuprinde capetele fracturii;","","","B - moale;","C - nu contează.","https://scoaladrpciv.ro/intrebare/in-cazul-imobilizarii-unei-fracturi-atela-trebuie-sa-fie-32ab","","<div class="""">
                        


                    </div>","https://scoaladrpciv.ro/intrebari/categoria-b/masuri-de-prim-ajutor"
"1790474948-66","https://scoaladrpciv.ro/intrebari/categoria-b","Persoanele accidentate, cu arsuri multiple pe corp şi membre, trebuie să fie:","B - transportate urgent la o unitate medicală;","","","A - dezbrăcate rapid de haine, după stingerea flăcărilor;","C - spălate, bandajate şi apoi transportate la cea mai apropiată unitate sanitară.","https://scoaladrpciv.ro/intrebare/persoanele-accidentate-cu-arsuri-multiple-pe-corp-si-membre-trebuie-sa-fie-931d","","<div class="""">
                        


                    </div>","https://scoaladrpciv.ro/intrebari/categoria-b/masuri-de-prim-ajutor"
"1790474951-67","https://scoaladrpciv.ro/intrebari/categoria-b","Cum se recunoaşte o fractură deschisă la membre?","B - pielea este străpunsă în zona fracturii;","","","A - zona fracturată este tumefiată;","C - accidentatul nu se poate mişca.","https://scoaladrpciv.ro/intrebare/cum-se-recunoaste-o-fractura-deschisa-la-membre-89f1","","<div class="""">
                        


                    </div>","https://scoaladrpciv.ro/intrebari/categoria-b/masuri-de-prim-ajutor"
"1790474954-68","https://scoaladrpciv.ro/intrebari/categoria-b","În cazul unui accidentat cu hemoragie masivă, acţionaţi astfel:","C - aşezaţi persoana pe spate, cu picioarele ridicate, imobilizaţi eventualele fracturi, nu îi daţi să bea lichide şi o protejaţi contra frigului.","","","A - aşezaţi persoana pe abdomen şi îi daţi să bea cât mai multe lichide;","B - aşezaţi persoana pe un scaun în poziţia şezând şi vorbiţi cu ea;","https://scoaladrpciv.ro/intrebare/in-cazul-unui-accidentat-cu-hemoragie-masiva-actionati-astfel-bc10","","<div class="""">
                        


                    </div>","https://scoaladrpciv.ro/intrebari/categoria-b/masuri-de-prim-ajutor"
"1790474957-69","https://scoaladrpciv.ro/intrebari/categoria-b","Ce trebuie să folosiţi pentru imobilizarea fracturilor de la membrele superioare?","B - o eşarfă simplă;","","","A - atele improvizate;","C - în acest caz nu se intervine.","https://scoaladrpciv.ro/intrebare/ce-trebuie-sa-folositi-pentru-imobilizarea-fracturilor-de-la-membrele-superioare-dea1","","<div class="""">
                        


                    </div>","https://scoaladrpciv.ro/intrebari/categoria-b/masuri-de-prim-ajutor"
"1790474959-70","https://scoaladrpciv.ro/intrebari/categoria-b","Ce trebuie să aveţi în vedere la scoaterea persoanelor accidentate din autovehicul?","B - să nu se agraveze leziunile;","","","A - ca operaţiunea să se desfăşoare rapid şi fără să provoace alte traumatisme;","C - să nu se îndepărteze indiciile care ar putea ajuta la explicarea modului în care s-a produs accidentul.","https://scoaladrpciv.ro/intrebare/ce-trebuie-sa-aveti-in-vedere-la-scoaterea-persoanelor-accidentate-din-autovehicul-e13e","","<div class="""">
                        


                    </div>","https://scoaladrpciv.ro/intrebari/categoria-b/masuri-de-prim-ajutor"
"1790474961-71","https://scoaladrpciv.ro/intrebari/categoria-b","În funcţie de starea accidentatului, măsurile de prim ajutor se vor lua în următoarea ordine:","B - respiraţia artificială, masajul cardiac, oprirea hemoragiei, pansarea rănilor, imobilizarea fracturilor;","","","A - oprirea hemoragiei, pansarea rănilor, imobilizarea fracturilor, respiraţia artificială, masajul cardiac;","C - imobilizarea fracturilor, pansarea rănilor, respiraţia artificială, masajul cardiac, oprirea hemoragiei.","https://scoaladrpciv.ro/intrebare/in-functie-de-starea-accidentatului-masurile-de-prim-ajutor-se-vor-lua-in-urmatoarea-ordine-6bbd","","<div class="""">
                        


                    </div>","https://scoaladrpciv.ro/intrebari/categoria-b/masuri-de-prim-ajutor"
"1790474963-72","https://scoaladrpciv.ro/intrebari/categoria-b","Ce trebuie să aibă în vedere prima intervenţie, la faţa locului, pentru salvarea victimei?","B - degajarea căilor respiratorii şi asigurarea funcţiei respiratorii;","","","A - spălarea rănilor vizibile;","C - igienizarea şi pansarea rănilor.","https://scoaladrpciv.ro/intrebare/ce-trebuie-sa-aiba-in-vedere-prima-interventie-la-fata-locului-pentru-salvarea-victimei-8e42","","<div class="""">
                        


                    </div>","https://scoaladrpciv.ro/intrebari/categoria-b/masuri-de-prim-ajutor"
"1790474966-73","https://scoaladrpciv.ro/intrebari/categoria-b","Cum acţionaţi în cazul unui accidentat a cărui inimă s-a oprit?","B - începeţi compresia artificială a inimii şi respiraţia artificială;","","","A - plecaţi, întrucât nu se mai poate face nimic;","C - mişcaţi energic accidentatul, pentru a-şi reveni.","https://scoaladrpciv.ro/intrebare/cum-actionati-in-cazul-unui-accidentat-a-carui-inima-s-a-oprit-0939","","<div class="""">
                        


                    </div>","https://scoaladrpciv.ro/intrebari/categoria-b/masuri-de-prim-ajutor"
"1790474968-74","https://scoaladrpciv.ro/intrebari/categoria-b","Dezinfecţia plăgilor ce necesită a fi pansate se face cu:","A - apă oxigenată sau iod;","","","B - ser fiziologic;","C - apă potabilă.","https://scoaladrpciv.ro/intrebare/dezinfectia-plagilor-ce-necesita-a-fi-pansate-se-face-cu-aa06","","<div class="""">
                        


                    </div>","https://scoaladrpciv.ro/intrebari/categoria-b/masuri-de-prim-ajutor"
"1790474970-75","https://scoaladrpciv.ro/intrebari/categoria-b","În cazul unei fracturi de claviculă (umărul se află într-o poziţie atârnândă, uşor înainte şi în jos), se procedează astfel:","A - se aşază braţul într-o eşarfă;","","","B - se aduce umărul în poziţie normală;","C - se lasă braţul liber.","https://scoaladrpciv.ro/intrebare/in-cazul-unei-fracturi-de-clavicula-umarul-se-afla-intr-o-pozitie-atarnanda-usor-inainte-si-in-jos-se-procedeaza-astfel-25fb","","<div class="""">
                        


                    </div>","https://scoaladrpciv.ro/intrebari/categoria-b/masuri-de-prim-ajutor"
"1790474973-76","https://scoaladrpciv.ro/intrebari/categoria-b","În cazul unui accident în care victima şi-a pierdut cunoştinţa, prima măsură va fi:","C - să controlaţi respiraţia şi bătăile inimii.","","","A - să administraţi medicamente din trusa de prim ajutor;","B - să imobilizaţi eventualele fracturi;","https://scoaladrpciv.ro/intrebare/in-cazul-unui-accident-in-care-victima-si-a-pierdut-cunostinta-prima-masura-va-fi-c582","","<div class="""">
                        


                    </div>","https://scoaladrpciv.ro/intrebari/categoria-b/masuri-de-prim-ajutor"
"1790474975-77","https://scoaladrpciv.ro/intrebari/categoria-b","Ce măsuri de prim ajutor se vor lua în cazul traumatismelor coloanei vertebrale, dacă accidentatul are căile respiratorii libere?","C - nu mişcaţi accidentatul din poziţia în care l-aţi găsit până la sosirea serviciilor mobile de urgenţă, cu excepţia cazurilor în care există un pericol de foc sau de asfixie, asigurându-i doar funcţiile vitale.","","","A - mutaţi accidentatul pe scaunele din spate;","B - încercaţi să întoarceţi accidentatul, dacă se află într-o poziţie arcuită;","https://scoaladrpciv.ro/intrebare/ce-masuri-de-prim-ajutor-se-vor-lua-in-cazul-traumatismelor-coloanei-vertebrale-daca-accidentatul-are-caile-respiratorii-libere-a795","","<div class="""">
                        


                    </div>","https://scoaladrpciv.ro/intrebari/categoria-b/masuri-de-prim-ajutor"
"1790474977-78","https://scoaladrpciv.ro/intrebari/categoria-b","Căile respiratorii pot fi deblocate:","B - la locul accidentului, prin intervenţii specifice;","","","A - numai în unităţi medicale, folosindu-se instrumente speciale;","C - indiferent unde, dacă victima suportă această intervenţie.","https://scoaladrpciv.ro/intrebare/caile-respiratorii-pot-fi-deblocate-48b9","","<div class="""">
                        


                    </div>","https://scoaladrpciv.ro/intrebari/categoria-b/masuri-de-prim-ajutor"
"1790474979-79","https://scoaladrpciv.ro/intrebari/categoria-b","Hemoragia nazală se poate opri dacă accidentatul:","B - stă în picioare şi îşi strânge ambele nări timp de aproximativ 5-10 minute;","","","A - stă culcat cu capul pe spate;","C - ridică mâna dreaptă.","https://scoaladrpciv.ro/intrebare/hemoragia-nazala-se-poate-opri-daca-accidentatul-365d","","<div class="""">
                        


                    </div>","https://scoaladrpciv.ro/intrebari/categoria-b/masuri-de-prim-ajutor"
"1790474984-80","https://scoaladrpciv.ro/intrebari/categoria-b","Ce măsuri se recomandă atunci când urmează să străbateţi o porţiune de drum public acoperită cu piatră cubică?","B - să reduceţi din timp viteza, evitând bruscarea comenzilor;","","","A - să folosiţi numai frâna de ajutor pentru a evita derapajul;","C - să circulaţi cât mai aproape de axul drumului, pentru a evita lovirea acostamentului.","https://scoaladrpciv.ro/intrebare/ce-masuri-se-recomanda-atunci-cand-urmeaza-sa-strabateti-o-portiune-de-drum-public-acoperita-cu-piatra-cubica-3683","","<div class="""">
                        


                    </div>","https://scoaladrpciv.ro/intrebari/categoria-b/conducerea-preventiva"
"1790474987-81","https://scoaladrpciv.ro/intrebari/categoria-b","Conducătorii de autovehicule au următoarele obligaţii, înainte de a pleca la drum:","A - să verifice sistemul de lumini şi semnalizare;","B - să verifice instalaţia de climatizare;","C - să menţină permanent curat parbrizul.","","","https://scoaladrpciv.ro/intrebare/conducatorii-de-autovehicule-au-urmatoarele-obligatii-inainte-de-a-pleca-la-drum-4b9c","","<div class="""">
                        <h4>Articolul 147</h4><p>Conducãtorul de autovehicul, tractor agricol sau forestier ori tramvai este obligat:</p><p>1.&nbsp;&nbsp; sã aibã asupra sa actul de identitate, permisul de conducere, certificatul de înmatriculare sau de înregistrare și, dupã caz, atestatul profesional, precum și celelalte documente prevãzute de legislația în vigoare;2.&nbsp;&nbsp; sã circule numai pe sectoarele de drum pe care îi este permis accesul și sã respecte normele referitoare la masele totale maxime autorizate și admise și/sau la dimensiunile maxime admise de autoritatea competentã pentru autovehiculele, tractoarele agricole sau forestiere conduse;</p><p><span style=""background-color:hsl(60, 75%, 60%);"">3.&nbsp;&nbsp; sã verifice funcționarea sistemului de lumini și de semnalizare, a instalației de climatizare, sã menținã permanent curate parbrizul, luneta și geamurile laterale ale autovehiculului, tractorului agricol sau forestier, precum și plãcuțele cu numãrul de înmatriculare sau înregistrare ale autovehiculului, tractorului agricol sau forestier și remorcii;</span></p><p>4.&nbsp;&nbsp; sã permitã controlul stãrii tehnice a vehiculului, precum și al bunurilor transportate, în condițiile legii;</p><p>5.&nbsp;&nbsp; sã se prezinte la verificarea medicalã periodicã, potrivit legii, precum și la examinarea medicalã de specialitate la trimiterea medicului în condițiile art. 22 alin. (6) din Ordonanța de urgențã a Guvernului nr. 195/2002, republicatã, cu modificãrile și completãrile ulterioare;</p><p>6.&nbsp;&nbsp; sã aplice pe parbrizul și pe luneta autovehiculului, tractorului agricol sau forestier semnul distinctiv stabilit pentru conducãtorii de autovehicule începãtori, dacã are o vechime mai micã de un an de la obținerea permisului de conducere.</p>


                    </div>","https://scoaladrpciv.ro/intrebari/categoria-b/conducerea-preventiva"
"1790474989-82","https://scoaladrpciv.ro/intrebari/categoria-b","Ce se întâmplă atunci când, pe roţile unei osii, eficienţa frânării este mult diferită?","C - vehiculul poate derapa lateral.","","","A - se reduce viteza de deplasare;","B - vehiculul îşi menţine ţinuta de drum, în ciuda acestui fapt;","https://scoaladrpciv.ro/intrebare/ce-se-intampla-atunci-cand-pe-rotile-unei-osii-eficienta-franarii-este-mult-diferita-b2a3","","<div class="""">
                        


                    </div>","https://scoaladrpciv.ro/intrebari/categoria-b/conducerea-preventiva"
"1790474991-83","https://scoaladrpciv.ro/intrebari/categoria-b","Fenomenul de acvaplanare generează următoarele pericole:","C - pierderea controlului asupra direcţiei.","","","A - stropirea cu apă a parbrizului;","B - stropirea cu apă a clădirilor şi a pietonilor;","https://scoaladrpciv.ro/intrebare/fenomenul-de-acvaplanare-genereaza-urmatoarele-pericole-1ad9","","<div class="""">
                        


                    </div>","https://scoaladrpciv.ro/intrebari/categoria-b/conducerea-preventiva"
"1790474993-84","https://scoaladrpciv.ro/intrebari/categoria-b","Poate fi redusă capacitatea de conducere auto după consumul unei cantităţi relativ mici de alcool?","B - chiar şi cantităţile mici de alcool pot reduce capacitatea de conducere;","","","A - nu, dacă se consumă şi o ceaşcă de cafea;","C - nu, cantităţile mici nu dăuneazã.","https://scoaladrpciv.ro/intrebare/poate-fi-redusa-capacitatea-de-conducere-auto-dupa-consumul-unei-cantitati-relativ-mici-de-alcool-3f0e","","<div class="""">
                        


                    </div>","https://scoaladrpciv.ro/intrebari/categoria-b/conducerea-preventiva"
"1790474996-85","https://scoaladrpciv.ro/intrebari/categoria-b","Cum veţi proceda într-o curbă lipsită de vizibilitate, dacă în faţa dvs. circulă o bicicletă?","A - reduceţi viteza şi vă deplasaţi în spatele bicicletei, până când drumul vă oferă condiţii bune de vizibilitate pentru depăşire;","","","B - claxonaţi pentru a atrage atenţia biciclistului că îl depăşiţi;","C - vă continuaţi deplasarea, deoarece în această situaţie bicicletele pot fi depăşite.","https://scoaladrpciv.ro/intrebare/cum-veti-proceda-intr-o-curba-lipsita-de-vizibilitate-daca-in-fata-dvs-circula-o-bicicleta-61c7","","<div class="""">
                        


                    </div>","https://scoaladrpciv.ro/intrebari/categoria-b/conducerea-preventiva"
"1790474998-86","https://scoaladrpciv.ro/intrebari/categoria-b","Cum este bine să procedaţi atunci când, circulând în spatele unui biciclist, constataţi că acesta doreşte să schimbe direcţia de mers?","B - îi asiguraţi condiţii pentru realizarea manevrei;","","","A - semnalizaţi sonor intenţia de a-l depăşi;","C - nu aveţi nicio obligaţie, întrucât acesta este un vehicul foarte lent.","https://scoaladrpciv.ro/intrebare/cum-este-bine-sa-procedati-atunci-cand-circuland-in-spatele-unui-biciclist-constatati-ca-acesta-doreste-sa-schimbe-directia-de-mers-1f20","","<div class="""">
                        


                    </div>","https://scoaladrpciv.ro/intrebari/categoria-b/conducerea-preventiva"
"1790475000-87","https://scoaladrpciv.ro/intrebari/categoria-b","Spre ce parte a drumului public are tendinţa de a derapa autovehiculul, în cazul efectuării unui viraj la stânga cu o viteză mare?","A - spre dreapta, către exteriorul curbei;","","","B - spre interiorul curbei, către sensul opus de mers;","C - autovehiculul nu poate derapa în nicio situaţie.","https://scoaladrpciv.ro/intrebare/spre-ce-parte-a-drumului-public-are-tendinta-de-a-derapa-autovehiculul-in-cazul-efectuarii-unui-viraj-la-stanga-cu-o-viteza-mare-5141","","<div class="""">
                        


                    </div>","https://scoaladrpciv.ro/intrebari/categoria-b/conducerea-preventiva"
"1790475002-88","https://scoaladrpciv.ro/intrebari/categoria-b","Ce trebuie să faceţi imediat după un accident cu un animal sălbatic?","A - opriţi, aprindeţi luminile de avarie şi asiguraţi locul accidentului","","","B - înştiinţaţi societăţile de protecţie a animalelor","C - luaţi vânatul acasă şi comunicaţi societăţii de asigurare daunele suferite de autoturism.","https://scoaladrpciv.ro/intrebare/ce-trebuie-sa-faceti-imediat-dupa-un-accident-cu-un-animal-salbatic-ee18","","<div class="""">
                        


                    </div>","https://scoaladrpciv.ro/intrebari/categoria-b/conducerea-preventiva"
"1790475005-89","https://scoaladrpciv.ro/intrebari/categoria-b","Printre primele cauze ale accidentelor rutiere figurează și neatenția în conducere. Cum poate fi evitată aceasta?","B - prin concentrarea permanentă doar asupra activităților pe care trebuie să le efectuați pentru conducerea autovehiculului în condiții de siguranță;","","","A - prin alternarea stării de vigilență cu cea de relaxare la volan, îndeosebi pe sectoarele de drum în aliniament;","C - prin punerea în funcțiune a unor surse de muzică cu intensitate sonoră mare, pentru stimularea vigilenței în conducere.","https://scoaladrpciv.ro/intrebare/printre-primele-cauze-ale-accidentelor-rutiere-figureaza-si-neatentia-in-conducere-cum-poate-fi-evitata-aceasta-719c","","<div class="""">
                        


                    </div>","https://scoaladrpciv.ro/intrebari/categoria-b/conducerea-preventiva"
"1790475007-90","https://scoaladrpciv.ro/intrebari/categoria-b","Ce tendinţă prezintă un autoturism cu tracţiune pe spate, dacă acceleraţi prea puternic în curbă?","B - autoturismul tinde să derapeze cu spatele spre exteriorul curbei;","","","A - autoturismul urmează, fără deviere, cursa volanului;","C - roţile din faţă se învârtesc în gol.","https://scoaladrpciv.ro/intrebare/ce-tendinta-prezinta-un-autoturism-cu-tractiune-pe-spate-daca-accelerati-prea-puternic-in-curba-4439","","<div class="""">
                        


                    </div>","https://scoaladrpciv.ro/intrebari/categoria-b/conducerea-preventiva"
"1790475009-91","https://scoaladrpciv.ro/intrebari/categoria-b","Factorii principali care ajută un conducător auto să piloteze preventiv sunt:","A - atitudinea pozitivă în trafic, calmul, cunoştinţele dobândite şi politeţea;","","","B - iscusinţa şi priceperea de a-şi impune calităţile fizice dobândite;","C - mijloacele de semnalizare rutieră şi agenţii de poliţie rutieră.","https://scoaladrpciv.ro/intrebare/factorii-principali-care-ajuta-un-conducator-auto-sa-piloteze-preventiv-sunt-ef2b","","<div class="""">
                        


                    </div>","https://scoaladrpciv.ro/intrebari/categoria-b/conducerea-preventiva"
"1790475012-92","https://scoaladrpciv.ro/intrebari/categoria-b","Conducând pe drumul public, vă faceţi mai vizibil autoturismul dacă:","C - asiguraţi curăţenia exteriorului caroseriei, a tăbliţelor cu numărul de înmatriculare, precum şi a sistemelor de iluminare-semnalizare.","","","A - îl împodobiţi cu abţibilduri sau accesorii colorate, fixate pe parbriz şi pe lunetă;","B - vopsiţi în culoarea albă sau galbenă partea din faţă şi din spate a caroseriei;","https://scoaladrpciv.ro/intrebare/conducand-pe-drumul-public-va-faceti-mai-vizibil-autoturismul-daca-df32","","<div class="""">
                        


                    </div>","https://scoaladrpciv.ro/intrebari/categoria-b/conducerea-preventiva"
"1790475014-93","https://scoaladrpciv.ro/intrebari/categoria-b","Ce înţelegeţi prin conduită preventivă în condiţii atmosferice nefavorabile?","B - conduceţi cu atenţie sporită şi cu o viteză care să vă permită oprirea în siguranţă şi evitarea oricărui pericol;","","","A - rulaţi cu o viteză mai mică decât viteza maximă legală, admisă pe tronsonul de drum respectiv;","C - folosiţi atât luminile de drum cât şi cele de avarie, pentru a fi mai uşor de observat.","https://scoaladrpciv.ro/intrebare/ce-intelegeti-prin-conduita-preventiva-in-conditii-atmosferice-nefavorabile-3df0","","<div class="""">
                        


                    </div>","https://scoaladrpciv.ro/intrebari/categoria-b/conducerea-preventiva"
"1790475016-94","https://scoaladrpciv.ro/intrebari/categoria-b","Un conducător auto v-a depăşit de mai multe ori, întrucât nu circulă cu viteză constantă. Cum procedaţi atunci când urmează să fiţi depăşit din nou?","A - creaţi condiţii pentru a fi depăşit, apropiindu-vă cât mai mult de partea dreaptă a drumului public;","","","B - îl atenţionaţi atât cu claxonul, cât şi cu braţul stâng, pentru a renunţa la această manevră;","C - vă deplasaţi spre stânga, din timp, pentru a nu-i permite efectuarea acestei manevre.","https://scoaladrpciv.ro/intrebare/un-conducator-auto-v-a-depasit-de-mai-multe-ori-intrucat-nu-circula-cu-viteza-constanta-cum-procedati-atunci-cand-urmeaza-sa-fiti-depasit-din-nou-8cab","","<div class="""">
                        


                    </div>","https://scoaladrpciv.ro/intrebari/categoria-b/conducerea-preventiva"
"1790475018-95","https://scoaladrpciv.ro/intrebari/categoria-b","Din sens opus, un vehicul depășește un altul și nu poate reveni pe banda sa. Cum vă comportați corect?","B - reduceți viteza și vă angajați mult spre dreapta;","","","A - circulați mai departe cu viteză mărită;","C - avertizați cu farurile vehiculele care circulă din sens opus.","https://scoaladrpciv.ro/intrebare/din-sens-opus-un-vehicul-depaseste-un-altul-si-nu-poate-reveni-pe-banda-sa-cum-va-comportati-corect-3c90","","<div class="""">
                        


                    </div>","https://scoaladrpciv.ro/intrebari/categoria-b/conducerea-preventiva"
"1790475021-96","https://scoaladrpciv.ro/intrebari/categoria-b","Cum constataţi, în timpul mersului, fără a vă pune în pericol, dacă pe şosea este polei?","B - circulaţi cu viteză redusă şi frânaţi cu atenţie, ca să verificaţi cum reacţionează autovehiculul dvs.;","","","A - frânaţi puternic;","C - circulaţi pe axul central al drumului.","https://scoaladrpciv.ro/intrebare/cum-constatati-in-timpul-mersului-fara-a-va-pune-in-pericol-daca-pe-sosea-este-polei-5cd0","","<div class="""">
                        


                    </div>","https://scoaladrpciv.ro/intrebari/categoria-b/conducerea-preventiva"
"1790475023-97","https://scoaladrpciv.ro/intrebari/categoria-b","Ce obligații are conducătorul unui vehicul atunci când dorește să intre sau să iasă dintr-un rând de vehicule staționate?","B - să semnalizeze și să se asigure că poate executa manevra;","","","A - să se asigure că distanța dintre vehicule este suficientă pentru parcarea vehiculului;","C - să nu execute manevra în zona de acțiune a indicatorului „Staționarea interzisă“.","https://scoaladrpciv.ro/intrebare/ce-obligatii-are-conducatorul-unui-vehicul-atunci-cand-doreste-sa-intre-sau-sa-iasa-dintr-un-rand-de-vehicule-stationate-3f03","","<div class="""">
                        <h4>Articolul 54</h4>
<p>(1)&nbsp;&nbsp;Conducătorul de vehicul care executa o manevra de schimbare a direcției de mers, <strong>de ieșire dintr-un rând de vehicule staționate</strong> sau de intrare într-un asemenea rând, de trecere pe o altă bandă de circulație sau de virare spre dreapta ori spre stânga sau care urmează să efectueze o întoarcere ori să meargă cu spatele <strong>este obligat să semnalizeze din timp și să se asigure că o poate face</strong> fără să perturbe circulația sau să pună în pericol siguranța celorlalți participanți la trafic.</p>
<p>(2)&nbsp;&nbsp; Semnalizarea schimbării direcției de mers trebuie să fie menținută pe întreaga durată a manevrei.</p>


                    </div>","https://scoaladrpciv.ro/intrebari/categoria-b/conducerea-preventiva"
"1790475025-98","https://scoaladrpciv.ro/intrebari/categoria-b","În faţa dvs. circulă un tractor cu două remorci, pe ultima fiind scris „FĂRĂ SEMNALIZARE“. Intenţionaţi să-l depăşiţi în apropierea unei intersecţii. Cum procedaţi?","A - aşteptaţi să treceţi de respectiva intersecţie, chiar dacă pierdeţi din timpul planificat al călătoriei;","","","B - vă angajaţi în depăşire, întrucât autovehiculul dvs. vă permite să rulaţi, în mod legal, cu o viteză mai mare;","C - semnalizaţi efectuarea depăşirii şi acceleraţi, pentru ca manevra să dureze cât mai puţin.","https://scoaladrpciv.ro/intrebare/in-fata-dvs-circula-un-tractor-cu-doua-remorci-pe-ultima-fiind-scris-fara-semnalizare-intentionati-sa-l-depasiti-in-apropierea-unei-intersectii-cum-procedati-57a1","","<div class="""">
                        


                    </div>","https://scoaladrpciv.ro/intrebari/categoria-b/conducerea-preventiva"
"1790475027-99","https://scoaladrpciv.ro/intrebari/categoria-b","Cum trebuie să procedeze conducătorul unui autovehicul / tractor agricol sau forestier, dacă i-a fost prescris un tratament medicamentos?","A - să se asigure că administrarea acestuia nu-i va afecta capacitatea de a conduce;","","","B - să nu își administreze medicamentele înainte de a se urca la volan;","C - să se informeze care este doza minimă care poate fi administrată pe perioada cât se află la volan.","https://scoaladrpciv.ro/intrebare/cum-trebuie-sa-procedeze-conducatorul-unui-autovehicul-tractor-agricol-sau-forestier-daca-i-a-fost-prescris-un-tratament-medicamentos-2714","","<div class="""">
                        


                    </div>","https://scoaladrpciv.ro/intrebari/categoria-b/conducerea-preventiva"
"1790475030-100","https://scoaladrpciv.ro/intrebari/categoria-b","Cum procedați atunci când circulați în afara localităților, pe un drum cu o singură bandă pe sens, și întâlniți un vehicul lent, lung sau greu pe care nu puteți să îl depășiți?","C - vă deplasați în urma acestuia, până când manevra de depășire se poate efectua.","","","A - îl semnalizați pe cel de la volan prin mijloacele de avertizare sonoră și luminoasă;","B - opriți și lăsați vehiculul respectiv să se îndepărteze;","https://scoaladrpciv.ro/intrebare/cum-procedati-atunci-cand-circulati-in-afara-localitatilor-pe-un-drum-cu-o-singura-banda-pe-sens-si-intalniti-un-vehicul-lent-lung-sau-greu-pe-care-nu-puteti-sa-il-depasiti-38a7","","<div class="""">
                        <h4>Articolul 118</h4>
<p>(1) Conducãtorul de vehicul care efectueazã depãșirea este obligat:</p>
<ul>
<li>a)&nbsp;&nbsp; sã se asigure cã acela care îl urmeazã sau îl precedã nu a semnalizat intenția începerii unei manevre similare și cã poate depãși fãrã a pune în pericol sau fãrã a stânjeni circulația din sens opus;</li>
<li>b)&nbsp;&nbsp; sã semnalizeze intenția de efectuare a depãșirii;</li>
<li>c)&nbsp;&nbsp; sã pãstreze în timpul depãșirii o distanțã lateralã suficientã fațã de vehiculul depãșit;</li>
<li>d)&nbsp;&nbsp; sã reintre pe banda sau în șirul de circulație inițial dupã ce a semnalizat și s-a asigurat cã poate efectua aceastã manevrã în condiții de siguranțã pentru vehiculul depãșit și pentru ceilalți participanți la trafic.</li>
</ul>


                    </div>","https://scoaladrpciv.ro/intrebari/categoria-b/conducerea-preventiva"
"1790475032-101","https://scoaladrpciv.ro/intrebari/categoria-b","La ce vă puteți aștepta, din punct de vedere al conduitei preventive,  dacă circulați în spatele unui camion cu remorcă, ce intenționează să vireze la dreapta pe o stradă îngustă?","B - înainte de a vira, camionul se angajează inițial spre stânga, din cauza gabaritului;","","","A - înainte de a vira, camionul se oprește;","C - camionul se comportă ca orice autoturism.","https://scoaladrpciv.ro/intrebare/la-ce-va-puteti-astepta-din-punct-de-vedere-al-conduitei-preventive-daca-circulati-in-spatele-unui-camion-cu-remorca-ce-intentioneaza-sa-vireze-la-dreapta-pe-o-strada-ingusta-8554","","<div class="""">
                        


                    </div>","https://scoaladrpciv.ro/intrebari/categoria-b/conducerea-preventiva"
"1790475035-102","https://scoaladrpciv.ro/intrebari/categoria-b","Intrați cu autovehiculul / tractorul agricol sau forestier de pe o stradă bine iluminată pe una neiluminată. Ce trebuie să aveți în vedere?","A - viteza trebuie adaptată noilor condiții de iluminare;","","","B - nu aveți obligații legale;","C - vederea se adaptează instantaneu.","https://scoaladrpciv.ro/intrebare/intrati-cu-autovehiculul-tractorul-agricol-sau-forestier-de-pe-o-strada-bine-iluminata-pe-una-neiluminata-ce-trebuie-sa-aveti-in-vedere-427d","","<div class="""">
                        <h4>Articolul 48</h4>
<p>Conducătorul de vehicul trebuie să respecte regimul legal de viteză și să o adapteze în funcție de condițiile de drum, astfel încât să poată efectua orice manevra în condiții de siguranță.</p>


                    </div>","https://scoaladrpciv.ro/intrebari/categoria-b/conducerea-preventiva"
"1790475037-103","https://scoaladrpciv.ro/intrebari/categoria-b","Pe ploaie veţi aprinde luminile de ceaţă din spate?","C - nu.","","","A - dacă există în dotare;","B - da;","https://scoaladrpciv.ro/intrebare/pe-ploaie-veti-aprinde-luminile-de-ceata-din-spate-6d35","https://scoaladrpciv.ro/storage/questions/514.jpeg","<div class="""">
                        <h4>Articolul 114</h4><p>(1)&nbsp;&nbsp; Conducãtorii de autovehicule, tractoare agricole sau forestiere și tramvaie sunt obligați sã foloseascã instalațiile de iluminare și/sau semnalizare a acestora, dupã cum urmeazã:</p><ul style=""list-style-type:circle;""><li>a)&nbsp;&nbsp; luminile de poziție sau de staționare pe timpul imobilizãrii vehiculului pe partea carosabilã în afara localitãților, de la lãsarea serii și pânã în zorii zilei, ziua când plouã torențial, ninge abundent sau este ceațã densã ori în alte condiții care reduc vizibilitatea pe drumul public;</li><li>b)&nbsp;&nbsp; luminile de întâlnire sau de drum, în mers, atât în localitãți, cât și în afara acestora, dupã gradul de iluminare a drumului public;</li><li><span style=""background-color:hsl(60,75%,60%);"">c)&nbsp; luminile de întâlnire și cele de ceațã pe timp de ceațã densã;</span></li><li>d)&nbsp;&nbsp; luminile de întâlnire ale autovehiculelor care însoțesc coloane militare sau cortegii, transportã grupuri organizate de persoane și cele care tracteazã alte vehicule sau care transporta mãrfuri ori produse periculoase, în timpul zilei;</li><li>e)&nbsp;&nbsp; luminile de întâlnire atunci când plouã torențial, ninge abundent ori în alte condiții care reduc vizibilitatea pe drum;</li><li>f)&nbsp;&nbsp; luminile pentru mersul înapoi atunci când vehiculul este manevrat cãtre înapoi;</li><li>g)&nbsp;&nbsp; luminile indicatoare de direcție pentru semnalizarea schimbãrii direcției de mers, inclusiv la punerea în mișcare a vehiculului de pe loc.</li></ul><p>(2)&nbsp;&nbsp; Pe timpul nopții, la apropierea a douã vehicule care circulã din sensuri opuse, conducãtorii acestora sunt obligați ca de la o distanțã de cel puțin 200 m sã foloseascã luminile de întâlnire concomitent cu reducerea vitezei. Când conducãtorul de autovehicul, tractor agricol sau forestier se apropie de un autovehicul care circulã în fațã sã, acesta este obligat sã foloseascã luminile de întâlnire de la o distanțã de cel puțin 100 m.</p><p>(3)&nbsp;&nbsp; Pe timpul nopții sau în condiții de vizibilitate redusã conducãtorii de autovehicule, tractoare agricole sau forestiere și tramvaie care se apropie de o intersecție nedirijatã prin semnale luminoase sau de cãtre polițiști sunt obligați sã semnalizeze prin folosirea alternantã a luminilor de întâlnire cu cele de drum dacã nu încalcã astfel prevederile alin. (2).</p><p>&nbsp;(4)&nbsp;&nbsp; Pe timpul nopții sau în condiții de vizibilitate redusã autovehiculele, tractoarele agricole sau forestiere ori remorcile cu deficiențe la sistemul de iluminare și semnalizare luminoasã nu pot fi conduse sau remorcate fãrã a avea în funcțiune pe partea stânga, în fațã o luminã de întâlnire și în spate una de poziție.</p><p>(5) Luminile de avarie se folosesc în urmãtoarele situații:</p><ul style=""list-style-type:circle;""><li>a)&nbsp; când vehiculul este imobilizat involuntar pe partea carosabilã;</li><li>b)&nbsp;&nbsp; când vehiculul se deplaseazã foarte lent și/sau constituie el însuși un pericol pentru ceilalți participanți la trafic;</li><li>c)&nbsp;&nbsp; când autovehiculul, tractorul agricol sau forestier ori tramvaiul este remorcat.</li></ul><p>&nbsp;(6)&nbsp;&nbsp; În situațiile prevãzute la alin. (5), conducãtorii de autovehicule, tractoare agricole sau forestiere și tramvaie trebuie sã punã în funcțiune luminile de avarie, în mod succesiv, în ordinea opririi și în cazul în care aceastã manevrã este impusã de blocarea circulației pe sensul de mers.</p><p>(7)&nbsp;&nbsp; Când circulã prin tunel conducãtorul de vehicul este obligat sã foloseascã luminile de întâlnire.</p>


                    </div>","https://scoaladrpciv.ro/intrebari/categoria-b/conducerea-preventiva"
"1790475039-104","https://scoaladrpciv.ro/intrebari/categoria-b","În ce locuri circulaţia cu viteză duce adeseori la accidente?","A - în intersecţii;","","","B - în parcări;","C - în poligoanele auto.","https://scoaladrpciv.ro/intrebare/in-ce-locuri-circulatia-cu-viteza-duce-adeseori-la-accidente-82e9","","<div class="""">
                        


                    </div>","https://scoaladrpciv.ro/intrebari/categoria-b/conducerea-preventiva"
"1790475041-105","https://scoaladrpciv.ro/intrebari/categoria-b","Care este principalul factor de risc pe care trebuie să-l aveţi în vedere la conducerea autovehiculului prin tunele rutiere?","B - dificultăţi în adaptarea vederii la intrarea şi la ieşirea din asemenea pasaje;","","","A - viteza redusă de deplasare şi mersul în coloană;","C - posibilitatea existenţei unor denivelări ale părţii carosabile.","https://scoaladrpciv.ro/intrebare/care-este-principalul-factor-de-risc-pe-care-trebuie-sa-l-aveti-in-vedere-la-conducerea-autovehiculului-prin-tunele-rutiere-ea9d","","<div class="""">
                        


                    </div>","https://scoaladrpciv.ro/intrebari/categoria-b/conducerea-preventiva"
"1790475044-106","https://scoaladrpciv.ro/intrebari/categoria-b","Din punct de vedere al conduitei preventive, cum trebuie să procedați în această situație?","A - reduceți viteza, deoarece copilul s-ar putea întoarce pentru a lua mingea din drum;","","","B - mențineți viteza, deoarece copiii au fost avertizați și rămân în siguranță pe trotuar;","C - măriți viteza, deoarece copiii nu aleargă pe stradă.","https://scoaladrpciv.ro/intrebare/din-punct-de-vedere-al-conduitei-preventive-cum-trebuie-sa-procedati-in-aceasta-situatie-1472","https://scoaladrpciv.ro/storage/questions/447.jpeg","<div class="""">
                        


                    </div>","https://scoaladrpciv.ro/intrebari/categoria-b/conducerea-preventiva"
"1790475046-107","https://scoaladrpciv.ro/intrebari/categoria-b","Care este poziția corectă a conducătorului auto în timpul conducerii?","B - să stea cât mai confortabil pe scaun, cu capul rezemat de tetieră și cu ambele mâini pe volan, în zona orelor 10:00-14:00;","","","A - să fie cât mai concentrat, să țină volanul strâns și privirea îndreptată numai înainte și să stea cât mai aproape de parbriz;","C - cea mai corectă poziție în timpul conducerii auto este aceea care previne apariția somnului.","https://scoaladrpciv.ro/intrebare/care-este-pozitia-corecta-a-conducatorului-auto-in-timpul-conducerii-4b51","","<div class="""">
                        


                    </div>","https://scoaladrpciv.ro/intrebari/categoria-b/conducerea-preventiva"
"1790475048-108","https://scoaladrpciv.ro/intrebari/categoria-b","Când se aplică regulile conduitei preventive?","C - atât în timpul conducerii efective, cât și atunci când autovehiculul / tractorul agricol sau forestier este oprit.","","","A - când conduceți efectiv autovehiculul / tractorul agricol sau forestier pe drumurile publice;","B - când autovehiculul / tractorul agricol sau forestier este oprit pe partea carosabilă;","https://scoaladrpciv.ro/intrebare/cand-se-aplica-regulile-conduitei-preventive-048b","","<div class="""">
                        <p>Regulile conduitei preventive trebuie respectate în mod constant, atât pe parcursul deplasării vehiculului, cât și în situațiile în care acesta este staționat sau oprit, deoarece riscurile pot apărea în orice moment al participării la trafic.</p>


                    </div>","https://scoaladrpciv.ro/intrebari/categoria-b/conducerea-preventiva"
"1790475051-109","https://scoaladrpciv.ro/intrebari/categoria-b","Ce se înțelege prin conduită preventivă?","B - comportamentul rutier care asigură prevenirea accidentelor, prin anticiparea și evitarea acțiunilor incorecte ale partenerilor de drum, precum și adaptarea vitezei de deplasare la condițiile meteo-rutiere specifice;","","","A - un concept valabil pentru conducătorii auto începători;","C - calitatea unor conducători auto de a circula prudent, cu viteză redusă, pentru a nu crea neplăceri în trafic celorlalți utilizatori ai drumului public.","https://scoaladrpciv.ro/intrebare/ce-se-intelege-prin-conduita-preventiva-2bfe","","<div class="""">
                        <p>Conduita preventivă reprezintă modul de a conduce prin care șoferul urmărește siguranța în trafic, manifestând prudență și atenție sporită, astfel încât să poată reacționa din timp la situațiile periculoase. Aceasta presupune observarea și anticiparea comportamentului celorlalți participanți la trafic, precum și ajustarea vitezei și a modului de deplasare în funcție de condițiile de drum și de vreme.</p>


                    </div>","https://scoaladrpciv.ro/intrebari/categoria-b/conducerea-preventiva"
"1790475055-110","https://scoaladrpciv.ro/intrebari/categoria-b","Echipamentul de frânare nu este obligatoriu la remorcile cu masa totală maximă autorizată:","A - mai mică de 750 kg","","","B - mai mică de 400 kg","C - mai mare de 750 kg","https://scoaladrpciv.ro/intrebare/echipamentul-de-franare-nu-este-obligatoriu-la-remorcile-cu-masa-totala-maxima-autorizata-e082","","<div class="""">
                        <p><span class=""S_DEN"">REGLEMENTĂRI din 11 februarie 2003<br></span><span class=""S_PAR"">privind condiţiile tehnice pe care trebuie să le îndeplinească vehiculele rutiere în vederea admiterii în circulaţie pe drumurile publice din România - RNTR2*</span></p>
<p>&nbsp;</p>
<p>3.5 Masa remorcabilă maximă tehnic admisibilă a unui autovehicul autorizat de constructor să tracteze o remorcă, fie că este sau nu autotractor, nu trebuie să depăşească cea mai mică dintre următoarele valori:</p>
<ul>
<li>-&nbsp;masa remorcabilă tehnic admisibilă declarată de constructor;</li>
<li><span style=""background-color: #f1c40f;"">-&nbsp;pentru autovehiculele destinate tractării de remorci fără frână de serviciu: 50% din masa proprie a autovehiculului, cu condiţia ca masa maximă tehnic admisibilă a acestor remorci să nu fie mai mare de 750 kg;</span></li>
<li>-&nbsp;pentru autovehiculele având masa maximă tehnic admisibilă mai mică de 3,5 t (inclusiv din categoria M<span class=""s25"">1</span>) şi destinate să tracteze remorci echipate cu frână de serviciu: masa maximă tehnic admisibilă a autovehiculului (pentru autovehicule de teren multiplicată cu coeficientul 1,5), cu condiţia ca masa maximă tehnic admisibilă a remorcii să nu fie mai mare de 3500 kg;</li>
<li>-&nbsp;pentru autovehicule având masa maximă tehnic admisibilă mai mare de 3,5 t, destinate să tracteze remorci echipate cu sistem de frânare de serviciu comandat prin inerţie: masa maximă tehnic admisibilă a remorcii este de 3500 kg;</li>
<li>-&nbsp;pentru autovehicule având masa maximă tehnic admisibilă mai mare de 3,5 t, destinate să tracteze remorci echipate cu sistem de frânare de serviciu continuu (conform definiţiei din Directiva 71/320/CEE): masa maximă tehnic admisibilă a autovehiculului, multiplicată cu 1,5;</li>
<li>-&nbsp;pentru autovehiculele din categoriile M<span class=""s25"">2</span>&nbsp;şi M<span class=""s25"">3</span> masa maximă tehnic admisibilă a unei remorci&nbsp;pentru bagaje nu poate depăşi 3500 kg.</li>
</ul>


                    </div>","https://scoaladrpciv.ro/intrebari/categoria-b/reguli-generale"
"1790475058-111","https://scoaladrpciv.ro/intrebari/categoria-b","Viteza se va reduce obligatoriu şi vehiculul va fi oprit:","A - când circulând pe un drum cu o bandă de circulaţie pe sensul de mers, deplasarea înainte este obturată de un obstacol sau de prezenţa altor participanţi la trafic, iar din sens opus circulă alte vehicule;","B - la semnalul poliţistului de frontieră;","C - când barierele sau semibarierele sunt coborâte, în curs de coborâre sau de ridicare”.","","","https://scoaladrpciv.ro/intrebare/viteza-se-va-reduce-obligatoriu-si-vehiculul-va-fi-oprit-f43e","","<div class="""">
                        <h4>Articolul 132</h4><p>Conducãtorul vehiculului al cãrui mers înainte este obturat de un obstacol sau de prezența altor participanți la trafic, care impune trecerea pe sensul opus, este obligat sã reducã viteza și, la nevoie, sã opreascã pentru a permite trecerea vehiculelor care circulã din sens opus.</p><h4>Articolul 89</h4><p>(1)&nbsp;&nbsp; Oprirea participanților la trafic este obligatorie și la semnalele date de:</p><ul style=""list-style-type:circle;""><li><span style=""background-color:hsl(60, 75%, 60%);"">a)&nbsp; polițiștii de frontierã;</span></li><li>b)&nbsp;&nbsp; îndrumãtorii de circulație ai Ministerului Apãrãrii;</li><li>&nbsp;c)&nbsp; agenții de cale feratã, la trecerile la nivel;</li><li>&nbsp;d)&nbsp;&nbsp; personalul autorizat din zona lucrãrilor pe drumurile publice;</li><li>&nbsp;e)&nbsp;&nbsp; membrii patrulelor școlare de circulație, la trecerile pentru pietoni din apropierea unitãților de învãțãmânt;</li><li>&nbsp;f)&nbsp;&nbsp; nevãzãtori, prin ridicarea bastonului alb, atunci când aceștia traverseazã strada.</li></ul><h4>Articolul 138</h4><p>(1) Conducãtorul de vehicul este obligat sã opreascã atunci când:</p><ul style=""list-style-type:circle;""><li><span style=""background-color:hsl(60, 75%, 60%);"">a)&nbsp;&nbsp; barierele sau semibarierele sunt coborâte, în curs de coborâre sau de ridicare;</span></li><li>b)&nbsp;&nbsp; semnalul cu lumini roșii și/sau semnalul sonor sunt în funcțiune;&nbsp;</li><li>c)&nbsp;&nbsp; întâlnește indicatorul ""Trecerea la nivel cu calea feratã simplã, fãrã bariere"", ""Trecerea la nivel cu calea feratã dublã, fãrã bariere"" sau ""Oprire"".</li></ul>


                    </div>","https://scoaladrpciv.ro/intrebari/categoria-b/reguli-generale"
"1790475060-112","https://scoaladrpciv.ro/intrebari/categoria-b","Este obligatorie dotarea autovehiculelor cu trusă medicală de prim ajutor?","C - da, pentru toate autovehiculele care circulă pe drumurile publice.","","","A - da, numai la autovehiculele cu o greutate mai mare de 3,5 t;","B - nu, fiind doar o recomandare legală;","https://scoaladrpciv.ro/intrebare/este-obligatorie-dotarea-autovehiculelor-cu-trusa-medicala-de-prim-ajutor-66d9","","<div class="""">
                        <p>Art. 8<br>Pentru a fi conduse pe drumurile publice, autovehiculele si tramvaiele trebuie sa fie dotate cu truse medicale de prim-ajutor, triunghiuri reflectorizante si stingatoare de incendiu, omologate.</p>


                    </div>","https://scoaladrpciv.ro/intrebari/categoria-b/reguli-generale"
"1790475062-113","https://scoaladrpciv.ro/intrebari/categoria-b","Puteți circula cu vehiculul într-o zonă pietonală dacă:","C - locuiți în acea zonă.","","","A - prestați servicii comerciale;","B - aveți sistemul de iluminare în stare de funcționare;","https://scoaladrpciv.ro/intrebare/puteti-circula-cu-vehiculul-intr-o-zona-pietonala-daca-513c","","<div class="""">
                        <h4>Articolul 159</h4><p>În zona pietonala, semnalizatã ca atare, conducãtorul de vehicul poate intra numai dacã locuiește în aceastã zona sau presteazã servicii publice ""din poarta în poarta"" și nu are altã posibilitate de acces. Acesta este obligat sã circule cu viteza maxima de 5 km/h, sã nu stânjeneascã ori sã împiedice circulația pietonilor și, dacã este necesar, sã opreascã pentru a permite circulația acestora.</p>


                    </div>","https://scoaladrpciv.ro/intrebari/categoria-b/reguli-generale"
"1790475065-114","https://scoaladrpciv.ro/intrebari/categoria-b","Cine nu este obligat să poarte centura de siguranţă?","C - examinatorul, în timpul desfăşurării probelor practice ale examenului.","","","A - pasagerii din taxiuri;","B - persoanele suferinde;","https://scoaladrpciv.ro/intrebare/cine-nu-este-obligat-sa-poarte-centura-de-siguranta-f877","","<div class="""">
                        <h4>Articolul 97</h4><p>(4) Se excepteazã de la obligația de a purta centura de siguranțã:</p><ul style=""list-style-type:circle;""><li>a)&nbsp;&nbsp; conducãtorii de autoturisme pe timpul executãrii manevrei de mers înapoi sau care staționeazã;</li><li>b)&nbsp;&nbsp; femeile în stare vizibilã de graviditate;</li><li>c)&nbsp;&nbsp; conducãtorii de autoturisme care executa servicii de transport public de persoane, în regim de taxi, când transporta pasageri;</li><li>d)&nbsp;&nbsp; persoanele care au certificat medical în care sã fie menționatã afecțiunea care contraindicã purtarea centurii de siguranțã;</li><li><span style=""background-color:hsl(60, 75%, 60%);"">e)&nbsp;&nbsp; instructorii auto, pe timpul pregãtirii practice a persoanelor care învãța sã conducã un autovehicul pe drumurile publice sau examinatorul din cadrul autoritãții competente în timpul desfãșurãrii probelor practice ale examenului pentru obținerea permisului de conducere.</span></li></ul>


                    </div>","https://scoaladrpciv.ro/intrebari/categoria-b/reguli-generale"
"1790475067-115","https://scoaladrpciv.ro/intrebari/categoria-b","Purtarea centurii de siguranţă este obligatorie în timpul circulaţiei pe drumurile din localităţi?","C - da, de către cel de la volan şi de către pasagerii care ocupă locurile prevăzute cu asemenea dispozitive.","","","A - nu;","B - da, numai de către conducătorul autovehiculului;","https://scoaladrpciv.ro/intrebare/purtarea-centurii-de-siguranta-este-obligatorie-in-timpul-circulatiei-pe-drumurile-din-localitati-1d16","","<div class="""">
                        <h4>Articolul 36</h4><p><span style=""background-color:hsl(60, 75%, 60%);"">(1)&nbsp;&nbsp;Conducătorii de autovehicule și tractoare agricole sau forestiere și persoanele care ocupă locuri prevăzute prin construcție cu centuri sau dispozitive de siguranță omologate trebuie să le poarte în timpul circulației pe drumurile publice, cu excepția cazurilor prevăzute în regulament.</span></p>


                    </div>","https://scoaladrpciv.ro/intrebari/categoria-b/reguli-generale"
"1790475069-116","https://scoaladrpciv.ro/intrebari/categoria-b","Un autoturism este prevăzut cu centuri de siguranţă pentru toate locurile. Ce persoane  sunt obligate să le folosească?","B - toate persoanele;","","","A - persoanele de pe scaunele din spate;","C - persoanele de pe scaunele din faţă.","https://scoaladrpciv.ro/intrebare/un-autoturism-este-prevazut-cu-centuri-de-siguranta-pentru-toate-locurile-ce-persoane-sunt-obligate-sa-le-foloseasca-a050","","<div class="""">
                        <h4>Articolul 36</h4><p>(1)&nbsp;&nbsp;Conducătorii de autovehicule și tractoare agricole sau forestiere și persoanele care ocupă locuri prevăzute prin construcție cu centuri sau dispozitive de siguranță omologate trebuie să le poarte în timpul circulației pe drumurile publice, cu excepția cazurilor prevăzute în regulament.</p>


                    </div>","https://scoaladrpciv.ro/intrebari/categoria-b/reguli-generale"
"1790475071-117","https://scoaladrpciv.ro/intrebari/categoria-b","Ce culoare pot avea lămpile cu lumină intermitentă din spatele autovehiculului / tractorului agricol sau forestier?","B - roșie sau galbenă;","","","A - roșie sau albă;","C - galbenă sau albă.","https://scoaladrpciv.ro/intrebare/ce-culoare-pot-avea-lampile-cu-lumina-intermitenta-din-spatele-autovehiculului-tractorului-agricol-sau-forestier-58a1","","","https://scoaladrpciv.ro/intrebari/categoria-b/reguli-generale"
"1790475074-118","https://scoaladrpciv.ro/intrebari/categoria-b","Pe timpul deplasării într-un autoturism pe un drum public este interzis:","C - ocupanţii locurilor din faţă să ţină în braţe animale.","","","A - să fie transportaţi copii de până la 12 ani pe scaunul din spate;","B - să se fumeze în timpul mersului;","https://scoaladrpciv.ro/intrebare/pe-timpul-deplasarii-intr-un-autoturism-pe-un-drum-public-este-interzis-8036","","<div class="""">
                        <h4>Articolul 97</h4><p><span style=""background-color:hsl(60, 75%, 60%);"">(3)&nbsp;&nbsp; Se interzice conducãtorilor de autovehicule, tractoare agricole sau forestiere, precum și persoanelor care ocupa scaunul din fațã sã tina în brațe animale în timpul deplasãrii pe drumurile publice.</span></p><p>&nbsp;</p>


                    </div>","https://scoaladrpciv.ro/intrebari/categoria-b/reguli-generale"
"1790475076-119","https://scoaladrpciv.ro/intrebari/categoria-b","Precizaţi dacă posesorul unui permis de conducere categoria B are permisiunea de a conduce un autoturism cu remorcă:","B - da, dacă masa remorcii nu depăşeşte 750 kg;","","","A - da, cu condiţia ca acesta să aibă permis de cel puţin 3 ani;","C - nu, deoarece pentru o astfel de remorcă este necesar un permis de conducere categoria BE.","https://scoaladrpciv.ro/intrebare/precizati-daca-posesorul-unui-permis-de-conducere-categoria-b-are-permisiunea-de-a-conduce-un-autoturism-cu-remorca-4c16","","<div class="""">
                        <p>Categoria B:<br>1. autovehiculul a cărui masă totală maximă autorizată nu depăşeşte 3.500 kg şi al cărui număr de locuri pe scaune, în afara conducătorului, nu este mai mare de 8;<br>2. ansamblul format dintr-un autovehicul trăgător din categoria B şi o remorcă a cărei masă totală maximă autorizată nu depăşeşte 750 kg;<br>3. ansamblul de vehicule a căror masă totală maximă autorizată nu depăşeşte 4.250 kg, format dintr-un autovehicul trăgător din categoria B şi o remorcă a cărei masă totală maximă autorizată depăşeşte 750 kg;<br>&nbsp;</p>


                    </div>","https://scoaladrpciv.ro/intrebari/categoria-b/reguli-generale"
"1790475078-120","https://scoaladrpciv.ro/intrebari/categoria-b","Cum se defineşte corect autovehiculul din categoria B?","B - autovehiculul care nu depăşeşte 3.500 kg, al cărui număr de locuri pe scaune, în afara conducătorului, nu este mai mare de 8;","","","A - autovehiculul care nu depăşeşte 5.000 kg, al cărui număr de locuri pe scaune, în afara conducătorului, este mai mic de 8;","C - autovehiculul care nu depăşeşte 3.500 kg, al cărui număr de locuri pe scaune, în afara conducătorului, nu este mai mare de 5.","https://scoaladrpciv.ro/intrebare/cum-se-defineste-corect-autovehiculul-din-categoria-b-eef0","","<div class="""">
                        <p>Categoria B:<br>1. autovehiculul a cărui masă totală maximă autorizată nu depăşeşte 3.500 kg şi al cărui număr de locuri pe scaune, în afara conducătorului, nu este mai mare de 8;<br>2. ansamblul format dintr-un autovehicul trăgător din categoria B şi o remorcă a cărei masă totală maximă autorizată nu depăşeşte 750 kg;<br>3. ansamblul de vehicule a căror masă totală maximă autorizată nu depăşeşte 4.250 kg, format dintr-un autovehicul trăgător din categoria B şi o remorcă a cărei masă totală maximă autorizată depăşeşte 750 kg;</p>


                    </div>","https://scoaladrpciv.ro/intrebari/categoria-b/reguli-generale"
"1790475080-121","https://scoaladrpciv.ro/intrebari/categoria-b","Copiii cu vârste de până la 12 ani pot fi transportaţi:","C - pe bancheta din spate a autovehiculului, având fixată centura de siguranţă, adaptată greutăţii şi dimensiunilor lor.","","","A - pe scaunul din faţă al autovehiculului, dacă sunt ţinuţi în braţe de persoane majore","B - pe scaunul din faţă al autovehiculului, având fixată centura de siguranţă","https://scoaladrpciv.ro/intrebare/copiii-cu-varste-de-pana-la-12-ani-pot-fi-transportati-428a","","<div class="""">
                        <h4>Articolul 97</h4><p>(1)&nbsp;&nbsp; Copiii cu o înãlțime de pânã la 135 cm pot fi transportați în autovehicule echipate cu sisteme de siguranțã pentru conducãtor și pasageri, denumite în continuare sisteme de siguranțã, doar dacã sunt fixați sau prinși cu ajutorul unui dispozitiv de fixare în scaun pentru copii instalat în autovehicul.</p><p>&nbsp;(1^1) Dispozițiile alin. (1) nu se aplicã în cazul transportului în autovehicule destinate transportului public de persoane, precum și în taxi, dacã în acesta din urmã copilul ocupã orice alt loc decât cel de pe scaunul din fațã. Transportul copilului în vârstã de pânã la 3 ani, în acest caz, se realizeazã sub supravegherea unei persoane, alta decât conducãtorul de autovehicul.</p><p>&nbsp;(1^2) Copiii cu o înãlțime de peste 135 cm pot fi transportați în autovehicule echipate cu sisteme de siguranțã doar dacã poartã centuri de siguranțã pentru adulți, reglate astfel încât sã nu treacã peste zona gâtului sau feței, ori dacã sunt fixați sau prinși cu ajutorul unui dispozitiv de fixare în scaun pentru copii instalat în autovehicul.</p><p>2)&nbsp;&nbsp; Copiii în vârstã de pânã la 3 ani nu pot fi transportați în autovehicule care nu sunt echipate cu sisteme de siguranțã.</p><p>(2^1) Prin excepție de la prevederile alin. (2), copiii în vârstã de pânã la 3 ani pot fi transportați sub supravegherea unei persoane, alta decât conducãtorul de autovehicul, în autovehicule destinate transportului public de persoane, precum și în taxi dacã în acesta din urmã ocupã orice alt loc decât cel de pe scaunul din fațã.</p><p>(2^2) Prin excepție de la prevederile alin. (2), copiii în vârstã de pânã la 3 ani pentru care este eliberat certificatul medical prevãzut la alin. (1^8) sunt transportați în autovehicule care nu sunt echipate cu sisteme de siguranțã pe locurile din spate ale acestuia, sub supravegherea unei persoane, alta decât conducãtorul de autovehicul. Dispozițiile prevãzute la alin. (1^10) se aplicã în mod corespunzãtor.</p><p>(2^3) Copiii cu vârsta de peste 3 ani, având o înãlțime de pânã la 150 cm, pot fi transportați în autovehicule care nu sunt echipate cu sisteme de siguranțã doar dacã ocupã, pe timpul transportului, orice alt loc decât cel de pe scaunele din fațã.</p>


                    </div>","https://scoaladrpciv.ro/intrebari/categoria-b/reguli-generale"
"1790475083-122","https://scoaladrpciv.ro/intrebari/categoria-b","Inspecția tehnică periodică a autovehiculelor / tractoarelor agricole sau forestiere și a remorcilor trebuie efectuată:","B - periodic, conform legii;","","","A - anual, la orice service auto;","C - la cel mult doi ani, la o stație de inspecție tehnică autorizată.","https://scoaladrpciv.ro/intrebare/inspectia-tehnica-periodica-a-autovehiculelor-tractoarelor-agricole-sau-forestiere-si-a-remorcilor-trebuie-efectuata-18f4","","<div class="""">
                        <h4>Articolul 9</h4><p>(1)&nbsp; Pentru a fi înmatriculate, înregistrate sau admise în circulație, autovehiculele și tractoarele agricole sau forestiere, remorcile și tramvaiele trebuie să fie omologate în condițiile legii.</p><p>(1^1) Sunt exceptate de la prevederile alin. (1) vehiculele lente și mașinile autopropulsate.</p><p>(1^2) Omologarea este opțională în cazul vehiculelor prevăzute la art. 13 alin. (3) care îndeplinesc condițiile prevăzute la art. 2 alin. (2) lit. d) și alin. (3) lit. b) din Regulamentul (UE) 2018/858 al Parlamentului European și al Consiliului din 30 mai 2018 privind omologarea și supravegherea pieței autovehiculelor și remorcilor acestora, precum și ale sistemelor, componentelor și unităților tehnice separate destinate vehiculelor respective, de modificare a Regulamentelor (CE) nr. 715/2007 și (CE) nr. 595/2009 și de abrogare a Directivei 2007/46/ CE, precum și în cazul celor care îndeplinesc condițiile prevăzute la art. 2 alin. (2) lit. e) din Regulamentul (UE) nr. 168/2013 al Parlamentului European și al Consiliului din 15 ianuarie 2013 privind omologarea și supravegherea pieței pentru vehiculele cu două sau trei roți și pentru cvadricicluri.</p><p>(2)&nbsp; Categoriile de vehicule care pot fi admise în circulație fără a fi omologate se stabilesc prin ordin al ministrului transporturilor, cu avizul Ministerului Afacerilor Interne - Inspectoratul General al Poliției Române, care se publică în Monitorul Oficial al României, Partea I.</p><p>(3)&nbsp; Documentul care atestă omologarea este cartea de identitate a vehiculului, eliberată în condițiile legii.</p><p><span style=""background-color:hsl(60, 75%, 60%);"">(4)&nbsp; Pentru a fi menținute în circulație, vehiculele înmatriculate sau înregistrate, cu excepția mașinilor autopropulsate cu o viteză maximă constructivă care nu depășește 25 km/h, a autovehiculelor cu șenile, a tramvaielor și a vehiculelor cu tracțiune animală, se supun inspecției tehnice periodice, conform legislației în vigoare.</span></p><p>&nbsp;(5)&nbsp; Inspecția tehnică periodică se efectuează în stații autorizate sau în reprezentanțe R.A.R., conform legislației în vigoare.</p><p>(6)&nbsp; Pentru autovehiculele și tractoarele agricole sau forestiere aparținând instituțiilor din sistemul de apărare, ordine publică și siguranță națională, inspecția tehnică periodică se poate efectua și în stații proprii, autorizate potrivit legii.</p>


                    </div>","https://scoaladrpciv.ro/intrebari/categoria-b/reguli-generale"
"1790475085-123","https://scoaladrpciv.ro/intrebari/categoria-b","Purtarea centurii de siguranţă nu este obligatorie în localităţi pentru:","B - persoanele care posedă un document în acest sens, emis de o instituţie medicală de specialitate;","C - femeia care prezintă o sarcinã vizibilă.","","A - copiii cu vârsta de până la 12 ani;","","https://scoaladrpciv.ro/intrebare/purtarea-centurii-de-siguranta-nu-este-obligatorie-in-localitati-pentru-872d","","<div class="""">
                        <h4>Articolul 97</h4><p>(4) Se excepteazã de la obligația de a purta centura de siguranțã:</p><ul style=""list-style-type:circle;""><li>a)&nbsp;&nbsp; conducãtorii de autoturisme pe timpul executãrii manevrei de mers înapoi sau care staționeazã;</li><li><span style=""background-color:hsl(60, 75%, 60%);"">b)&nbsp;&nbsp; femeile în stare vizibilã de graviditate;</span></li><li>c)&nbsp;&nbsp; conducãtorii de autoturisme care executa servicii de transport public de persoane, în regim de taxi, când transporta pasageri;</li><li><span style=""background-color:hsl(60, 75%, 60%);"">d)&nbsp;&nbsp; persoanele care au certificat medical în care sã fie menționatã afecțiunea care contraindicã purtarea centurii de siguranțã;</span></li><li>e)&nbsp;&nbsp; instructorii auto, pe timpul pregãtirii practice a persoanelor care învãța sã conducã un autovehicul pe drumurile publice sau examinatorul din cadrul autoritãții competente în timpul desfãșurãrii probelor practice ale examenului pentru obținerea permisului de conducere.</li></ul>


                    </div>","https://scoaladrpciv.ro/intrebari/categoria-b/reguli-generale"
"1790475087-124","https://scoaladrpciv.ro/intrebari/categoria-b","Care dintre tipurile de semnalizare de mai jos vor fi respectate cu prioritate?","C - semnalele și indicațiile polițistului.","","","A - semnalele luminoase;","B - semnalizarea temporară, care modifică regimul normal de desfășurare a circulației;","https://scoaladrpciv.ro/intrebare/care-dintre-tipurile-de-semnalizare-de-mai-jos-vor-fi-respectate-cu-prioritate-f26b","","<div class="""">
                        <h4>Articolul 31</h4><p>Participanții la trafic trebuie să respecte regulile de circulație, semnalele, indicațiile și dispozițiile polițistului rutier, precum și semnificația diferitelor tipuri de mijloace de semnalizare rutieră, în următoarea ordine de prioritate:</p><ul><li>a)&nbsp; semnalele, indicațiile și dispozițiile polițistului rutier;</li><li>b)&nbsp;&nbsp; semnalele speciale de avertizare, luminoase sau sonore ale autovehiculelor, prevăzute la art. 32 alin. (2) lit. a) și b);</li><li>c)&nbsp;&nbsp;semnalizarea temporară și/sau indicatoarele electronice, care modifică regimul normal de desfășurare a circulației;</li><li>d)&nbsp; semnalele luminoase sau sonore;</li><li>e)&nbsp; indicatoarele;</li><li>f)&nbsp; marcajele;</li><li>g)&nbsp; regulile de circulație.</li></ul>


                    </div>","https://scoaladrpciv.ro/intrebari/categoria-b/reguli-generale"
"1790475090-125","https://scoaladrpciv.ro/intrebari/categoria-b","Cum trebuie să procedeze conducătorul unui vehicul dacă în timpul deplasării apar probleme tehnice care fac imposibilă continuarea călătoriei?","B - să scoată vehiculul în afara părții carosabile;","","","A - dacă nu poate înlătura defecțiunile, să se deplaseze la cea mai apropiată unitate de depanare;","C - să asigure vehiculul contra efracției și să plece după ajutor.","https://scoaladrpciv.ro/intrebare/cum-trebuie-sa-procedeze-conducatorul-unui-vehicul-daca-in-timpul-deplasarii-apar-probleme-tehnice-care-fac-imposibila-continuarea-calatoriei-50f1","","<div class="""">
                        <h4>Articolul 155</h4><p><span style=""background-color:hsl(60, 75%, 60%);"">(1)&nbsp;&nbsp; În cazul rãmânerii în pânã a unui autovehicul, tractor agricol sau forestier ori a remorcii acestuia, conducãtorul ansamblului este obligat sã îl scoatã imediat în afara pãrții carosabile sau, dacã nu este posibil, sã îl deplaseze lângã bordura ori acostament, așezându-l paralel cu axa drumului și luând mãsuri pentru remedierea deficiențelor sau, dupã caz, de remorcare.</span></p><p>(2)&nbsp;&nbsp; Pe timpul nopții sau în condiții de vizibilitate redusã, autovehiculul, tractorul agricol sau forestier sau remorca acestuia care are deficiențe la sistemul de iluminare sau de semnalizare luminoasã nu poate fi tractat/tractatã pe drumurile publice fãrã a avea în funcțiune, în partea stânga, în fațã, o luminã de întâlnire și în spate, una de poziție.</p>


                    </div>","https://scoaladrpciv.ro/intrebari/categoria-b/reguli-generale"
"1790475092-126","https://scoaladrpciv.ro/intrebari/categoria-b","Termenul de valabilitate a inspecţiei tehnice periodice poate fi regăsit:","B - în anexa certificatului de înmatriculare al autovehiculului;","","","A - într-un document eliberat de service;","C - în manualul tehnic al autovehiculului sau al remorcii.","https://scoaladrpciv.ro/intrebare/termenul-de-valabilitate-a-inspectiei-tehnice-periodice-poate-fi-regasit-f041","","<div class="""">
                        <p><span id=""id_artA35_ttl"" class=""S_ART_TTL"">Articolul 6</span></p>
<p><span id=""id_artA35_bdy"" class=""S_ART_BDY""><span id=""id_litA36"" class=""S_LIT""><span id=""id_litA36_ttl"" class=""S_LIT_TTL""></span><span id=""id_litA36_bdy"" class=""S_LIT_BDY"">(1) Inspecţia tehnica consta în verificarea stării tehnice a vehiculelor rutiere fără demontare, utilizându-se aparatura adecvată.</span></span></span></p>
<p><span id=""id_artA35_bdy"" class=""S_ART_BDY""><span id=""id_litA37"" class=""S_LIT""><span id=""id_litA37_ttl"" class=""S_LIT_TTL""></span><span id=""id_litA37_bdy"" class=""S_LIT_BDY"">(2) În cazul în care vehiculul rutier corespunde reglementărilor specifice, <strong>statia de inspecţie tehnica consemnează în <span style=""background-color: #f1c40f;"">anexa la certificatul de înmatriculare</span> data până la care trebuie efectuată următoarea inspecţie tehnica periodică</strong> şi/sau următoarea inspecţie tehnica pentru poluare şi aplica ecusonul de inspecţie tehnica periodică şi/sau ecusonul de inspecţie tehnica pentru poluare pe placa de înmatriculare din spate, respectiv din faţa.</span></span></span></p>
<p><span id=""id_artA35_bdy"" class=""S_ART_BDY""><span id=""id_litA38"" class=""S_LIT""><span id=""id_litA38_ttl"" class=""S_LIT_TTL""></span><span id=""id_litA38_bdy"" class=""S_LIT_BDY"">(3) În cazul în care starea tehnica nu corespunde în totalitate reglementărilor specifice, statia poate permite circulaţia pe o perioadă care nu poate depăşi 30 de zile.</span></span></span></p>


                    </div>","https://scoaladrpciv.ro/intrebari/categoria-b/reguli-generale"
"1790475094-127","https://scoaladrpciv.ro/intrebari/categoria-b","Purtarea centurii de siguranţă este obligatorie în timpul circulaţiei pe drumurile din afara localităţilor?","A - da;","","","B - nu;","C - legea nu prevede.","https://scoaladrpciv.ro/intrebare/purtarea-centurii-de-siguranta-este-obligatorie-in-timpul-circulatiei-pe-drumurile-din-afara-localitatilor-ecf6","","<div class="""">
                        <h4>Articolul 36</h4><p><span style=""background-color:hsl(60, 75%, 60%);"">(1)&nbsp;&nbsp;Conducătorii de autovehicule și tractoare agricole sau forestiere și persoanele care ocupă locuri prevăzute prin construcție cu centuri sau dispozitive de siguranță omologate trebuie să le poarte în timpul circulației pe drumurile publice, cu excepția cazurilor prevăzute în regulament.</span></p><p>(1^1) Conducătorii de autovehicule având locuri prevăzute prin construcție cu centuri de siguranță trebuie să informeze pasagerii cu privire la obligația legală de a le purta în timpul circulației pe drumurile publice.</p><p>(1^2) Conducătorii de autovehicule având locuri prevăzute prin construcție cu centuri de siguranță au obligația să se asigure că, pe timpul conducerii vehiculului, minorii poartă centurile de siguranță sau sunt transportați numai în dispozitive de fixare în scaune pentru copii omologate, în condițiile prevăzute de regulament.</p><p>(1^3) Conducătorilor de autovehicule le este interzis să transporte copii în vârstă de până la 3 ani în autovehicule care nu sunt echipate cu sisteme de siguranță, cu excepția celor destinate transportului public de persoane, precum și a taxiurilor dacă în acestea din urmă ocupă orice alt loc decât cel de pe scaunul din față, în condițiile prevăzute în regulament.</p><p style=""margin-left:0cm;text-align:justify;"">Copiii cu vârsta de peste 3 ani, având o înălțime de până la 150 cm, pot fi transportați în autovehicule care nu sunt echipate cu sisteme de siguranță doar dacă ocupă, pe timpul transportului, orice alt loc decât cel de pe scaunul din față.</p><p>(2)&nbsp;Pe timpul deplasării pe drumurile publice, conducătorii motocicletelor, mopedelor și persoanele transportate pe acestea au obligația să poarte casca de protecție omologată.</p><p>(3)&nbsp;&nbsp;Conducătorilor de vehicule le este interzisă folosirea telefoanelor mobile atunci când aceștia se află în timpul deplasării pe drumurile publice, cu excepția celor prevăzute cu dispozitive tip «mâini libere».</p>


                    </div>","https://scoaladrpciv.ro/intrebari/categoria-b/reguli-generale"
"1790475096-128","https://scoaladrpciv.ro/intrebari/categoria-b","Ce se poate ataşa unui autovehicul din categoria B?","A - o remorcă a cărei masă totală maximă autorizată să nu depăşească 750 kg;","C - o remorcă a cărei masă totală maximă autorizată depăşeşte 750 kg, cu condiţia ca masa totală maximă autorizată a ansamblului format din remorcă şi un autovehicul trăgător din categoria B să nu depăşească 4250 kg.","","B - o remorcă sau o semiremorcă, cu masa maximă autorizată de până la 1 t;","","https://scoaladrpciv.ro/intrebare/ce-se-poate-atasa-unui-autovehicul-din-categoria-b-cc71","","<div class="""">
                        <h4>Articolul 137</h4><p>Categorii de vehicule pentru care se eliberează permisul de conducere</p><p>Categoriile de vehicule pentru care se eliberează permisul de conducere, prevăzute la art. 20 alin. (2), se definesc astfel:</p><ul style=""list-style-type:disc;""><li>f)&nbsp; categoria B:</li><li><span style=""background-color:hsl(60, 75%, 60%);"">&nbsp; &nbsp; 1.&nbsp; autovehiculul a cărui masă totală maximă autorizată nu depășește 3.500 kg și al cărui număr de locuri pe scaune, în afara conducătorului, nu este mai mare de 8;</span></li><li>&nbsp; &nbsp; 2.&nbsp; ansamblul format dintr-un autovehicul trăgător din categoria B și o remorcă a cărei masă totală maximă autorizată nu depășește 750 kg;</li><li><span style=""background-color:hsl(60, 75%, 60%);"">&nbsp; &nbsp; 3.&nbsp;&nbsp; ansamblul de vehicule a căror masă totală maximă autorizată nu depășește 4.250 kg, format dintr-un autovehicul trăgător din categoria B și o remorcă a cărei masă totală maximă autorizată depășește 750 kg;</span></li></ul>


                    </div>","https://scoaladrpciv.ro/intrebari/categoria-b/reguli-generale"
"1790475099-129","https://scoaladrpciv.ro/intrebari/categoria-b","Unde trebuie să declarați pierderea, furtul sau distrugerea permisului de conducere:","A - la unitatea emitentă;","","","B - la poliția de care aparțineți cu domiciliul;","C - la cea mai apropiată secție de poliție.","https://scoaladrpciv.ro/intrebare/unde-trebuie-sa-declarati-pierderea-furtul-sau-distrugerea-permisului-de-conducere-35ca","","<div class="""">
                        <h4>Articolul 24</h4><p><span style=""background-color:hsl(60, 75%, 60%);"">5^1) În cazul pierderii, furtului sau al deteriorării permisului de conducere ori al modificării oricăror date înscrise în acesta, autoritățile competente eliberează, după caz, un duplicat a cărui valabilitate nu poate depăși valabilitatea administrativă a documentului înlocuit sau alt permis de conducere.</span></p><p>(5^2) Eliberarea unui nou permis de conducere cu o nouă valabilitate administrativă se realizează numai după efectuarea examinării medicale prevăzute la art. 22.</p><p>(5^3) În cazurile prevăzute la alin. (5^1) și (5^2), eliberarea permiselor de conducere respective se realizează fără susținerea unui nou examen, la cererea persoanelor care au domiciliul sau reședința în România în sensul art. 23^1 alin. (2) ori care dovedesc că se află la studii în România de cel puțin 6 luni și care dețin permis de conducere eliberat de autoritățile competente române, în condițiile stabilite prin ordin al ministrului afacerilor interne, care se publică în Monitorul Oficial al României, Partea I.</p><p>(5^4) La cererea titularului permisului de conducere, autoritatea competentă eliberează, pentru situațiile prevăzute la alin. (5^1) și (5^2), o dovadă înlocuitoare a acestuia, valabilă până la emiterea permisului de conducere, dar nu mai mult de 30 de zile.</p>


                    </div>","https://scoaladrpciv.ro/intrebari/categoria-b/reguli-generale"
"1790475101-130","https://scoaladrpciv.ro/intrebari/categoria-b","Când se poate face radierea din evidență a unui vehicul, la cererea proprietarului?","C - când proprietarul face dovada dezmembrării, casării sau predării vehiculului la unități specializate, în vederea dezmembrării.","","","A - la schimbarea oricăror date referitoare la identificarea vehiculului respectiv;","B - la schimbarea domiciliului ori a sediului unității deținătoare;","https://scoaladrpciv.ro/intrebare/cand-se-poate-face-radierea-din-evidenta-a-unui-vehicul-la-cererea-proprietarului-c59d","","<div class="""">
                        <h4>Articolul 17</h4><p>(1)&nbsp; Radierea din evidență a vehiculelor se face de către autoritatea care a efectuat înmatricularea sau înregistrarea, la cererea proprietarului, numai în următoarele cazuri:</p><ul><li>a)&nbsp; proprietarul dorește retragerea din circulație a vehiculului și face dovada depozitării acestuia într-un spațiu adecvat, deținut în condițiile legii;</li><li><span style=""background-color:hsl(60, 75%, 60%);"">b)&nbsp; proprietarul face dovada dezmembrării, casării sau predării vehiculului la unități specializate în vederea dezmembrării, situație în care radierea este definitivă;</span></li><li>c)&nbsp; la scoaterea din România a unui vehicul, în vederea înmatriculării în alt stat;</li><li>&nbsp;d)&nbsp; în cazul furtului vehiculului.</li></ul>


                    </div>","https://scoaladrpciv.ro/intrebari/categoria-b/reguli-generale"
"1790475103-131","https://scoaladrpciv.ro/intrebari/categoria-b","Într-o zonă rezidențială semnalizată ca atare:","B - pietonii pot folosi toată lățimea părții carosabile;","","","A - copiii nu se pot juca pe partea carosabilă;","C - viteza maximă admisă este de 30 km/h.","https://scoaladrpciv.ro/intrebare/intr-o-zona-rezidentiala-semnalizata-ca-atare-7d2c","","<div class="""">
                        <h4>Articolul 158</h4><p><span style=""background-color:hsl(60, 75%, 60%);"">(1)&nbsp;&nbsp; În zona rezidențialã, semnalizatã ca atare, pietonii pot folosi toatã lãțimea pãrții carosabile, iar jocul copiilor este permis.</span></p><p>(2)&nbsp;&nbsp; Conducãtorii de vehicule sunt obligați sã circule cu o viteza de cel mult 20 km/h, sã nu staționeze sau sã parcheze vehiculul în afara spațiilor anume destinate și semnalizate ca atare, sã nu stânjeneascã sau sã împiedice circulația pietonilor chiar dacã, în acest scop, trebuie sã opreascã.</p>


                    </div>","https://scoaladrpciv.ro/intrebari/categoria-b/reguli-generale"
"1790475106-132","https://scoaladrpciv.ro/intrebari/categoria-b","Permisul de conducere categoria B este valabil şi pentru conducerea unui autovehicul destinat transportului de persoane, având mai mult de 8 locuri pe scaune, în afara locului conducătorului?","B - nu;","","","A - da, dacă posesorul permisului are o vechime în conducere de cel puţin 1 an;","C - da, dacă conducătorul posedă şi categoria BE a permisului de conducere.","https://scoaladrpciv.ro/intrebare/permisul-de-conducere-categoria-b-este-valabil-si-pentru-conducerea-unui-autovehicul-destinat-transportului-de-persoane-avand-mai-mult-de-8-locuri-pe-scaune-in-afara-locului-conducatorului-b0c5","","<div class="""">
                        <p>Categoria B:<br><span style=""background-color:hsl(60, 75%, 60%);"">1. autovehiculul a cărui masă totală maximă autorizată nu depăşeşte 3.500 kg şi al cărui număr de locuri pe scaune, în afara conducătorului, nu este mai mare de 8;</span><br>2. ansamblul format dintr-un autovehicul trăgător din categoria B şi o remorcă a cărei masă totală maximă autorizată nu depăşeşte 750 kg;<br>3. ansamblul de vehicule a căror masă totală maximă autorizată nu depăşeşte 4.250 kg, format dintr-un autovehicul trăgător din categoria B şi o remorcă a cărei masă totală maximă autorizată depăşeşte 750 kg;</p>


                    </div>","https://scoaladrpciv.ro/intrebari/categoria-b/reguli-generale"
"1790475108-133","https://scoaladrpciv.ro/intrebari/categoria-b","Care dintre participanții la traficul rutier au obligația de a respecta regulile de circulație pe drumurile publice din interiorul localităților?","A - toți participanții la traficul rutier, indiferent de situație;","","","B - conducătorii auto, atât cei amatori, cât și cei profesioniști, atât ziua, cât și noaptea;","C - conducătorii autovehiculelor destinate transportului în comun, având în vedere destinația autovehiculelor pe care le conduc.","https://scoaladrpciv.ro/intrebare/care-dintre-participantii-la-traficul-rutier-au-obligatia-de-a-respecta-regulile-de-circulatie-pe-drumurile-publice-din-interiorul-localitatilor-61f1","","<div class="""">
                        <h4>Articolul 1</h4>
<p>Participanții la trafic sunt obligați sã respecte regulile de circulație și semnificația mijloacelor de semnalizare rutierã, precum și celelalte dispoziții din prezentul regulament.</p>


                    </div>","https://scoaladrpciv.ro/intrebari/categoria-b/reguli-generale"
"1790475110-134","https://scoaladrpciv.ro/intrebari/categoria-b","Precizaţi când sunt scutiţi instructorii auto de purtarea centurii de siguranţă:","A - în timpul orelor de pregătire a cursanţilor;","","","B - în permanenţă, când se află în autovehiculele cu inscripţia „ŞCOALA“;","C - legal, nu este prevăzut.","https://scoaladrpciv.ro/intrebare/precizati-cand-sunt-scutiti-instructorii-auto-de-purtarea-centurii-de-siguranta-ea2e","","<div class="""">
                        <h4>Articolul 97</h4><p>(4) Se excepteazã de la obligația de a purta centura de siguranțã:</p><ul style=""list-style-type:circle;""><li>a)&nbsp;&nbsp; conducãtorii de autoturisme pe timpul executãrii manevrei de mers înapoi sau care staționeazã;</li><li>b)&nbsp;&nbsp; femeile în stare vizibilã de graviditate;</li><li>c)&nbsp;&nbsp; conducãtorii de autoturisme care executa servicii de transport public de persoane, în regim de taxi, când transporta pasageri;</li><li>d)&nbsp;&nbsp; persoanele care au certificat medical în care sã fie menționatã afecțiunea care contraindicã purtarea centurii de siguranțã;</li><li><span style=""background-color:hsl(60, 75%, 60%);"">e)&nbsp;&nbsp; instructorii auto, pe timpul pregãtirii practice a persoanelor care învãța sã conducã un autovehicul pe drumurile publice sau examinatorul din cadrul autoritãții competente în timpul desfãșurãrii probelor practice ale examenului pentru obținerea permisului de conducere.</span></li></ul><p>(5)&nbsp;&nbsp; Persoanele prevãzute la alin. (4) lit. d) sunt obligate sã aibã asupra lor certificatul medical, în conținutul cãruia trebuie sã fie menționatã durata de valabilitate a acestuia.</p><p>(6)&nbsp;&nbsp; Afecțiunile medicale pentru care se acorda scutire de la portul centurii de siguranțã, precum și modelul certificatului medical se stabilesc prin ordin al ministrului sãnãtãții publice, care se publicã în Monitorul Oficial al României, Partea I.</p>


                    </div>","https://scoaladrpciv.ro/intrebari/categoria-b/reguli-generale"
"1790475112-135","https://scoaladrpciv.ro/intrebari/categoria-b","Care autovehicule trebuie să-şi refacă inspecţia tehnică înainte de termen?","B - autovehiculele cu sistemele de frânare şi de direcţie grav avariate;","","","A - autovehiculele mai vechi de 10 ani;","C - autovehiculele cu inscripţia „ŞCOALĂ“.","https://scoaladrpciv.ro/intrebare/care-autovehicule-trebuie-sa-si-refaca-inspectia-tehnica-inainte-de-termen-01f9","","<div class="""">
                        <p>Art. 9<br>(1) Până la înmatriculare sau înregistrare, vehiculele pot circula pe drumurile publice, fără inspecţie tehnică, în baza unei autorizaţii provizorii pentru circulaţie, eliberată de autoritatea competentă, dacă îndeplinesc normele tehnice privind siguranţa circulaţiei rutiere.&nbsp;<br><span style=""background-color:hsl(60, 75%, 60%);"">(2) Se inspectează din punct de vedere tehnic, înainte de a fi repuse în circulaţie, autovehiculele, tramvaiele sau remorcile cărora le-au fost efectuate reparaţii în urma unor evenimente care au produs avarii grave la mecanismul de direcţie, instalaţia de frânare sau la structura de rezistenţă a caroseriei ori a şasiului.</span></p>


                    </div>","https://scoaladrpciv.ro/intrebari/categoria-b/reguli-generale"
"1790475115-136","https://scoaladrpciv.ro/intrebari/categoria-b","Sunteți obligat să aveți în autovehicul / tractor agricol sau forestier trusa medicală de prim ajutor, două triunghiuri reflectorizante și stingătorul de incendii omologat?","C - toate dotările enumerate trebuie să se afle în autovehicul / tractor agricol sau forestier.","","","A - numai trusa medicală de prim ajutor;","B - numai trusa medicală de prim ajutor și două triunghiuri reflectorizante;","https://scoaladrpciv.ro/intrebare/sunteti-obligat-sa-aveti-in-autovehicul-tractor-agricol-sau-forestier-trusa-medicala-de-prim-ajutor-doua-triunghiuri-reflectorizante-si-stingatorul-de-incendii-omologat-538d","","<div class="""">
                        <h4>Articolul 8</h4><p>Pentru a fi conduse pe drumurile publice, fiecare autovehicul, tractor agricol sau forestier și tramvai trebuie să fie dotat cu trusă medicală de prim ajutor, două triunghiuri reflectorizante și un stingător de incendiu, omologate.</p>


                    </div>","https://scoaladrpciv.ro/intrebari/categoria-b/reguli-generale"
"1790475117-137","https://scoaladrpciv.ro/intrebari/categoria-b","Ce categorii de persoane sunt exceptate de la obligația de a purta centura de siguranță?","A - copiii cu înălțimea de sub 135 cm, doar dacă sunt fixați sau prinși cu ajutorul unui dispozitiv de fixare în scaun pentru copii;","B - conducătorii autoturismelor, atunci când execută manevra de mers înapoi sau când staționează;","","C - tinerii care nu au împlinit 14 ani.","","https://scoaladrpciv.ro/intrebare/ce-categorii-de-persoane-sunt-exceptate-de-la-obligatia-de-a-purta-centura-de-siguranta-38af","","<div class="""">
                        <h4>Articolul 97</h4><p><span style=""background-color:hsl(60, 75%, 60%);"">(1)&nbsp;&nbsp; Copiii cu o înãlțime de pânã la 135 cm pot fi transportați în autovehicule echipate cu sisteme de siguranțã pentru conducãtor și pasageri, denumite în continuare sisteme de siguranțã, doar dacã sunt fixați sau prinși cu ajutorul unui dispozitiv de fixare în scaun pentru copii instalat în autovehicul.</span></p><p>(2)&nbsp;&nbsp; Copiii în vârstã de pânã la 3 ani nu pot fi transportați în autovehicule care nu sunt echipate cu sisteme de siguranțã.</p><p>(2^1) Prin excepție de la prevederile alin. (2), copiii în vârstã de pânã la 3 ani pot fi transportați sub supravegherea unei persoane, alta decât conducãtorul de autovehicul, în autovehicule destinate transportului public de persoane, precum și în taxi dacã în acesta din urmã ocupã orice alt loc decât cel de pe scaunul din fațã.</p><p>(2^2) Prin excepție de la prevederile alin. (2), copiii în vârstã de pânã la 3 ani pentru care este eliberat certificatul medical prevãzut la alin. (1^8) sunt transportați în autovehicule care nu sunt echipate cu sisteme de siguranțã pe locurile din spate ale acestuia, sub supravegherea unei persoane, alta decât conducãtorul de autovehicul. Dispozițiile prevãzute la alin. (1^10) se aplicã în mod corespunzãtor.</p><p>(2^3) Copiii cu vârsta de peste 3 ani, având o înãlțime de pânã la 150 cm, pot fi transportați în autovehicule care nu sunt echipate cu sisteme de siguranțã doar dacã ocupã, pe timpul transportului, orice alt loc decât cel de pe scaunele din fațã.</p><p>(3)&nbsp;&nbsp; Se interzice conducãtorilor de autovehicule, tractoare agricole sau forestiere, precum și persoanelor care ocupa scaunul din fațã sã tina în brațe animale în timpul deplasãrii pe drumurile publice.</p><p>(4) Se excepteazã de la obligația de a purta centura de siguranțã:</p><ul style=""list-style-type:circle;""><li><span style=""background-color:hsl(60, 75%, 60%);"">a)&nbsp;&nbsp; conducãtorii de autoturisme pe timpul executãrii manevrei de mers înapoi sau care staționeazã;</span></li><li>b)&nbsp;&nbsp; femeile în stare vizibilã de graviditate;</li><li>c)&nbsp;&nbsp; conducãtorii de autoturisme care executa servicii de transport public de persoane, în regim de taxi, când transporta pasageri;</li><li>d)&nbsp;&nbsp; persoanele care au certificat medical în care sã fie menționatã afecțiunea care contraindicã purtarea centurii de siguranțã;</li><li>e)&nbsp;&nbsp; instructorii auto, pe timpul pregãtirii practice a persoanelor care învãța sã conducã un autovehicul pe drumurile publice sau examinatorul din cadrul autoritãții competente în timpul desfãșurãrii probelor practice ale examenului pentru obținerea permisului de conducere.</li></ul><p>(5)&nbsp;&nbsp; Persoanele prevãzute la alin. (4) lit. d) sunt obligate sã aibã asupra lor certificatul medical, în conținutul cãruia trebuie sã fie menționatã durata de valabilitate a acestuia.</p><p>(6)&nbsp;&nbsp; Afecțiunile medicale pentru care se acorda scutire de la portul centurii de siguranțã, precum și modelul certificatului medical se stabilesc prin ordin al ministrului sãnãtãții publice, care se publicã în Monitorul Oficial al României, Partea I.</p>


                    </div>","https://scoaladrpciv.ro/intrebari/categoria-b/reguli-generale"
"1790475119-138","https://scoaladrpciv.ro/intrebari/categoria-b","Pentru a fi conduse pe drumurile publice, autovehiculele trebuie să fie dotate cu:","A - stingător de incendiu;","B - trusă medicală de prim ajutor;","C - două triunghiuri reflectorizante.","","","https://scoaladrpciv.ro/intrebare/pentru-a-fi-conduse-pe-drumurile-publice-autovehiculele-trebuie-sa-fie-dotate-cu-66cf","","<div class="""">
                        <p>Art. 8<br>Pentru a fi conduse pe drumurile publice, autovehiculele si tramvaiele trebuie sa fie dotate cu truse medicale de prim-ajutor, triunghiuri reflectorizante si stingatoare de incendiu, omologate.</p>


                    </div>","https://scoaladrpciv.ro/intrebari/categoria-b/reguli-generale"
"1790475122-139","https://scoaladrpciv.ro/intrebari/categoria-b","Ce condiţii tehnice trebuie să îndeplinească un autovehicul pentru a circula pe drumurile publice?","A - să nu depăşească masa totală maximă autorizată înscrisă în certificatul de înmatriculare;","C - să fie înmatriculat şi să corespundă condiţiilor tehnice legale.","","B - să nu depăşească gabaritul înscris în certificatul de înmatriculare;","","https://scoaladrpciv.ro/intrebare/ce-conditii-tehnice-trebuie-sa-indeplineasca-un-autovehicul-pentru-a-circula-pe-drumurile-publice-1eb7","","<div class="""">
                        <h4>Articolul 6</h4><p>18.&nbsp; masa totală maximă autorizata - masa maximă a unui vehicul încărcat, declarată admisibilă în urma omologării de către autoritatea competentă;</p><h4>Articolul 7</h4><p>Orice vehicul care circulă pe drumurile publice trebuie să corespundă normelor tehnice privind siguranța circulației rutiere, protecția mediului și utilizarea conform destinației.</p><h4>Articolul 10</h4><p>(1)&nbsp; Este interzisă circulația pe drumurile publice a vehiculelor care nu corespund din punct de vedere tehnic, a celor neasigurate obligatoriu de răspundere civilă auto pentru prejudicii produse terților prin accidente de circulație, a celor pentru care a intervenit suspendarea înmatriculării, precum și a vehiculelor înregistrate al căror termen de valabilitate a inspecției tehnice periodice a expirat ori este anulată.</p><h4>Articolul 11</h4><p>(1)&nbsp; Proprietarii de vehicule sau deținătorii mandatați ai acestora sunt obligați să le înmatriculeze sau să le înregistreze, după caz, înainte de a le pune în circulație, conform prevederilor legale.</p>


                    </div>","https://scoaladrpciv.ro/intrebari/categoria-b/reguli-generale"
"1790475127-140","https://scoaladrpciv.ro/intrebari/categoria-b","Se aplică puncte de penalizare pentru:","A - nerespectarea semnificaţiei indicatorului „Oprire”, instalat la trecerea la nivel cu o cale ferată;","B - depăşirea cu 31-40 km/h a vitezei maxime admise pe sectorul de drum respectiv pentru categoria din care face parte autovehiculul condus;","C - depăşirea cu 10-20 km/h a vitezei maxime admise pe sectorul de drum respectiv pentru categoria din care face parte autovehiculul condus.","","","https://scoaladrpciv.ro/intrebare/se-aplica-puncte-de-penalizare-pentru-2e3a","","<div class="""">
                        <h4>Articolul 108</h4><p>(1)&nbsp;&nbsp;Săvârșirea de către conducătorul de autovehicul, tractor agricol sau forestier ori tramvai a uneia sau mai multor contravenții atrage, pe lângă sancțiunea amenzii, și aplicarea unui număr de puncte de penalizare, după cum urmează:</p><ul><li>a)&nbsp; 2 puncte de penalizare pentru săvârșirea următoarelor fapte:</li></ul><ul style=""list-style-type:circle;""><li>&nbsp; &nbsp; 1.&nbsp;&nbsp; folosirea incorectă a luminilor de drum la întâlnirea cu un autovehicul și tractor agricol sau forestier care circulă din sens opus;</li><li>&nbsp; &nbsp; 2.&nbsp; abrogat;</li><li>&nbsp; &nbsp; 3.&nbsp;nerespectarea obligației de a purta, în timpul circulației pe drumurile publice, centura de siguranță ori căștile de protecție omologate, după caz;</li><li><span style=""background-color:hsl(60, 75%, 60%);"">&nbsp; &nbsp; 4.&nbsp;&nbsp;depășirea cu 10-20 km/h a vitezei maxime admise pe sectorul de drum respectiv pentru categoria din care face parte autovehiculul condus, constatată, potrivit legii, cu mijloace tehnice omologate și verificate metrologic;</span></li><li>&nbsp; &nbsp; 5.&nbsp; circulația pe un sector de drum pe care accesul este interzis;</li><li>&nbsp; &nbsp; 6.&nbsp; nerespectarea regulilor privind manevra de întoarcere, mersul înapoi, schimbarea benzii de circulație sau a direcției de mers;</li><li>&nbsp; &nbsp; 7.&nbsp;&nbsp; nerespectarea obligației de a folosi și pe timpul zilei luminile de întâlnire sau luminile pentru circulația diurnă, pe autostrăzi, drumuri expres și pe drumuri naționale europene (E);</li><li>&nbsp; &nbsp; 8.&nbsp; oprirea neregulamentară;</li><li>&nbsp; &nbsp; 9.&nbsp;&nbsp;&nbsp; folosirea incorectă a luminilor de drum față de autovehiculul și tractorul agricol sau forestier care circulă în fața sa, în aceeași direcție de mers.</li></ul><ul><li>b)&nbsp; 3 puncte de penalizare pentru săvârșirea următoarelor fapte:</li></ul><ul style=""list-style-type:circle;""><li>&nbsp; &nbsp; 1.&nbsp;oprirea nejustificată pe banda de urgență a autostrăzilor ori oprirea pe partea carosabilă a drumurilor expres sau a drumurilor naționale europene (E);</li><li>&nbsp; &nbsp; 2.&nbsp;&nbsp;&nbsp; depășirea cu 21-30 km/h a vitezei maxime admise pe sectorul de drum respectiv pentru categoria din care face parte autovehiculul condus, constatată, potrivit legii, cu mijloace tehnice omologate și verificate metrologic;</li><li>&nbsp;</li><li>&nbsp; &nbsp; 3.&nbsp;nerespectarea regulilor privind manevra de întoarcere, mersul înapoi, schimbarea benzii de circulație sau a direcției de mers, dacă prin aceasta s-a produs un accident din care au rezultat avarierea unui vehicul sau alte pagube materiale;</li><li>&nbsp; &nbsp; 4.&nbsp;nepăstrarea unei distante corespunzătoare față de vehiculul care îl precede, dacă prin aceasta s-a produs un accident din care au rezultat avarierea unui vehicul sau alte pagube materiale;</li><li>&nbsp; &nbsp; 5.&nbsp;&nbsp;nerespectarea semnificației indicatorului „ocolire“, instalat pe refugiul stațiilor de tramvai, cu excepția conducătorului de autovehicul destinat transportului public de persoane prin servicii regulate, în cazul în care stațiile celor două mijloace de transport călători coincid;</li><li>6.&nbsp; pătrunderea într-o intersecție atunci când circulația în interiorul acesteia este blocată;</li><li>7.&nbsp; staționarea neregulamentară;</li><li>8.&nbsp; folosirea luminilor de ceață în alte condiții decât pe timp de ceață;</li><li>9.&nbsp;&nbsp; nerespectarea obligației conducătorului de autovehicul de se asigura că persoanele minore poartă centuri de siguranță sau sunt transportate în dispozitive de fixare în scaune pentru copii omologate, în condițiile prevăzute de regulament;</li><li>10.&nbsp;&nbsp; nerespectarea dispozițiilor art. 36 alin. (1^3) sau a condițiilor prevăzute de regulament privind transportul copiilor în autovehicule care nu sunt echipate cu sisteme de siguranță;</li><li>11.&nbsp;&nbsp;nerespectarea obligației de a acționa frâna de ajutor, de a opri funcționarea motorului și de a cupla într-o treaptă de viteză inferioară sau în cea de parcare dacă autovehiculul are transmisie automată, atunci când conducătorul vehiculului imobilizat pe drum public se îndepărtează de acesta;</li></ul><ul><li>c)&nbsp; 4 puncte de penalizare pentru săvârșirea următoarelor fapte:</li></ul><ul style=""list-style-type:circle;""><li>&nbsp; &nbsp; 1.&nbsp; nerespectarea obligațiilor care îi revin în cazul vehiculelor ramase în pană sau avariate;</li><li>&nbsp; &nbsp; 2.&nbsp;&nbsp; refuzul înmânării actului de identitate, permisului de conducere, certificatului de înmatriculare sau de înregistrare, a celorlalte documente prevăzute de lege, la cererea polițistului rutier, precum și refuzul de a permite verificarea vehiculului;</li><li><span style=""background-color:hsl(60, 75%, 60%);"">&nbsp; &nbsp; 3.&nbsp;&nbsp;depășirea cu 31-40 km/h a vitezei maxime admise pe sectorul de drum respectiv pentru categoria din care face parte autovehiculul condus, constatată, potrivit legii, cu mijloace tehnice omologate și verificate metrologic;</span></li><li>&nbsp; &nbsp; 4.&nbsp;&nbsp; circulația în timpul nopții sau ziua, pe timp de ceață, ninsoare abundentă sau ploaie torențială, cu un autovehicul și tractor agricol sau forestier fără lumini sau fără semnalizare corespunzătoare;</li><li>&nbsp; &nbsp; 5.&nbsp;&nbsp; conducerea unui autovehicul și tractor agricol sau forestier sau tractarea unei remorci atunci când circulația acestora pe drumurile publice este interzisă potrivit art. 15 alin. (5), cu excepția cazurilor în care vehiculul, înmatriculat sau înregistrat, nu are montate plăcuțe cu numărul de înmatriculare sau de înregistrare atribuite de autoritatea competentă ori dacă acestea nu sunt conforme cu standardele în vigoare;</li><li>&nbsp; &nbsp; 6.&nbsp;&nbsp;folosirea telefoanelor mobile atunci când conducătorii de vehicule se află în timpul deplasării pe drumurile publice, cu excepția celor prevăzute cu dispozitive tip «mâini libere».</li></ul><ul><li>d)&nbsp; 6 puncte de penalizare pentru săvârșirea următoarelor fapte:</li></ul><ul style=""list-style-type:circle;""><li>&nbsp; &nbsp; 1.&nbsp; refuzul de a permite imobilizarea vehiculului sau verificarea tehnică a acestuia;</li><li>&nbsp; &nbsp; 2.&nbsp;&nbsp;nerespectarea semnificației semnalelor regulamentare ale agenților de cale ferată care dirijează circulația la trecerile la nivel cu calea ferată;</li><li>&nbsp; &nbsp; 3.&nbsp;&nbsp; depășirea cu 41-50 km/h a vitezei maxime admise pe sectorul de drum respectiv pentru categoria din care face parte autovehiculul condus, constatată, potrivit legii, cu mijloace tehnice omologate și verificate metrologic;</li><li>&nbsp; &nbsp; 4.&nbsp;&nbsp;&nbsp; conducerea pe drumurile publice a unui vehicul fără a avea montată una dintre plăcuțele cu numărul de înmatriculare sau de înregistrare ori dacă plăcuțele cu numărul de înmatriculare ori de înregistrare nu sunt fixate în locurile special destinate;</li><li>&nbsp; &nbsp; 5.&nbsp;&nbsp;circulația sau staționarea pe spațiul interzis care separă sensurile de circulație pe autostradă sau pe drumul expres;</li><li>&nbsp; &nbsp; 6.&nbsp;&nbsp;staționarea ori parcarea autovehiculelor pe autostradă sau pe drumul expres în alte locuri decât cele special amenajate și semnalizate;</li><li>&nbsp; &nbsp; 7.&nbsp; Abrogat.</li><li><span style=""background-color:hsl(60, 75%, 60%);"">&nbsp; &nbsp; 8.&nbsp;&nbsp;nerespectarea semnificației indicatoarelor Trecere la nivel cu o cale ferată simplă, fără bariere; Trecere la nivel cu o cale ferată dubla, fără bariere sau Oprire, instalate la trecerea la nivel cu o cale ferată;</span></li><li>&nbsp; &nbsp; 9.&nbsp;&nbsp;&nbsp; schimbarea direcției de mers prin viraj spre stânga, dacă prin aceasta se încalcă marcajul longitudinal continuu care separa sensurile de circulație;</li><li>&nbsp; &nbsp; 10.&nbsp;&nbsp; pătrunderea într-o intersecție dirijată prin semafoare, dacă prin aceasta se produce blocarea circulației în interiorul intersecției.</li></ul><p>(2)&nbsp; Procedura de înregistrare a punctelor de penalizare se stabilește prin regulament.</p>


                    </div>","https://scoaladrpciv.ro/intrebari/categoria-b/sanctiuni-si-contraventii"
"1790475129-141","https://scoaladrpciv.ro/intrebari/categoria-b","Pentru care dintre situațiile de mai jos se dispune reținerea permisului de conducere?","C - când permisul de conducere prezintă modificări, ștersături sau adăugiri.","","","A - pentru nerespectarea normelor legale referitoare la verificarea medicală periodică;","B - pentru acumularea a 10 puncte de penalizare;","https://scoaladrpciv.ro/intrebare/pentru-care-dintre-situatiile-de-mai-jos-se-dispune-retinerea-permisului-de-conducere-f9a9","","<div class="""">
                        <h4>Articolul 111</h4>
<p>(1)&nbsp;&nbsp;Permisul de conducere sau dovada înlocuitoare a acestuia se reține în următoarele cazuri:</p>
<ul>
<li>a)&nbsp; la cumularea a cel puțin 15 puncte de penalizare;</li>
<li>b)&nbsp; când titularul acestuia a săvârșit una dintre infracțiunile prevăzute la art. 334, art. 335 alin. (2), art. 336, 337, art. 338 alin. (1) și la art. 339 alin. (2), (3) și (4) din Codul penal;</li>
<li>c)&nbsp; la săvârșirea uneia dintre contravențiile prevăzute la art. 100 alin. (3), art. 101 alin. (3), art. 102 alin. (3) și (4) și în situația prevăzută la art. 115 alin. (1);</li>
<li>d)&nbsp;&nbsp;când titularul acestuia a fost declarat inapt pentru a conduce autovehicule, tractoare agricole sau forestiere ori tramvaie;</li>
<li><span style=""background-color: hsl(60, 75%, 60%);"">e)&nbsp; când prezintă modificări, ștersături sau adăugări ori este deteriorat;</span></li>
<li>f)&nbsp; abrogată.</li>
<li>g)&nbsp; când perioada de valabilitate a expirat.</li>
</ul>


                    </div>","https://scoaladrpciv.ro/intrebari/categoria-b/sanctiuni-si-contraventii"
"1790475131-142","https://scoaladrpciv.ro/intrebari/categoria-b","În care dintre situațiile de mai jos se anulează permisul de conducere?","B - pentru infracțiunile care s-au soldat cu moartea sau vătămarea gravă a unei persoane, săvârșite ca urmare a nerespectării regulilor de circulație;","","","A - pentru conducerea unui autovehicul sub influența băuturilor alcoolice;","C - pentru nerespectarea semnalelor polițiștilor la trecerea coloanelor oficiale.","https://scoaladrpciv.ro/intrebare/in-care-dintre-situatiile-de-mai-jos-se-anuleaza-permisul-de-conducere-3adf","","<div class="""">
                        <h4>Articolul 114</h4><p>(1)&nbsp;&nbsp; Anularea permisului de conducere eliberat de autoritatea română se dispune în următoarele cazuri:</p><ul><li><span style=""background-color:hsl(60, 75%, 60%);"">a)&nbsp;&nbsp; titularul permisului de conducere a fost condamnat printr-o hotărâre judecătorească rămasă definitivă pentru o infracțiune care a avut ca rezultat uciderea sau vătămarea corporala a unei persoane, săvârșită ca urmare a nerespectării regulilor de circulație;</span></li><li>b) titularul permisului de conducere a fost condamnat, printro hotărâre judecătorească rămasă definitivă, pentru infracțiunile prevăzute la art. 334, art. 335 alin. (2), art. 336, art. 337, art. 338 alin. (1) și art. 339 alin. (2)-(4) din Codul penal;</li><li>c)&nbsp; abrogată;</li><li style=""text-align:justify;"">d)&nbsp;titularului permisului de conducere i s-a aplicat, printr-o hotărâre judecătorească rămasă definitivă, pedeapsa complementară a interzicerii dreptului de a conduce anumite categorii de vehicule stabilite de instanță prevăzută la art. 66 alin. (1) lit. i) din Codul penal.</li><li>e)&nbsp;permisul de conducere a fost obținut cu încălcarea normelor legale, situație constatată de instanța competentă.</li><li style=""text-align:justify;"">f)&nbsp;&nbsp;permisul de conducere a fost obținut în perioada în care titularul era cercetat sau judecat în cadrul unui proces penal pentru săvârșirea uneia dintre infracțiunile prevăzute la art. 334, art. 335 alin. (1) și (2), art. 336, art. 337, art. 338 alin. (1) și art. 339 alin. (2)-(4) din Codul penal sau pentru săvârșirea unei infracțiuni care a avut ca rezultat uciderea sau vătămarea corporală a unei persoane, săvârșită ca urmare a nerespectării regulilor de circulație, atunci când acesta a fost condamnat printr-o hotărâre judecătorească rămasă definitivă.</li></ul><p>(2)&nbsp; Permisul de conducere se anulează și în cazul în care titularul acestuia a decedat.</p><p>(3)&nbsp; Procedura anulării permisului de conducere se stabilește prin regulament.</p>


                    </div>","https://scoaladrpciv.ro/intrebari/categoria-b/sanctiuni-si-contraventii"
"1790475134-143","https://scoaladrpciv.ro/intrebari/categoria-b","Certificatul de înmatriculare se reține atunci când:","A - vehiculul nu are efectuată inspecția tehnică;","","","B - sunt aplicate abțibilduri pe parbriz;","C - există defecțiuni la sistemul de climatizare.","https://scoaladrpciv.ro/intrebare/certificatul-de-inmatriculare-se-retine-atunci-cand-43da","","<div class="""">
                        <p>Articolul 112</p><p>(1)&nbsp;&nbsp;Certificatul de înmatriculare sau de înregistrare ori dovada înlocuitoare a acestuia se reține de către poliția rutieră în următoarele cazuri:</p><ul><li><span style=""background-color:hsl(60, 75%, 60%);"">a)&nbsp;&nbsp;&nbsp;vehiculul înregistrat nu are efectuată inspecția tehnică periodică valabilă ori aceasta este anulată;</span></li><li>b)&nbsp;&nbsp;&nbsp;nu sunt respectate normele tehnice constructive referitoare la transportul produselor periculoase;</li><li>c)&nbsp;&nbsp;vehiculul circulă noaptea fără faruri sau lămpi de semnalizare, dispozitivele de iluminare și semnalizare luminoase, mijloacele fluorescent-reflectorizante, prevăzute în normele tehnice în vigoare;</li><li>d)&nbsp;&nbsp;vehiculul circulă cu deficiențe majore sau periculoase la sistemele de iluminare- semnalizare sau cu alte dispozitive decât cele omologate;</li><li>e)&nbsp; sistemul de frânare de serviciu prezintă deficiențe majore sau periculoase;</li><li>f)&nbsp;&nbsp;sistemul de frânare de securitate sau de staționare prezintă deficiențe majore sau periculoase;</li><li>g)&nbsp; mecanismul de direcție prezintă deficiențe majore sau periculoase;</li><li>h)&nbsp; anvelopele au alte dimensiuni sau caracteristici decât cele prevăzute în cartea de identitate a vehiculului, prezintă tăieturi sau rupturi ale cordului ori sunt uzate peste limita legal admisă;</li><li>h^1) autovehiculul nu este dotat, la circulația pe drumurile publice acoperite cu zăpadă, gheață sau polei, cu anvelope de iarnă, iar autovehiculul de transport marfă cu o masă totală maximă autorizată mai mare de 3,5 tone și autovehiculul de transport persoane cu mai mult de 9 locuri pe scaune, inclusiv cel al conducătorului auto, nu sunt echipate cu anvelope de iarnă pe roțile axei/axelor de tracțiune ori nu au montate pe aceste roți lanțuri sau alte echipamente antiderapante certificate;</li><li>i)&nbsp;zgomotul în mers sau staționare depășește limita legal admisă pentru tipul respectiv de vehicul;</li><li>j)&nbsp; motorul emite noxe poluante peste limitele legal admise;</li><li style=""text-align:justify;"">k)&nbsp;elementele dispozitivului de cuplare pentru remorcare prezintă uzuri pronunțate ori nu sunt compatibile, fiind de natura să provoace desprinderea remorcii sau dezechilibrarea ansamblului;</li><li>l)autovehiculul, tractorul agricol sau forestier ori tramvaiul are aplicate pe parbriz, lunetă sau geamurile laterale afișe sau reclame publicitare, folii neomologate și/sau nemarcate corespunzător ori accesorii care restrâng sau estompează vizibilitatea în timpul mersului, atât din interior, cât și din exterior;</li><li>m)&nbsp;autovehiculul și tractorul agricol sau forestier are aplicat pe partea frontală și/sau posterioară a acestuia afișe, înscrisuri sau reclame care diminuează eficacitatea dispozitivelor de iluminare și semnalizare luminoasă ori citirea numărului de înmatriculare;</li><li>n)&nbsp; autovehiculul și tractorul agricol sau forestier prezintă scurgeri semnificative de carburant sau lubrifiant;</li><li>o)&nbsp;&nbsp;plăcuțele cu numărul de înmatriculare sau de înregistrare nu sunt conforme cu standardul ori au aplicate dispozitive de iluminare, altele decât cele omologate;</li><li>p)datele din certificatul de înmatriculare sau de înregistrare nu concordă cu caracteristicile tehnice ale vehiculului;</li><li>r)vehiculul nu a fost radiat din circulație în cazurile prevăzute în prezenta ordonanță de urgență;</li><li>s)&nbsp;&nbsp; vehiculul nu este asigurat de răspundere civilă în caz de pagube produse terților prin accidente de circulație, conform legii;</li><li>t)&nbsp;&nbsp;deținătorul vehiculului nu a preschimbat certificatul de înmatriculare sau de înregistrare, în conformitate cu prevederile legale;</li><li>u)&nbsp;&nbsp;&nbsp;vehiculul nu are montată una dintre plăcuțele cu numărul de înmatriculare sau de înregistrare;</li><li>v)&nbsp;&nbsp; vehiculul are lipsa elemente ale caroseriei ori aceasta este într-o stare avansată de degradare;</li><li>x)&nbsp;&nbsp;lipsa dotărilor obligatorii pe autovehicule și tractoare agricole sau forestiere destinate învățării conducerii autovehiculelor și tractoarelor agricole sau forestiere în procesul instruirii persoanelor în vederea obținerii permisului de conducere, prevăzute de reglementările în vigoare.</li><li>y)&nbsp; înmatricularea vehiculului este suspendată, în condițiile legii.</li></ul>


                    </div>","https://scoaladrpciv.ro/intrebari/categoria-b/sanctiuni-si-contraventii"
"1790475136-144","https://scoaladrpciv.ro/intrebari/categoria-b","Nu este permis unui autovehicul să circule atunci când:","A - poluează fonic, în timpul mersului sau staţionării, peste pragul admis de lege;","C - plăcuţele cu numărul de înmatriculare sunt deteriorate.","","B - nu este dotat cu roată de rezervă;","","https://scoaladrpciv.ro/intrebare/nu-este-permis-unui-autovehicul-sa-circule-atunci-cand-05e4","","<div class="""">
                        <p>Articolul 112</p><p>(1)&nbsp;&nbsp;Certificatul de înmatriculare sau de înregistrare ori dovada înlocuitoare a acestuia se reține de către poliția rutieră în următoarele cazuri:</p><ul><li>a)&nbsp;&nbsp;&nbsp;vehiculul înregistrat nu are efectuată inspecția tehnică periodică valabilă ori aceasta este anulată;</li><li>b)&nbsp;&nbsp;&nbsp;nu sunt respectate normele tehnice constructive referitoare la transportul produselor periculoase;</li><li>c)&nbsp;&nbsp;vehiculul circulă noaptea fără faruri sau lămpi de semnalizare, dispozitivele de iluminare și semnalizare luminoase, mijloacele fluorescent-reflectorizante, prevăzute în normele tehnice în vigoare;</li><li>d)&nbsp;&nbsp;vehiculul circulă cu deficiențe majore sau periculoase la sistemele de iluminare- semnalizare sau cu alte dispozitive decât cele omologate;</li><li>e)&nbsp; sistemul de frânare de serviciu prezintă deficiențe majore sau periculoase;</li><li>f)&nbsp;&nbsp;sistemul de frânare de securitate sau de staționare prezintă deficiențe majore sau periculoase;</li><li>g)&nbsp; mecanismul de direcție prezintă deficiențe majore sau periculoase;</li><li>h)&nbsp; anvelopele au alte dimensiuni sau caracteristici decât cele prevăzute în cartea de identitate a vehiculului, prezintă tăieturi sau rupturi ale cordului ori sunt uzate peste limita legal admisă;</li><li>h^1) autovehiculul nu este dotat, la circulația pe drumurile publice acoperite cu zăpadă, gheață sau polei, cu anvelope de iarnă, iar autovehiculul de transport marfă cu o masă totală maximă autorizată mai mare de 3,5 tone și autovehiculul de transport persoane cu mai mult de 9 locuri pe scaune, inclusiv cel al conducătorului auto, nu sunt echipate cu anvelope de iarnă pe roțile axei/axelor de tracțiune ori nu au montate pe aceste roți lanțuri sau alte echipamente antiderapante certificate;</li><li><span style=""background-color:hsl(60, 75%, 60%);"">i)&nbsp;zgomotul în mers sau staționare depășește limita legal admisă pentru tipul respectiv de vehicul;</span></li><li>j)&nbsp; motorul emite noxe poluante peste limitele legal admise;</li><li style=""text-align:justify;"">k)&nbsp;elementele dispozitivului de cuplare pentru remorcare prezintă uzuri pronunțate ori nu sunt compatibile, fiind de natura să provoace desprinderea remorcii sau dezechilibrarea ansamblului;</li><li>l)autovehiculul, tractorul agricol sau forestier ori tramvaiul are aplicate pe parbriz, lunetă sau geamurile laterale afișe sau reclame publicitare, folii neomologate și/sau nemarcate corespunzător ori accesorii care restrâng sau estompează vizibilitatea în timpul mersului, atât din interior, cât și din exterior;</li><li>m)&nbsp;autovehiculul și tractorul agricol sau forestier are aplicat pe partea frontală și/sau posterioară a acestuia afișe, înscrisuri sau reclame care diminuează eficacitatea dispozitivelor de iluminare și semnalizare luminoasă ori citirea numărului de înmatriculare;</li><li>n)&nbsp; autovehiculul și tractorul agricol sau forestier prezintă scurgeri semnificative de carburant sau lubrifiant;</li><li><span style=""background-color:hsl(60, 75%, 60%);"">o)&nbsp;&nbsp;plăcuțele cu numărul de înmatriculare sau de înregistrare nu sunt conforme cu standardul ori au aplicate dispozitive de iluminare, altele decât cele omologate;</span></li><li>p)datele din certificatul de înmatriculare sau de înregistrare nu concordă cu caracteristicile tehnice ale vehiculului;</li><li>r)vehiculul nu a fost radiat din circulație în cazurile prevăzute în prezenta ordonanță de urgență;</li><li>s)&nbsp;&nbsp; vehiculul nu este asigurat de răspundere civilă în caz de pagube produse terților prin accidente de circulație, conform legii;</li><li>t)&nbsp;&nbsp;deținătorul vehiculului nu a preschimbat certificatul de înmatriculare sau de înregistrare, în conformitate cu prevederile legale;</li><li>u)&nbsp;&nbsp;&nbsp;vehiculul nu are montată una dintre plăcuțele cu numărul de înmatriculare sau de înregistrare;</li><li>v)&nbsp;&nbsp; vehiculul are lipsa elemente ale caroseriei ori aceasta este într-o stare avansată de degradare;</li><li>x)&nbsp;&nbsp;lipsa dotărilor obligatorii pe autovehicule și tractoare agricole sau forestiere destinate învățării conducerii autovehiculelor și tractoarelor agricole sau forestiere în procesul instruirii persoanelor în vederea obținerii permisului de conducere, prevăzute de reglementările în vigoare.</li><li>y)&nbsp; înmatricularea vehiculului este suspendată, în condițiile legii.</li></ul>


                    </div>","https://scoaladrpciv.ro/intrebari/categoria-b/sanctiuni-si-contraventii"
"1790475138-145","https://scoaladrpciv.ro/intrebari/categoria-b","În ce situaţii se interzice circulaţia autoturismelor pe drumurile publice?","B - când motorul emite noxe peste limita legală;","","","A - când nu au montate faruri de ceaţă;","C - când nu sunt echipate cu cârlig pentru remorcare.","https://scoaladrpciv.ro/intrebare/in-ce-situatii-se-interzice-circulatia-autoturismelor-pe-drumurile-publice-0ce5","","<div class="""">
                        <p>Articolul 112</p><p>(1)&nbsp;&nbsp;Certificatul de înmatriculare sau de înregistrare ori dovada înlocuitoare a acestuia se reține de către poliția rutieră în următoarele cazuri:</p><ul><li>a)&nbsp;&nbsp;&nbsp;vehiculul înregistrat nu are efectuată inspecția tehnică periodică valabilă ori aceasta este anulată;</li><li>b)&nbsp;&nbsp;&nbsp;nu sunt respectate normele tehnice constructive referitoare la transportul produselor periculoase;</li><li>c)&nbsp;&nbsp;vehiculul circulă noaptea fără faruri sau lămpi de semnalizare, dispozitivele de iluminare și semnalizare luminoase, mijloacele fluorescent-reflectorizante, prevăzute în normele tehnice în vigoare;</li><li>d)&nbsp;&nbsp;vehiculul circulă cu deficiențe majore sau periculoase la sistemele de iluminare- semnalizare sau cu alte dispozitive decât cele omologate;</li><li>e)&nbsp; sistemul de frânare de serviciu prezintă deficiențe majore sau periculoase;</li><li>f)&nbsp;&nbsp;sistemul de frânare de securitate sau de staționare prezintă deficiențe majore sau periculoase;</li><li>g)&nbsp; mecanismul de direcție prezintă deficiențe majore sau periculoase;</li><li>h)&nbsp; anvelopele au alte dimensiuni sau caracteristici decât cele prevăzute în cartea de identitate a vehiculului, prezintă tăieturi sau rupturi ale cordului ori sunt uzate peste limita legal admisă;</li><li>h^1) autovehiculul nu este dotat, la circulația pe drumurile publice acoperite cu zăpadă, gheață sau polei, cu anvelope de iarnă, iar autovehiculul de transport marfă cu o masă totală maximă autorizată mai mare de 3,5 tone și autovehiculul de transport persoane cu mai mult de 9 locuri pe scaune, inclusiv cel al conducătorului auto, nu sunt echipate cu anvelope de iarnă pe roțile axei/axelor de tracțiune ori nu au montate pe aceste roți lanțuri sau alte echipamente antiderapante certificate;</li><li>i)&nbsp;zgomotul în mers sau staționare depășește limita legal admisă pentru tipul respectiv de vehicul;</li><li><span style=""background-color:hsl(60, 75%, 60%);"">j)&nbsp; motorul emite noxe poluante peste limitele legal admise;</span></li><li style=""text-align:justify;"">k)&nbsp;elementele dispozitivului de cuplare pentru remorcare prezintă uzuri pronunțate ori nu sunt compatibile, fiind de natura să provoace desprinderea remorcii sau dezechilibrarea ansamblului;</li><li>l)autovehiculul, tractorul agricol sau forestier ori tramvaiul are aplicate pe parbriz, lunetă sau geamurile laterale afișe sau reclame publicitare, folii neomologate și/sau nemarcate corespunzător ori accesorii care restrâng sau estompează vizibilitatea în timpul mersului, atât din interior, cât și din exterior;</li><li>m)&nbsp;autovehiculul și tractorul agricol sau forestier are aplicat pe partea frontală și/sau posterioară a acestuia afișe, înscrisuri sau reclame care diminuează eficacitatea dispozitivelor de iluminare și semnalizare luminoasă ori citirea numărului de înmatriculare;</li><li>n)&nbsp; autovehiculul și tractorul agricol sau forestier prezintă scurgeri semnificative de carburant sau lubrifiant;</li><li>o)&nbsp;&nbsp;plăcuțele cu numărul de înmatriculare sau de înregistrare nu sunt conforme cu standardul ori au aplicate dispozitive de iluminare, altele decât cele omologate;</li><li>p)datele din certificatul de înmatriculare sau de înregistrare nu concordă cu caracteristicile tehnice ale vehiculului;</li><li>r)vehiculul nu a fost radiat din circulație în cazurile prevăzute în prezenta ordonanță de urgență;</li><li>s)&nbsp;&nbsp; vehiculul nu este asigurat de răspundere civilă în caz de pagube produse terților prin accidente de circulație, conform legii;</li><li>t)&nbsp;&nbsp;deținătorul vehiculului nu a preschimbat certificatul de înmatriculare sau de înregistrare, în conformitate cu prevederile legale;</li><li>u)&nbsp;&nbsp;&nbsp;vehiculul nu are montată una dintre plăcuțele cu numărul de înmatriculare sau de înregistrare;</li><li>v)&nbsp;&nbsp; vehiculul are lipsa elemente ale caroseriei ori aceasta este într-o stare avansată de degradare;</li><li>x)&nbsp;&nbsp;lipsa dotărilor obligatorii pe autovehicule și tractoare agricole sau forestiere destinate învățării conducerii autovehiculelor și tractoarelor agricole sau forestiere în procesul instruirii persoanelor în vederea obținerii permisului de conducere, prevăzute de reglementările în vigoare.</li><li>y)&nbsp; înmatricularea vehiculului este suspendată, în condițiile legii.</li></ul>


                    </div>","https://scoaladrpciv.ro/intrebari/categoria-b/sanctiuni-si-contraventii"
"1790475140-146","https://scoaladrpciv.ro/intrebari/categoria-b","Care este valoarea alcoolemiei în sânge peste care se aplică pedeapsa penală pentru un conducător aflat la volan?","B - 0,8 g/l;","","","A - 0,5 g/l;","C - 1 g/l.","https://scoaladrpciv.ro/intrebare/care-este-valoarea-alcoolemiei-in-sange-peste-care-se-aplica-pedeapsa-penala-pentru-un-conducator-aflat-la-volan-f5c3","","<div class="""">
                        <p><span style=""background-color:rgb(255,255,255);color:rgb(34,34,34);""><strong>(1)</strong></span><span style=""background-color:rgb(255,255,255);color:rgb(68,68,68);""> Conducerea pe drumurile publice a unui vehicul pentru care legea prevede obligativitatea deţinerii permisului de conducere de către o persoană care, la momentul prelevării mostrelor biologice, are o îmbibaţie alcoolică de peste 0,80 g/l alcool pur în sânge se pedepseşte cu închisoare de la unu la 5 ani sau cu amendă.</span></p>


                    </div>","https://scoaladrpciv.ro/intrebari/categoria-b/sanctiuni-si-contraventii"
"1790475143-147","https://scoaladrpciv.ro/intrebari/categoria-b","Care sunt sancțiunile ce se aplică în cazul depășirii unei coloane de vehicule în așteptare, dacă prin aceasta se intră pe sensul opus de circulație?","B - amendă contravențională și suspendarea exercitării dreptului de a conduce;","","","A - suspendarea certificatului de înmatriculare;","C - amendă contravențională.","https://scoaladrpciv.ro/intrebare/care-sunt-sanctiunile-ce-se-aplica-in-cazul-depasirii-unei-coloane-de-vehicule-in-asteptare-daca-prin-aceasta-se-intra-pe-sensul-opus-de-circulatie-fe5f","","<div class="""">
                        <h4>Articolul 100</h4><p>(3)&nbsp;&nbsp;&nbsp;Constituie contravenție și se sancționează cu amenda prevăzută în clasa a II-a de sancțiuni și cu aplicarea sancțiunii contravenționale complementare a suspendării exercitării dreptului de a conduce pentru o perioadă de 30 de zile săvârșirea de către conducătorul de autovehicul, tractor agricol sau forestier ori tramvai a următoarelor fapte:</p><ul><li><span style=""background-color:hsl(60, 75%, 60%);"">a)&nbsp; depășirea coloanelor de vehicule oprite la culoarea roșie a semaforului sau la trecerile la nivel cu calea ferată;</span></li><li style=""text-align:justify;"">b)&nbsp; abrogată.</li><li style=""text-align:justify;"">c)&nbsp; abrogată.</li><li>d)&nbsp; nerespectarea semnificației culorii roșii a semaforului;</li><li>e)&nbsp; abrogată.</li><li>f)&nbsp;&nbsp;nerespectarea semnalelor, indicațiilor și dispozițiilor polițistului rutier aflat în exercitarea atribuțiilor de serviciu;</li><li style=""text-align:justify;"">g)&nbsp;&nbsp;neprezentarea la unitatea de poliție competentă pe raza căreia s-a produs un accident de circulație din care au rezultat numai pagube materiale, cu excepția cazurilor prevăzute la art. 79 alin. (2).</li><li>h)&nbsp;&nbsp;folosirea telefoanelor mobile atunci când conducătorii de vehicule se află în timpul deplasării pe drumurile publice, cu excepția celor prevăzute cu dispozitive tip «mâini libere», concomitent cu încălcarea unei reguli pentru circulația vehiculelor.</li><li>i)&nbsp; adoptarea unui comportament agresiv în conducerea vehiculelor pe drumurile publice.</li></ul>


                    </div>","https://scoaladrpciv.ro/intrebari/categoria-b/sanctiuni-si-contraventii"
"1790475145-148","https://scoaladrpciv.ro/intrebari/categoria-b","Când se restituie permisul de conducere reţinut de către poliţie în vederea suspendării exercitării dreptului de a conduce?","B - la expirarea termenului de suspendare, dacă a fost promovat testul de verificare a cunoştinţelor, în situaţiile prevăzute de lege;","C - atunci când procesul verbal de contravenţie a fost anulat printr-o hotărâre judecătorească definitivă.","","A - la hotărârea agentului de circulaţie;","","https://scoaladrpciv.ro/intrebare/cand-se-restituie-permisul-de-conducere-retinut-de-catre-politie-in-vederea-suspendarii-exercitarii-dreptului-de-a-conduce-5ae5","","<div class="""">
                        <h4>Articolul 219</h4><p>(1)&nbsp;&nbsp; Restituirea permisului de conducere se dispune de cãtre șeful serviciului poliției rutiere care îl are în evidenta, la cererea titularului, în urmãtoarele cazuri:</p><ul style=""list-style-type:circle;""><li><span style=""background-color:hsl(60,75%,60%);"">a)&nbsp;&nbsp; la expirarea termenului de suspendare, când sancțiunea a fost aplicatã pentru cumul de puncte;</span></li><li>b)&nbsp;&nbsp; la expirarea termenului de suspendare, când sancțiunea a fost aplicatã ca urmare a sãvârșirii unei contravenții pentru care legea prevede suspendarea dreptului de a conduce pentru 30, 60 sau 90 de zile sau, dupã caz, a fost majoratã cu 30 de zile;</li><li>c)&nbsp;&nbsp; în baza certificatului medico-legal prin care se confirma cã afecțiunile medicale care au determinat declararea persoanei respective ca inaptã medical au încetat.</li></ul><h4>Articolul 113</h4><p>(1)&nbsp; Permisul de conducere se restituie titularului:</p><ul><li>a)&nbsp; la expirarea perioadei de suspendare;</li><li>b)&nbsp; abrogată;</li><li>c)&nbsp; la încetarea măsurii de siguranță prevăzute la art. 108 lit. c) din Codul penal;</li><li>d)&nbsp; abrogată;</li><li><span style=""background-color:hsl(60,75%,60%);"">e)&nbsp;&nbsp; în baza hotărârii judecătorești ramase definitive prin care s-a dispus achitarea inculpatului ori procesul-verbal de constatare a contravenției a fost anulat;</span></li><li>f)&nbsp;&nbsp;&nbsp; la încetarea cauzelor pentru care a fost retras permisul de conducere în condițiile art. 97 alin. (4), certificată printr-un act medico-legal.</li></ul>


                    </div>","https://scoaladrpciv.ro/intrebari/categoria-b/sanctiuni-si-contraventii"
"1790475147-149","https://scoaladrpciv.ro/intrebari/categoria-b","În care dintre următoarele situații se anulează permisul de conducere?","A - în urma unei condamnări, printr-o hotărâre definitivă, pentru o infracțiune la regimul circulației;","","","B - pentru încălcarea dispozițiilor legale referitoare la folosirea luminilor de întâlnire pe timp de noapte, în afara localităților;","C - pentru încălcarea dispozițiilor legale referitoare la obligația de a semnaliza schimbarea direcției de mers.","https://scoaladrpciv.ro/intrebare/in-care-dintre-urmatoarele-situatii-se-anuleaza-permisul-de-conducere-d6fe","","<div class="""">
                        <h4>Articolul 114</h4><p>(1)&nbsp;&nbsp; Anularea permisului de conducere eliberat de autoritatea română se dispune în următoarele cazuri:</p><ul><li><span style=""background-color:hsl(60, 75%, 60%);"">a)&nbsp;&nbsp; titularul permisului de conducere a fost condamnat printr-o hotărâre judecătorească rămasă definitivă pentru o infracțiune care a avut ca rezultat uciderea sau vătămarea corporala a unei persoane, săvârșită ca urmare a nerespectării regulilor de circulație;</span></li><li>b) titularul permisului de conducere a fost condamnat, printro hotărâre judecătorească rămasă definitivă, pentru infracțiunile prevăzute la art. 334, art. 335 alin. (2), art. 336, art. 337, art. 338 alin. (1) și art. 339 alin. (2)-(4) din Codul penal;</li><li>c)&nbsp; abrogată;</li><li style=""text-align:justify;"">d)&nbsp;titularului permisului de conducere i s-a aplicat, printr-o hotărâre judecătorească rămasă definitivă, pedeapsa complementară a interzicerii dreptului de a conduce anumite categorii de vehicule stabilite de instanță prevăzută la art. 66 alin. (1) lit. i) din Codul penal.</li><li>e)&nbsp;permisul de conducere a fost obținut cu încălcarea normelor legale, situație constatată de instanța competentă.</li><li style=""text-align:justify;"">f)&nbsp;&nbsp;permisul de conducere a fost obținut în perioada în care titularul era cercetat sau judecat în cadrul unui proces penal pentru săvârșirea uneia dintre infracțiunile prevăzute la art. 334, art. 335 alin. (1) și (2), art. 336, art. 337, art. 338 alin. (1) și art. 339 alin. (2)-(4) din Codul penal sau pentru săvârșirea unei infracțiuni care a avut ca rezultat uciderea sau vătămarea corporală a unei persoane, săvârșită ca urmare a nerespectării regulilor de circulație, atunci când acesta a fost condamnat printr-o hotărâre judecătorească rămasă definitivă.</li></ul><p>(2)&nbsp; Permisul de conducere se anulează și în cazul în care titularul acestuia a decedat.</p><p>(3)&nbsp; Procedura anulării permisului de conducere se stabilește prin regulament.</p>


                    </div>","https://scoaladrpciv.ro/intrebari/categoria-b/sanctiuni-si-contraventii"
"1790475150-150","https://scoaladrpciv.ro/intrebari/categoria-b","Vi se interzice circulaţia cu autoturismul pe drumurile publice când:","A - zgomotul în mers sau în staţionare depăşeşte limita legală admisă;","","","B - oglinzile retrovizoare sunt de dimensiuni mai mari;","C - dispozitivul de avertizare sonoră nu este corespunzător.","https://scoaladrpciv.ro/intrebare/vi-se-interzice-circulatia-cu-autoturismul-pe-drumurile-publice-cand-ee99","","<div class="""">
                        <p>Articolul 112</p><p>(1)&nbsp;&nbsp;Certificatul de înmatriculare sau de înregistrare ori dovada înlocuitoare a acestuia se reține de către poliția rutieră în următoarele cazuri:</p><ul><li>a)&nbsp;&nbsp;&nbsp;vehiculul înregistrat nu are efectuată inspecția tehnică periodică valabilă ori aceasta este anulată;</li><li>b)&nbsp;&nbsp;&nbsp;nu sunt respectate normele tehnice constructive referitoare la transportul produselor periculoase;</li><li>c)&nbsp;&nbsp;vehiculul circulă noaptea fără faruri sau lămpi de semnalizare, dispozitivele de iluminare și semnalizare luminoase, mijloacele fluorescent-reflectorizante, prevăzute în normele tehnice în vigoare;</li><li>d)&nbsp;&nbsp;vehiculul circulă cu deficiențe majore sau periculoase la sistemele de iluminare- semnalizare sau cu alte dispozitive decât cele omologate;</li><li>e)&nbsp; sistemul de frânare de serviciu prezintă deficiențe majore sau periculoase;</li><li>f)&nbsp;&nbsp;sistemul de frânare de securitate sau de staționare prezintă deficiențe majore sau periculoase;</li><li>g)&nbsp; mecanismul de direcție prezintă deficiențe majore sau periculoase;</li><li>h)&nbsp; anvelopele au alte dimensiuni sau caracteristici decât cele prevăzute în cartea de identitate a vehiculului, prezintă tăieturi sau rupturi ale cordului ori sunt uzate peste limita legal admisă;</li><li>h^1) autovehiculul nu este dotat, la circulația pe drumurile publice acoperite cu zăpadă, gheață sau polei, cu anvelope de iarnă, iar autovehiculul de transport marfă cu o masă totală maximă autorizată mai mare de 3,5 tone și autovehiculul de transport persoane cu mai mult de 9 locuri pe scaune, inclusiv cel al conducătorului auto, nu sunt echipate cu anvelope de iarnă pe roțile axei/axelor de tracțiune ori nu au montate pe aceste roți lanțuri sau alte echipamente antiderapante certificate;</li><li><span style=""background-color:hsl(60,75%,60%);"">i)&nbsp;zgomotul în mers sau staționare depășește limita legal admisă pentru tipul respectiv de vehicul;</span></li><li>j)&nbsp; motorul emite noxe poluante peste limitele legal admise;</li><li style=""text-align:justify;"">k)&nbsp;elementele dispozitivului de cuplare pentru remorcare prezintă uzuri pronunțate ori nu sunt compatibile, fiind de natura să provoace desprinderea remorcii sau dezechilibrarea ansamblului;</li><li>l)autovehiculul, tractorul agricol sau forestier ori tramvaiul are aplicate pe parbriz, lunetă sau geamurile laterale afișe sau reclame publicitare, folii neomologate și/sau nemarcate corespunzător ori accesorii care restrâng sau estompează vizibilitatea în timpul mersului, atât din interior, cât și din exterior;</li><li>m)&nbsp;autovehiculul și tractorul agricol sau forestier are aplicat pe partea frontală și/sau posterioară a acestuia afișe, înscrisuri sau reclame care diminuează eficacitatea dispozitivelor de iluminare și semnalizare luminoasă ori citirea numărului de înmatriculare;</li><li>n)&nbsp; autovehiculul și tractorul agricol sau forestier prezintă scurgeri semnificative de carburant sau lubrifiant;</li><li>o)&nbsp;&nbsp;plăcuțele cu numărul de înmatriculare sau de înregistrare nu sunt conforme cu standardul ori au aplicate dispozitive de iluminare, altele decât cele omologate;</li><li>p)datele din certificatul de înmatriculare sau de înregistrare nu concordă cu caracteristicile tehnice ale vehiculului;</li><li>r)vehiculul nu a fost radiat din circulație în cazurile prevăzute în prezenta ordonanță de urgență;</li><li>s)&nbsp;&nbsp; vehiculul nu este asigurat de răspundere civilă în caz de pagube produse terților prin accidente de circulație, conform legii;</li><li>t)&nbsp;&nbsp;deținătorul vehiculului nu a preschimbat certificatul de înmatriculare sau de înregistrare, în conformitate cu prevederile legale;</li><li>u)&nbsp;&nbsp;&nbsp;vehiculul nu are montată una dintre plăcuțele cu numărul de înmatriculare sau de înregistrare;</li><li>v)&nbsp;&nbsp; vehiculul are lipsa elemente ale caroseriei ori aceasta este într-o stare avansată de degradare;</li><li>x)&nbsp;&nbsp;lipsa dotărilor obligatorii pe autovehicule și tractoare agricole sau forestiere destinate învățării conducerii autovehiculelor și tractoarelor agricole sau forestiere în procesul instruirii persoanelor în vederea obținerii permisului de conducere, prevăzute de reglementările în vigoare.</li><li>y)&nbsp; înmatricularea vehiculului este suspendată, în condițiile legii.</li></ul>


                    </div>","https://scoaladrpciv.ro/intrebari/categoria-b/sanctiuni-si-contraventii"
"1790475152-151","https://scoaladrpciv.ro/intrebari/categoria-b","Se pedepsesc penal următoarele acţiuni:","A - instalarea de mijloace de semnalizare rutieră sau modificarea poziţiei acestora fără autorizaţie legală;","B - organizarea sau participarea, în calitate de conducător auto sau de animale, la întreceri neautorizate pe drumurile publice;","C - blocarea cu intenţie a drumului public, dacă se pune în pericol siguranţa circulaţiei.","","","https://scoaladrpciv.ro/intrebare/se-pedepsesc-penal-urmatoarele-actiuni-cd78","","<div class="""">
                        <p style=""margin-left:0px;""><strong>Împiedicarea sau îngreunarea circulaţiei pe drumurile publice</strong></p><p style=""margin-left:0px;"">(1) Instalarea de mijloace de semnalizare rutieră sau modificarea poziţiilor acestora, fără autorizaţie eliberată de autorităţile competente, de natură să inducă în eroare participanţii la trafic ori să îngreuneze circulaţia pe drumul public se pedepseşte cu închisoare de la 3 luni la 2 ani sau cu amendă.</p><p style=""margin-left:0px;"">(2) Participarea în calitate de conducător de vehicul la întreceri neautorizate pe drumurile publice se pedepseşte cu închisoare de la 3 luni la un an sau cu amendă.</p><p style=""margin-left:0px;"">(3) Cu aceeaşi pedeapsă se sancţionează aşezarea de obstacole care îngreunează sau împiedică circulaţia pe drumul public, dacă se pune în pericol siguranţa circulaţiei ori se aduce atingere dreptului la libera circulaţie a celorlalţi participanţi la trafic.</p><p style=""margin-left:0px;"">(4) Lăsarea fără supraveghere pe partea carosabilă a drumului public a unui vehicul care transportă produse sau substanţe periculoase se pedepseşte cu închisoare de la unu la 3 ani sau cu amendă.</p>


                    </div>","https://scoaladrpciv.ro/intrebari/categoria-b/sanctiuni-si-contraventii"
"1790475154-152","https://scoaladrpciv.ro/intrebari/categoria-b","În care dintre situațiile de mai jos se suspendă exercitarea dreptului de a conduce?","B - nerespectarea regulilor privind depășirea;","","","A - depășirea vitezei maxime admise cu peste 20 km/h;","C - nefolosirea luminilor de ceață după lăsarea serii.","https://scoaladrpciv.ro/intrebare/in-care-dintre-situatiile-de-mai-jos-se-suspenda-exercitarea-dreptului-de-a-conduce-dd57","","<div class="""">
                        <h4>Articolul 101</h4><p>(3)&nbsp;&nbsp;Constituie contravenție și se sancționează cu amenda prevăzută în clasa a III-a de sancțiuni și cu aplicarea sancțiunii contravenționale complementare a suspendării dreptului de a conduce pentru o perioada de 60 de zile săvârșirea de către conducătorul de autovehicul, tractor agricol sau forestier ori tramvai a următoarelor fapte:</p><ul><li>a)&nbsp;&nbsp;nerespectarea regulilor privind trecerea la culoarea roșie a semaforului, dacă prin aceasta s-a produs un accident de circulație din care a/au rezultat numai avarierea unui vehicul sau alte pagube materiale;</li><li>b)&nbsp;&nbsp;nerespectarea interdicției temporare de circulație instituite pe un anumit segment de drum public;</li><li>c)&nbsp;&nbsp;nerespectarea regulilor de circulație la trecerea unei coloane oficiale sau intercalarea într- o astfel de coloana;</li><li>d)&nbsp;&nbsp;circulația pe sens opus, cu excepția cazurilor în care se efectuează regulamentar manevra de depășire.</li><li>e)&nbsp;&nbsp;&nbsp;neacordarea priorității de trecere pietonilor angajați în traversarea regulamentară a drumului public prin locurile special amenajate și semnalizate, aflați pe sensul de deplasare a autovehiculului, tractorului agricol sau forestier ori tramvaiului;</li><li>f)&nbsp; neacordarea priorității de trecere vehiculelor care au acest drept;</li><li><span style=""background-color:hsl(60,75%,60%);"">g)&nbsp; nerespectarea regulilor privind depășirea;</span></li><li style=""text-align:justify;"">h)&nbsp;adoptarea unui comportament agresiv în conducerea vehiculelor pe drumurile publice, dacă prin aceasta s-a produs un accident de circulație din care au rezultat avarierea unui vehicul sau alte pagube materiale.</li></ul>


                    </div>","https://scoaladrpciv.ro/intrebari/categoria-b/sanctiuni-si-contraventii"
"1790475156-153","https://scoaladrpciv.ro/intrebari/categoria-b","În ce situaţie poate fi reţinut certificatul de înmatriculare al unui vehicul?","B - datele din certificatul de înmatriculare nu concordă cu caracteristicile tehnice ale vehiculului;","C - deţinătorul nu face dovada încheierii asigurării auto de răspundere civilă.","","A - autovehiculul are aplicate afişe publicitare;","","https://scoaladrpciv.ro/intrebare/in-ce-situatie-poate-fi-retinut-certificatul-de-inmatriculare-al-unui-vehicul-8b14","","<div class="""">
                        <p>Articolul 112</p><p>(1)&nbsp;&nbsp;Certificatul de înmatriculare sau de înregistrare ori dovada înlocuitoare a acestuia se reține de către poliția rutieră în următoarele cazuri:</p><ul><li>a)&nbsp;&nbsp;&nbsp;vehiculul înregistrat nu are efectuată inspecția tehnică periodică valabilă ori aceasta este anulată;</li><li>b)&nbsp;&nbsp;&nbsp;nu sunt respectate normele tehnice constructive referitoare la transportul produselor periculoase;</li><li>c)&nbsp;&nbsp;vehiculul circulă noaptea fără faruri sau lămpi de semnalizare, dispozitivele de iluminare și semnalizare luminoase, mijloacele fluorescent-reflectorizante, prevăzute în normele tehnice în vigoare;</li><li>d)&nbsp;&nbsp;vehiculul circulă cu deficiențe majore sau periculoase la sistemele de iluminare- semnalizare sau cu alte dispozitive decât cele omologate;</li><li>e)&nbsp; sistemul de frânare de serviciu prezintă deficiențe majore sau periculoase;</li><li>f)&nbsp;&nbsp;sistemul de frânare de securitate sau de staționare prezintă deficiențe majore sau periculoase;</li><li>g)&nbsp; mecanismul de direcție prezintă deficiențe majore sau periculoase;</li><li>h)&nbsp; anvelopele au alte dimensiuni sau caracteristici decât cele prevăzute în cartea de identitate a vehiculului, prezintă tăieturi sau rupturi ale cordului ori sunt uzate peste limita legal admisă;</li><li>h^1) autovehiculul nu este dotat, la circulația pe drumurile publice acoperite cu zăpadă, gheață sau polei, cu anvelope de iarnă, iar autovehiculul de transport marfă cu o masă totală maximă autorizată mai mare de 3,5 tone și autovehiculul de transport persoane cu mai mult de 9 locuri pe scaune, inclusiv cel al conducătorului auto, nu sunt echipate cu anvelope de iarnă pe roțile axei/axelor de tracțiune ori nu au montate pe aceste roți lanțuri sau alte echipamente antiderapante certificate;</li><li>i)&nbsp;zgomotul în mers sau staționare depășește limita legal admisă pentru tipul respectiv de vehicul;</li><li>j)&nbsp; motorul emite noxe poluante peste limitele legal admise;</li><li style=""text-align:justify;"">k)&nbsp;elementele dispozitivului de cuplare pentru remorcare prezintă uzuri pronunțate ori nu sunt compatibile, fiind de natura să provoace desprinderea remorcii sau dezechilibrarea ansamblului;</li><li>l)autovehiculul, tractorul agricol sau forestier ori tramvaiul are aplicate pe parbriz, lunetă sau geamurile laterale afișe sau reclame publicitare, folii neomologate și/sau nemarcate corespunzător ori accesorii care restrâng sau estompează vizibilitatea în timpul mersului, atât din interior, cât și din exterior;</li><li>m)&nbsp;autovehiculul și tractorul agricol sau forestier are aplicat pe partea frontală și/sau posterioară a acestuia afișe, înscrisuri sau reclame care diminuează eficacitatea dispozitivelor de iluminare și semnalizare luminoasă ori citirea numărului de înmatriculare;</li><li>n)&nbsp; autovehiculul și tractorul agricol sau forestier prezintă scurgeri semnificative de carburant sau lubrifiant;</li><li>o)&nbsp;&nbsp;plăcuțele cu numărul de înmatriculare sau de înregistrare nu sunt conforme cu standardul ori au aplicate dispozitive de iluminare, altele decât cele omologate;</li><li><span style=""background-color:hsl(60, 75%, 60%);"">p)datele din certificatul de înmatriculare sau de înregistrare nu concordă cu caracteristicile tehnice ale vehiculului;</span></li><li>r)vehiculul nu a fost radiat din circulație în cazurile prevăzute în prezenta ordonanță de urgență;</li><li><span style=""background-color:hsl(60, 75%, 60%);"">s)&nbsp;&nbsp; vehiculul nu este asigurat de răspundere civilă în caz de pagube produse terților prin accidente de circulație, conform legii;</span></li><li>t)&nbsp;&nbsp;deținătorul vehiculului nu a preschimbat certificatul de înmatriculare sau de înregistrare, în conformitate cu prevederile legale;</li><li>u)&nbsp;&nbsp;&nbsp;vehiculul nu are montată una dintre plăcuțele cu numărul de înmatriculare sau de înregistrare;</li><li>v)&nbsp;&nbsp; vehiculul are lipsa elemente ale caroseriei ori aceasta este într-o stare avansată de degradare;</li><li>x)&nbsp;&nbsp;lipsa dotărilor obligatorii pe autovehicule și tractoare agricole sau forestiere destinate învățării conducerii autovehiculelor și tractoarelor agricole sau forestiere în procesul instruirii persoanelor în vederea obținerii permisului de conducere, prevăzute de reglementările în vigoare.</li><li>y)&nbsp; înmatricularea vehiculului este suspendată, în condițiile legii.</li></ul>


                    </div>","https://scoaladrpciv.ro/intrebari/categoria-b/sanctiuni-si-contraventii"
"1790475159-154","https://scoaladrpciv.ro/intrebari/categoria-b","Cum se sancţionează nerespectarea semnalelor poliţiştilor la trecerea coloanelor oficiale sau intercalarea într-o astfel de coloană?","B - cu amendă contravenţională şi suspendarea exercitării dreptului de a conduce autovehicule;","","","A - cu amendă penală;","C - cu amendă contravenţională şi puncte de penalizare.","https://scoaladrpciv.ro/intrebare/cum-se-sanctioneaza-nerespectarea-semnalelor-politistilor-la-trecerea-coloanelor-oficiale-sau-intercalarea-intr-o-astfel-de-coloana-0f52","","<div class="""">
                        <h4>Articolul 101</h4><p>(3)&nbsp;&nbsp;Constituie contravenție și se sancționează cu amenda prevăzută în clasa a III-a de sancțiuni și cu aplicarea sancțiunii contravenționale complementare a suspendării dreptului de a conduce pentru o perioada de 60 de zile săvârșirea de către conducătorul de autovehicul, tractor agricol sau forestier ori tramvai a următoarelor fapte:</p><ul><li>a)&nbsp;&nbsp;nerespectarea regulilor privind trecerea la culoarea roșie a semaforului, dacă prin aceasta s-a produs un accident de circulație din care a/au rezultat numai avarierea unui vehicul sau alte pagube materiale;</li><li>b)&nbsp;&nbsp;nerespectarea interdicției temporare de circulație instituite pe un anumit segment de drum public;</li><li><span style=""background-color:hsl(60,75%,60%);"">c)&nbsp;&nbsp;nerespectarea regulilor de circulație la trecerea unei coloane oficiale sau intercalarea într- o astfel de coloana;</span></li><li>d)&nbsp;&nbsp;circulația pe sens opus, cu excepția cazurilor în care se efectuează regulamentar manevra de depășire.</li><li>e)&nbsp;&nbsp;&nbsp;neacordarea priorității de trecere pietonilor angajați în traversarea regulamentară a drumului public prin locurile special amenajate și semnalizate, aflați pe sensul de deplasare a autovehiculului, tractorului agricol sau forestier ori tramvaiului;</li><li>f)&nbsp; neacordarea priorității de trecere vehiculelor care au acest drept;</li><li>g)&nbsp; nerespectarea regulilor privind depășirea;</li><li style=""text-align:justify;"">h)&nbsp;adoptarea unui comportament agresiv în conducerea vehiculelor pe drumurile publice, dacă prin aceasta s-a produs un accident de circulație din care au rezultat avarierea unui vehicul sau alte pagube materiale.</li></ul>


                    </div>","https://scoaladrpciv.ro/intrebari/categoria-b/sanctiuni-si-contraventii"
"1790475161-155","https://scoaladrpciv.ro/intrebari/categoria-b","Este permis ca un conducător de vehicul, angajat într-un accident de circulație din care a rezultat moartea sau lovirea unei persoane, să plece de la locul faptei?","C - nu, fără încuviințarea organelor de poliție.","","","A - da, cu condiția să lase vehiculul la locul accidentului;","B - da, dacă victima a fost transportată la spital;","https://scoaladrpciv.ro/intrebare/este-permis-ca-un-conducator-de-vehicul-angajat-intr-un-accident-de-circulatie-din-care-a-rezultat-moartea-sau-lovirea-unei-persoane-sa-plece-de-la-locul-faptei-b121","","<div class="""">
                        <p>Art. 89<br><span style=""background-color:hsl(60, 75%, 60%);"">(1) Parasirea locului accidentului de catre conducatorul vehiculului sau de catre instructorul auto aflat in procesul de instruire sau de examinatorul autoritatii competente aflat in timpul desfasurarii probelor practice ale examenului pentru obtinerea permisului de conducere, implicat intr-un accident de circulatie in urma caruia a rezultat uciderea sau vatamarea integritatii corporale ori a sanatatii uneia sau mai multor persoane ori daca accidentul s-a produs ca urmare a unei infractiuni, fara incuviintarea politiei care efectueaza cercetarea locului faptei, se pedepseste cu inchisoare de la 2 la 7 ani.</span><br>(2) Cu pedeapsa prevazuta la alin.(1) se sanctioneaza si fapta oricarei persoane de a modifica starea locului sau de a sterge urmele accidentului de circulatie din care a rezultat uciderea sau vatamarea integritatii corporale ori a sanatatii uneia sau mai multor persoane, fara acordul echipei de cercetare la fata locului.<br>(3) Nu constituie infractiune fapta conducatorului de vehicul care, in lipsa altor mijloace de transport, el insusi transporta persoanele ranite la cea mai apropiata unitate sanitara in masura sa acorde asistenta medicala necesara si la care a declarat datele personale de identitate si numarul de inmatriculare sau inregistrare a vehiculului condus, consemnate intr-un registru special, daca se inapoiaza imediat la locul accidentului.<br>(4) Nu constituie infractiunea de parasire a locului accidentului fapta conducatorului autovehiculului cu regim de circulatie prioritara, daca acesta anunta de indata politia si dupa terminarea misiunii se prezinta la sediul unitatii de politie pe a carei raza de competenta s-a produs accidentul, in vederea intocmirii documentelor de constatare.<br>(5) Nu constituie infractiune parasirea locului accidentului, daca victima paraseste locul faptei, iar conducatorul de vehicul anunta imediat evenimentul la cea mai apropiata unitate de politie.</p>


                    </div>","https://scoaladrpciv.ro/intrebari/categoria-b/sanctiuni-si-contraventii"
"1790475163-156","https://scoaladrpciv.ro/intrebari/categoria-b","Este interzis ca autovehiculele să fie echipate cu:","A - dispozitive antiradar;","","","B - sisteme de navigaţie;","C - sisteme sonor antifurt.","https://scoaladrpciv.ro/intrebare/este-interzis-ca-autovehiculele-sa-fie-echipate-cu-57be","","<div class="""">
                        <h4>Articolul 44</h4><p>(1) În circulația pe drumurile publice conducătorii de vehicule pot folosi, în condițiile prevăzute de regulament, mijloacele de avertizare sonoră și luminoasă aflate în dotare și omologate.&nbsp;</p><p>(2) În circulația pe toate categoriile de drumuri publice conducătorii de autovehicule și tractoare agricole sau forestiere sunt obligați să folosească și în timpul zilei luminile de întâlnire sau luminile pentru circulația diurnă.&nbsp;</p><p>(3) Conducătorii motocicletelor și mopedelor sunt obligați să folosească luminile de întâlnire pe toată durata deplasării acestora pe drumurile publice.&nbsp;</p><p><span style=""background-color:hsl(60, 75%, 60%);"">(4) În circulația pe drumurile publice se interzice deținerea la vedere, montarea și folosirea mijloacelor speciale de avertizare sonoră și luminoasă pe și în alte autovehicule decât cele prevăzute la art. 32 alin. (2), precum și deținerea, montarea sau folosirea pe autovehicule a sistemelor care perturbă buna funcționare a dispozitivelor de supraveghere a traficului.&nbsp;</span></p><p>(5) Conducătorii de autovehicule pot fi avertizați de poliția rutieră în legatură cu prezența în trafic a dispozitivelor de măsurare a vitezei, prin mass-media sau panouri de avertizare. Conducătorii de autovehicule pot folosi mijloace proprii de detectare a dispozitivelor de măsurare a vitezei.</p>


                    </div>","https://scoaladrpciv.ro/intrebari/categoria-b/sanctiuni-si-contraventii"
"1790475165-157","https://scoaladrpciv.ro/intrebari/categoria-b","În ce situaţii se interzice circulaţia pe drumurile publice a autovehiculelor?","A - atunci când zgomotul în mers sau în staţionare depăşeşte limita legală admisă pentru tipul respectiv de vehicul;","B - atunci când nu se respectă regulile referitoare la transportul produselor periculoase;","C - atunci când sunt montate alte dispozitive de avertizare sonoră decât cele omologate de autoritatea competentă.","","","https://scoaladrpciv.ro/intrebare/in-ce-situatii-se-interzice-circulatia-pe-drumurile-publice-a-autovehiculelor-b343","","<div class="""">
                        <p>Articolul 112</p><p>(1)&nbsp;&nbsp;Certificatul de înmatriculare sau de înregistrare ori dovada înlocuitoare a acestuia se reține de către poliția rutieră în următoarele cazuri:</p><ul><li>a)&nbsp;&nbsp;&nbsp;vehiculul înregistrat nu are efectuată inspecția tehnică periodică valabilă ori aceasta este anulată;</li><li><span style=""background-color:hsl(60, 75%, 60%);"">b)&nbsp;&nbsp;&nbsp;nu sunt respectate normele tehnice constructive referitoare la transportul produselor periculoase;</span></li><li>c)&nbsp;&nbsp;vehiculul circulă noaptea fără faruri sau lămpi de semnalizare, dispozitivele de iluminare și semnalizare luminoase, mijloacele fluorescent-reflectorizante, prevăzute în normele tehnice în vigoare;</li><li><span style=""background-color:hsl(60, 75%, 60%);"">d)&nbsp;&nbsp;vehiculul circulă cu deficiențe majore sau periculoase la sistemele de iluminare- semnalizare sau cu alte dispozitive decât cele omologate;</span></li><li>e)&nbsp; sistemul de frânare de serviciu prezintă deficiențe majore sau periculoase;</li><li>f)&nbsp;&nbsp;sistemul de frânare de securitate sau de staționare prezintă deficiențe majore sau periculoase;</li><li>g)&nbsp; mecanismul de direcție prezintă deficiențe majore sau periculoase;</li><li>h)&nbsp; anvelopele au alte dimensiuni sau caracteristici decât cele prevăzute în cartea de identitate a vehiculului, prezintă tăieturi sau rupturi ale cordului ori sunt uzate peste limita legal admisă;</li><li>h^1) autovehiculul nu este dotat, la circulația pe drumurile publice acoperite cu zăpadă, gheață sau polei, cu anvelope de iarnă, iar autovehiculul de transport marfă cu o masă totală maximă autorizată mai mare de 3,5 tone și autovehiculul de transport persoane cu mai mult de 9 locuri pe scaune, inclusiv cel al conducătorului auto, nu sunt echipate cu anvelope de iarnă pe roțile axei/axelor de tracțiune ori nu au montate pe aceste roți lanțuri sau alte echipamente antiderapante certificate;</li><li><span style=""background-color:hsl(60, 75%, 60%);"">i)&nbsp;zgomotul în mers sau staționare depășește limita legal admisă pentru tipul respectiv de vehicul;</span></li><li>j)&nbsp; motorul emite noxe poluante peste limitele legal admise;</li><li style=""text-align:justify;"">k)&nbsp;elementele dispozitivului de cuplare pentru remorcare prezintă uzuri pronunțate ori nu sunt compatibile, fiind de natura să provoace desprinderea remorcii sau dezechilibrarea ansamblului;</li><li>l)autovehiculul, tractorul agricol sau forestier ori tramvaiul are aplicate pe parbriz, lunetă sau geamurile laterale afișe sau reclame publicitare, folii neomologate și/sau nemarcate corespunzător ori accesorii care restrâng sau estompează vizibilitatea în timpul mersului, atât din interior, cât și din exterior;</li><li>m)&nbsp;autovehiculul și tractorul agricol sau forestier are aplicat pe partea frontală și/sau posterioară a acestuia afișe, înscrisuri sau reclame care diminuează eficacitatea dispozitivelor de iluminare și semnalizare luminoasă ori citirea numărului de înmatriculare;</li><li>n)&nbsp; autovehiculul și tractorul agricol sau forestier prezintă scurgeri semnificative de carburant sau lubrifiant;</li><li>o)&nbsp;&nbsp;plăcuțele cu numărul de înmatriculare sau de înregistrare nu sunt conforme cu standardul ori au aplicate dispozitive de iluminare, altele decât cele omologate;</li><li>p)datele din certificatul de înmatriculare sau de înregistrare nu concordă cu caracteristicile tehnice ale vehiculului;</li><li>r)vehiculul nu a fost radiat din circulație în cazurile prevăzute în prezenta ordonanță de urgență;</li><li>s)&nbsp;&nbsp; vehiculul nu este asigurat de răspundere civilă în caz de pagube produse terților prin accidente de circulație, conform legii;</li><li>t)&nbsp;&nbsp;deținătorul vehiculului nu a preschimbat certificatul de înmatriculare sau de înregistrare, în conformitate cu prevederile legale;</li><li>u)&nbsp;&nbsp;&nbsp;vehiculul nu are montată una dintre plăcuțele cu numărul de înmatriculare sau de înregistrare;</li><li>v)&nbsp;&nbsp; vehiculul are lipsa elemente ale caroseriei ori aceasta este într-o stare avansată de degradare;</li><li>x)&nbsp;&nbsp;lipsa dotărilor obligatorii pe autovehicule și tractoare agricole sau forestiere destinate învățării conducerii autovehiculelor și tractoarelor agricole sau forestiere în procesul instruirii persoanelor în vederea obținerii permisului de conducere, prevăzute de reglementările în vigoare.</li><li>y)&nbsp; înmatricularea vehiculului este suspendată, în condițiile legii.</li></ul>


                    </div>","https://scoaladrpciv.ro/intrebari/categoria-b/sanctiuni-si-contraventii"
"1790475168-158","https://scoaladrpciv.ro/intrebari/categoria-b","Nu se poate circula cu un autoturism dacă:","A - se depăşeşte masa maximă admisă, înscrisă în certificatul de înmatriculare;","B - anvelopele sunt de mărimi şi caracteristici diferite faţă de cele înscrise în certificatul de înmatriculare;","","C - autovehiculul depăşeşte înălţimea înscrisă în certificatul de înmatriculare.","","https://scoaladrpciv.ro/intrebare/nu-se-poate-circula-cu-un-autoturism-daca-f6fa","","<div class="""">
                        <p>Articolul 112</p><p>(1)&nbsp;&nbsp;Certificatul de înmatriculare sau de înregistrare ori dovada înlocuitoare a acestuia se reține de către poliția rutieră în următoarele cazuri:</p><ul><li>a)&nbsp;&nbsp;&nbsp;vehiculul înregistrat nu are efectuată inspecția tehnică periodică valabilă ori aceasta este anulată;</li><li>b)&nbsp;&nbsp;&nbsp;nu sunt respectate normele tehnice constructive referitoare la transportul produselor periculoase;</li><li>c)&nbsp;&nbsp;vehiculul circulă noaptea fără faruri sau lămpi de semnalizare, dispozitivele de iluminare și semnalizare luminoase, mijloacele fluorescent-reflectorizante, prevăzute în normele tehnice în vigoare;</li><li>d)&nbsp;&nbsp;vehiculul circulă cu deficiențe majore sau periculoase la sistemele de iluminare- semnalizare sau cu alte dispozitive decât cele omologate;</li><li>e)&nbsp; sistemul de frânare de serviciu prezintă deficiențe majore sau periculoase;</li><li>f)&nbsp;&nbsp;sistemul de frânare de securitate sau de staționare prezintă deficiențe majore sau periculoase;</li><li>g)&nbsp; mecanismul de direcție prezintă deficiențe majore sau periculoase;</li><li><span style=""background-color:hsl(60, 75%, 60%);"">h)&nbsp; anvelopele au alte dimensiuni sau caracteristici decât cele prevăzute în cartea de identitate a vehiculului, prezintă tăieturi sau rupturi ale cordului ori sunt uzate peste limita legal admisă;</span></li><li>h^1) autovehiculul nu este dotat, la circulația pe drumurile publice acoperite cu zăpadă, gheață sau polei, cu anvelope de iarnă, iar autovehiculul de transport marfă cu o masă totală maximă autorizată mai mare de 3,5 tone și autovehiculul de transport persoane cu mai mult de 9 locuri pe scaune, inclusiv cel al conducătorului auto, nu sunt echipate cu anvelope de iarnă pe roțile axei/axelor de tracțiune ori nu au montate pe aceste roți lanțuri sau alte echipamente antiderapante certificate;</li><li>i)&nbsp;zgomotul în mers sau staționare depășește limita legal admisă pentru tipul respectiv de vehicul;</li><li>j)&nbsp; motorul emite noxe poluante peste limitele legal admise;</li><li style=""text-align:justify;"">k)&nbsp;elementele dispozitivului de cuplare pentru remorcare prezintă uzuri pronunțate ori nu sunt compatibile, fiind de natura să provoace desprinderea remorcii sau dezechilibrarea ansamblului;</li><li>l)autovehiculul, tractorul agricol sau forestier ori tramvaiul are aplicate pe parbriz, lunetă sau geamurile laterale afișe sau reclame publicitare, folii neomologate și/sau nemarcate corespunzător ori accesorii care restrâng sau estompează vizibilitatea în timpul mersului, atât din interior, cât și din exterior;</li><li>m)&nbsp;autovehiculul și tractorul agricol sau forestier are aplicat pe partea frontală și/sau posterioară a acestuia afișe, înscrisuri sau reclame care diminuează eficacitatea dispozitivelor de iluminare și semnalizare luminoasă ori citirea numărului de înmatriculare;</li><li>n)&nbsp; autovehiculul și tractorul agricol sau forestier prezintă scurgeri semnificative de carburant sau lubrifiant;</li><li>o)&nbsp;&nbsp;plăcuțele cu numărul de înmatriculare sau de înregistrare nu sunt conforme cu standardul ori au aplicate dispozitive de iluminare, altele decât cele omologate;</li><li><span style=""background-color:hsl(60, 75%, 60%);"">p)datele din certificatul de înmatriculare sau de înregistrare nu concordă cu caracteristicile tehnice ale vehiculului;</span></li><li>r)vehiculul nu a fost radiat din circulație în cazurile prevăzute în prezenta ordonanță de urgență;</li><li>s)&nbsp;&nbsp; vehiculul nu este asigurat de răspundere civilă în caz de pagube produse terților prin accidente de circulație, conform legii;</li><li>t)&nbsp;&nbsp;deținătorul vehiculului nu a preschimbat certificatul de înmatriculare sau de înregistrare, în conformitate cu prevederile legale;</li><li>u)&nbsp;&nbsp;&nbsp;vehiculul nu are montată una dintre plăcuțele cu numărul de înmatriculare sau de înregistrare;</li><li>v)&nbsp;&nbsp; vehiculul are lipsa elemente ale caroseriei ori aceasta este într-o stare avansată de degradare;</li><li>x)&nbsp;&nbsp;lipsa dotărilor obligatorii pe autovehicule și tractoare agricole sau forestiere destinate învățării conducerii autovehiculelor și tractoarelor agricole sau forestiere în procesul instruirii persoanelor în vederea obținerii permisului de conducere, prevăzute de reglementările în vigoare.</li><li>y)&nbsp; înmatricularea vehiculului este suspendată, în condițiile legii.</li></ul>


                    </div>","https://scoaladrpciv.ro/intrebari/categoria-b/sanctiuni-si-contraventii"
"1790475170-159","https://scoaladrpciv.ro/intrebari/categoria-b","În ce situaţie se dispune imobilizarea vehiculului?","B - când are defecţiuni grave la sistemul de direcţie","","","A - când există date sau indicii că acesta face obiectul unei contravenţii","C - când este în imposibilitatea de a se deplasa, din cauza unor defecţiuni la motor.","https://scoaladrpciv.ro/intrebare/in-ce-situatie-se-dispune-imobilizarea-vehiculului-c552","","<div class="""">
                        <h4>Articolul 117</h4><p>(1)&nbsp;&nbsp; Imobilizarea unui vehicul se dispune de către polițistul rutier în cazul săvârșirii de către conducătorul acestuia a uneia dintre următoarele fapte:</p><ul><li>a)&nbsp; conducerea unui vehicul neînmatriculat sau neînregistrat ori cu număr de înmatriculare sau de înregistrare fals ori fără a avea montate plăcuțele cu numărul de înmatriculare sau de înregistrare;</li><li><span style=""background-color:hsl(60, 75%, 60%);"">b)&nbsp; conducerea unui vehicul care deteriorează drumul public sau afectează mediul ori care prezintă deficiențe periculoase la sistemul de frânare sau la mecanismul de direcție;</span></li><li>c)&nbsp;conducerea unui vehicul cu încălcarea regulilor referitoare la transportul mărfurilor periculoase ori cu gabarite și/sau mase depășite;</li><li>d)&nbsp;conducerea unui vehicul despre care exista date sau indicii că face obiectul unei fapte de natura penală;</li><li>e)&nbsp; refuză să se legitimeze;</li><li>f)&nbsp; se află sub influența băuturilor alcoolice, a substanțelor psihoactive, iar conducerea vehiculului nu poate fi asigurată de o altă persoană;</li><li>g)&nbsp; nu respectă timpii de conducere și de odihna prevăzuți de lege.</li></ul><p>(2)&nbsp;&nbsp; Imobilizarea unui vehicul se dispune și în cazul în care conducătorul acestuia ori unul dintre pasageri săvârșește o faptă de natură penală sau este urmărit pentru săvârșirea unei infracțiuni.</p><p>(3)&nbsp;&nbsp;Pentru oprirea forțată sau imobilizarea în cazurile prevăzute la alin. (1) și (2), poliția rutieră poate utiliza dispozitive speciale omologate.</p><p>(4)&nbsp;&nbsp;Procedura de imobilizare a vehiculelor în cazurile prevăzute la alin. (1) și (2) se stabilește prin regulament.</p>


                    </div>","https://scoaladrpciv.ro/intrebari/categoria-b/sanctiuni-si-contraventii"
"1790475172-160","https://scoaladrpciv.ro/intrebari/categoria-b","În care dintre situaţii se dispune imobilizarea unui vehicul?","A - când starea tehnică a vehiculului pune în pericol grav siguranţa circulaţiei;","B - când starea tehnică a vehiculului deteriorează drumul public sau afectează mediul;","","C - când conducătorul autovehiculului nu are asupra sa certificatul de înmatriculare.","","https://scoaladrpciv.ro/intrebare/in-care-dintre-situatii-se-dispune-imobilizarea-unui-vehicul-fb05","","<div class="""">
                        <h4>Articolul 117</h4><p>(1)&nbsp;&nbsp; Imobilizarea unui vehicul se dispune de către polițistul rutier în cazul săvârșirii de către conducătorul acestuia a uneia dintre următoarele fapte:</p><ul><li>a)&nbsp; conducerea unui vehicul neînmatriculat sau neînregistrat ori cu număr de înmatriculare sau de înregistrare fals ori fără a avea montate plăcuțele cu numărul de înmatriculare sau de înregistrare;</li><li><span style=""background-color:hsl(60, 75%, 60%);"">b)&nbsp; conducerea unui vehicul care deteriorează drumul public sau afectează mediul ori care prezintă deficiențe periculoase la sistemul de frânare sau la mecanismul de direcție;</span></li><li>c)&nbsp;conducerea unui vehicul cu încălcarea regulilor referitoare la transportul mărfurilor periculoase ori cu gabarite și/sau mase depășite;</li><li>d)&nbsp;conducerea unui vehicul despre care exista date sau indicii că face obiectul unei fapte de natura penală;</li><li>e)&nbsp; refuză să se legitimeze;</li><li>f)&nbsp; se află sub influența băuturilor alcoolice, a substanțelor psihoactive, iar conducerea vehiculului nu poate fi asigurată de o altă persoană;</li><li>g)&nbsp; nu respectă timpii de conducere și de odihna prevăzuți de lege.</li></ul><p>(2)&nbsp;&nbsp; Imobilizarea unui vehicul se dispune și în cazul în care conducătorul acestuia ori unul dintre pasageri săvârșește o faptă de natură penală sau este urmărit pentru săvârșirea unei infracțiuni.</p><p>(3)&nbsp;&nbsp;Pentru oprirea forțată sau imobilizarea în cazurile prevăzute la alin. (1) și (2), poliția rutieră poate utiliza dispozitive speciale omologate.</p><p>(4)&nbsp;&nbsp;Procedura de imobilizare a vehiculelor în cazurile prevăzute la alin. (1) și (2) se stabilește prin regulament.</p>


                    </div>","https://scoaladrpciv.ro/intrebari/categoria-b/sanctiuni-si-contraventii"
"1790475175-161","https://scoaladrpciv.ro/intrebari/categoria-b","Pentru care dintre faptele de mai jos se aplică măsura reținerii permisului de conducere?","A - pentru nerespectarea semnalelor, indicațiilor și dispozițiilor polițistului rutier aflat în exercitarea atribuțiilor de serviciu;","","","B - pentru nerespectarea dispozițiilor legale referitoare la oprire și staționare;","C - pentru încălcarea normelor legale referitoare la semnalizarea vehiculelor.","https://scoaladrpciv.ro/intrebare/pentru-care-dintre-faptele-de-mai-jos-se-aplica-masura-retinerii-permisului-de-conducere-1453","","<div class="""">
                        <h4>Articolul 111</h4><p>(1)&nbsp;&nbsp;Permisul de conducere sau dovada înlocuitoare a acestuia se reține în următoarele cazuri:</p><ul><li>a)&nbsp; la cumularea a cel puțin 15 puncte de penalizare;</li><li>b)&nbsp; când titularul acestuia a săvârșit una dintre infracțiunile prevăzute la art. 334, art. 335 alin. (2), art. 336, 337, art. 338 alin. (1) și la art. 339 alin. (2), (3) și (4) din Codul penal;</li><li><span style=""background-color:hsl(60,75%,60%);"">c)&nbsp; la săvârșirea uneia dintre contravențiile prevăzute la art. 100 alin. (3), art. 101 alin. (3), art. 102 alin. (3) și (4) și în situația prevăzută la art. 115 alin. (1);</span></li><li>d)&nbsp;&nbsp;când titularul acestuia a fost declarat inapt pentru a conduce autovehicule, tractoare agricole sau forestiere ori tramvaie;</li><li>e)&nbsp; când prezintă modificări, ștersături sau adăugări ori este deteriorat;</li><li>f)&nbsp; abrogată.</li><li>(la 31-01-2022, Litera f) din Alineatul (1), Articolul 111, Capitolul VII a fost abrogată de Punctul 41, Articolul I din ORDONANȚA nr. 1 din 27 ianuarie 2022, publicată în MONITORUL OFICIAL nr. 89 din 28 ianuarie 2022)</li><li>g)&nbsp; când perioada de valabilitate a expirat.</li></ul><h4>Articolul 100</h4><p>(3)&nbsp;&nbsp;&nbsp;Constituie contravenție și se sancționează cu amenda prevăzută în clasa a II-a de sancțiuni și cu aplicarea sancțiunii contravenționale complementare a suspendării exercitării dreptului de a conduce pentru o perioadă de 30 de zile săvârșirea de către conducătorul de autovehicul, tractor agricol sau forestier ori tramvai a următoarelor fapte:</p><ul><li>a)&nbsp; depășirea coloanelor de vehicule oprite la culoarea roșie a semaforului sau la trecerile la nivel cu calea ferată;</li><li style=""text-align:justify;"">b)&nbsp; abrogată.</li><li style=""text-align:justify;"">c)&nbsp; abrogată.</li><li>d)&nbsp; nerespectarea semnificației culorii roșii a semaforului;</li><li>e)&nbsp; abrogată.</li><li><span style=""background-color:hsl(60,75%,60%);"">f)&nbsp;&nbsp;nerespectarea semnalelor, indicațiilor și dispozițiilor polițistului rutier aflat în exercitarea atribuțiilor de serviciu;</span></li><li style=""text-align:justify;"">g)&nbsp;&nbsp;neprezentarea la unitatea de poliție competentă pe raza căreia s-a produs un accident de circulație din care au rezultat numai pagube materiale, cu excepția cazurilor prevăzute la art. 79 alin. (2).</li><li>h)&nbsp;&nbsp;folosirea telefoanelor mobile atunci când conducătorii de vehicule se află în timpul deplasării pe drumurile publice, cu excepția celor prevăzute cu dispozitive tip «mâini libere», concomitent cu încălcarea unei reguli pentru circulația vehiculelor.</li><li>i)&nbsp; adoptarea unui comportament agresiv în conducerea vehiculelor pe drumurile publice.</li></ul><p>&nbsp;</p>


                    </div>","https://scoaladrpciv.ro/intrebari/categoria-b/sanctiuni-si-contraventii"
"1790475177-162","https://scoaladrpciv.ro/intrebari/categoria-b","Pentru care dintre situaţiile de mai jos se dispune reţinerea permisului de conducere?","A - pentru neacordarea priorităţii de trecere;","B - permisul de conducere este deteriorat;","C - permisul de conducere prezintă modificări, ştersături sau adăugiri.","","","https://scoaladrpciv.ro/intrebare/pentru-care-dintre-situatiile-de-mai-jos-se-dispune-retinerea-permisului-de-conducere-fb68","","<div class="""">
                        <h4>Articolul 101</h4><p>(3)&nbsp;&nbsp;Constituie contravenție și se sancționează cu amenda prevăzută în clasa a III-a de sancțiuni și cu aplicarea sancțiunii contravenționale complementare a suspendării dreptului de a conduce pentru o perioada de 60 de zile săvârșirea de către conducătorul de autovehicul, tractor agricol sau forestier ori tramvai a următoarelor fapte:</p><ul><li>a)&nbsp;&nbsp;nerespectarea regulilor privind trecerea la culoarea roșie a semaforului, dacă prin aceasta s-a produs un accident de circulație din care a/au rezultat numai avarierea unui vehicul sau alte pagube materiale;</li><li>b)&nbsp;&nbsp;nerespectarea interdicției temporare de circulație instituite pe un anumit segment de drum public;</li><li>c)&nbsp;&nbsp;nerespectarea regulilor de circulație la trecerea unei coloane oficiale sau intercalarea într- o astfel de coloana;</li><li>d)&nbsp;&nbsp;circulația pe sens opus, cu excepția cazurilor în care se efectuează regulamentar manevra de depășire.</li><li><span style=""background-color:hsl(60,75%,60%);"">e)&nbsp;&nbsp;&nbsp;neacordarea priorității de trecere pietonilor angajați în traversarea regulamentară a drumului public prin locurile special amenajate și semnalizate, aflați pe sensul de deplasare a autovehiculului, tractorului agricol sau forestier ori tramvaiului;</span></li><li>f)&nbsp; neacordarea priorității de trecere vehiculelor care au acest drept;</li><li>g)&nbsp; nerespectarea regulilor privind depășirea;</li><li style=""text-align:justify;"">h)&nbsp;adoptarea unui comportament agresiv în conducerea vehiculelor pe drumurile publice, dacă prin aceasta s-a produs un accident de circulație din care au rezultat avarierea unui vehicul sau alte pagube materiale.</li></ul><h4>Articolul 111</h4><p>(1)&nbsp;&nbsp;Permisul de conducere sau dovada înlocuitoare a acestuia se reține în următoarele cazuri:</p><ul><li>a)&nbsp; la cumularea a cel puțin 15 puncte de penalizare;</li><li>b)&nbsp; când titularul acestuia a săvârșit una dintre infracțiunile prevăzute la art. 334, art. 335 alin. (2), art. 336, 337, art. 338 alin. (1) și la art. 339 alin. (2), (3) și (4) din Codul penal;</li><li>c)&nbsp; la săvârșirea uneia dintre contravențiile prevăzute la art. 100 alin. (3), art. 101 alin. (3), art. 102 alin. (3) și (4) și în situația prevăzută la art. 115 alin. (1);</li><li>d)&nbsp;&nbsp;când titularul acestuia a fost declarat inapt pentru a conduce autovehicule, tractoare agricole sau forestiere ori tramvaie;</li><li><span style=""background-color:hsl(60,75%,60%);"">e)&nbsp; când prezintă modificări, ștersături sau adăugări ori este deteriorat;</span></li><li>f)&nbsp; abrogată.</li><li>(la 31-01-2022, Litera f) din Alineatul (1), Articolul 111, Capitolul VII a fost abrogată de Punctul 41, Articolul I din ORDONANȚA nr. 1 din 27 ianuarie 2022, publicată în MONITORUL OFICIAL nr. 89 din 28 ianuarie 2022)</li><li>g)&nbsp; când perioada de valabilitate a expirat.</li></ul><p>&nbsp;</p>


                    </div>","https://scoaladrpciv.ro/intrebari/categoria-b/sanctiuni-si-contraventii"
"1790475179-163","https://scoaladrpciv.ro/intrebari/categoria-b","Poliţistul rutier are dreptul de a confisca:","C - dispozitivele care perturbă funcţionarea mijloacelor tehnice de supraveghere a traficului.","","","A - centurile de siguranţă neomologate;","B - mijloacele proprii de detectare a dispozitivelor de măsurare a vitezei;","https://scoaladrpciv.ro/intrebare/politistul-rutier-are-dreptul-de-a-confisca-c7e6","","<div class="""">
                        <p>Art. 215<br><span style=""background-color:hsl(60, 75%, 60%);"">(1) Mijloacele speciale de avertizare luminoase şi sonore, precum şi dispozitivele care perturbă funcţionarea mijloacelor tehnice de supraveghere a traficului confiscate, în condiţiile legii, se predau la serviciul poliţiei rutiere pe raza căreia a fost constatată fapta.&nbsp;</span><br>(2) Plăcuţele cu numărul de înmatriculare sau de înregistrare confiscate în condiţiile legii se predau la serviciul poliţiei rutiere pe raza căruia a fost constatată fapta pentru a fi trimise autorităţii competente care le-a eliberat.&nbsp;<br>(3) Vehiculele cu tracţiune animală confiscate în condiţiile legii se predau autorităţilor administraţiei publice locale, pe bază de proces-verbal, în vederea transmiterii acestora spre valorificare, potrivit dispoziţiilor Ordonanţei Guvernului nr. 128/1998 pentru reglementarea modului şi condiţiilor de valorificare a bunurilor confiscate sau intrate, potrivit legii, în proprietatea privată a statului, aprobată cu modificări şi completări prin Legea nr. 98/1999, republicată.</p>


                    </div>","https://scoaladrpciv.ro/intrebari/categoria-b/sanctiuni-si-contraventii"
"1790475181-164","https://scoaladrpciv.ro/intrebari/categoria-b","În care dintre situații se dispune imobilizarea unui vehicul?","B - starea tehnică a vehiculului deteriorează drumul public sau afectează mediul;","","","A - conducătorul acestuia nu are asupra sa permisul de conducere;","C - conducătorul autovehiculului nu are asupra sa certificatul de înmatriculare.","https://scoaladrpciv.ro/intrebare/in-care-dintre-situatii-se-dispune-imobilizarea-unui-vehicul-0c0f","","<div class="""">
                        <h4>Articolul 117</h4><p>(1)&nbsp;&nbsp; Imobilizarea unui vehicul se dispune de către polițistul rutier în cazul săvârșirii de către conducătorul acestuia a uneia dintre următoarele fapte:</p><ul><li>a)&nbsp; conducerea unui vehicul neînmatriculat sau neînregistrat ori cu număr de înmatriculare sau de înregistrare fals ori fără a avea montate plăcuțele cu numărul de înmatriculare sau de înregistrare;</li><li><span style=""background-color:hsl(60, 75%, 60%);"">b)&nbsp; conducerea unui vehicul care deteriorează drumul public sau afectează mediul ori care prezintă deficiențe periculoase la sistemul de frânare sau la mecanismul de direcție;</span></li><li>c)&nbsp;conducerea unui vehicul cu încălcarea regulilor referitoare la transportul mărfurilor periculoase ori cu gabarite și/sau mase depășite;</li><li>d)&nbsp;conducerea unui vehicul despre care exista date sau indicii că face obiectul unei fapte de natura penală;</li><li>e)&nbsp; refuză să se legitimeze;</li><li>f)&nbsp; se află sub influența băuturilor alcoolice, a substanțelor psihoactive, iar conducerea vehiculului nu poate fi asigurată de o altă persoană;</li><li>g)&nbsp; nu respectă timpii de conducere și de odihna prevăzuți de lege.</li></ul><p>(2)&nbsp;&nbsp; Imobilizarea unui vehicul se dispune și în cazul în care conducătorul acestuia ori unul dintre pasageri săvârșește o faptă de natură penală sau este urmărit pentru săvârșirea unei infracțiuni.</p><p>(3)&nbsp;&nbsp;Pentru oprirea forțată sau imobilizarea în cazurile prevăzute la alin. (1) și (2), poliția rutieră poate utiliza dispozitive speciale omologate.</p><p>(4)&nbsp;&nbsp;Procedura de imobilizare a vehiculelor în cazurile prevăzute la alin. (1) și (2) se stabilește prin regulament.</p>


                    </div>","https://scoaladrpciv.ro/intrebari/categoria-b/sanctiuni-si-contraventii"
"1790475184-165","https://scoaladrpciv.ro/intrebari/categoria-b","În care dintre următoarele cazuri, pe lângă amenda contravențională, se reține și permisul de conducere?","B - nerespectarea semnalelor polițiștilor la trecerea coloanelor oficiale;","","","A - neoprirea la semnalul persoanelor autorizate din zona de lucrări la drumul public;","C - neoprirea la semnalul agentului de cale ferată.","https://scoaladrpciv.ro/intrebare/in-care-dintre-urmatoarele-cazuri-pe-langa-amenda-contraventionala-se-retine-si-permisul-de-conducere-a5f6","","<div class="""">
                        <h4>Articolul 101</h4><p style=""margin-left:0px;"">(3)&nbsp;&nbsp;Constituie contravenție și se sancționează cu amenda prevăzută în clasa a III-a de sancțiuni și cu aplicarea sancțiunii contravenționale complementare a suspendării dreptului de a conduce pentru o perioada de 60 de zile săvârșirea de către conducătorul de autovehicul, tractor agricol sau forestier ori tramvai a următoarelor fapte:</p><ul><li>a)&nbsp;&nbsp;nerespectarea regulilor privind trecerea la culoarea roșie a semaforului, dacă prin aceasta s-a produs un accident de circulație din care a/au rezultat numai avarierea unui vehicul sau alte pagube materiale;</li><li>b)&nbsp;&nbsp;nerespectarea interdicției temporare de circulație instituite pe un anumit segment de drum public;</li><li><span style=""background-color:hsl(60, 75%, 60%);"">c)&nbsp;&nbsp;nerespectarea regulilor de circulație la trecerea unei coloane oficiale sau intercalarea într- o astfel de coloana;</span></li><li>d)&nbsp;&nbsp;circulația pe sens opus, cu excepția cazurilor în care se efectuează regulamentar manevra de depășire.</li><li>e)&nbsp;&nbsp;&nbsp;neacordarea priorității de trecere pietonilor angajați în traversarea regulamentară a drumului public prin locurile special amenajate și semnalizate, aflați pe sensul de deplasare a autovehiculului, tractorului agricol sau forestier ori tramvaiului;</li><li>f)&nbsp; neacordarea priorității de trecere vehiculelor care au acest drept;</li><li>g)&nbsp; nerespectarea regulilor privind depășirea;</li><li style=""text-align:justify;"">h)&nbsp;adoptarea unui comportament agresiv în conducerea vehiculelor pe drumurile publice, dacă prin aceasta s-a produs un accident de circulație din care au rezultat avarierea unui vehicul sau alte pagube materiale.</li></ul>


                    </div>","https://scoaladrpciv.ro/intrebari/categoria-b/sanctiuni-si-contraventii"
"1790475186-166","https://scoaladrpciv.ro/intrebari/categoria-b","Pentru care dintre faptele de mai jos se aplică măsura reţinerii permisului de conducere?","A - pentru neoprirea la semnalul regulamentar al poliţistului;","B - pentru nerespectarea dispoziţiilor legale referitoare la depăşire;","","C - pentru nerespectarea normelor privind folosirea luminilor pe timp de noapte.","","https://scoaladrpciv.ro/intrebare/pentru-care-dintre-faptele-de-mai-jos-se-aplica-masura-retinerii-permisului-de-conducere-c180","","<div class="""">
                        <h4>Articolul 100</h4><p>(3)&nbsp;&nbsp;&nbsp;Constituie contravenție și se sancționează cu amenda prevăzută în clasa a II-a de sancțiuni și cu aplicarea sancțiunii contravenționale complementare a suspendării exercitării dreptului de a conduce pentru o perioadă de 30 de zile săvârșirea de către conducătorul de autovehicul, tractor agricol sau forestier ori tramvai a următoarelor fapte:</p><ul><li>a)&nbsp; depășirea coloanelor de vehicule oprite la culoarea roșie a semaforului sau la trecerile la nivel cu calea ferată;</li><li style=""text-align:justify;"">b)&nbsp; abrogată.</li><li style=""text-align:justify;"">c)&nbsp; abrogată.</li><li>d)&nbsp; nerespectarea semnificației culorii roșii a semaforului;</li><li>e)&nbsp; abrogată.</li><li><span style=""background-color:hsl(60,75%,60%);"">f)&nbsp;&nbsp;nerespectarea semnalelor, indicațiilor și dispozițiilor polițistului rutier aflat în exercitarea atribuțiilor de serviciu;</span></li><li style=""text-align:justify;"">g)&nbsp;&nbsp;neprezentarea la unitatea de poliție competentă pe raza căreia s-a produs un accident de circulație din care au rezultat numai pagube materiale, cu excepția cazurilor prevăzute la art. 79 alin. (2).</li><li>h)&nbsp;&nbsp;folosirea telefoanelor mobile atunci când conducătorii de vehicule se află în timpul deplasării pe drumurile publice, cu excepția celor prevăzute cu dispozitive tip «mâini libere», concomitent cu încălcarea unei reguli pentru circulația vehiculelor.</li><li>i)&nbsp; adoptarea unui comportament agresiv în conducerea vehiculelor pe drumurile publice.</li></ul><h4>Articolul 101</h4><p>(3)&nbsp;&nbsp;Constituie contravenție și se sancționează cu amenda prevăzută în clasa a III-a de sancțiuni și cu aplicarea sancțiunii contravenționale complementare a suspendării dreptului de a conduce pentru o perioada de 60 de zile săvârșirea de către conducătorul de autovehicul, tractor agricol sau forestier ori tramvai a următoarelor fapte:</p><ul><li>a)&nbsp;&nbsp;nerespectarea regulilor privind trecerea la culoarea roșie a semaforului, dacă prin aceasta s-a produs un accident de circulație din care a/au rezultat numai avarierea unui vehicul sau alte pagube materiale;</li><li>b)&nbsp;&nbsp;nerespectarea interdicției temporare de circulație instituite pe un anumit segment de drum public;</li><li>c)&nbsp;&nbsp;nerespectarea regulilor de circulație la trecerea unei coloane oficiale sau intercalarea într- o astfel de coloana;</li><li>d)&nbsp;&nbsp;circulația pe sens opus, cu excepția cazurilor în care se efectuează regulamentar manevra de depășire.</li><li>e)&nbsp;&nbsp;&nbsp;neacordarea priorității de trecere pietonilor angajați în traversarea regulamentară a drumului public prin locurile special amenajate și semnalizate, aflați pe sensul de deplasare a autovehiculului, tractorului agricol sau forestier ori tramvaiului;</li><li>f)&nbsp; neacordarea priorității de trecere vehiculelor care au acest drept;</li><li><span style=""background-color:hsl(60,75%,60%);"">g)&nbsp; nerespectarea regulilor privind depășirea;</span></li><li style=""text-align:justify;"">h)&nbsp;adoptarea unui comportament agresiv în conducerea vehiculelor pe drumurile publice, dacă prin aceasta s-a produs un accident de circulație din care au rezultat avarierea unui vehicul sau alte pagube materiale.</li></ul>


                    </div>","https://scoaladrpciv.ro/intrebari/categoria-b/sanctiuni-si-contraventii"
"1790475188-167","https://scoaladrpciv.ro/intrebari/categoria-b","Este permisă deţinerea, montarea sau folosirea la autovehicule a sistemelor care perturbă buna funcţionare a dispozitivelor de supraveghere a traficului?","B - nu;","","","A - da;","C - acest aspect nu este stabilit legal.","https://scoaladrpciv.ro/intrebare/este-permisa-detinerea-montarea-sau-folosirea-la-autovehicule-a-sistemelor-care-perturba-buna-functionare-a-dispozitivelor-de-supraveghere-a-traficului-b8b9","","<div class="""">
                        <h4>Articolul 44</h4><p>(1) În circulația pe drumurile publice conducătorii de vehicule pot folosi, în condițiile prevăzute de regulament, mijloacele de avertizare sonoră și luminoasă aflate în dotare și omologate.&nbsp;</p><p>(2) În circulația pe toate categoriile de drumuri publice conducătorii de autovehicule și tractoare agricole sau forestiere sunt obligați să folosească și în timpul zilei luminile de întâlnire sau luminile pentru circulația diurnă.&nbsp;</p><p>(3) Conducătorii motocicletelor și mopedelor sunt obligați să folosească luminile de întâlnire pe toată durata deplasării acestora pe drumurile publice.&nbsp;</p><p><span style=""background-color:hsl(60,75%,60%);"">(4) În circulația pe drumurile publice se interzice deținerea la vedere, montarea și folosirea mijloacelor speciale de avertizare sonoră și luminoasă pe și în alte autovehicule decât cele prevăzute la art. 32 alin. (2), precum și deținerea, montarea sau folosirea pe autovehicule a sistemelor care perturbă buna funcționare a dispozitivelor de supraveghere a traficului.&nbsp;</span></p><p>(5) Conducătorii de autovehicule pot fi avertizați de poliția rutieră în legatură cu prezența în trafic a dispozitivelor de măsurare a vitezei, prin mass-media sau panouri de avertizare. Conducătorii de autovehicule pot folosi mijloace proprii de detectare a dispozitivelor de măsurare a vitezei.</p>


                    </div>","https://scoaladrpciv.ro/intrebari/categoria-b/sanctiuni-si-contraventii"
"1790475191-168","https://scoaladrpciv.ro/intrebari/categoria-b","Cum se pedepseşte conducerea pe drumurile publice a unui autovehicul din categoria C, de către o persoană al cărei permis este valabil pentru categoria B?","A - penal;","","","B - contravenţional;","C - amendă contravenţională şi reţinerea permisului de conducere.","https://scoaladrpciv.ro/intrebare/cum-se-pedepseste-conducerea-pe-drumurile-publice-a-unui-autovehicul-din-categoria-c-de-catre-o-persoana-al-carei-permis-este-valabil-pentru-categoria-b-8c9a","","<div class="""">
                        <p>Art. 86<br>(1) Conducerea pe drumurile publice a unui autovehicul ori a unui tramvai de catre o persoana care nu poseda permis de conducere se pedepseste cu inchisoare de la unu la 5 ani.<br><span style=""background-color:hsl(60, 75%, 60%);"">(2) Conducerea pe drumurile publice a unui autovehicul sau tramvai de catre o persoana al carei permis de conducere este necorespunzator categoriei sau subcategoriei din care face parte vehiculul respectiv sau permisul i-a fost retras sau anulat ori careia exercitarea dreptului de a conduce i-a fost suspendata sau care nu are dreptul de a conduce autovehicule in Romania se pedepseste cu inchisoare de la 6 luni la 3 ani sau cu amenda.</span><br>(3) Cu pedeapsa prevazuta la alin.(2) se sanctioneaza si persoana care incredinteaza cu stiinta un autovehicul sau tramvai, pentru conducerea pe drumurile publice, unei persoane care se afla in una dintre situatiile prevazute la alin.(1) sau (2) sau unei persoane care sufera de o boala psihica ori se afla sub influenta alcoolului sau a unor produse ori substante stupefiante sau a medicamentelor cu efecte similare acestora.</p>


                    </div>","https://scoaladrpciv.ro/intrebari/categoria-b/sanctiuni-si-contraventii"
"1790475193-169","https://scoaladrpciv.ro/intrebari/categoria-b","În care dintre situaţii se reţine certificatul de înmatriculare sau înregistrare?","A - când inspecţia tehnică periodică a expirat;","B - dacă zgomotul în mers sau staţionare depăşeşte limita legală admisă;","C - când motorul emite noxe poluante peste limitele legale admise.","","","https://scoaladrpciv.ro/intrebare/in-care-dintre-situatii-se-retine-certificatul-de-inmatriculare-sau-inregistrare-d38b","","<div class="""">
                        <p>Art. 112<br>(1) Certificatul de inmatriculare sau de inregistrare ori dovada inlocuitoare a acestuia se retine de catre politia rutiera in urmatoarele cazuri:<br><span style=""background-color:hsl(60, 75%, 60%);"">a) vehiculul nu are efectuata inspectia tehnica periodica valabila;</span><br>b) nu sunt respectate normele tehnice constructive referitoare la transportul produselor periculoase;<br>c) vehiculul circula noaptea fara faruri sau lampi de semnalizare, dispozitivele de iluminare si semnalizare luminoase, mijloacele fluorescent-reflectorizante, prevazute in normele tehnice in vigoare;<br>d) vehiculul circula cu defectiuni majore la sistemele de iluminare-semnalizare sau cu alte dispozitive decat cele omologate;<br>e) sistemul de franare de serviciu este defect;<br>f) sistemul de franare de ajutor sau de stationare este defect;<br>g) mecanismul de directie prezinta uzuri peste limitele admise;<br>h) anvelopele au alte dimensiuni sau caracteristici decat cele prevazute in cartea de identitate a vehiculului, prezinta taieturi sau rupturi ale cordului ori sunt uzate peste limita legal admisa;<br><span style=""background-color:hsl(60, 75%, 60%);"">i) zgomotul in mers sau stationare depaseste limita legal admisa pentru tipul respectiv de vehicul;</span><br><span style=""background-color:hsl(60, 75%, 60%);"">j) motorul emite noxe poluante peste limitele legal admise;</span><br>k) elementele dispozitivului de cuplare pentru remorcare prezinta uzuri pronuntate ori nu sunt compatibile, fiind de natura sa provoace desprinderea remorcii sau dezechilibrarea ansamblului;<br>l) autovehiculul sau tramvaiul are aplicate pe parbriz, luneta sau geamurile laterale afise sau reclame publicitare, folii neomologate si/sau nemarcate corespunzator ori accesorii care restrang sau estompeaza vizibilitatea in timpul mersului, atat din interior, cat si din exterior;<br>m) autovehiculul are aplicat pe partea frontala si/sau posterioara a acestuia afise, inscrisuri sau reclame care diminueaza eficacitatea dispozitivelor de iluminare si semnalizare luminoasa ori citirea numarului de inmatriculare;<br>n) autovehiculul prezinta scurgeri semnificative de carburant sau lubrifiant;<br>o) placutele cu numerele de inmatriculare sau de inregistrare nu sunt conforme cu standardul sau au aplicate dispozitive de iluminare, altele decat cele omologate;<br>p) datele din certificatul de inmatriculare sau de inregistrare nu concorda cu caracteristicile tehnice ale vehiculului;<br>r) vehiculul nu a fost radiat din circulatie in cazurile prevazute in prezenta ordonanta de urgenta;<br>s) vehiculul nu este asigurat de raspundere civila in caz de pagube produse tertilor prin accidente de circulatie, conform legii;<br>t) detinatorul vehiculului nu a preschimbat certificatul de inmatriculare sau de inregistrare, in conformitate cu prevederile legale;<br>u) vehiculul nu are montata una dintre placutele cu numarul de inmatriculare sau de inregistrare;<br>v) vehiculul are lipsa elemente ale caroseriei ori aceasta este intr-o stare avansata de degradare;<br>x) lipsa dotarilor obligatorii pe autovehicule destinate invatarii conducerii autovehiculelor in procesul instruirii persoanelor in vederea obtinerii permisului de conducere, prevazute de reglementarile in vigoare.<br>(2) In situatiile prevazute la alin.(1) lit.b), c), e), g), k), o), p), r) si s), la retinerea certificatului de inmatriculare sau de inregistrare, politistul rutier elibereaza conducatorului de vehicul o dovada inlocuitoare fara drept de circulatie, iar in cazurile prevazute la alin.(1) lit. a), d), f), h), i), j), l), m), n), t) u), v) si x), o dovada inlocuitoare cu drept de circulatie pentru 15 zile.<br>(3) In situatiile prevazute la alin.(1) lit.b), o), p), r) si s), odata cu retinerea certificatului de inmatriculare, politistul rutier retrage si numerele de inmatriculare sau de inregistrare.<br>(4) Certificatul de inmatriculare sau de inregistrare si placutele cu numarul de inmatriculare sau de inregistrare, cu exceptia celor care nu corespund standardelor, se restituie proprietarului sau utilizatorului vehiculului de catre politia rutiera, la prezentarea de catre acesta a dovezii incetarii motivului pentru care documentul a fost retinut, in conditiile prevazute in regulament.</p>


                    </div>","https://scoaladrpciv.ro/intrebari/categoria-b/sanctiuni-si-contraventii"
"1790475198-170","https://scoaladrpciv.ro/intrebari/categoria-b","Proprietarul unui vehicul este obligat:","C - să declare autorității emitente pierderea, furtul sau distrugerea certificatului de înmatriculare, în termen de 30 de zile de la constatare.","","","A - să declare autorităților schimbarea domiciliului în cel mult 24 de ore;","B - să declare organului fiscal valoarea poliței de asigurare auto;","https://scoaladrpciv.ro/intrebare/proprietarul-unui-vehicul-este-obligat-3c16","","<div class="""">
                        <h4>Articolul 18</h4>
<p>În cazul pierderii, furtului, schimbării numelui ori deteriorării certificatului de înmatriculare sau de înregistrare, proprietarul vehiculului respectiv este obligat să solicite autorității competente eliberarea unui nou certificat de înmatriculare sau de înregistrare, în condițiile stabilite de autoritatea competentă, în termen de 30 de zile de la data declarării pierderii sau furtului, de la data schimbării numelui ori de la data constatării deteriorării, după caz.</p>


                    </div>","https://scoaladrpciv.ro/intrebari/categoria-b/obligatiile-conducatorilor-de-autovehicule"
"1790475200-171","https://scoaladrpciv.ro/intrebari/categoria-b","Aveți obligația de a opri imediat vehiculul la semnalele adresate de:","C - agenții de cale ferată, la trecerile la nivel.","","","A - ofițerii sau subofițerii Jandarmeriei Române;","B - polițiștii comunitari;","https://scoaladrpciv.ro/intrebare/aveti-obligatia-de-a-opri-imediat-vehiculul-la-semnalele-adresate-de-26ac","","<div class="""">
                        <h4>Articolul 89</h4><p>(1)&nbsp;&nbsp; Oprirea participanților la trafic este obligatorie și la semnalele date de:</p><ul style=""list-style-type:circle;""><li>a)&nbsp; polițiștii de frontierã;</li><li>b)&nbsp;&nbsp; îndrumãtorii de circulație ai Ministerului Apãrãrii;</li><li><span style=""background-color:hsl(60, 75%, 60%);"">&nbsp;c)&nbsp; agenții de cale feratã, la trecerile la nivel;</span></li><li>&nbsp;d)&nbsp;&nbsp; personalul autorizat din zona lucrãrilor pe drumurile publice;</li><li>&nbsp;e)&nbsp;&nbsp; membrii patrulelor școlare de circulație, la trecerile pentru pietoni din apropierea unitãților de învãțãmânt;</li><li>&nbsp;f)&nbsp;&nbsp; nevãzãtori, prin ridicarea bastonului alb, atunci când aceștia traverseazã strada.</li></ul>


                    </div>","https://scoaladrpciv.ro/intrebari/categoria-b/obligatiile-conducatorilor-de-autovehicule"
"1790475202-172","https://scoaladrpciv.ro/intrebari/categoria-b","Conducătorul auto este obligat:","B - să se prezinte la termen, la unitatea de poliție care l-a citat, pentru soluționarea oricărei probleme legate de calitatea sa de conducător;","","","A - să nu conducă după ce a consumat medicamente împotriva bolilor cronice;","C - să anunțe imediat cea mai apropiată unitate de poliție, dacă s-a îmbolnăvit.","https://scoaladrpciv.ro/intrebare/conducatorul-auto-este-obligat-dafc","","<div class="""">
                        <h4>Articolul 102</h4><p>(1)&nbsp;Constituie contravenții și se sancționează cu amenda prevăzută în clasa a IV-a de sancțiuni următoarele fapte săvârșite de persoane fizice:</p><p>1.&nbsp;&nbsp;conducerea pe drumurile publice a unui vehicul care prezintă deficiențe periculoase sau al cărui termen de valabilitate a inspecției tehnice periodice a expirat;</p><p>2.&nbsp; abrogat;</p><p>3.&nbsp; conducerea unui vehicul cu tracțiune animală neînregistrat;</p><p>4.&nbsp; neefectuarea radierii vehiculelor din evidenta, în cazurile și termenele prevăzute de lege;</p><p>5.&nbsp;&nbsp;conducerea unui autovehicul destinat transportului public de persoane sau de mărfuri fără a deține atestatul profesional;</p><p>6.&nbsp; neefectuarea verificării medicale periodice;</p><p>7.&nbsp; abrogat;</p><p>8.&nbsp;&nbsp;deținerea simultană a două permise de conducere naționale, dintre care unul eliberat de o autoritate competentă străină;</p><p>9.&nbsp;lipirea de afișe, inscripții sau înscrisuri pe indicatoarele sau dispozitivele ce servesc la semnalizarea rutieră, inclusiv pe suporturile acestora;</p><p>10.&nbsp; abrogat;</p><p>11.&nbsp;&nbsp;&nbsp;deținerea, montarea sau folosirea în circulația pe drumurile publice a dispozitivelor care perturbă funcționarea normală a dispozitivelor de măsurare a vitezei;</p><p>12.&nbsp;&nbsp;folosirea nejustificată a mijloacelor speciale de avertizare luminoase sau sonore de către conducătorii autovehiculelor care au regim de circulație prioritară;</p><p>13.&nbsp; abrogat;</p><p>14.&nbsp;&nbsp;nerespectarea de către proprietarul sau deținătorul mandatat al unui vehicul a obligației de a comunica, în termenul indicat în cuprinsul solicitării poliției rutiere sau poliției locale, după caz, datele de identificare ale persoanei căreia i-a încredințat vehiculul pentru a-l conduce pe drumurile publice, prevăzute la art. 39;</p><p>15.&nbsp;&nbsp; neîndeplinirea obligațiilor ce îi revin conducătorului de vehicule care efectuează transport public de persoane sau de mărfuri;</p><p>16.&nbsp; nerespectarea obligațiilor ce revin conducătorilor de vehicule cu tracțiune animala;</p><p>17.&nbsp; nerespectarea dispozițiilor art. 74 privind circulația pe autostrăzi;</p><p>18.&nbsp; abrogat;</p><p>19.&nbsp;&nbsp; efectuarea transportului de mărfuri sau persoane cu autovehicule și tractoare agricole sau forestiere și remorci care circulă în baza autorizației pentru probe;</p><p>20.&nbsp;&nbsp;conducerea, punerea în circulație sau tractarea unui vehicul supus înmatriculării, în baza autorizației pentru probe eliberate în condițiile art. 13 alin. (7), în afara județului sau a municipiului București în raza căruia își are sediul titularul autorizației;</p><p>21.&nbsp;&nbsp;nerespectarea semnificației luminii roșii a dispozitivelor instalate pentru semnalizarea benzilor cu circulație reversibilă;</p><p>22.&nbsp;săvârșirea de către conducătorii de vehicule sau pasagerii acestora de gesturi obscene, proferarea de injurii, adresarea de expresii jignitoare sau vulgare participanților la trafic;</p><p>23.&nbsp;&nbsp;aruncarea, lăsarea ori abandonarea pe drumul public de obiecte, materiale, substanțe sau vehicule, după caz;</p><p>24.&nbsp; nerespectarea regulilor privind remorcarea vehiculelor;</p><p><span style=""background-color:hsl(60, 75%, 60%);"">25.&nbsp;&nbsp;neprezentarea, în mod nejustificat, în termenul stabilit la unitatea de poliție rutieră la care au fost invitate pentru soluționarea oricărei probleme legate de calitatea de participant la trafic sau de proprietar ori utilizator de vehicul;</span></p><p>26.&nbsp;&nbsp; pătrunderea pe drumurile publice modernizate cu un vehicul care are pe roți sau pe caroserie noroi ce se depune pe partea carosabilă ori din care cad sau se scurg produse, substanțe sau materiale ce pun în pericol siguranța circulației;</p><p>27.&nbsp; transportul animalelor pe locurile din față ale vehiculelor;</p><p>28.&nbsp;conducerea autovehiculului pe drumurile publice acoperite cu zăpadă, gheață sau polei, fără ca acesta să fie dotat cu anvelope de iarnă, iar în cazul autovehiculului de transport marfă cu o masă totală maximă autorizată mai mare de 3,5 tone și al autovehiculului de transport persoane cu mai mult de 9 locuri pe scaune, inclusiv cel al conducătorului auto, fără ca acestea să fie echipate cu anvelope de iarnă pe roțile axei/axelor de tracțiune sau fără a avea montate pe aceste roți lanțuri sau alte echipamente antiderapante certificate;</p><p>29.&nbsp;&nbsp;neaplicarea, în partea din spate a unui autovehicul și tractor agricol sau forestier înmatriculat într-un stat care nu este semnatar al Convenției asupra circulației rutiere, a semnului distinctiv al statului care a efectuat înmatricularea;</p><p>30.&nbsp; abrogat;</p><p>31.&nbsp;lovirea, deteriorarea sau ocolirea porților de gabarit instalate înaintea trecerii la nivel cu calea ferată;</p><p>32.&nbsp;lovirea și/sau deteriorarea pasajelor superioare de pe drumurile publice, prin nerespectarea gabaritului de liberă trecere semnalizat corespunzător;</p><p>33.montarea pe autovehicul a unui sistem antifurt sonor a cărui durată a semnalului depășește mai mult de un minut consecutiv, iar intensitatea semnalului depășește pragul fonic prevăzut de lege;</p><p>34.&nbsp;neaplicarea, în partea din spate a vehiculului care efectuează transport public de persoane sau de mărfuri, a indicatorului cu limitele de viteză admise pentru categoria din care face parte vehiculul condus;</p><p>35.&nbsp;aplicarea tratamentelor chimice sau a foliilor pe parbriz, luneta sau pe geamurile laterale, cu excepția celor omologate și/sau certificate de către autoritatea competentă și care sunt marcate corespunzător;</p><p>36.&nbsp;aplicarea de afișe, reclame publicitare, înscrisuri sau accesorii pe parbriz, lunetă sau geamurile laterale care restrâng sau estompează vizibilitatea sub limita legal admisă ori împiedică sau diminuează eficacitatea dispozitivelor de iluminare și semnalizare luminoasă ori citirea numărului de înmatriculare;</p><p>37. încălcarea obligațiilor referitoare la circulația pe drumurile publice a vehiculelor care transportă produse sau mărfuri periculoase ori a vehiculelor cu masa și/sau gabaritul depășit.</p><p>38.nerespectarea obligației de comunicare prevăzute la art. 80^1 și la art. 81 alin. (3) sau comunicarea de date inexacte ori incomplete.</p><p>39.&nbsp; conducerea unui vehicul a cărui înmatriculare este suspendată.</p><p>40.&nbsp; neîndeplinirea de către medic a obligației prevăzute la art. 22 alin. (6) și alin. (6^2).</p>


                    </div>","https://scoaladrpciv.ro/intrebari/categoria-b/obligatiile-conducatorilor-de-autovehicule"
"1790475205-173","https://scoaladrpciv.ro/intrebari/categoria-b","Un autovehicul avariat nu mai poate circula dacă:","B - au trecut mai mult de 30 de zile de la data producerii avariei;","","","A - are elemente de caroserie distruse;","C - au trecut mai mult de 3 zile de la constatare.","https://scoaladrpciv.ro/intrebare/un-autovehicul-avariat-nu-mai-poate-circula-daca-3f9c","","<div class="""">
                        <h4>Articolul 148</h4><p>Se interzice conducãtorului de autovehicul, tractor agricol sau forestier ori tramvai:</p><p>1.&nbsp;&nbsp; sã conducã un autovehicul, tractor agricol sau forestier ori tramvai cu dovada înlocuitoare a permisului de conducere eliberatã fãrã drept de circulație sau a cãrei valabilitate a expirat;</p><p>2.&nbsp;&nbsp; sã transporte în autovehicul, tractor agricol sau forestier ori tramvai mai multe persoane decât numãrul de locuri stabilite în certificatul de înmatriculare sau de înregistrare;</p><p>3.&nbsp;&nbsp; sã transporte persoane în stare de ebrietate pe autovehicule din categoriile AM, A1, A2 și A sau în cabina ori în caroseria autovehiculului destinat transportului de mãrfuri;</p><p>4.&nbsp;&nbsp; sã transporte persoane în caroseria autobasculantei, pe autocisternã, pe platformã, deasupra încãrcãturii, pe pãrțile laterale ale caroseriei sau persoane care stau în picioare în caroseria autocamionului, pe scãri și în remorcã, cu excepția celei special amenajate pentru transportul persoanelor;</p><p>5.&nbsp;&nbsp; sã transporte în și pe autoturism obiecte a cãror lungime sau lãțime depãșește, împreunã cu încãrcãtura, dimensiunile acestuia;</p><p>6.&nbsp;&nbsp; sã deschidã ușile vehiculului sau tramvaiului în timpul mersului, sã porneascã de pe loc cu ușile deschise;</p><p>7.&nbsp;&nbsp; sã aibã în timpul mersului preocupãri de naturã a-i distrage în mod periculos atenția ori sã foloseascã instalații de sonorizare la un nivel de zgomot care ar afecta deplasarea în siguranțã a lui și a celorlalți participanți la trafic;</p><p>8.&nbsp;&nbsp; sã intre pe drumurile modernizate cu vehiculul care are pe roți sau pe caroserie noroi ce se depune pe partea carosabilã ori din care cad sau se scurg produse, substanțe ori materiale ce pot pune în pericol siguranța circulației;</p><p>9.&nbsp;&nbsp; sã aibã aplicate pe parbriz, lunetã sau pe geamurile laterale afișe, reclame publicitare, înscrisuri ori accesorii, care restrâng sau estompeazã vizibilitatea conducãtorului ori a pasagerilor, atât din interior, cât și din exterior;</p><p>10.&nbsp;&nbsp; sã aibã aplicate folii sau tratamente chimice pe parbrize, lunetã ori pe geamurile laterale, care restrâng sau estompeazã vizibilitatea, atât din interior, cât și din exterior, cu excepția celor omologate și certificate, prin marcaj corespunzãtor, de cãtre autoritatea competentã;</p><p>11.&nbsp;&nbsp; sã aibã aplicate folii sau tratamente chimice pe dispozitivele de iluminare ori semnalizare luminoasã, care diminueazã eficacitatea acestora, precum și pe plãcuțele cu numãrul de înmatriculare sau de înregistrare, care împiedicã citirea numãrului de înmatriculare sau de înregistrare;</p><p>12.&nbsp;&nbsp; sã lase liber în timpul mersului volanul, ghidonul sau maneta de comandã, sã opreascã motorul ori sã decupleze transmisia în timpul mersului;</p><p>13.&nbsp;&nbsp; sã foloseascã în mod abuziv mijloacele de avertizare sonorã;</p><p>14.&nbsp;&nbsp; sã circule cu autovehiculul cu masa totalã maximã autorizatã mai mare de 3,5 tone pe drumurile acoperite cu zãpadã, gheațã sau polei, fãrã a avea montate pe roți lanțuri sau alte echipamente antiderapante omologate, în perioadele și pe drumurile stabilite prin ordin al ministrului transporturilor, construcțiilor și turismului;</p><p>15.&nbsp;&nbsp; sã circule având montate pe autovehicul și tractor agricol sau forestier anvelope cu alte dimensiuni ori caracteristici decât cele prevãzute în certificatul de înmatriculare sau de înregistrare ori care prezintã tãieturi sau rupturi ale cordului ori sunt uzate peste limita admisã;</p><p>16.&nbsp;&nbsp; sã conducã un vehicul care emanã noxe peste limita legalã admisã ori al cãrui zgomot în mers sau staționare depãșește pragul fonic prevãzut de lege ori care are montat pe sistemul de evacuare a gazelor dispozitive neomologate;</p><p>17.&nbsp;&nbsp; sã circule cu vehiculul având plãcuțele cu numerele de înmatriculare sau de înregistrare, provizorii ori pentru probe deteriorate sau neconforme cu standardul;</p><p>18.&nbsp;&nbsp; sã sãvârșeascã acte sau gesturi obscene, sã profereze injurii, sã adreseze expresii jignitoare ori vulgare celorlalți participanți la trafic;</p><p><span style=""background-color:hsl(60, 75%, 60%);"">19.&nbsp;&nbsp; sã circule cu vehiculul avariat mai mult de 30 de zile de la data producerii avariei;</span></p><p>20.&nbsp;&nbsp; sã arunce, pe drumurile publice, din vehicul obiecte, materiale sau substanțe;</p><p>21.&nbsp;&nbsp; sã traverseze drumurile publice, pe trecerile destinate pietonilor, în timp ce se deplaseazã pe vehicule din categoriile AM, A1, A2 și A.</p>


                    </div>","https://scoaladrpciv.ro/intrebari/categoria-b/obligatiile-conducatorilor-de-autovehicule"
"1790475207-174","https://scoaladrpciv.ro/intrebari/categoria-b","Pentru a folosi telefonul mobil, atunci când nu aveți un sistem de tip „mâini libere“:","B - opriți în parcarea din zona complexului de servicii;","","","A - opriți pe banda de staționare;","C - telefonul poate fi folosit fără restricții.","https://scoaladrpciv.ro/intrebare/pentru-a-folosi-telefonul-mobil-atunci-cand-nu-aveti-un-sistem-de-tip-maini-libere-7044","https://scoaladrpciv.ro/storage/questions/1130.jpeg","<div class="""">
                        <h4>Articolul 36</h4><p>(3)&nbsp;&nbsp;Conducătorilor de vehicule le este interzisă folosirea telefoanelor mobile atunci când aceștia se află în timpul deplasării pe drumurile publice, cu excepția celor prevăzute cu dispozitive tip «mâini libere».</p><h4>Articolul 74</h4><p>(3) Se interzice circulația, oprirea sau staționarea autovehiculelor pe banda de urgență sau acostament, cu excepția cazurilor justificate, precum și a autovehiculelor cu regim de circulație prioritar.</p>


                    </div>","https://scoaladrpciv.ro/intrebari/categoria-b/obligatiile-conducatorilor-de-autovehicule"
"1790475209-175","https://scoaladrpciv.ro/intrebari/categoria-b","Conducătorilor de autovehicule le este interzis:","A - să transporte în şi pe autoturism obiecte a căror lungime sau lăţime depăşeşte, împreună cu încărcătura, dimensiunile acestuia;","B - să aibă aplicate folii sau tratamente chimice pe parbrize, lunetă ori geamuri laterale, care reduc vizibilitatea;","C - să circule cu vehiculele avariate mai mult de 30 de zile.","","","https://scoaladrpciv.ro/intrebare/conducatorilor-de-autovehicule-le-este-interzis-aee2","","<div class="""">
                        <h4>Articolul 148</h4><p>Se interzice conducãtorului de autovehicul, tractor agricol sau forestier ori tramvai:</p><p>1.&nbsp;&nbsp; sã conducã un autovehicul, tractor agricol sau forestier ori tramvai cu dovada înlocuitoare a permisului de conducere eliberatã fãrã drept de circulație sau a cãrei valabilitate a expirat;</p><p>2.&nbsp;&nbsp; sã transporte în autovehicul, tractor agricol sau forestier ori tramvai mai multe persoane decât numãrul de locuri stabilite în certificatul de înmatriculare sau de înregistrare;</p><p>3.&nbsp;&nbsp; sã transporte persoane în stare de ebrietate pe autovehicule din categoriile AM, A1, A2 și A sau în cabina ori în caroseria autovehiculului destinat transportului de mãrfuri;</p><p>4.&nbsp;&nbsp; sã transporte persoane în caroseria autobasculantei, pe autocisternã, pe platformã, deasupra încãrcãturii, pe pãrțile laterale ale caroseriei sau persoane care stau în picioare în caroseria autocamionului, pe scãri și în remorcã, cu excepția celei special amenajate pentru transportul persoanelor;</p><p><span style=""background-color:hsl(60, 75%, 60%);"">5.&nbsp;&nbsp; sã transporte în și pe autoturism obiecte a cãror lungime sau lãțime depãșește, împreunã cu încãrcãtura, dimensiunile acestuia;</span></p><p>6.&nbsp;&nbsp; sã deschidã ușile vehiculului sau tramvaiului în timpul mersului, sã porneascã de pe loc cu ușile deschise;</p><p>7.&nbsp;&nbsp; sã aibã în timpul mersului preocupãri de naturã a-i distrage în mod periculos atenția ori sã foloseascã instalații de sonorizare la un nivel de zgomot care ar afecta deplasarea în siguranțã a lui și a celorlalți participanți la trafic;</p><p>8.&nbsp;&nbsp; sã intre pe drumurile modernizate cu vehiculul care are pe roți sau pe caroserie noroi ce se depune pe partea carosabilã ori din care cad sau se scurg produse, substanțe ori materiale ce pot pune în pericol siguranța circulației;</p><p>9.&nbsp;&nbsp; sã aibã aplicate pe parbriz, lunetã sau pe geamurile laterale afișe, reclame publicitare, înscrisuri ori accesorii, care restrâng sau estompeazã vizibilitatea conducãtorului ori a pasagerilor, atât din interior, cât și din exterior;</p><p><span style=""background-color:hsl(60, 75%, 60%);"">10.&nbsp;&nbsp; sã aibã aplicate folii sau tratamente chimice pe parbrize, lunetã ori pe geamurile laterale, care restrâng sau estompeazã vizibilitatea, atât din interior, cât și din exterior, cu excepția celor omologate și certificate, prin marcaj corespunzãtor, de cãtre autoritatea competentã;</span></p><p>11.&nbsp;&nbsp; sã aibã aplicate folii sau tratamente chimice pe dispozitivele de iluminare ori semnalizare luminoasã, care diminueazã eficacitatea acestora, precum și pe plãcuțele cu numãrul de înmatriculare sau de înregistrare, care împiedicã citirea numãrului de înmatriculare sau de înregistrare;</p><p>12.&nbsp;&nbsp; sã lase liber în timpul mersului volanul, ghidonul sau maneta de comandã, sã opreascã motorul ori sã decupleze transmisia în timpul mersului;</p><p>13.&nbsp;&nbsp; sã foloseascã în mod abuziv mijloacele de avertizare sonorã;</p><p>14.&nbsp;&nbsp; sã circule cu autovehiculul cu masa totalã maximã autorizatã mai mare de 3,5 tone pe drumurile acoperite cu zãpadã, gheațã sau polei, fãrã a avea montate pe roți lanțuri sau alte echipamente antiderapante omologate, în perioadele și pe drumurile stabilite prin ordin al ministrului transporturilor, construcțiilor și turismului;</p><p>15.&nbsp;&nbsp; sã circule având montate pe autovehicul și tractor agricol sau forestier anvelope cu alte dimensiuni ori caracteristici decât cele prevãzute în certificatul de înmatriculare sau de înregistrare ori care prezintã tãieturi sau rupturi ale cordului ori sunt uzate peste limita admisã;</p><p>16.&nbsp;&nbsp; sã conducã un vehicul care emanã noxe peste limita legalã admisã ori al cãrui zgomot în mers sau staționare depãșește pragul fonic prevãzut de lege ori care are montat pe sistemul de evacuare a gazelor dispozitive neomologate;</p><p>17.&nbsp;&nbsp; sã circule cu vehiculul având plãcuțele cu numerele de înmatriculare sau de înregistrare, provizorii ori pentru probe deteriorate sau neconforme cu standardul;</p><p>18.&nbsp;&nbsp; sã sãvârșeascã acte sau gesturi obscene, sã profereze injurii, sã adreseze expresii jignitoare ori vulgare celorlalți participanți la trafic;</p><p><span style=""background-color:hsl(60, 75%, 60%);"">19.&nbsp;&nbsp; sã circule cu vehiculul avariat mai mult de 30 de zile de la data producerii avariei;</span></p><p>20.&nbsp;&nbsp; sã arunce, pe drumurile publice, din vehicul obiecte, materiale sau substanțe;</p><p>21.&nbsp;&nbsp; sã traverseze drumurile publice, pe trecerile destinate pietonilor, în timp ce se deplaseazã pe vehicule din categoriile AM, A1, A2 și A.</p>


                    </div>","https://scoaladrpciv.ro/intrebari/categoria-b/obligatiile-conducatorilor-de-autovehicule"
"1790475212-176","https://scoaladrpciv.ro/intrebari/categoria-b","Ce obligaţie are conducătorul auto când a accidentat un pieton care a traversat strada neregulamentar?","A - transportă victima la cea mai apropiată unitate sanitară, dacă nu este posibilă transportarea cu alte mijloace, şi se reîntoarce imediat la locul accidentului;","","","B - rămâne la locul accidentului până la sosirea organelor de anchetă, reţinând numele, prenumele şi adresele martorilor;","C - se prezintă la cel mai apropiat post de poliţie.","https://scoaladrpciv.ro/intrebare/ce-obligatie-are-conducatorul-auto-cand-a-accidentat-un-pieton-care-a-traversat-strada-neregulamentar-c9fe","","<div class="""">
                        <p style=""margin-left:0px;""><strong>Părăsirea locului accidentului ori modificarea sau ştergerea urmelor acestuia</strong></p><p style=""margin-left:0px;"">&nbsp;&nbsp;&nbsp; (1) Părăsirea locului accidentului, fără încuviinţarea poliţiei sau a procurorului care efectuează cercetarea locului faptei, de către conducătorul vehiculului sau de către instructorul auto, aflat în procesul de instruire, ori de către examinatorul autorităţii competente, aflat în timpul desfăşurării probelor practice ale examenului pentru obţinerea permisului de conducere, implicat într-un accident de circulaţie, se pedepseşte cu închisoarea de la 2 la 7 ani.</p><p style=""margin-left:0px;"">&nbsp;&nbsp;&nbsp; (2) Cu aceeaşi pedeapsă se sancţionează şi fapta oricărei persoane de a modifica starea locului sau de a şterge urmele accidentului de circulaţie din care a rezultat uciderea sau vătămarea integrităţii corporale ori a sănătăţii uneia sau mai multor persoane, fără acordul echipei de cercetare la faţa locului.</p><p style=""margin-left:0px;"">&nbsp;&nbsp;&nbsp; (3) Nu constituie infracţiune părăsirea locului accidentului când:</p><ol><li>a) în urma accidentului s-au produs doar pagube materiale;</li><li><span style=""background-color:hsl(60, 75%, 60%);"">b) conducătorul vehiculului, în lipsa altor mijloace de transport, transportă el însuşi persoanele rănite la cea mai apropiată unitate sanitară în măsură să acorde asistenţă medicală necesară şi la care a declarat datele personale de identitate şi numărul de înmatriculare sau înregistrare a vehiculului condus, consemnate într-un registru special, dacă se înapoiază imediat la locul accidentului;</span></li><li>c) conducătorul autovehiculului cu regim de circulaţie prioritară anunţă de îndată poliţia, iar după terminarea misiunii se prezintă la sediul unităţii de poliţie pe a cărei rază de competenţă s-a produs accidentul, în vederea întocmirii documentelor de constatare;</li><li>d) victima părăseşte locul faptei, iar conducătorul de vehicul anunţă imediat evenimentul la cea mai apropiată unitate de poliţie.</li></ol>


                    </div>","https://scoaladrpciv.ro/intrebari/categoria-b/obligatiile-conducatorilor-de-autovehicule"
"1790475214-177","https://scoaladrpciv.ro/intrebari/categoria-b","Se interzice circulaţia pe drumurile publice a autovehiculului dacă:","A - mecanismul de direcţie prezintă uzuri peste limitele admise;","B - autovehiculul are aplicate inscripţii, desene, semne distinctive sau reclame de natură să împiedice ori să diminueze eficacitatea dispozitivelor de iluminare şi de semnalizare luminoasă sau citirea numărului de înmatriculare;","C - autovehiculul are montate accesorii pe parbrize ori pe geamurile laterale, care restrâng sau estompează vizibilitatea conducătorului în timpul mersului.","","","https://scoaladrpciv.ro/intrebare/se-interzice-circulatia-pe-drumurile-publice-a-autovehiculului-daca-64fe","","<div class="""">
                        <p>Articolul 112</p><p>(1)&nbsp;&nbsp;Certificatul de înmatriculare sau de înregistrare ori dovada înlocuitoare a acestuia se reține de către poliția rutieră în următoarele cazuri:</p><ul><li>a)&nbsp;&nbsp;&nbsp;vehiculul înregistrat nu are efectuată inspecția tehnică periodică valabilă ori aceasta este anulată;</li><li>b)&nbsp;&nbsp;&nbsp;nu sunt respectate normele tehnice constructive referitoare la transportul produselor periculoase;</li><li>c)&nbsp;&nbsp;vehiculul circulă noaptea fără faruri sau lămpi de semnalizare, dispozitivele de iluminare și semnalizare luminoase, mijloacele fluorescent-reflectorizante, prevăzute în normele tehnice în vigoare;</li><li>d)&nbsp;&nbsp;vehiculul circulă cu deficiențe majore sau periculoase la sistemele de iluminare- semnalizare sau cu alte dispozitive decât cele omologate;</li><li>e)&nbsp; sistemul de frânare de serviciu prezintă deficiențe majore sau periculoase;</li><li>f)&nbsp;&nbsp;sistemul de frânare de securitate sau de staționare prezintă deficiențe majore sau periculoase;</li><li><span style=""background-color:hsl(60, 75%, 60%);"">g)&nbsp; mecanismul de direcție prezintă deficiențe majore sau periculoase;</span></li><li>h)&nbsp; anvelopele au alte dimensiuni sau caracteristici decât cele prevăzute în cartea de identitate a vehiculului, prezintă tăieturi sau rupturi ale cordului ori sunt uzate peste limita legal admisă;</li><li>h^1) autovehiculul nu este dotat, la circulația pe drumurile publice acoperite cu zăpadă, gheață sau polei, cu anvelope de iarnă, iar autovehiculul de transport marfă cu o masă totală maximă autorizată mai mare de 3,5 tone și autovehiculul de transport persoane cu mai mult de 9 locuri pe scaune, inclusiv cel al conducătorului auto, nu sunt echipate cu anvelope de iarnă pe roțile axei/axelor de tracțiune ori nu au montate pe aceste roți lanțuri sau alte echipamente antiderapante certificate;</li><li>i)&nbsp;zgomotul în mers sau staționare depășește limita legal admisă pentru tipul respectiv de vehicul;</li><li>j)&nbsp; motorul emite noxe poluante peste limitele legal admise;</li><li style=""text-align:justify;"">k)&nbsp;elementele dispozitivului de cuplare pentru remorcare prezintă uzuri pronunțate ori nu sunt compatibile, fiind de natura să provoace desprinderea remorcii sau dezechilibrarea ansamblului;</li><li>l)autovehiculul, tractorul agricol sau forestier ori tramvaiul are aplicate pe parbriz, lunetă sau geamurile laterale afișe sau reclame publicitare, folii neomologate și/sau nemarcate corespunzător ori accesorii care restrâng sau estompează vizibilitatea în timpul mersului, atât din interior, cât și din exterior;</li><li>m)&nbsp;autovehiculul și tractorul agricol sau forestier are aplicat pe partea frontală și/sau posterioară a acestuia afișe, înscrisuri sau reclame care diminuează eficacitatea dispozitivelor de iluminare și semnalizare luminoasă ori citirea numărului de înmatriculare;</li><li>n)&nbsp; autovehiculul și tractorul agricol sau forestier prezintă scurgeri semnificative de carburant sau lubrifiant;</li><li>o)&nbsp;&nbsp;plăcuțele cu numărul de înmatriculare sau de înregistrare nu sunt conforme cu standardul ori au aplicate dispozitive de iluminare, altele decât cele omologate;</li><li>p)datele din certificatul de înmatriculare sau de înregistrare nu concordă cu caracteristicile tehnice ale vehiculului;</li><li>r)vehiculul nu a fost radiat din circulație în cazurile prevăzute în prezenta ordonanță de urgență;</li><li>s)&nbsp;&nbsp; vehiculul nu este asigurat de răspundere civilă în caz de pagube produse terților prin accidente de circulație, conform legii;</li><li>t)&nbsp;&nbsp;deținătorul vehiculului nu a preschimbat certificatul de înmatriculare sau de înregistrare, în conformitate cu prevederile legale;</li><li>u)&nbsp;&nbsp;&nbsp;vehiculul nu are montată una dintre plăcuțele cu numărul de înmatriculare sau de înregistrare;</li><li>v)&nbsp;&nbsp; vehiculul are lipsa elemente ale caroseriei ori aceasta este într-o stare avansată de degradare;</li><li>x)&nbsp;&nbsp;lipsa dotărilor obligatorii pe autovehicule și tractoare agricole sau forestiere destinate învățării conducerii autovehiculelor și tractoarelor agricole sau forestiere în procesul instruirii persoanelor în vederea obținerii permisului de conducere, prevăzute de reglementările în vigoare.</li><li>y)&nbsp; înmatricularea vehiculului este suspendată, în condițiile legii.</li></ul><h4>Articolul 148</h4><p>Se interzice conducãtorului de autovehicul, tractor agricol sau forestier ori tramvai:</p><p>1.&nbsp;&nbsp; sã conducã un autovehicul, tractor agricol sau forestier ori tramvai cu dovada înlocuitoare a permisului de conducere eliberatã fãrã drept de circulație sau a cãrei valabilitate a expirat;</p><p>2.&nbsp;&nbsp; sã transporte în autovehicul, tractor agricol sau forestier ori tramvai mai multe persoane decât numãrul de locuri stabilite în certificatul de înmatriculare sau de înregistrare;</p><p>3.&nbsp;&nbsp; sã transporte persoane în stare de ebrietate pe autovehicule din categoriile AM, A1, A2 și A sau în cabina ori în caroseria autovehiculului destinat transportului de mãrfuri;</p><p>4.&nbsp;&nbsp; sã transporte persoane în caroseria autobasculantei, pe autocisternã, pe platformã, deasupra încãrcãturii, pe pãrțile laterale ale caroseriei sau persoane care stau în picioare în caroseria autocamionului, pe scãri și în remorcã, cu excepția celei special amenajate pentru transportul persoanelor;</p><p>5.&nbsp;&nbsp; sã transporte în și pe autoturism obiecte a cãror lungime sau lãțime depãșește, împreunã cu încãrcãtura, dimensiunile acestuia;</p><p>6.&nbsp;&nbsp; sã deschidã ușile vehiculului sau tramvaiului în timpul mersului, sã porneascã de pe loc cu ușile deschise;</p><p>7.&nbsp;&nbsp; sã aibã în timpul mersului preocupãri de naturã a-i distrage în mod periculos atenția ori sã foloseascã instalații de sonorizare la un nivel de zgomot care ar afecta deplasarea în siguranțã a lui și a celorlalți participanți la trafic;</p><p>8.&nbsp;&nbsp; sã intre pe drumurile modernizate cu vehiculul care are pe roți sau pe caroserie noroi ce se depune pe partea carosabilã ori din care cad sau se scurg produse, substanțe ori materiale ce pot pune în pericol siguranța circulației;</p><p>9.&nbsp;&nbsp; sã aibã aplicate pe parbriz, lunetã sau pe geamurile laterale afișe, reclame publicitare, înscrisuri ori accesorii, care restrâng sau estompeazã vizibilitatea conducãtorului ori a pasagerilor, atât din interior, cât și din exterior;</p><p><span style=""background-color:hsl(60, 75%, 60%);"">10.&nbsp;&nbsp; sã aibã aplicate folii sau tratamente chimice pe parbrize, lunetã ori pe geamurile laterale, care restrâng sau estompeazã vizibilitatea, atât din interior, cât și din exterior, cu excepția celor omologate și certificate, prin marcaj corespunzãtor, de cãtre autoritatea competentã;</span></p><p><span style=""background-color:hsl(60, 75%, 60%);"">11.&nbsp;&nbsp; sã aibã aplicate folii sau tratamente chimice pe dispozitivele de iluminare ori semnalizare luminoasã, care diminueazã eficacitatea acestora, precum și pe plãcuțele cu numãrul de înmatriculare sau de înregistrare, care împiedicã citirea numãrului de înmatriculare sau de înregistrare;</span></p><p>12.&nbsp;&nbsp; sã lase liber în timpul mersului volanul, ghidonul sau maneta de comandã, sã opreascã motorul ori sã decupleze transmisia în timpul mersului;</p><p>13.&nbsp;&nbsp; sã foloseascã în mod abuziv mijloacele de avertizare sonorã;</p><p>14.&nbsp;&nbsp; sã circule cu autovehiculul cu masa totalã maximã autorizatã mai mare de 3,5 tone pe drumurile acoperite cu zãpadã, gheațã sau polei, fãrã a avea montate pe roți lanțuri sau alte echipamente antiderapante omologate, în perioadele și pe drumurile stabilite prin ordin al ministrului transporturilor, construcțiilor și turismului;</p><p>15.&nbsp;&nbsp; sã circule având montate pe autovehicul și tractor agricol sau forestier anvelope cu alte dimensiuni ori caracteristici decât cele prevãzute în certificatul de înmatriculare sau de înregistrare ori care prezintã tãieturi sau rupturi ale cordului ori sunt uzate peste limita admisã;</p><p>16.&nbsp;&nbsp; sã conducã un vehicul care emanã noxe peste limita legalã admisã ori al cãrui zgomot în mers sau staționare depãșește pragul fonic prevãzut de lege ori care are montat pe sistemul de evacuare a gazelor dispozitive neomologate;</p><p>17.&nbsp;&nbsp; sã circule cu vehiculul având plãcuțele cu numerele de înmatriculare sau de înregistrare, provizorii ori pentru probe deteriorate sau neconforme cu standardul;</p><p>18.&nbsp;&nbsp; sã sãvârșeascã acte sau gesturi obscene, sã profereze injurii, sã adreseze expresii jignitoare ori vulgare celorlalți participanți la trafic;</p><p>19.&nbsp;&nbsp; sã circule cu vehiculul avariat mai mult de 30 de zile de la data producerii avariei;</p><p>20.&nbsp;&nbsp; sã arunce, pe drumurile publice, din vehicul obiecte, materiale sau substanțe;</p><p>21.&nbsp;&nbsp; sã traverseze drumurile publice, pe trecerile destinate pietonilor, în timp ce se deplaseazã pe vehicule din categoriile AM, A1, A2 și A.</p>


                    </div>","https://scoaladrpciv.ro/intrebari/categoria-b/obligatiile-conducatorilor-de-autovehicule"
"1790475216-178","https://scoaladrpciv.ro/intrebari/categoria-b","În cazul implicării într-un accident, puteți părăsi locul acestuia fără încuviințarea poliției, dacă a rezultat vătămarea integrității corporale a unei persoane?","C - nu.","","","A - da, dacă accidentul nu s-a produs din vina dvs.;","B - da, în cazul în care autoturismul dvs. nu a fost avariat;","https://scoaladrpciv.ro/intrebare/in-cazul-implicarii-intr-un-accident-puteti-parasi-locul-acestuia-fara-incuviintarea-politiei-daca-a-rezultat-vatamarea-integritatii-corporale-a-unei-persoane-271f","","<div class="""">
                        <h4>Articolul 77</h4><p><span style=""background-color:hsl(60, 75%, 60%);"">(1)&nbsp;&nbsp;&nbsp;Conducătorul unui vehicul implicat într-un accident de circulație în urma căruia a rezultat moartea sau vătămarea integrității corporale ori a sănătății unei persoane este obligat să ia măsuri de anunțare imediată a poliției, să nu modifice sau să șteargă urmele accidentului și să nu părăsească locul faptei.</span></p><p>(2)&nbsp;&nbsp;Orice persoană care este implicată sau are cunoștință de producerea unui accident de circulație în urma căruia a rezultat moartea sau vătămarea integrității corporale ori a sănătății uneia sau a mai multor persoane, precum și în situația în care în eveniment este implicat un vehicul care transportă mărfuri periculoase este obligată să anunțe de îndată poliția și să apeleze numărul național unic pentru apeluri de urgență 112, existent în rețelele de telefonie din România.</p><p>(3)&nbsp;&nbsp;&nbsp;Este interzis oricărei persoane să schimbe poziția vehiculului implicat într-un accident de circulație în urma căruia a rezultat moartea sau vătămarea integrității corporale ori a sănătății uneia sau a mai multor persoane, să modifice starea locului sau să șteargă urmele accidentului fără încuviințarea poliției care cercetează accidentul.</p>


                    </div>","https://scoaladrpciv.ro/intrebari/categoria-b/obligatiile-conducatorilor-de-autovehicule"
"1790475219-179","https://scoaladrpciv.ro/intrebari/categoria-b","În ce situație se interzice circulația autovehiculelor pe drumurile publice?","A - când plăcuțele cu numărul de înmatriculare sunt neconforme cu standardul;","","","B - când parbrizul prezintă fisuri;","C - când acestea au montate dispozitive de detectare a prezenței aparatelor radar.","https://scoaladrpciv.ro/intrebare/in-ce-situatie-se-interzice-circulatia-autovehiculelor-pe-drumurile-publice-37fa","","<div class="""">
                        <h4>Articolul 148</h4><p>Se interzice conducãtorului de autovehicul, tractor agricol sau forestier ori tramvai:</p><p>1.&nbsp;&nbsp; sã conducã un autovehicul, tractor agricol sau forestier ori tramvai cu dovada înlocuitoare a permisului de conducere eliberatã fãrã drept de circulație sau a cãrei valabilitate a expirat;</p><p>2.&nbsp;&nbsp; sã transporte în autovehicul, tractor agricol sau forestier ori tramvai mai multe persoane decât numãrul de locuri stabilite în certificatul de înmatriculare sau de înregistrare;</p><p>3.&nbsp;&nbsp; sã transporte persoane în stare de ebrietate pe autovehicule din categoriile AM, A1, A2 și A sau în cabina ori în caroseria autovehiculului destinat transportului de mãrfuri;</p><p>4.&nbsp;&nbsp; sã transporte persoane în caroseria autobasculantei, pe autocisternã, pe platformã, deasupra încãrcãturii, pe pãrțile laterale ale caroseriei sau persoane care stau în picioare în caroseria autocamionului, pe scãri și în remorcã, cu excepția celei special amenajate pentru transportul persoanelor;</p><p>5.&nbsp;&nbsp; sã transporte în și pe autoturism obiecte a cãror lungime sau lãțime depãșește, împreunã cu încãrcãtura, dimensiunile acestuia;</p><p>6.&nbsp;&nbsp; sã deschidã ușile vehiculului sau tramvaiului în timpul mersului, sã porneascã de pe loc cu ușile deschise;</p><p>7.&nbsp;&nbsp; sã aibã în timpul mersului preocupãri de naturã a-i distrage în mod periculos atenția ori sã foloseascã instalații de sonorizare la un nivel de zgomot care ar afecta deplasarea în siguranțã a lui și a celorlalți participanți la trafic;</p><p>8.&nbsp;&nbsp; sã intre pe drumurile modernizate cu vehiculul care are pe roți sau pe caroserie noroi ce se depune pe partea carosabilã ori din care cad sau se scurg produse, substanțe ori materiale ce pot pune în pericol siguranța circulației;</p><p>9.&nbsp;&nbsp; sã aibã aplicate pe parbriz, lunetã sau pe geamurile laterale afișe, reclame publicitare, înscrisuri ori accesorii, care restrâng sau estompeazã vizibilitatea conducãtorului ori a pasagerilor, atât din interior, cât și din exterior;</p><p>10.&nbsp;&nbsp; sã aibã aplicate folii sau tratamente chimice pe parbrize, lunetã ori pe geamurile laterale, care restrâng sau estompeazã vizibilitatea, atât din interior, cât și din exterior, cu excepția celor omologate și certificate, prin marcaj corespunzãtor, de cãtre autoritatea competentã;</p><p>11.&nbsp;&nbsp; sã aibã aplicate folii sau tratamente chimice pe dispozitivele de iluminare ori semnalizare luminoasã, care diminueazã eficacitatea acestora, precum și pe plãcuțele cu numãrul de înmatriculare sau de înregistrare, care împiedicã citirea numãrului de înmatriculare sau de înregistrare;</p><p>12.&nbsp;&nbsp; sã lase liber în timpul mersului volanul, ghidonul sau maneta de comandã, sã opreascã motorul ori sã decupleze transmisia în timpul mersului;</p><p>13.&nbsp;&nbsp; sã foloseascã în mod abuziv mijloacele de avertizare sonorã;</p><p>14.&nbsp;&nbsp; sã circule cu autovehiculul cu masa totalã maximã autorizatã mai mare de 3,5 tone pe drumurile acoperite cu zãpadã, gheațã sau polei, fãrã a avea montate pe roți lanțuri sau alte echipamente antiderapante omologate, în perioadele și pe drumurile stabilite prin ordin al ministrului transporturilor, construcțiilor și turismului;</p><p>15.&nbsp;&nbsp; sã circule având montate pe autovehicul și tractor agricol sau forestier anvelope cu alte dimensiuni ori caracteristici decât cele prevãzute în certificatul de înmatriculare sau de înregistrare ori care prezintã tãieturi sau rupturi ale cordului ori sunt uzate peste limita admisã;</p><p>16.&nbsp;&nbsp; sã conducã un vehicul care emanã noxe peste limita legalã admisã ori al cãrui zgomot în mers sau staționare depãșește pragul fonic prevãzut de lege ori care are montat pe sistemul de evacuare a gazelor dispozitive neomologate;</p><p><span style=""background-color:hsl(60, 75%, 60%);"">17.&nbsp;&nbsp; sã circule cu vehiculul având plãcuțele cu numerele de înmatriculare sau de înregistrare, provizorii ori pentru probe deteriorate sau neconforme cu standardul;</span></p><p>18.&nbsp;&nbsp; sã sãvârșeascã acte sau gesturi obscene, sã profereze injurii, sã adreseze expresii jignitoare ori vulgare celorlalți participanți la trafic;</p><p>19.&nbsp;&nbsp; sã circule cu vehiculul avariat mai mult de 30 de zile de la data producerii avariei;</p><p>20.&nbsp;&nbsp; sã arunce, pe drumurile publice, din vehicul obiecte, materiale sau substanțe;</p><p>21.&nbsp;&nbsp; sã traverseze drumurile publice, pe trecerile destinate pietonilor, în timp ce se deplaseazã pe vehicule din categoriile AM, A1, A2 și A.</p><p><br>&nbsp;</p>


                    </div>","https://scoaladrpciv.ro/intrebari/categoria-b/obligatiile-conducatorilor-de-autovehicule"
"1790475221-180","https://scoaladrpciv.ro/intrebari/categoria-b","Aveți posibilitatea de a circula pe drumurile publice cu vehiculul avariat:","C - cel mult 30 zile de la data producerii avariei.","","","A - cel mult 10 zile de la data constatării evenimentului;","B - până la expirarea asigurării obligatorii de răspundere civilă auto;","https://scoaladrpciv.ro/intrebare/aveti-posibilitatea-de-a-circula-pe-drumurile-publice-cu-vehiculul-avariat-8af7","","<div class="""">
                        <h4>Articolul 148</h4><p>Se interzice conducãtorului de autovehicul, tractor agricol sau forestier ori tramvai:</p><p>1.&nbsp;&nbsp; sã conducã un autovehicul, tractor agricol sau forestier ori tramvai cu dovada înlocuitoare a permisului de conducere eliberatã fãrã drept de circulație sau a cãrei valabilitate a expirat;</p><p>2.&nbsp;&nbsp; sã transporte în autovehicul, tractor agricol sau forestier ori tramvai mai multe persoane decât numãrul de locuri stabilite în certificatul de înmatriculare sau de înregistrare;</p><p>3.&nbsp;&nbsp; sã transporte persoane în stare de ebrietate pe autovehicule din categoriile AM, A1, A2 și A sau în cabina ori în caroseria autovehiculului destinat transportului de mãrfuri;</p><p>4.&nbsp;&nbsp; sã transporte persoane în caroseria autobasculantei, pe autocisternã, pe platformã, deasupra încãrcãturii, pe pãrțile laterale ale caroseriei sau persoane care stau în picioare în caroseria autocamionului, pe scãri și în remorcã, cu excepția celei special amenajate pentru transportul persoanelor;</p><p>5.&nbsp;&nbsp; sã transporte în și pe autoturism obiecte a cãror lungime sau lãțime depãșește, împreunã cu încãrcãtura, dimensiunile acestuia;</p><p>6.&nbsp;&nbsp; sã deschidã ușile vehiculului sau tramvaiului în timpul mersului, sã porneascã de pe loc cu ușile deschise;</p><p>7.&nbsp;&nbsp; sã aibã în timpul mersului preocupãri de naturã a-i distrage în mod periculos atenția ori sã foloseascã instalații de sonorizare la un nivel de zgomot care ar afecta deplasarea în siguranțã a lui și a celorlalți participanți la trafic;</p><p>8.&nbsp;&nbsp; sã intre pe drumurile modernizate cu vehiculul care are pe roți sau pe caroserie noroi ce se depune pe partea carosabilã ori din care cad sau se scurg produse, substanțe ori materiale ce pot pune în pericol siguranța circulației;</p><p>9.&nbsp;&nbsp; sã aibã aplicate pe parbriz, lunetã sau pe geamurile laterale afișe, reclame publicitare, înscrisuri ori accesorii, care restrâng sau estompeazã vizibilitatea conducãtorului ori a pasagerilor, atât din interior, cât și din exterior;</p><p>10.&nbsp;&nbsp; sã aibã aplicate folii sau tratamente chimice pe parbrize, lunetã ori pe geamurile laterale, care restrâng sau estompeazã vizibilitatea, atât din interior, cât și din exterior, cu excepția celor omologate și certificate, prin marcaj corespunzãtor, de cãtre autoritatea competentã;</p><p>11.&nbsp;&nbsp; sã aibã aplicate folii sau tratamente chimice pe dispozitivele de iluminare ori semnalizare luminoasã, care diminueazã eficacitatea acestora, precum și pe plãcuțele cu numãrul de înmatriculare sau de înregistrare, care împiedicã citirea numãrului de înmatriculare sau de înregistrare;</p><p>12.&nbsp;&nbsp; sã lase liber în timpul mersului volanul, ghidonul sau maneta de comandã, sã opreascã motorul ori sã decupleze transmisia în timpul mersului;</p><p>13.&nbsp;&nbsp; sã foloseascã în mod abuziv mijloacele de avertizare sonorã;</p><p>14.&nbsp;&nbsp; sã circule cu autovehiculul cu masa totalã maximã autorizatã mai mare de 3,5 tone pe drumurile acoperite cu zãpadã, gheațã sau polei, fãrã a avea montate pe roți lanțuri sau alte echipamente antiderapante omologate, în perioadele și pe drumurile stabilite prin ordin al ministrului transporturilor, construcțiilor și turismului;</p><p>15.&nbsp;&nbsp; sã circule având montate pe autovehicul și tractor agricol sau forestier anvelope cu alte dimensiuni ori caracteristici decât cele prevãzute în certificatul de înmatriculare sau de înregistrare ori care prezintã tãieturi sau rupturi ale cordului ori sunt uzate peste limita admisã;</p><p>16.&nbsp;&nbsp; sã conducã un vehicul care emanã noxe peste limita legalã admisã ori al cãrui zgomot în mers sau staționare depãșește pragul fonic prevãzut de lege ori care are montat pe sistemul de evacuare a gazelor dispozitive neomologate;</p><p>17.&nbsp;&nbsp; sã circule cu vehiculul având plãcuțele cu numerele de înmatriculare sau de înregistrare, provizorii ori pentru probe deteriorate sau neconforme cu standardul;</p><p>18.&nbsp;&nbsp; sã sãvârșeascã acte sau gesturi obscene, sã profereze injurii, sã adreseze expresii jignitoare ori vulgare celorlalți participanți la trafic;</p><p><span style=""background-color:hsl(60, 75%, 60%);"">19.&nbsp;&nbsp; sã circule cu vehiculul avariat mai mult de 30 de zile de la data producerii avariei;</span></p><p>20.&nbsp;&nbsp; sã arunce, pe drumurile publice, din vehicul obiecte, materiale sau substanțe;</p><p>21.&nbsp;&nbsp; sã traverseze drumurile publice, pe trecerile destinate pietonilor, în timp ce se deplaseazã pe vehicule din categoriile AM, A1, A2 și A.</p>


                    </div>","https://scoaladrpciv.ro/intrebari/categoria-b/obligatiile-conducatorilor-de-autovehicule"
"1790475223-181","https://scoaladrpciv.ro/intrebari/categoria-b","Ce le este interzis conducătorilor de autovehicule şi de tramvaie?","A - să folosească telefoanele mobile în timpul mersului, fără să aibă sistem de tip „mâini libere“;","","","B - să folosească luminile de avarie în localităţi;","C - să se angajeze în discuţii cu alţi pasageri.","https://scoaladrpciv.ro/intrebare/ce-le-este-interzis-conducatorilor-de-autovehicule-si-de-tramvaie-5848","","<div class="""">
                        <h4>Articolul 36</h4><p>(1)&nbsp;&nbsp;Conducătorii de autovehicule și tractoare agricole sau forestiere și persoanele care ocupă locuri prevăzute prin construcție cu centuri sau dispozitive de siguranță omologate trebuie să le poarte în timpul circulației pe drumurile publice, cu excepția cazurilor prevăzute în regulament.</p><p>(1^1) Conducătorii de autovehicule având locuri prevăzute prin construcție cu centuri de siguranță trebuie să informeze pasagerii cu privire la obligația legală de a le purta în timpul circulației pe drumurile publice.</p><p>(1^2) Conducătorii de autovehicule având locuri prevăzute prin construcție cu centuri de siguranță au obligația să se asigure că, pe timpul conducerii vehiculului, minorii poartă centurile de siguranță sau sunt transportați numai în dispozitive de fixare în scaune pentru copii omologate, în condițiile prevăzute de regulament.</p><p>(1^3) Conducătorilor de autovehicule le este interzis să transporte copii în vârstă de până la 3 ani în autovehicule care nu sunt echipate cu sisteme de siguranță, cu excepția celor destinate transportului public de persoane, precum și a taxiurilor dacă în acestea din urmă ocupă orice alt loc decât cel de pe scaunul din față, în condițiile prevăzute în regulament.</p><p style=""margin-left:0cm;text-align:justify;"">Copiii cu vârsta de peste 3 ani, având o înălțime de până la 150 cm, pot fi transportați în autovehicule care nu sunt echipate cu sisteme de siguranță doar dacă ocupă, pe timpul transportului, orice alt loc decât cel de pe scaunul din față.</p><p>(2)&nbsp;Pe timpul deplasării pe drumurile publice, conducătorii motocicletelor, mopedelor și persoanele transportate pe acestea au obligația să poarte casca de protecție omologată.</p><p><span style=""background-color:hsl(60, 75%, 60%);"">(3)&nbsp;&nbsp;Conducătorilor de vehicule le este interzisă folosirea telefoanelor mobile atunci când aceștia se află în timpul deplasării pe drumurile publice, cu excepția celor prevăzute cu dispozitive tip «mâini libere».</span></p>


                    </div>","https://scoaladrpciv.ro/intrebari/categoria-b/obligatiile-conducatorilor-de-autovehicule"
"1790475225-182","https://scoaladrpciv.ro/intrebari/categoria-b","Conducătorul unui vehicul angajat într-un accident din care a rezultat moartea sau rănirea unei persoane poate părăsi locul faptei fără încuviințarea poliției?","C - nu, întrucât fapta constituie infracțiune.","","","A - da, dacă vehiculul a blocat circulația;","B - da, dacă accidentul nu s-a produs din vina sa;","https://scoaladrpciv.ro/intrebare/conducatorul-unui-vehicul-angajat-intr-un-accident-din-care-a-rezultat-moartea-sau-ranirea-unei-persoane-poate-parasi-locul-faptei-fara-incuviintarea-politiei-3a91","","<div class="""">
                        <h4>Articolul 77</h4><p><span style=""background-color:hsl(60, 75%, 60%);"">(1)&nbsp;&nbsp;&nbsp;Conducătorul unui vehicul implicat într-un accident de circulație în urma căruia a rezultat moartea sau vătămarea integrității corporale ori a sănătății unei persoane este obligat să ia măsuri de anunțare imediată a poliției, să nu modifice sau să șteargă urmele accidentului și să nu părăsească locul faptei.</span></p><p>(2)&nbsp;&nbsp;Orice persoană care este implicată sau are cunoștință de producerea unui accident de circulație în urma căruia a rezultat moartea sau vătămarea integrității corporale ori a sănătății uneia sau a mai multor persoane, precum și în situația în care în eveniment este implicat un vehicul care transportă mărfuri periculoase este obligată să anunțe de îndată poliția și să apeleze numărul național unic pentru apeluri de urgență 112, existent în rețelele de telefonie din România.</p><p>(3)&nbsp;&nbsp;&nbsp;Este interzis oricărei persoane să schimbe poziția vehiculului implicat într-un accident de circulație în urma căruia a rezultat moartea sau vătămarea integrității corporale ori a sănătății uneia sau a mai multor persoane, să modifice starea locului sau să șteargă urmele accidentului fără încuviințarea poliției care cercetează accidentul.</p>


                    </div>","https://scoaladrpciv.ro/intrebari/categoria-b/obligatiile-conducatorilor-de-autovehicule"
"1790475228-183","https://scoaladrpciv.ro/intrebari/categoria-b","Ce obligații are conducătorul auto atunci când un polițist îi solicită documentele?","C - să înmâneze documentele prevăzute de lege.","","","A - să prezinte certificatul de înmatriculare și cartea de identitate a vehiculului;","B - să prezinte documentele personale;","https://scoaladrpciv.ro/intrebare/ce-obligatii-are-conducatorul-auto-atunci-cand-un-politist-ii-solicita-documentele-c672","","<div class="""">
                        <h4>Articolul 35</h4><p>(1)&nbsp;Participanții la trafic trebuie să aibă un comportament care să nu afecteze fluența și siguranța circulației, să nu pună în pericol viața sau integritatea corporala a persoanelor și să nu aducă prejudicii proprietății publice ori private.</p><p><span style=""background-color:hsl(60, 75%, 60%);"">(2)&nbsp;&nbsp;Participanții la trafic sunt obligați ca, la cererea polițistului rutier, să înmâneze acestuia documentul de identitate sau, după caz, permisul de conducere, documentul de înmatriculare ori de înregistrare a vehiculului condus, documentele referitoare la bunurile transportate, precum și alte documente prevăzute de lege.</span></p><p>(3) În exercitarea atribuțiilor care îi revin, polițistul rutier are dreptul să verifice vehiculul, precum și identitatea conducătorului sau a pasagerilor aflați în interiorul acestuia atunci când exista indicii despre săvârșirea unei fapte de natura contravențională sau penală.</p><p>(4)&nbsp;&nbsp; În exercitarea atribuțiilor de dirijare a circulației rutiere, polițiștii rutieri sunt obligați să poarte uniforma cu înscrisuri și însemne distinctive.</p><p>(4^1) Funcționarii din cadrul Autorității Vamale Române, respectiv al Agenției Naționale de Administrare Fiscală, care, în scopul exercitării atribuțiilor de control specifice, efectuează semnale de oprire pentru conducătorii autovehiculelor, sunt obligați să poarte uniformă cu înscrisuri și însemne distinctive și mijloace de protecție fluorescent-reflectorizante pe fond de culoare verde, respectiv roșie, stabilite prin hotărâre a Guvernului.</p><p>(5)&nbsp;&nbsp;Polițiștii de frontiera, îndrumătorii de circulație ai Ministerului Apărării Naționale, agenții căilor ferate, personalul autorizat din zona lucrărilor pe drumurile publice, precum și membrii patrulelor școlare de circulație sunt obligați ca, pe timpul exercitării atribuțiilor, să poarte echipament de protecție-avertizare fluorescent-reflectorizant.</p><p>(6)&nbsp;Conducătorii autovehiculelor și tractoarelor agricole sau forestiere cu masa maximă autorizată mai mare de 3,5 tone sunt obligați să poarte echipament de protecție-avertizare fluorescent-reflectorizant atunci când execută intervenții la vehiculul care se află pe partea carosabilă a drumului public.</p><p>(7)&nbsp;&nbsp;&nbsp;Nevăzătorii sunt obligați să poarte în deplasarea pe drumurile publice baston de culoare alba.</p>


                    </div>","https://scoaladrpciv.ro/intrebari/categoria-b/obligatiile-conducatorilor-de-autovehicule"
"1790475230-184","https://scoaladrpciv.ro/intrebari/categoria-b","Conducătorilor de vehicule le este interzis:","A - să lase volanul liber;","C - să aplice afişe şi reclame publicitare pe parbriz, pe lunetă sau pe geamurile laterale.","","B - să claxoneze;","","https://scoaladrpciv.ro/intrebare/conducatorilor-de-vehicule-le-este-interzis-93b5","","<div class="""">
                        <h4>Articolul 148</h4><p>Se interzice conducãtorului de autovehicul, tractor agricol sau forestier ori tramvai:</p><p>1.&nbsp;&nbsp; sã conducã un autovehicul, tractor agricol sau forestier ori tramvai cu dovada înlocuitoare a permisului de conducere eliberatã fãrã drept de circulație sau a cãrei valabilitate a expirat;</p><p>2.&nbsp;&nbsp; sã transporte în autovehicul, tractor agricol sau forestier ori tramvai mai multe persoane decât numãrul de locuri stabilite în certificatul de înmatriculare sau de înregistrare;</p><p>3.&nbsp;&nbsp; sã transporte persoane în stare de ebrietate pe autovehicule din categoriile AM, A1, A2 și A sau în cabina ori în caroseria autovehiculului destinat transportului de mãrfuri;</p><p>4.&nbsp;&nbsp; sã transporte persoane în caroseria autobasculantei, pe autocisternã, pe platformã, deasupra încãrcãturii, pe pãrțile laterale ale caroseriei sau persoane care stau în picioare în caroseria autocamionului, pe scãri și în remorcã, cu excepția celei special amenajate pentru transportul persoanelor;</p><p>5.&nbsp;&nbsp; sã transporte în și pe autoturism obiecte a cãror lungime sau lãțime depãșește, împreunã cu încãrcãtura, dimensiunile acestuia;</p><p>6.&nbsp;&nbsp; sã deschidã ușile vehiculului sau tramvaiului în timpul mersului, sã porneascã de pe loc cu ușile deschise;</p><p>7.&nbsp;&nbsp; sã aibã în timpul mersului preocupãri de naturã a-i distrage în mod periculos atenția ori sã foloseascã instalații de sonorizare la un nivel de zgomot care ar afecta deplasarea în siguranțã a lui și a celorlalți participanți la trafic;</p><p>8.&nbsp;&nbsp; sã intre pe drumurile modernizate cu vehiculul care are pe roți sau pe caroserie noroi ce se depune pe partea carosabilã ori din care cad sau se scurg produse, substanțe ori materiale ce pot pune în pericol siguranța circulației;</p><p>9.&nbsp;&nbsp; sã aibã aplicate pe parbriz, lunetã sau pe geamurile laterale afișe, reclame publicitare, înscrisuri ori accesorii, care restrâng sau estompeazã vizibilitatea conducãtorului ori a pasagerilor, atât din interior, cât și din exterior;</p><p><span style=""background-color:hsl(60, 75%, 60%);"">10.&nbsp;&nbsp; sã aibã aplicate folii sau tratamente chimice pe parbrize, lunetã ori pe geamurile laterale, care restrâng sau estompeazã vizibilitatea, atât din interior, cât și din exterior, cu excepția celor omologate și certificate, prin marcaj corespunzãtor, de cãtre autoritatea competentã;</span></p><p>11.&nbsp;&nbsp; sã aibã aplicate folii sau tratamente chimice pe dispozitivele de iluminare ori semnalizare luminoasã, care diminueazã eficacitatea acestora, precum și pe plãcuțele cu numãrul de înmatriculare sau de înregistrare, care împiedicã citirea numãrului de înmatriculare sau de înregistrare;</p><p><span style=""background-color:hsl(60, 75%, 60%);"">12.&nbsp;&nbsp; sã lase liber în timpul mersului volanul, ghidonul sau maneta de comandã, sã opreascã motorul ori sã decupleze transmisia în timpul mersului;</span></p><p>13.&nbsp;&nbsp; sã foloseascã în mod abuziv mijloacele de avertizare sonorã;</p><p>14.&nbsp;&nbsp; sã circule cu autovehiculul cu masa totalã maximã autorizatã mai mare de 3,5 tone pe drumurile acoperite cu zãpadã, gheațã sau polei, fãrã a avea montate pe roți lanțuri sau alte echipamente antiderapante omologate, în perioadele și pe drumurile stabilite prin ordin al ministrului transporturilor, construcțiilor și turismului;</p><p>15.&nbsp;&nbsp; sã circule având montate pe autovehicul și tractor agricol sau forestier anvelope cu alte dimensiuni ori caracteristici decât cele prevãzute în certificatul de înmatriculare sau de înregistrare ori care prezintã tãieturi sau rupturi ale cordului ori sunt uzate peste limita admisã;</p><p>16.&nbsp;&nbsp; sã conducã un vehicul care emanã noxe peste limita legalã admisã ori al cãrui zgomot în mers sau staționare depãșește pragul fonic prevãzut de lege ori care are montat pe sistemul de evacuare a gazelor dispozitive neomologate;</p><p>17.&nbsp;&nbsp; sã circule cu vehiculul având plãcuțele cu numerele de înmatriculare sau de înregistrare, provizorii ori pentru probe deteriorate sau neconforme cu standardul;</p><p>18.&nbsp;&nbsp; sã sãvârșeascã acte sau gesturi obscene, sã profereze injurii, sã adreseze expresii jignitoare ori vulgare celorlalți participanți la trafic;</p><p>19.&nbsp;&nbsp; sã circule cu vehiculul avariat mai mult de 30 de zile de la data producerii avariei;</p><p>20.&nbsp;&nbsp; sã arunce, pe drumurile publice, din vehicul obiecte, materiale sau substanțe;</p><p>21.&nbsp;&nbsp; sã traverseze drumurile publice, pe trecerile destinate pietonilor, în timp ce se deplaseazã pe vehicule din categoriile AM, A1, A2 și A.</p>


                    </div>","https://scoaladrpciv.ro/intrebari/categoria-b/obligatiile-conducatorilor-de-autovehicule"
"1790475232-185","https://scoaladrpciv.ro/intrebari/categoria-b","Ce obligații are conducătorul unui vehicul, dacă a obținut permis de conducere de mai puțin de un an?","A - să circule cu semnul distinctiv aplicat regulamentar;","","","B - să emită semnale acustice ori de câte ori efectuează o depășire;","C - să circule cu faza de drum în funcțiune, inclusiv pe timp de zi.","https://scoaladrpciv.ro/intrebare/ce-obligatii-are-conducatorul-unui-vehicul-daca-a-obtinut-permis-de-conducere-de-mai-putin-de-un-an-d146","","<div class="""">
                        <h4>Articolul 149</h4><p><span style=""background-color:hsl(60, 75%, 60%);"">(1)&nbsp;&nbsp; Conducãtorul de autovehicul, tractor agricol sau forestier ori de tramvai cu o vechime mai micã de un an de la data obținerii permisului de conducere are obligația de a aplica semnul distinctiv sub forma unui disc de culoare galbenã, cu diametrul de 100 mm, care are în centru semnul exclamãrii, de culoare neagrã, cu lungimea de 60 mm și diametrul punctului de 10 mm, dupã cum urmeazã:</span></p><ul style=""list-style-type:circle;""><li>&nbsp;a)&nbsp;&nbsp; la autovehiculele din categoriile AM, A1, A2 și A, în partea din spate, lângã numãrul de înmatriculare sau înregistrare, dupã caz;</li><li>&nbsp;b)&nbsp;&nbsp; la celelalte vehicule, pe parbriz, în partea din dreapta jos și pe lunetã, în partea stângã jos;</li><li>&nbsp;c)&nbsp;&nbsp; la vehiculul care nu este prevãzut cu lunetã, pe parbriz în partea din dreapta jos și pe caroserie în partea din spate stânga sus;</li><li>&nbsp;d)&nbsp;&nbsp; la tramvai, pe parbriz în partea din dreapta jos și pe luneta ultimului vagon în partea din spate stânga sus;</li><li>&nbsp;e)&nbsp;&nbsp; la vehiculul care tracteazã o remorcã, pe parbrizul vehiculului în partea din dreapta jos și pe caroseria remorcii în partea din spate stânga sus.</li></ul><p>(2) Conducãtorului de vehicul prevãzut la alin. (1) îi este interzis:</p><ul style=""list-style-type:circle;""><li>a)&nbsp;&nbsp; sã conducã autovehicule care transporta mãrfuri sau produse periculoase;</li><li>b)&nbsp;&nbsp; sã conducã vehicule destinate testãrii sau cele pentru probe;</li><li>c)&nbsp;&nbsp; sã conducã vehicule destinate transportului public de persoane, inclusiv în regim de taxi.</li></ul>


                    </div>","https://scoaladrpciv.ro/intrebari/categoria-b/obligatiile-conducatorilor-de-autovehicule"
"1790475235-186","https://scoaladrpciv.ro/intrebari/categoria-b","Ce îi este interzis conducătorului de vehicule pe timpul deplasării pe un drum public?","A - să transporte în vehicul mai multe persoane decât numărul de locuri înscrise în certificatul de înmatriculare sau înregistrare;","","","B - să permită controlul stării tehnice a vehiculului, precum și al bunurilor transportate;","C - să deschidă ușile vehiculului atunci când este parcat.","https://scoaladrpciv.ro/intrebare/ce-ii-este-interzis-conducatorului-de-vehicule-pe-timpul-deplasarii-pe-un-drum-public-6960","","<div class="""">
                        <h4>Articolul 148</h4><p>Se interzice conducãtorului de autovehicul, tractor agricol sau forestier ori tramvai:</p><p>1.&nbsp;&nbsp; sã conducã un autovehicul, tractor agricol sau forestier ori tramvai cu dovada înlocuitoare a permisului de conducere eliberatã fãrã drept de circulație sau a cãrei valabilitate a expirat;</p><p><span style=""background-color:hsl(60, 75%, 60%);"">2.&nbsp;&nbsp; sã transporte în autovehicul, tractor agricol sau forestier ori tramvai mai multe persoane decât numãrul de locuri stabilite în certificatul de înmatriculare sau de înregistrare;</span></p><p>3.&nbsp;&nbsp; sã transporte persoane în stare de ebrietate pe autovehicule din categoriile AM, A1, A2 și A sau în cabina ori în caroseria autovehiculului destinat transportului de mãrfuri;</p><p>4.&nbsp;&nbsp; sã transporte persoane în caroseria autobasculantei, pe autocisternã, pe platformã, deasupra încãrcãturii, pe pãrțile laterale ale caroseriei sau persoane care stau în picioare în caroseria autocamionului, pe scãri și în remorcã, cu excepția celei special amenajate pentru transportul persoanelor;</p><p>5.&nbsp;&nbsp; sã transporte în și pe autoturism obiecte a cãror lungime sau lãțime depãșește, împreunã cu încãrcãtura, dimensiunile acestuia;</p><p>6.&nbsp;&nbsp; sã deschidã ușile vehiculului sau tramvaiului în timpul mersului, sã porneascã de pe loc cu ușile deschise;</p><p>7.&nbsp;&nbsp; sã aibã în timpul mersului preocupãri de naturã a-i distrage în mod periculos atenția ori sã foloseascã instalații de sonorizare la un nivel de zgomot care ar afecta deplasarea în siguranțã a lui și a celorlalți participanți la trafic;</p><p>8.&nbsp;&nbsp; sã intre pe drumurile modernizate cu vehiculul care are pe roți sau pe caroserie noroi ce se depune pe partea carosabilã ori din care cad sau se scurg produse, substanțe ori materiale ce pot pune în pericol siguranța circulației;</p><p>9.&nbsp;&nbsp; sã aibã aplicate pe parbriz, lunetã sau pe geamurile laterale afișe, reclame publicitare, înscrisuri ori accesorii, care restrâng sau estompeazã vizibilitatea conducãtorului ori a pasagerilor, atât din interior, cât și din exterior;</p><p>10.&nbsp;&nbsp; sã aibã aplicate folii sau tratamente chimice pe parbrize, lunetã ori pe geamurile laterale, care restrâng sau estompeazã vizibilitatea, atât din interior, cât și din exterior, cu excepția celor omologate și certificate, prin marcaj corespunzãtor, de cãtre autoritatea competentã;</p><p>11.&nbsp;&nbsp; sã aibã aplicate folii sau tratamente chimice pe dispozitivele de iluminare ori semnalizare luminoasã, care diminueazã eficacitatea acestora, precum și pe plãcuțele cu numãrul de înmatriculare sau de înregistrare, care împiedicã citirea numãrului de înmatriculare sau de înregistrare;</p><p>12.&nbsp;&nbsp; sã lase liber în timpul mersului volanul, ghidonul sau maneta de comandã, sã opreascã motorul ori sã decupleze transmisia în timpul mersului;</p><p>13.&nbsp;&nbsp; sã foloseascã în mod abuziv mijloacele de avertizare sonorã;</p><p>14.&nbsp;&nbsp; sã circule cu autovehiculul cu masa totalã maximã autorizatã mai mare de 3,5 tone pe drumurile acoperite cu zãpadã, gheațã sau polei, fãrã a avea montate pe roți lanțuri sau alte echipamente antiderapante omologate, în perioadele și pe drumurile stabilite prin ordin al ministrului transporturilor, construcțiilor și turismului;</p><p>15.&nbsp;&nbsp; sã circule având montate pe autovehicul și tractor agricol sau forestier anvelope cu alte dimensiuni ori caracteristici decât cele prevãzute în certificatul de înmatriculare sau de înregistrare ori care prezintã tãieturi sau rupturi ale cordului ori sunt uzate peste limita admisã;</p><p>16.&nbsp;&nbsp; sã conducã un vehicul care emanã noxe peste limita legalã admisã ori al cãrui zgomot în mers sau staționare depãșește pragul fonic prevãzut de lege ori care are montat pe sistemul de evacuare a gazelor dispozitive neomologate;</p><p>17.&nbsp;&nbsp; sã circule cu vehiculul având plãcuțele cu numerele de înmatriculare sau de înregistrare, provizorii ori pentru probe deteriorate sau neconforme cu standardul;</p><p>18.&nbsp;&nbsp; sã sãvârșeascã acte sau gesturi obscene, sã profereze injurii, sã adreseze expresii jignitoare ori vulgare celorlalți participanți la trafic;</p><p>19.&nbsp;&nbsp; sã circule cu vehiculul avariat mai mult de 30 de zile de la data producerii avariei;</p><p>20.&nbsp;&nbsp; sã arunce, pe drumurile publice, din vehicul obiecte, materiale sau substanțe;</p><p>21.&nbsp;&nbsp; sã traverseze drumurile publice, pe trecerile destinate pietonilor, în timp ce se deplaseazã pe vehicule din categoriile AM, A1, A2 și A.</p>


                    </div>","https://scoaladrpciv.ro/intrebari/categoria-b/obligatiile-conducatorilor-de-autovehicule"
"1790475237-187","https://scoaladrpciv.ro/intrebari/categoria-b","Ce obligații are conducătorul de vehicule când circulă pe un drum public?","B - să circule numai pe sectoarele de drum pe care îi este permis accesul și să respecte normele referitoare la masele totale maxime autorizate admise de autoritatea competentă;","","","A - să circule numai dacă verificarea medicală lunară este efectuată;","C - să se informeze din timp, la administratorii de drum, în legătură cu eventualele limite maxime și minime de viteză.","https://scoaladrpciv.ro/intrebare/ce-obligatii-are-conducatorul-de-vehicule-cand-circula-pe-un-drum-public-0bff","","<div class="""">
                        <p>Art. 147<br>Conducătorul de autovehicul sau de tramvai este obligat:<br>1. să aibă asupra sa actul de identitate, permisul de conducere, certificatul de înmatriculare sau de înregistrare şi, după caz, atestatul profesional, precum şi celelalte documente prevăzute de legislaţia în vigoare;<br><span style=""background-color:hsl(60, 75%, 60%);"">2. să circule numai pe sectoarele de drum pe care îi este permis accesul şi să respecte normele referitoare la masele totale maxime autorizate şi admise şi/sau la dimensiunile maxime admise de autoritatea competentă pentru autovehiculele conduse;</span><br>3. să verifice funcţionarea sistemului de lumini şi de semnalizare, a instalaţiei de climatizare, să menţină permanent curate parbrizul, luneta şi geamurile laterale ale autovehiculului, precum şi plăcuţele cu numărul de înmatriculare sau înregistrare ale autovehiculului şi remorcii;<br>4. să permită controlul stării tehnice a vehiculului, precum şi al bunurilor transportate, în condiţiile legii;<br>5. să se prezinte la verificarea medicală periodică, potrivit legii;<br>6. să aplice pe parbrizul şi pe luneta autovehiculului semnul distinctiv stabilit pentru conducătorii de autovehicule începători, dacă are o vechime mai mică de un an de la obţinerea permisului de conducere.</p>


                    </div>","https://scoaladrpciv.ro/intrebari/categoria-b/obligatiile-conducatorilor-de-autovehicule"
"1790475239-188","https://scoaladrpciv.ro/intrebari/categoria-b","Ați accidentat un pieton care traversa strada neregulamentar. Ce obligații legale vă revin?","A - anunțați imediat poliția, nu modificați sau ștergeți urmele accidentului și rămâneți pe loc;","","","B - vă prezentați de urgență la cea mai apropiată unitate de poliție;","C - deoarece vinovăția nu vă aparține, puteți continua drumul dacă accidentul nu este grav.","https://scoaladrpciv.ro/intrebare/ati-accidentat-un-pieton-care-traversa-strada-neregulamentar-ce-obligatii-legale-va-revin-ef4d","","<div class="""">
                        <p>Art. 77<br><span style=""background-color:hsl(60, 75%, 60%);"">(1) Conducatorul unui vehicul implicat intr-un accident de circulatie in urma caruia a rezultat moartea sau vatamarea integritatii corporale ori a sanatatii unei persoane este obligat sa ia masuri de anuntare imediata a politiei, sa nu modifice sau sa stearga urmele accidentului si sa nu paraseasca locul faptei.</span><br>(2) Orice persoana care este implicata sau are cunostinta de producerea unui accident de circulatie in urma caruia a rezultat moartea sau vatamarea integritatii corporale ori a sanatatii uneia sau mai multor persoane, precum si in situatia in care in eveniment este implicat un vehicul care transporta marfuri periculoase este obligata sa anunte de indata politia si sa apeleze numarul national unic pentru apeluri de urgenta 112, existent in retelele de telefonie din Romania.<br>(3) Este interzis oricarei persoane sa schimbe pozitia vehiculului implicat intr-un accident de circulatie in urma caruia a rezultat moartea sau vatamarea integritatii corporale ori a sanatatii uneia sau mai multor persoane, sa modifice starea locului sau sa stearga urmele accidentului fara incuviintarea politiei care cerceteaza accidentul.</p>


                    </div>","https://scoaladrpciv.ro/intrebari/categoria-b/obligatiile-conducatorilor-de-autovehicule"
"1790475241-189","https://scoaladrpciv.ro/intrebari/categoria-b","Intenţionaţi să transportaţi o încărcătură cu autoturismul personal. Ce trebuie să aveţi  în vedere?","C - să nu fie depăşite lungimea, lăţimea şi greutatea admise.","","","A - în faţă, încărcătura poate depăşi cu un metru limitele vehiculului;","B - încărcătura să nu fie voluminoasă;","https://scoaladrpciv.ro/intrebare/intentionati-sa-transportati-o-incarcatura-cu-autoturismul-personal-ce-trebuie-sa-aveti-in-vedere-421b","","<div class="""">
                        <h4>Articolul 148</h4><p>Se interzice conducãtorului de autovehicul, tractor agricol sau forestier ori tramvai:</p><p>1.&nbsp;&nbsp; sã conducã un autovehicul, tractor agricol sau forestier ori tramvai cu dovada înlocuitoare a permisului de conducere eliberatã fãrã drept de circulație sau a cãrei valabilitate a expirat;</p><p>2.&nbsp;&nbsp; sã transporte în autovehicul, tractor agricol sau forestier ori tramvai mai multe persoane decât numãrul de locuri stabilite în certificatul de înmatriculare sau de înregistrare;</p><p>3.&nbsp;&nbsp; sã transporte persoane în stare de ebrietate pe autovehicule din categoriile AM, A1, A2 și A sau în cabina ori în caroseria autovehiculului destinat transportului de mãrfuri;</p><p>4.&nbsp;&nbsp; sã transporte persoane în caroseria autobasculantei, pe autocisternã, pe platformã, deasupra încãrcãturii, pe pãrțile laterale ale caroseriei sau persoane care stau în picioare în caroseria autocamionului, pe scãri și în remorcã, cu excepția celei special amenajate pentru transportul persoanelor;</p><p><span style=""background-color:hsl(60, 75%, 60%);"">5.&nbsp;&nbsp; sã transporte în și pe autoturism obiecte a cãror lungime sau lãțime depãșește, împreunã cu încãrcãtura, dimensiunile acestuia;</span></p><p>6.&nbsp;&nbsp; sã deschidã ușile vehiculului sau tramvaiului în timpul mersului, sã porneascã de pe loc cu ușile deschise;</p><p>7.&nbsp;&nbsp; sã aibã în timpul mersului preocupãri de naturã a-i distrage în mod periculos atenția ori sã foloseascã instalații de sonorizare la un nivel de zgomot care ar afecta deplasarea în siguranțã a lui și a celorlalți participanți la trafic;</p><p>8.&nbsp;&nbsp; sã intre pe drumurile modernizate cu vehiculul care are pe roți sau pe caroserie noroi ce se depune pe partea carosabilã ori din care cad sau se scurg produse, substanțe ori materiale ce pot pune în pericol siguranța circulației;</p><p>9.&nbsp;&nbsp; sã aibã aplicate pe parbriz, lunetã sau pe geamurile laterale afișe, reclame publicitare, înscrisuri ori accesorii, care restrâng sau estompeazã vizibilitatea conducãtorului ori a pasagerilor, atât din interior, cât și din exterior;</p><p>10.&nbsp;&nbsp; sã aibã aplicate folii sau tratamente chimice pe parbrize, lunetã ori pe geamurile laterale, care restrâng sau estompeazã vizibilitatea, atât din interior, cât și din exterior, cu excepția celor omologate și certificate, prin marcaj corespunzãtor, de cãtre autoritatea competentã;</p><p>11.&nbsp;&nbsp; sã aibã aplicate folii sau tratamente chimice pe dispozitivele de iluminare ori semnalizare luminoasã, care diminueazã eficacitatea acestora, precum și pe plãcuțele cu numãrul de înmatriculare sau de înregistrare, care împiedicã citirea numãrului de înmatriculare sau de înregistrare;</p><p>12.&nbsp;&nbsp; sã lase liber în timpul mersului volanul, ghidonul sau maneta de comandã, sã opreascã motorul ori sã decupleze transmisia în timpul mersului;</p><p>13.&nbsp;&nbsp; sã foloseascã în mod abuziv mijloacele de avertizare sonorã;</p><p>14.&nbsp;&nbsp; sã circule cu autovehiculul cu masa totalã maximã autorizatã mai mare de 3,5 tone pe drumurile acoperite cu zãpadã, gheațã sau polei, fãrã a avea montate pe roți lanțuri sau alte echipamente antiderapante omologate, în perioadele și pe drumurile stabilite prin ordin al ministrului transporturilor, construcțiilor și turismului;</p><p>15.&nbsp;&nbsp; sã circule având montate pe autovehicul și tractor agricol sau forestier anvelope cu alte dimensiuni ori caracteristici decât cele prevãzute în certificatul de înmatriculare sau de înregistrare ori care prezintã tãieturi sau rupturi ale cordului ori sunt uzate peste limita admisã;</p><p>16.&nbsp;&nbsp; sã conducã un vehicul care emanã noxe peste limita legalã admisã ori al cãrui zgomot în mers sau staționare depãșește pragul fonic prevãzut de lege ori care are montat pe sistemul de evacuare a gazelor dispozitive neomologate;</p><p>17.&nbsp;&nbsp; sã circule cu vehiculul având plãcuțele cu numerele de înmatriculare sau de înregistrare, provizorii ori pentru probe deteriorate sau neconforme cu standardul;</p><p>18.&nbsp;&nbsp; sã sãvârșeascã acte sau gesturi obscene, sã profereze injurii, sã adreseze expresii jignitoare ori vulgare celorlalți participanți la trafic;</p><p>19.&nbsp;&nbsp; sã circule cu vehiculul avariat mai mult de 30 de zile de la data producerii avariei;</p><p>20.&nbsp;&nbsp; sã arunce, pe drumurile publice, din vehicul obiecte, materiale sau substanțe;</p><p>21.&nbsp;&nbsp; sã traverseze drumurile publice, pe trecerile destinate pietonilor, în timp ce se deplaseazã pe vehicule din categoriile AM, A1, A2 și A.</p>


                    </div>","https://scoaladrpciv.ro/intrebari/categoria-b/obligatiile-conducatorilor-de-autovehicule"
"1790475244-190","https://scoaladrpciv.ro/intrebari/categoria-b","Conducătorilor de vehicule le este interzis:","A - să profereze injurii;","B - să săvârşească acte sau gesturi obscene;","C - să adreseze celorlalţi participanţi la trafic expresii jignitoare sau vulgare.","","","https://scoaladrpciv.ro/intrebare/conducatorilor-de-vehicule-le-este-interzis-d139","","<div class="""">
                        <h4>Articolul 148</h4><p>Se interzice conducãtorului de autovehicul, tractor agricol sau forestier ori tramvai:</p><p>1.&nbsp;&nbsp; sã conducã un autovehicul, tractor agricol sau forestier ori tramvai cu dovada înlocuitoare a permisului de conducere eliberatã fãrã drept de circulație sau a cãrei valabilitate a expirat;</p><p>2.&nbsp;&nbsp; sã transporte în autovehicul, tractor agricol sau forestier ori tramvai mai multe persoane decât numãrul de locuri stabilite în certificatul de înmatriculare sau de înregistrare;</p><p>3.&nbsp;&nbsp; sã transporte persoane în stare de ebrietate pe autovehicule din categoriile AM, A1, A2 și A sau în cabina ori în caroseria autovehiculului destinat transportului de mãrfuri;</p><p>4.&nbsp;&nbsp; sã transporte persoane în caroseria autobasculantei, pe autocisternã, pe platformã, deasupra încãrcãturii, pe pãrțile laterale ale caroseriei sau persoane care stau în picioare în caroseria autocamionului, pe scãri și în remorcã, cu excepția celei special amenajate pentru transportul persoanelor;</p><p>5.&nbsp;&nbsp; sã transporte în și pe autoturism obiecte a cãror lungime sau lãțime depãșește, împreunã cu încãrcãtura, dimensiunile acestuia;</p><p>6.&nbsp;&nbsp; sã deschidã ușile vehiculului sau tramvaiului în timpul mersului, sã porneascã de pe loc cu ușile deschise;</p><p>7.&nbsp;&nbsp; sã aibã în timpul mersului preocupãri de naturã a-i distrage în mod periculos atenția ori sã foloseascã instalații de sonorizare la un nivel de zgomot care ar afecta deplasarea în siguranțã a lui și a celorlalți participanți la trafic;</p><p>8.&nbsp;&nbsp; sã intre pe drumurile modernizate cu vehiculul care are pe roți sau pe caroserie noroi ce se depune pe partea carosabilã ori din care cad sau se scurg produse, substanțe ori materiale ce pot pune în pericol siguranța circulației;</p><p>9.&nbsp;&nbsp; sã aibã aplicate pe parbriz, lunetã sau pe geamurile laterale afișe, reclame publicitare, înscrisuri ori accesorii, care restrâng sau estompeazã vizibilitatea conducãtorului ori a pasagerilor, atât din interior, cât și din exterior;</p><p>10.&nbsp;&nbsp; sã aibã aplicate folii sau tratamente chimice pe parbrize, lunetã ori pe geamurile laterale, care restrâng sau estompeazã vizibilitatea, atât din interior, cât și din exterior, cu excepția celor omologate și certificate, prin marcaj corespunzãtor, de cãtre autoritatea competentã;</p><p>11.&nbsp;&nbsp; sã aibã aplicate folii sau tratamente chimice pe dispozitivele de iluminare ori semnalizare luminoasã, care diminueazã eficacitatea acestora, precum și pe plãcuțele cu numãrul de înmatriculare sau de înregistrare, care împiedicã citirea numãrului de înmatriculare sau de înregistrare;</p><p>12.&nbsp;&nbsp; sã lase liber în timpul mersului volanul, ghidonul sau maneta de comandã, sã opreascã motorul ori sã decupleze transmisia în timpul mersului;</p><p>13.&nbsp;&nbsp; sã foloseascã în mod abuziv mijloacele de avertizare sonorã;</p><p>14.&nbsp;&nbsp; sã circule cu autovehiculul cu masa totalã maximã autorizatã mai mare de 3,5 tone pe drumurile acoperite cu zãpadã, gheațã sau polei, fãrã a avea montate pe roți lanțuri sau alte echipamente antiderapante omologate, în perioadele și pe drumurile stabilite prin ordin al ministrului transporturilor, construcțiilor și turismului;</p><p>15.&nbsp;&nbsp; sã circule având montate pe autovehicul și tractor agricol sau forestier anvelope cu alte dimensiuni ori caracteristici decât cele prevãzute în certificatul de înmatriculare sau de înregistrare ori care prezintã tãieturi sau rupturi ale cordului ori sunt uzate peste limita admisã;</p><p>16.&nbsp;&nbsp; sã conducã un vehicul care emanã noxe peste limita legalã admisã ori al cãrui zgomot în mers sau staționare depãșește pragul fonic prevãzut de lege ori care are montat pe sistemul de evacuare a gazelor dispozitive neomologate;</p><p>17.&nbsp;&nbsp; sã circule cu vehiculul având plãcuțele cu numerele de înmatriculare sau de înregistrare, provizorii ori pentru probe deteriorate sau neconforme cu standardul;</p><p><span style=""background-color:hsl(60, 75%, 60%);"">18.&nbsp;&nbsp; sã sãvârșeascã acte sau gesturi obscene, sã profereze injurii, sã adreseze expresii jignitoare ori vulgare celorlalți participanți la trafic;</span></p><p>19.&nbsp;&nbsp; sã circule cu vehiculul avariat mai mult de 30 de zile de la data producerii avariei;</p><p>20.&nbsp;&nbsp; sã arunce, pe drumurile publice, din vehicul obiecte, materiale sau substanțe;</p><p>21.&nbsp;&nbsp; sã traverseze drumurile publice, pe trecerile destinate pietonilor, în timp ce se deplaseazã pe vehicule din categoriile AM, A1, A2 și A.</p>


                    </div>","https://scoaladrpciv.ro/intrebari/categoria-b/obligatiile-conducatorilor-de-autovehicule"
"1790475246-191","https://scoaladrpciv.ro/intrebari/categoria-b","Conducătorilor de vehicule le este interzis în timpul mersului:","B - să arunce orice fel de obiecte pe drumul public;","","","A - să fumeze;","C - să se angajeze în discuții cu ceilalți ocupanți ai autovehiculului.","https://scoaladrpciv.ro/intrebare/conducatorilor-de-vehicule-le-este-interzis-in-timpul-mersului-a836","","<div class="""">
                        <h4>Articolul 148</h4><p>Se interzice conducãtorului de autovehicul, tractor agricol sau forestier ori tramvai:</p><p>1.&nbsp;&nbsp; sã conducã un autovehicul, tractor agricol sau forestier ori tramvai cu dovada înlocuitoare a permisului de conducere eliberatã fãrã drept de circulație sau a cãrei valabilitate a expirat;</p><p>2.&nbsp;&nbsp; sã transporte în autovehicul, tractor agricol sau forestier ori tramvai mai multe persoane decât numãrul de locuri stabilite în certificatul de înmatriculare sau de înregistrare;</p><p>3.&nbsp;&nbsp; sã transporte persoane în stare de ebrietate pe autovehicule din categoriile AM, A1, A2 și A sau în cabina ori în caroseria autovehiculului destinat transportului de mãrfuri;</p><p>4.&nbsp;&nbsp; sã transporte persoane în caroseria autobasculantei, pe autocisternã, pe platformã, deasupra încãrcãturii, pe pãrțile laterale ale caroseriei sau persoane care stau în picioare în caroseria autocamionului, pe scãri și în remorcã, cu excepția celei special amenajate pentru transportul persoanelor;</p><p>5.&nbsp;&nbsp; sã transporte în și pe autoturism obiecte a cãror lungime sau lãțime depãșește, împreunã cu încãrcãtura, dimensiunile acestuia;</p><p>6.&nbsp;&nbsp; sã deschidã ușile vehiculului sau tramvaiului în timpul mersului, sã porneascã de pe loc cu ușile deschise;</p><p>7.&nbsp;&nbsp; sã aibã în timpul mersului preocupãri de naturã a-i distrage în mod periculos atenția ori sã foloseascã instalații de sonorizare la un nivel de zgomot care ar afecta deplasarea în siguranțã a lui și a celorlalți participanți la trafic;</p><p>8.&nbsp;&nbsp; sã intre pe drumurile modernizate cu vehiculul care are pe roți sau pe caroserie noroi ce se depune pe partea carosabilã ori din care cad sau se scurg produse, substanțe ori materiale ce pot pune în pericol siguranța circulației;</p><p>9.&nbsp;&nbsp; sã aibã aplicate pe parbriz, lunetã sau pe geamurile laterale afișe, reclame publicitare, înscrisuri ori accesorii, care restrâng sau estompeazã vizibilitatea conducãtorului ori a pasagerilor, atât din interior, cât și din exterior;</p><p>10.&nbsp;&nbsp; sã aibã aplicate folii sau tratamente chimice pe parbrize, lunetã ori pe geamurile laterale, care restrâng sau estompeazã vizibilitatea, atât din interior, cât și din exterior, cu excepția celor omologate și certificate, prin marcaj corespunzãtor, de cãtre autoritatea competentã;</p><p>11.&nbsp;&nbsp; sã aibã aplicate folii sau tratamente chimice pe dispozitivele de iluminare ori semnalizare luminoasã, care diminueazã eficacitatea acestora, precum și pe plãcuțele cu numãrul de înmatriculare sau de înregistrare, care împiedicã citirea numãrului de înmatriculare sau de înregistrare;</p><p>12.&nbsp;&nbsp; sã lase liber în timpul mersului volanul, ghidonul sau maneta de comandã, sã opreascã motorul ori sã decupleze transmisia în timpul mersului;</p><p>13.&nbsp;&nbsp; sã foloseascã în mod abuziv mijloacele de avertizare sonorã;</p><p>14.&nbsp;&nbsp; sã circule cu autovehiculul cu masa totalã maximã autorizatã mai mare de 3,5 tone pe drumurile acoperite cu zãpadã, gheațã sau polei, fãrã a avea montate pe roți lanțuri sau alte echipamente antiderapante omologate, în perioadele și pe drumurile stabilite prin ordin al ministrului transporturilor, construcțiilor și turismului;</p><p>15.&nbsp;&nbsp; sã circule având montate pe autovehicul și tractor agricol sau forestier anvelope cu alte dimensiuni ori caracteristici decât cele prevãzute în certificatul de înmatriculare sau de înregistrare ori care prezintã tãieturi sau rupturi ale cordului ori sunt uzate peste limita admisã;</p><p>16.&nbsp;&nbsp; sã conducã un vehicul care emanã noxe peste limita legalã admisã ori al cãrui zgomot în mers sau staționare depãșește pragul fonic prevãzut de lege ori care are montat pe sistemul de evacuare a gazelor dispozitive neomologate;</p><p>17.&nbsp;&nbsp; sã circule cu vehiculul având plãcuțele cu numerele de înmatriculare sau de înregistrare, provizorii ori pentru probe deteriorate sau neconforme cu standardul;</p><p>18.&nbsp;&nbsp; sã sãvârșeascã acte sau gesturi obscene, sã profereze injurii, sã adreseze expresii jignitoare ori vulgare celorlalți participanți la trafic;</p><p>19.&nbsp;&nbsp; sã circule cu vehiculul avariat mai mult de 30 de zile de la data producerii avariei;</p><p><span style=""background-color:hsl(60, 75%, 60%);"">20.&nbsp;&nbsp; sã arunce, pe drumurile publice, din vehicul obiecte, materiale sau substanțe;</span></p><p>21.&nbsp;&nbsp; sã traverseze drumurile publice, pe trecerile destinate pietonilor, în timp ce se deplaseazã pe vehicule din categoriile AM, A1, A2 și A.</p>


                    </div>","https://scoaladrpciv.ro/intrebari/categoria-b/obligatiile-conducatorilor-de-autovehicule"
"1790475248-192","https://scoaladrpciv.ro/intrebari/categoria-b","În timpul deplasării, conducătorului de vehicul îi este interzis:","B - să aibă preocupări care i-ar putea distrage, într-o manieră periculoasă, atenția;","","","A - să fumeze;","C - să acționeze asupra comenzilor instalației de sonorizare.","https://scoaladrpciv.ro/intrebare/in-timpul-deplasarii-conducatorului-de-vehicul-ii-este-interzis-5bef","","<div class="""">
                        <h4>Articolul 148</h4><p>Se interzice conducãtorului de autovehicul, tractor agricol sau forestier ori tramvai:</p><p>1.&nbsp;&nbsp; sã conducã un autovehicul, tractor agricol sau forestier ori tramvai cu dovada înlocuitoare a permisului de conducere eliberatã fãrã drept de circulație sau a cãrei valabilitate a expirat;</p><p>2.&nbsp;&nbsp; sã transporte în autovehicul, tractor agricol sau forestier ori tramvai mai multe persoane decât numãrul de locuri stabilite în certificatul de înmatriculare sau de înregistrare;</p><p>3.&nbsp;&nbsp; sã transporte persoane în stare de ebrietate pe autovehicule din categoriile AM, A1, A2 și A sau în cabina ori în caroseria autovehiculului destinat transportului de mãrfuri;</p><p>4.&nbsp;&nbsp; sã transporte persoane în caroseria autobasculantei, pe autocisternã, pe platformã, deasupra încãrcãturii, pe pãrțile laterale ale caroseriei sau persoane care stau în picioare în caroseria autocamionului, pe scãri și în remorcã, cu excepția celei special amenajate pentru transportul persoanelor;</p><p>5.&nbsp;&nbsp; sã transporte în și pe autoturism obiecte a cãror lungime sau lãțime depãșește, împreunã cu încãrcãtura, dimensiunile acestuia;</p><p>6.&nbsp;&nbsp; sã deschidã ușile vehiculului sau tramvaiului în timpul mersului, sã porneascã de pe loc cu ușile deschise;</p><p><span style=""background-color:hsl(60, 75%, 60%);"">7.&nbsp;&nbsp; sã aibã în timpul mersului preocupãri de naturã a-i distrage în mod periculos atenția ori sã foloseascã instalații de sonorizare la un nivel de zgomot care ar afecta deplasarea în siguranțã a lui și a celorlalți participanți la trafic;</span></p><p>8.&nbsp;&nbsp; sã intre pe drumurile modernizate cu vehiculul care are pe roți sau pe caroserie noroi ce se depune pe partea carosabilã ori din care cad sau se scurg produse, substanțe ori materiale ce pot pune în pericol siguranța circulației;</p><p>9.&nbsp;&nbsp; sã aibã aplicate pe parbriz, lunetã sau pe geamurile laterale afișe, reclame publicitare, înscrisuri ori accesorii, care restrâng sau estompeazã vizibilitatea conducãtorului ori a pasagerilor, atât din interior, cât și din exterior;</p><p>10.&nbsp;&nbsp; sã aibã aplicate folii sau tratamente chimice pe parbrize, lunetã ori pe geamurile laterale, care restrâng sau estompeazã vizibilitatea, atât din interior, cât și din exterior, cu excepția celor omologate și certificate, prin marcaj corespunzãtor, de cãtre autoritatea competentã;</p><p>11.&nbsp;&nbsp; sã aibã aplicate folii sau tratamente chimice pe dispozitivele de iluminare ori semnalizare luminoasã, care diminueazã eficacitatea acestora, precum și pe plãcuțele cu numãrul de înmatriculare sau de înregistrare, care împiedicã citirea numãrului de înmatriculare sau de înregistrare;</p><p>12.&nbsp;&nbsp; sã lase liber în timpul mersului volanul, ghidonul sau maneta de comandã, sã opreascã motorul ori sã decupleze transmisia în timpul mersului;</p><p>13.&nbsp;&nbsp; sã foloseascã în mod abuziv mijloacele de avertizare sonorã;</p><p>14.&nbsp;&nbsp; sã circule cu autovehiculul cu masa totalã maximã autorizatã mai mare de 3,5 tone pe drumurile acoperite cu zãpadã, gheațã sau polei, fãrã a avea montate pe roți lanțuri sau alte echipamente antiderapante omologate, în perioadele și pe drumurile stabilite prin ordin al ministrului transporturilor, construcțiilor și turismului;</p><p>15.&nbsp;&nbsp; sã circule având montate pe autovehicul și tractor agricol sau forestier anvelope cu alte dimensiuni ori caracteristici decât cele prevãzute în certificatul de înmatriculare sau de înregistrare ori care prezintã tãieturi sau rupturi ale cordului ori sunt uzate peste limita admisã;</p><p>16.&nbsp;&nbsp; sã conducã un vehicul care emanã noxe peste limita legalã admisã ori al cãrui zgomot în mers sau staționare depãșește pragul fonic prevãzut de lege ori care are montat pe sistemul de evacuare a gazelor dispozitive neomologate;</p><p>17.&nbsp;&nbsp; sã circule cu vehiculul având plãcuțele cu numerele de înmatriculare sau de înregistrare, provizorii ori pentru probe deteriorate sau neconforme cu standardul;</p><p>18.&nbsp;&nbsp; sã sãvârșeascã acte sau gesturi obscene, sã profereze injurii, sã adreseze expresii jignitoare ori vulgare celorlalți participanți la trafic;</p><p>19.&nbsp;&nbsp; sã circule cu vehiculul avariat mai mult de 30 de zile de la data producerii avariei;</p><p>20.&nbsp;&nbsp; sã arunce, pe drumurile publice, din vehicul obiecte, materiale sau substanțe;</p><p>21.&nbsp;&nbsp; sã traverseze drumurile publice, pe trecerile destinate pietonilor, în timp ce se deplaseazã pe vehicule din categoriile AM, A1, A2 și A.</p>


                    </div>","https://scoaladrpciv.ro/intrebari/categoria-b/obligatiile-conducatorilor-de-autovehicule"
"1790475250-193","https://scoaladrpciv.ro/intrebari/categoria-b","Unde trebuie să se deplaseze conducătorii de vehicule angajați într-un accident de circulație, în urma căruia au rezultat pagube materiale, pentru a obține actul de constatare?","A - la cea mai apropiată unitate de poliție competentă, în maximum 24 de ore;","","","B - la serviciul județean de poliție rutieră;","C - la unitatea de poliție în raza căreia domiciliază.","https://scoaladrpciv.ro/intrebare/unde-trebuie-sa-se-deplaseze-conducatorii-de-vehicule-angajati-intr-un-accident-de-circulatie-in-urma-caruia-au-rezultat-pagube-materiale-pentru-a-obtine-actul-de-constatare-2ab5","","<div class="""">
                        <h4>Articolul 79</h4><p>(1)&nbsp;&nbsp;Conducătorii de vehicule implicați într-un accident de circulație în urma căruia au rezultat numai avarierea vehiculelor și/sau alte pagube materiale sunt obligați:</p><ul><li>a)&nbsp;&nbsp;să scoată imediat vehiculele în afara părții carosabile ori, dacă starea vehiculelor nu permite acest lucru, să le deplaseze cât mai aproape de bordură sau acostament, semnalizându-le prezența;</li><li><span style=""background-color:hsl(60, 75%, 60%);"">b)&nbsp;&nbsp;&nbsp;să se prezinte la unitatea de poliție competentă pe raza căreia s-a produs accidentul în termen de cel mult 24 de ore de la producerea evenimentului pentru întocmirea documentelor de constatare.</span></li></ul><p>(2)&nbsp; Se exceptează de la obligațiile prevăzute la alin. (1) lit. b)*):</p><ul><li>a)&nbsp; conducătorii vehiculelor care încheie o constatare amiabilă de accident, în condițiile legii;</li><li>b)&nbsp;&nbsp;&nbsp;conducătorul de vehicul care deține o asigurare facultativă de avarii auto, iar accidentul de circulație a avut ca rezultat numai avarierea propriului vehicul.</li></ul>


                    </div>","https://scoaladrpciv.ro/intrebari/categoria-b/obligatiile-conducatorilor-de-autovehicule"
"1790475253-194","https://scoaladrpciv.ro/intrebari/categoria-b","Ce măsuri trebuie să ia conducătorul de vehicule care constată că un autoturism s-a răsturnat în afara drumului și există persoane accidentate?","A - oprește, anunță poliția și, dacă este cazul, transportă răniții la cea mai apropiată unitate sanitară;","","","B - nu are nicio obligație;","C - ajută la repunerea autovehiculului pe roți.","https://scoaladrpciv.ro/intrebare/ce-masuri-trebuie-sa-ia-conducatorul-de-vehicule-care-constata-ca-un-autoturism-s-a-rasturnat-in-afara-drumului-si-exista-persoane-accidentate-8ea1","","<div class="""">
                        <p>Art. 77<br>(1) Conducatorul unui vehicul implicat intr-un accident de circulatie in urma caruia a rezultat moartea sau vatamarea integritatii corporale ori a sanatatii unei persoane este obligat sa ia masuri de anuntare imediata a politiei, sa nu modifice sau sa stearga urmele accidentului si sa nu paraseasca locul faptei.<br><span style=""background-color:hsl(60, 75%, 60%);"">(2) Orice persoana care este implicata sau are cunostinta de producerea unui accident de circulatie in urma caruia a rezultat moartea sau vatamarea integritatii corporale ori a sanatatii uneia sau mai multor persoane, precum si in situatia in care in eveniment este implicat un vehicul care transporta marfuri periculoase este obligata sa anunte de indata politia si sa apeleze numarul national unic pentru apeluri de urgenta 112, existent in retelele de telefonie din Romania.</span><br>(3) Este interzis oricarei persoane sa schimbe pozitia vehiculului implicat intr-un accident de circulatie in urma caruia a rezultat moartea sau vatamarea integritatii corporale ori a sanatatii uneia sau mai multor persoane, sa modifice starea locului sau sa stearga urmele accidentului fara incuviintarea politiei care cerceteaza accidentul.</p>


                    </div>","https://scoaladrpciv.ro/intrebari/categoria-b/obligatiile-conducatorilor-de-autovehicule"
"1790475255-195","https://scoaladrpciv.ro/intrebari/categoria-b","Care dintre următoarele obligații revin conducătorului de vehicul?","B - să mențină curate plăcuțele cu numărul de înmatriculare, pentru a fi vizibile;","","","A - să reducă viteza, atunci când trece pe lângă un polițist de circulație aflat în serviciu pe drumul public;","C - să circule cu o viteză inferioară celei prescrise de indicatorul „Viteză minimă obligatorie“.","https://scoaladrpciv.ro/intrebare/care-dintre-urmatoarele-obligatii-revin-conducatorului-de-vehicul-eaca","","<div class="""">
                        <p>Art. 147<br>Conducătorul de autovehicul sau de tramvai este obligat:<br>1. să aibă asupra sa actul de identitate, permisul de conducere, certificatul de înmatriculare sau de înregistrare şi, după caz, atestatul profesional, precum şi celelalte documente prevăzute de legislaţia în vigoare;<br>2. să circule numai pe sectoarele de drum pe care îi este permis accesul şi să respecte normele referitoare la masele totale maxime autorizate şi admise şi/sau la dimensiunile maxime admise de autoritatea competentă pentru autovehiculele conduse;<br><span style=""background-color:hsl(60, 75%, 60%);"">3. să verifice funcţionarea sistemului de lumini şi de semnalizare, a instalaţiei de climatizare, să menţină permanent curate parbrizul, luneta şi geamurile laterale ale autovehiculului, precum şi plăcuţele cu numărul de înmatriculare sau înregistrare ale autovehiculului şi remorcii;</span><br>4. să permită controlul stării tehnice a vehiculului, precum şi al bunurilor transportate, în condiţiile legii;<br>5. să se prezinte la verificarea medicală periodică, potrivit legii;<br>6. să aplice pe parbrizul şi pe luneta autovehiculului semnul distinctiv stabilit pentru conducătorii de autovehicule începători, dacă are o vechime mai mică de un an de la obţinerea permisului de conducere.</p>


                    </div>","https://scoaladrpciv.ro/intrebari/categoria-b/obligatiile-conducatorilor-de-autovehicule"
"1790475257-196","https://scoaladrpciv.ro/intrebari/categoria-b","Bastonul alb, ridicat de un pieton care traversează strada printr-un loc nesemnalizat și nemarcat, vă obligă:","B - să opriți imediat vehiculul, pentru a permite trecerea pietonului;","","","A - nu aveți nicio obligație, întrucât locul nu este marcat sau semnalizat;","C - să reduceți viteza și să circulați cu atenție.","https://scoaladrpciv.ro/intrebare/bastonul-alb-ridicat-de-un-pieton-care-traverseaza-strada-printr-un-loc-nesemnalizat-si-nemarcat-va-obliga-3c14","","<div class="""">
                        <h4>Articolul 89</h4><p>(1)&nbsp;&nbsp; Oprirea participanților la trafic este obligatorie și la semnalele date de:</p><ul style=""list-style-type:circle;""><li>a)&nbsp; polițiștii de frontierã;</li><li>b)&nbsp;&nbsp; îndrumãtorii de circulație ai Ministerului Apãrãrii;</li><li>&nbsp;c)&nbsp; agenții de cale feratã, la trecerile la nivel;</li><li>&nbsp;d)&nbsp;&nbsp; personalul autorizat din zona lucrãrilor pe drumurile publice;</li><li>&nbsp;e)&nbsp;&nbsp; membrii patrulelor școlare de circulație, la trecerile pentru pietoni din apropierea unitãților de învãțãmânt;</li><li><span style=""background-color:hsl(60, 75%, 60%);"">&nbsp;f)&nbsp;&nbsp; nevãzãtori, prin ridicarea bastonului alb, atunci când aceștia traverseazã strada.</span></li></ul><p>(2)&nbsp;&nbsp; Persoanele prevãzute la alin. (1) lit. a)-d) pot efectua și urmãtoarele semnale:</p><ul style=""list-style-type:circle;""><li>a)&nbsp;&nbsp; balansarea brațului în plan vertical, cu palma mâinii orientatã cãtre sol sau cu un mijloc de semnalizare, care semnificã reducerea vitezei;</li><li>b)&nbsp;&nbsp; rotirea vioaie a brațului, care semnificã mãrirea vitezei de deplasare a vehiculelor, inclusiv grãbirea traversãrii drumului de cãtre pietoni.</li></ul>


                    </div>","https://scoaladrpciv.ro/intrebari/categoria-b/obligatiile-conducatorilor-de-autovehicule"
"1790475260-197","https://scoaladrpciv.ro/intrebari/categoria-b","La cererea polițistului rutier, împreună cu reprezentantul autorităților abilitate, conducătorul auto este obligat:","C - să permită controlul stării tehnice a vehiculului, precum și al bunurilor transportate.","","","A - să prezinte documentele de călătorie;","B - să-l transporte la unitatea de poliție;","https://scoaladrpciv.ro/intrebare/la-cererea-politistului-rutier-impreuna-cu-reprezentantul-autoritatilor-abilitate-conducatorul-auto-este-obligat-5201","","<div class="""">
                        <p>Art. 147<br>Conducătorul de autovehicul sau de tramvai este obligat:<br>1. să aibă asupra sa actul de identitate, permisul de conducere, certificatul de înmatriculare sau de înregistrare şi, după caz, atestatul profesional, precum şi celelalte documente prevăzute de legislaţia în vigoare;<br>2. să circule numai pe sectoarele de drum pe care îi este permis accesul şi să respecte normele referitoare la masele totale maxime autorizate şi admise şi/sau la dimensiunile maxime admise de autoritatea competentă pentru autovehiculele conduse;<br>3. să verifice funcţionarea sistemului de lumini şi de semnalizare, a instalaţiei de climatizare, să menţină permanent curate parbrizul, luneta şi geamurile laterale ale autovehiculului, precum şi plăcuţele cu numărul de înmatriculare sau înregistrare ale autovehiculului şi remorcii;<br><span style=""background-color:hsl(60, 75%, 60%);"">4. să permită controlul stării tehnice a vehiculului, precum şi al bunurilor transportate, în condiţiile legii;</span><br>5. să se prezinte la verificarea medicală periodică, potrivit legii;<br>6. să aplice pe parbrizul şi pe luneta autovehiculului semnul distinctiv stabilit pentru conducătorii de autovehicule începători, dacă are o vechime mai mică de un an de la obţinerea permisului de conducere.</p>


                    </div>","https://scoaladrpciv.ro/intrebari/categoria-b/obligatiile-conducatorilor-de-autovehicule"
"1790475262-198","https://scoaladrpciv.ro/intrebari/categoria-b","Conducătorul unui autoturism poate transporta obiecte al căror gabarit depăşeşte, împreună cu încărcătura, dimensiunile acestuia?","B - nu;","","","A - da, dacă extremitatea obiectelor este semnalizată cu un steag roşu;","C - da, dacă obiectele depăşesc lăţimea autovehiculului.","https://scoaladrpciv.ro/intrebare/conducatorul-unui-autoturism-poate-transporta-obiecte-al-caror-gabarit-depaseste-impreuna-cu-incarcatura-dimensiunile-acestuia-6cc7","","<div class="""">
                        <p>Art. 148<br>Se interzice conducătorului de autovehicul sau de tramvai:<br>1. să conducă un autovehicul sau tramvai cu dovada înlocuitoare a permisului de conducere eliberată fără drept de circulaţie sau a cărei valabilitate a expirat;<br>2. să transporte în autovehicul sau tramvai mai multe persoane decât numărul de locuri stabilite în certificatul de înmatriculare sau de înregistrare;<br>3. să transporte persoane în stare de ebrietate pe motocicletă sau în cabina ori în caroseria autovehiculului destinat transportului de mărfuri;<br>4. să transporte persoane în caroseria autobasculantei, pe autocisternă, pe platformă, deasupra încărcăturii, pe părţile laterale ale caroseriei, sau persoane care stau în picioare în caroseria autocamionului, pe scări şi în remorcă, cu excepţia celei special amenajate pentru transportul persoanelor;<br>5. să transporte copii în vârstă de până la 12 ani pe scaunul din faţă al autovehiculului, chiar dacă sunt ţinuţi în braţe de persoane majore;<br><span style=""background-color:hsl(60, 75%, 60%);"">6. să transporte în şi pe autoturism obiecte a căror lungime sau lăţime depăşeşte, împreună cu încărcătura, dimensiunile acestuia;</span><br>7. să deschidă uşile autovehiculului sau tramvaiului în timpul mersului, să pornească de pe loc cu uşile deschise;<br>8. să aibă în timpul mersului preocupări de natură a-i distrage în mod periculos atenţia ori să folosească instalaţii de sonorizare la un nivel de zgomot care ar afecta deplasarea în siguranţă a lui şi a celorlalţi participanţi la trafic;<br>9. să intre pe drumurile modernizate cu autovehiculul care are pe roţi sau pe caroserie noroi ce se depune pe partea carosabilă ori din care cad sau se scurg produse, substanţe ori materiale ce pot pune în pericol siguranţa circulaţiei;<br>10. să aibă aplicate pe parbriz, lunetă sau pe geamurile laterale afişe, reclame publicitare, înscrisuri ori accesorii, care restrâng sau estompează vizibilitatea conducătorului ori a pasagerilor, atât din interior, cât şi din exterior;<br>11. să aibă aplicate folii sau tratamente chimice pe parbrize, lunetă ori pe geamurile laterale, care restrâng sau estompează vizibilitatea, atât din interior, cât şi din exterior, cu excepţia celor omologate şi certificate, prin marcaj corespunzător, de către autoritatea competentă;<br>12. să aibă aplicate folii sau tratamente chimice pe dispozitivele de iluminare ori semnalizare luminoasă, care diminuează eficacitatea acestora, precum şi pe plăcuţele cu numărul de înmatriculare sau de înregistrare, care împiedică citirea numărului de înmatriculare sau de înregistrare;<br>13. să lase liber în timpul mersului volanul, ghidonul sau maneta de comandă, să oprească motorul ori să decupleze transmisia în timpul mersului;<br>14. să folosească în mod abuziv mijloacele de avertizare sonoră;<br>15. să circule cu autovehiculul cu masa totală maximă autorizată mai mare de 3,5 tone pe drumurile acoperite cu zăpadă, gheaţă sau polei, fără a avea montate pe roţi lanţuri sau alte echipamente antiderapante omologate, în perioadele şi pe drumurile stabilite prin ordin al ministrului transporturilor, construcţiilor şi turismului;<br>16. să circule având montate pe autovehicul anvelope cu alte dimensiuni ori caracteristici decât cele prevăzute în certificatul de înmatriculare sau de înregistrare ori care prezintă tăieturi sau rupturi ale cordului ori sunt uzate peste limita admisă;<br>17. să conducă un autovehicul care emană noxe peste limita legală admisă ori al cărui zgomot în mers sau staţionare depăşeşte pragul fonic prevăzut de lege ori care are montat pe sistemul de evacuare a gazelor dispozitive neomologate;<br>18. să circule cu autovehiculul având plăcuţele cu numerele de înmatriculare sau de înregistrare, provizorii ori pentru probe deteriorate sau neconforme cu standardul;<br>19. să săvârşească acte sau gesturi obscene, să profereze injurii, să adreseze expresii jignitoare ori vulgare celorlalţi participanţi la trafic;<br>20. să circule cu autovehiculul avariat mai mult de 30 de zile de la data producerii avariei;<br>21. să arunce, pe drumurile publice, din autovehicul obiecte, materiale sau substanţe.</p>


                    </div>","https://scoaladrpciv.ro/intrebari/categoria-b/obligatiile-conducatorilor-de-autovehicule"
"1790475264-199","https://scoaladrpciv.ro/intrebari/categoria-b","Conducătorului de vehicul  i se interzice:","A - să arunce din vehicul obiecte, substanțe sau alte bunuri;","","","B - să deschidă ușile, dacă vehiculul este oprit sau staționat pe partea carosabilă;","C - să folosească instalația de sonorizare cu care este echipat vehiculul.","https://scoaladrpciv.ro/intrebare/conducatorului-de-vehicul-i-se-interzice-6631","","<div class="""">
                        <p>Art. 148<br>Se interzice conducătorului de autovehicul sau de tramvai:<br>1. să conducă un autovehicul sau tramvai cu dovada înlocuitoare a permisului de conducere eliberată fără drept de circulaţie sau a cărei valabilitate a expirat;<br>2. să transporte în autovehicul sau tramvai mai multe persoane decât numărul de locuri stabilite în certificatul de înmatriculare sau de înregistrare;<br>3. să transporte persoane în stare de ebrietate pe motocicletă sau în cabina ori în caroseria autovehiculului destinat transportului de mărfuri;<br>4. să transporte persoane în caroseria autobasculantei, pe autocisternă, pe platformă, deasupra încărcăturii, pe părţile laterale ale caroseriei, sau persoane care stau în picioare în caroseria autocamionului, pe scări şi în remorcă, cu excepţia celei special amenajate pentru transportul persoanelor;<br>5. să transporte copii în vârstă de până la 12 ani pe scaunul din faţă al autovehiculului, chiar dacă sunt ţinuţi în braţe de persoane majore;<br>6. să transporte în şi pe autoturism obiecte a căror lungime sau lăţime depăşeşte, împreună cu încărcătura, dimensiunile acestuia;<br>7. să deschidă uşile autovehiculului sau tramvaiului în timpul mersului, să pornească de pe loc cu uşile deschise;<br>8. să aibă în timpul mersului preocupări de natură a-i distrage în mod periculos atenţia ori să folosească instalaţii de sonorizare la un nivel de zgomot care ar afecta deplasarea în siguranţă a lui şi a celorlalţi participanţi la trafic;<br>9. să intre pe drumurile modernizate cu autovehiculul care are pe roţi sau pe caroserie noroi ce se depune pe partea carosabilă ori din care cad sau se scurg produse, substanţe ori materiale ce pot pune în pericol siguranţa circulaţiei;<br>10. să aibă aplicate pe parbriz, lunetă sau pe geamurile laterale afişe, reclame publicitare, înscrisuri ori accesorii, care restrâng sau estompează vizibilitatea conducătorului ori a pasagerilor, atât din interior, cât şi din exterior;<br>11. să aibă aplicate folii sau tratamente chimice pe parbrize, lunetă ori pe geamurile laterale, care restrâng sau estompează vizibilitatea, atât din interior, cât şi din exterior, cu excepţia celor omologate şi certificate, prin marcaj corespunzător, de către autoritatea competentă;<br>12. să aibă aplicate folii sau tratamente chimice pe dispozitivele de iluminare ori semnalizare luminoasă, care diminuează eficacitatea acestora, precum şi pe plăcuţele cu numărul de înmatriculare sau de înregistrare, care împiedică citirea numărului de înmatriculare sau de înregistrare;<br>13. să lase liber în timpul mersului volanul, ghidonul sau maneta de comandă, să oprească motorul ori să decupleze transmisia în timpul mersului;<br>14. să folosească în mod abuziv mijloacele de avertizare sonoră;<br>15. să circule cu autovehiculul cu masa totală maximă autorizată mai mare de 3,5 tone pe drumurile acoperite cu zăpadă, gheaţă sau polei, fără a avea montate pe roţi lanţuri sau alte echipamente antiderapante omologate, în perioadele şi pe drumurile stabilite prin ordin al ministrului transporturilor, construcţiilor şi turismului;<br>16. să circule având montate pe autovehicul anvelope cu alte dimensiuni ori caracteristici decât cele prevăzute în certificatul de înmatriculare sau de înregistrare ori care prezintă tăieturi sau rupturi ale cordului ori sunt uzate peste limita admisă;<br>17. să conducă un autovehicul care emană noxe peste limita legală admisă ori al cărui zgomot în mers sau staţionare depăşeşte pragul fonic prevăzut de lege ori care are montat pe sistemul de evacuare a gazelor dispozitive neomologate;<br>18. să circule cu autovehiculul având plăcuţele cu numerele de înmatriculare sau de înregistrare, provizorii ori pentru probe deteriorate sau neconforme cu standardul;<br>19. să săvârşească acte sau gesturi obscene, să profereze injurii, să adreseze expresii jignitoare ori vulgare celorlalţi participanţi la trafic;<br>20. să circule cu autovehiculul avariat mai mult de 30 de zile de la data producerii avariei;<br><span style=""background-color:hsl(60, 75%, 60%);"">21. să arunce, pe drumurile publice, din autovehicul obiecte, materiale sau substanţe.</span></p>


                    </div>","https://scoaladrpciv.ro/intrebari/categoria-b/obligatiile-conducatorilor-de-autovehicule"
"1790475269-200","https://scoaladrpciv.ro/intrebari/categoria-b","Cum veți proceda corect pentru a intra pe autostradă folosind banda de intrare (accelerare):","A - veți mări viteza, întrucât banda pe care circulați este special creată în acest scop;","B - cedați trecerea autovehiculelor care circulă pe prima bandă a autostrăzii și nu stânjeniți în niciun fel circulația acestora;","","C - nu aveți nicio obligație, deoarece autostrada are suficiente benzi pentru a permite circulația tuturor vehiculelor.","","https://scoaladrpciv.ro/intrebare/cum-veti-proceda-corect-pentru-a-intra-pe-autostrada-folosind-banda-de-intrare-accelerare-ea50","","<div class="""">
                        <p><span style=""background-color: #fbeeb8;"">Banda de accelerare pe autostrada este situata la intrarea pe autostrada cu o lungime destul de mare si este creata cu scopul de a ajunge la o viteza cel putin similara cu cei care circula pe autostrada, lucru cunoscut ca pe autostrada se circula cu o viteza mai mare decat pe alte categorii de drumuri.</span></p>
<p><span style=""background-color: #fbeeb8;"">Lucrul acesta va ajuta sa va integrati mai usor in trafic fara a stanjeni pe ceilalti, doar ca regulile de circulatie prevede ca trebuie sa cedati trecerea celor care circula pe autostrada conform Art. 169 din Regulament.&nbsp;</span></p>
<h4>Articolul 169</h4>
<p>(1)&nbsp;&nbsp; Conducãtorii de autovehicule care intra pe autostrãzi folosind banda de intrare (de accelerare) trebuie sã cedeze trecerea autovehiculelor care circulã pe prima bandã a autostrãzilor și sã nu stânjeneascã în niciun fel circulația acestora.</p>


                    </div>","https://scoaladrpciv.ro/intrebari/categoria-b/circulatia-pe-autostrazi"
"1790475271-201","https://scoaladrpciv.ro/intrebari/categoria-b","Căror vehicule le este interzisă circulația pe autostrăzi?","B - celor care, prin construcţie sau din alte cauze, nu pot depăşi viteza de 50 km/h","","","A - motocicletelor și automobilelor care nu pot circula cu mai mult de 60 km/h","C - autovehiculelor care transportă încărcături periculoase.","https://scoaladrpciv.ro/intrebare/caror-vehicule-le-este-interzisa-circulatia-pe-autostrazi-d8ad","","<div class="""">
                        <h4>Articolul 74</h4><p><span style=""background-color:hsl(60, 75%, 60%);"">(1)&nbsp;&nbsp; Pe autostrăzi sau pe drumurile expres este interzisă circulația pietonilor, a autovehiculelor cu gabarite sau mase depășite, fără autorizație specială de transport eliberată de administratorul drumului public, conform reglementărilor în vigoare, a vehiculelor cu tracțiune animală, a animalelor, a vehiculelor trase sau împinse cu mâna, a bicicletelor, trotinetelor electrice și mopedelor, a tractoarelor agricole sau forestiere și a mașinilor autopropulsate pentru lucrări agricole, precum și a vehiculelor care, prin construcție sau din alte cauze, nu pot depăși viteza de 50 km/h.</span></p><p>(2)&nbsp; De asemenea, pe autostrăzi sau pe drumurile expres sunt interzise învățarea conducerii unui vehicul, încercările prototipurilor de șasiuri și de autovehicule, manifestațiile, defilările, caravanele publicitare, antrenamentele și competițiile sportive de orice fel, precum și cortegiile.</p><p>(3) Se interzice circulația, oprirea sau staționarea autovehiculelor pe banda de urgență sau acostament, cu excepția cazurilor justificate, precum și a autovehiculelor cu regim de circulație prioritar.</p><p>(4)&nbsp;Circulația autovehiculelor destinate transportului public de persoane sau de mărfuri se efectuează, de regulă, numai pe banda marginală din partea dreaptă a autostrăzii sau a drumului expres, în sensul de mers.</p>


                    </div>","https://scoaladrpciv.ro/intrebari/categoria-b/circulatia-pe-autostrazi"
"1790475274-202","https://scoaladrpciv.ro/intrebari/categoria-b","Pe autostradă se interzice:","B - învăţarea conducerii unui vehicul, încercarea prototipurilor de şasiuri şi de vehicule cu motor;","","","A - circulaţia autovehiculelor în coloană;","C - executarea de lucrări pe partea carosabilă pe timp de noapte.","https://scoaladrpciv.ro/intrebare/pe-autostrada-se-interzice-a266","","<div class="""">
                        <h4>Articolul 74</h4><p>(1)&nbsp;&nbsp; Pe autostrăzi sau pe drumurile expres este interzisă circulația pietonilor, a autovehiculelor cu gabarite sau mase depășite, fără autorizație specială de transport eliberată de administratorul drumului public, conform reglementărilor în vigoare, a vehiculelor cu tracțiune animală, a animalelor, a vehiculelor trase sau împinse cu mâna, a bicicletelor, trotinetelor electrice și mopedelor, a tractoarelor agricole sau forestiere și a mașinilor autopropulsate pentru lucrări agricole, precum și a vehiculelor care, prin construcție sau din alte cauze, nu pot depăși viteza de 50 km/h.</p><p><span style=""background-color:hsl(60, 75%, 60%);"">(2)&nbsp; De asemenea, pe autostrăzi sau pe drumurile expres sunt interzise învățarea conducerii unui vehicul, încercările prototipurilor de șasiuri și de autovehicule, manifestațiile, defilările, caravanele publicitare, antrenamentele și competițiile sportive de orice fel, precum și cortegiile.</span></p><p>(3) Se interzice circulația, oprirea sau staționarea autovehiculelor pe banda de urgență sau acostament, cu excepția cazurilor justificate, precum și a autovehiculelor cu regim de circulație prioritar.</p><p>(4)&nbsp;Circulația autovehiculelor destinate transportului public de persoane sau de mărfuri se efectuează, de regulă, numai pe banda marginală din partea dreaptă a autostrăzii sau a drumului expres, în sensul de mers.</p>


                    </div>","https://scoaladrpciv.ro/intrebari/categoria-b/circulatia-pe-autostrazi"
"1790475276-203","https://scoaladrpciv.ro/intrebari/categoria-b","Pe autostradă se interzice:","B - manevra de mers înapoi;","","","A - circulaţia cu o viteză sub 80 km/h;","C - folosirea benzii de lângă zona mediană ce desparte cele două părţi carosabile.","https://scoaladrpciv.ro/intrebare/pe-autostrada-se-interzice-b575","","<div class="""">
                        <h4>Articolul 128</h4><p>(1) Se interzice mersul înapoi cu vehiculul:</p><ul style=""list-style-type:circle;""><li><span style=""background-color:hsl(60,75%,60%);"">a)&nbsp; în cazurile prevãzute la art. 126, cu excepția lit. d);</span></li><li>b)&nbsp;&nbsp; pe o distanțã mai mare de 50 m;</li><li>c)&nbsp; la ieșirea de pe proprietãți alãturate drumurilor publice.</li></ul><h4>Articolul 126</h4><p>Se interzice întoarcerea vehiculului:</p><p><span style=""background-color:hsl(60, 75%, 60%);"">a)&nbsp;&nbsp; în locurile în care este interzisã oprirea voluntarã a vehiculelor, cu excepția cazurilor prevãzute la art. 142 lit. f);</span></p><p>b)&nbsp;&nbsp; în intersecțiile în care este interzis virajul la stânga, precum și în cele în care, pentru efectuare, este necesarã manevrarea înainte și înapoi a vehiculului;</p><p>c)&nbsp; în locurile unde soliditatea drumului nu permite;</p><p>d)&nbsp;&nbsp; pe drumurile cu sens unic;</p><p>e)&nbsp; pe marcajul pietonal;</p><p>f)&nbsp;&nbsp; în locurile în care este instalat indicatorul ""Întoarcerea interzisã"".</p><h4>Articolul 142</h4><p>Se interzice oprirea voluntarã a vehiculelor:</p><p><span style=""background-color:hsl(60,75%,60%);"">m)&nbsp;&nbsp; pe partea carosabilã a autostrãzilor, a drumurilor expres și a celor naționale europene (E);</span></p>


                    </div>","https://scoaladrpciv.ro/intrebari/categoria-b/circulatia-pe-autostrazi"
"1790475278-204","https://scoaladrpciv.ro/intrebari/categoria-b","Cum vă comportaţi dacă intenţionaţi să părăsiţi autostrada în acest loc?","B - semnalizaţi şi vă angajaţi pe banda de ieşire;","","","A - frânaţi şi ieşiţi cu o viteză orientativă de 130 km/h;","C - măriţi viteza, pentru a nu stânjeni vehiculele care circulă din spate.","https://scoaladrpciv.ro/intrebare/cum-va-comportati-daca-intentionati-sa-parasiti-autostrada-in-acest-loc-4855","https://scoaladrpciv.ro/storage/questions/1251.jpeg","<div class="""">
                        <h4>Articolul 169</h4><p>(1)&nbsp;&nbsp; Conducãtorii de autovehicule care intra pe autostrãzi folosind banda de intrare (de accelerare) trebuie sã cedeze trecerea autovehiculelor care circulã pe prima bandã a autostrãzilor și sã nu stânjeneascã în niciun fel circulația acestora.</p><p><span style=""background-color:hsl(60, 75%, 60%);"">(2)&nbsp;&nbsp; Conducãtorii de autovehicule care urmeazã sã pãrãseascã autostrada sunt obligați sã semnalizeze din timp și sã se angajeze pe banda de ieșire (de decelerare).</span></p>


                    </div>","https://scoaladrpciv.ro/intrebari/categoria-b/circulatia-pe-autostrazi"
"1790475281-205","https://scoaladrpciv.ro/intrebari/categoria-b","Căror categorii de autovehicule le este interzis să circule pe autostradă?","A - celor care, prin construcţie, nu pot depăşi viteza de 50 km/oră;","C - tractoarelor şi maşinilor agricole autopropulsate.","","B - motocicletelor cu şi fără ataş;","","https://scoaladrpciv.ro/intrebare/caror-categorii-de-autovehicule-le-este-interzis-sa-circule-pe-autostrada-1277","","<div class="""">
                        <h4>Articolul 74</h4><p><span style=""background-color:hsl(60, 75%, 60%);"">(1)&nbsp;&nbsp; Pe autostrăzi sau pe drumurile expres este interzisă circulația pietonilor, a autovehiculelor cu gabarite sau mase depășite, fără autorizație specială de transport eliberată de administratorul drumului public, conform reglementărilor în vigoare, a vehiculelor cu tracțiune animală, a animalelor, a vehiculelor trase sau împinse cu mâna, a bicicletelor, trotinetelor electrice și mopedelor, a tractoarelor agricole sau forestiere și a mașinilor autopropulsate pentru lucrări agricole, precum și a vehiculelor care, prin construcție sau din alte cauze, nu pot depăși viteza de 50 km/h.</span></p><p>(2)&nbsp; De asemenea, pe autostrăzi sau pe drumurile expres sunt interzise învățarea conducerii unui vehicul, încercările prototipurilor de șasiuri și de autovehicule, manifestațiile, defilările, caravanele publicitare, antrenamentele și competițiile sportive de orice fel, precum și cortegiile.</p><p>(3) Se interzice circulația, oprirea sau staționarea autovehiculelor pe banda de urgență sau acostament, cu excepția cazurilor justificate, precum și a autovehiculelor cu regim de circulație prioritar.</p><p>(4)&nbsp;Circulația autovehiculelor destinate transportului public de persoane sau de mărfuri se efectuează, de regulă, numai pe banda marginală din partea dreaptă a autostrăzii sau a drumului expres, în sensul de mers.</p>


                    </div>","https://scoaladrpciv.ro/intrebari/categoria-b/circulatia-pe-autostrazi"
"1790475283-206","https://scoaladrpciv.ro/intrebari/categoria-b","În această situaţie constataţi că părăsiţi autostrada în mod eronat. Cum procedaţi?","B - vă continuaţi drumul;","","","A - reintraţi imediat pe autostradă;","C - opriţi, vă asiguraţi şi reintraţi pe autostradă.","https://scoaladrpciv.ro/intrebare/in-aceasta-situatie-constatati-ca-parasiti-autostrada-in-mod-eronat-cum-procedati-757a","https://scoaladrpciv.ro/storage/questions/1159.jpeg","<div class="""">
                        <h4>Articolul 169</h4><p>(1)&nbsp;&nbsp; Conducãtorii de autovehicule care intra pe autostrãzi folosind banda de intrare (de accelerare) trebuie sã cedeze trecerea autovehiculelor care circulã pe prima bandã a autostrãzilor și sã nu stânjeneascã în niciun fel circulația acestora.</p><p><span style=""background-color:hsl(60, 75%, 60%);"">(2)&nbsp;&nbsp; Conducãtorii de autovehicule care urmeazã sã pãrãseascã autostrada sunt obligați sã semnalizeze din timp și sã se angajeze pe banda de ieșire (de decelerare).</span></p>


                    </div>","https://scoaladrpciv.ro/intrebari/categoria-b/circulatia-pe-autostrazi"
"1790475285-207","https://scoaladrpciv.ro/intrebari/categoria-b","Ce obligaţii aveţi atunci când intraţi pe autostradă folosind banda de accelerare?","A - să cedaţi trecerea autovehiculelor care circulă pe prima bandă a autostrăzii şi să nu stânjeniţi în niciun fel circulaţia acestora;","","","B - să semnalizaţi stânga, pentru a-i preveni pe ceilalţi conducători să vă acorde prioritate;","C - să opriţi şi să vă asiguraţi din faţă şi din spate.","https://scoaladrpciv.ro/intrebare/ce-obligatii-aveti-atunci-cand-intrati-pe-autostrada-folosind-banda-de-accelerare-f6d6","","<div class="""">
                        <h4>Articolul 169</h4><p><span style=""background-color:hsl(60, 75%, 60%);"">(1)&nbsp;&nbsp; Conducãtorii de autovehicule care intra pe autostrãzi folosind banda de intrare (de accelerare) trebuie sã cedeze trecerea autovehiculelor care circulã pe prima bandã a autostrãzilor și sã nu stânjeneascã în niciun fel circulația acestora.</span></p><p>(2)&nbsp;&nbsp; Conducãtorii de autovehicule care urmeazã sã pãrãseascã autostrada sunt obligați sã semnalizeze din timp și sã se angajeze pe banda de ieșire (de decelerare).</p>


                    </div>","https://scoaladrpciv.ro/intrebari/categoria-b/circulatia-pe-autostrazi"
"1790475287-208","https://scoaladrpciv.ro/intrebari/categoria-b","La circulaţia pe autostrăzi, conducătorului auto îi este interzis:","A - să staţioneze pe banda de urgenţă, cu excepţia cazurilor justificate;","","","B - să oprească pentru a remedia o defecţiune;","C - să depăşească alte autovehicule.","https://scoaladrpciv.ro/intrebare/la-circulatia-pe-autostrazi-conducatorului-auto-ii-este-interzis-11ae","","<div class="""">
                        <h4>Articolul 74</h4><p>(1)&nbsp;&nbsp; Pe autostrăzi sau pe drumurile expres este interzisă circulația pietonilor, a autovehiculelor cu gabarite sau mase depășite, fără autorizație specială de transport eliberată de administratorul drumului public, conform reglementărilor în vigoare, a vehiculelor cu tracțiune animală, a animalelor, a vehiculelor trase sau împinse cu mâna, a bicicletelor, trotinetelor electrice și mopedelor, a tractoarelor agricole sau forestiere și a mașinilor autopropulsate pentru lucrări agricole, precum și a vehiculelor care, prin construcție sau din alte cauze, nu pot depăși viteza de 50 km/h.</p><p>(2)&nbsp; De asemenea, pe autostrăzi sau pe drumurile expres sunt interzise învățarea conducerii unui vehicul, încercările prototipurilor de șasiuri și de autovehicule, manifestațiile, defilările, caravanele publicitare, antrenamentele și competițiile sportive de orice fel, precum și cortegiile.</p><p><span style=""background-color:hsl(60, 75%, 60%);"">(3) Se interzice circulația, oprirea sau staționarea autovehiculelor pe banda de urgență sau acostament, cu excepția cazurilor justificate, precum și a autovehiculelor cu regim de circulație prioritar.</span></p><p>(4)&nbsp;Circulația autovehiculelor destinate transportului public de persoane sau de mărfuri se efectuează, de regulă, numai pe banda marginală din partea dreaptă a autostrăzii sau a drumului expres, în sensul de mers.</p>


                    </div>","https://scoaladrpciv.ro/intrebari/categoria-b/circulatia-pe-autostrazi"
"1790475290-209","https://scoaladrpciv.ro/intrebari/categoria-b","Pe o autostradă cu trei benzi, s-a blocat circulaţia. Pe unde vor circula vehiculele de intervenţie?","A - pe banda de urgenţă;","","","B - între banda din stânga şi banda din mijloc;","C - între banda din dreapta şi banda din mijloc.","https://scoaladrpciv.ro/intrebare/pe-o-autostrada-cu-trei-benzi-s-a-blocat-circulatia-pe-unde-vor-circula-vehiculele-de-interventie-d09e","","<div class="""">
                        <h4>Articolul 74</h4><p>(1)&nbsp;&nbsp; Pe autostrăzi sau pe drumurile expres este interzisă circulația pietonilor, a autovehiculelor cu gabarite sau mase depășite, fără autorizație specială de transport eliberată de administratorul drumului public, conform reglementărilor în vigoare, a vehiculelor cu tracțiune animală, a animalelor, a vehiculelor trase sau împinse cu mâna, a bicicletelor, trotinetelor electrice și mopedelor, a tractoarelor agricole sau forestiere și a mașinilor autopropulsate pentru lucrări agricole, precum și a vehiculelor care, prin construcție sau din alte cauze, nu pot depăși viteza de 50 km/h.</p><p>(2)&nbsp; De asemenea, pe autostrăzi sau pe drumurile expres sunt interzise învățarea conducerii unui vehicul, încercările prototipurilor de șasiuri și de autovehicule, manifestațiile, defilările, caravanele publicitare, antrenamentele și competițiile sportive de orice fel, precum și cortegiile.</p><p><span style=""background-color:hsl(60, 75%, 60%);"">(3) Se interzice circulația, oprirea sau staționarea autovehiculelor pe banda de urgență sau acostament, cu excepția cazurilor justificate, precum și a autovehiculelor cu regim de circulație prioritar.</span></p><p>(4)&nbsp;Circulația autovehiculelor destinate transportului public de persoane sau de mărfuri se efectuează, de regulă, numai pe banda marginală din partea dreaptă a autostrăzii sau a drumului expres, în sensul de mers.</p>


                    </div>","https://scoaladrpciv.ro/intrebari/categoria-b/circulatia-pe-autostrazi"
"1790475292-210","https://scoaladrpciv.ro/intrebari/categoria-b","În care dintre situațiile de mai jos puteți folosi banda de lângă axa drumului pe o autostradă?","A - când efectuați depășirea altor vehicule, dacă celelalte benzi în direcția de mers sunt ocupate;","","","B - când conduceți cu viteza maximă admisă;","C - când nu sunteți precedat de alte vehicule.","https://scoaladrpciv.ro/intrebare/in-care-dintre-situatiile-de-mai-jos-puteti-folosi-banda-de-langa-axa-drumului-pe-o-autostrada-4aa8","","<div class="""">
                        <p>Art. 42<br>Cand circulatia se desfasoara pe doua sau mai multe benzi pe sens, acestea se folosesc de catre conducatorii de vehicule in functie de intensitatea traficului si viteza de deplasare, avand obligatia sa revina pe prima banda ori de cate ori acest lucru este posibil, daca aceasta nu este destinata vehiculelor lente sau transportului public de persoane.</p>


                    </div>","https://scoaladrpciv.ro/intrebari/categoria-b/circulatia-pe-autostrazi"
"1790475294-211","https://scoaladrpciv.ro/intrebari/categoria-b","Este permisă remorcarea unui autovehicul pe autostradă?","B - da, dacă ansamblul astfel format poate depăşi viteza de 50 km/h;","","","A - nu, legea interzice în mod expres acest lucru;","C - da, dacă autovehiculul remorcat este un autoturism.","https://scoaladrpciv.ro/intrebare/este-permisa-remorcarea-unui-autovehicul-pe-autostrada-d7e1","","<div class="""">
                        <h4>Articolul 74</h4><p><span style=""background-color:hsl(60, 75%, 60%);"">(1)&nbsp;&nbsp; Pe autostrăzi sau pe drumurile expres este interzisă circulația pietonilor, a autovehiculelor cu gabarite sau mase depășite, fără autorizație specială de transport eliberată de administratorul drumului public, conform reglementărilor în vigoare, a vehiculelor cu tracțiune animală, a animalelor, a vehiculelor trase sau împinse cu mâna, a bicicletelor, trotinetelor electrice și mopedelor, a tractoarelor agricole sau forestiere și a mașinilor autopropulsate pentru lucrări agricole, precum și a vehiculelor care, prin construcție sau din alte cauze, nu pot depăși viteza de 50 km/h.</span></p><p>(2)&nbsp; De asemenea, pe autostrăzi sau pe drumurile expres sunt interzise învățarea conducerii unui vehicul, încercările prototipurilor de șasiuri și de autovehicule, manifestațiile, defilările, caravanele publicitare, antrenamentele și competițiile sportive de orice fel, precum și cortegiile.</p><p>(3) Se interzice circulația, oprirea sau staționarea autovehiculelor pe banda de urgență sau acostament, cu excepția cazurilor justificate, precum și a autovehiculelor cu regim de circulație prioritar.</p><p>(4)&nbsp;Circulația autovehiculelor destinate transportului public de persoane sau de mărfuri se efectuează, de regulă, numai pe banda marginală din partea dreaptă a autostrăzii sau a drumului expres, în sensul de mers.</p>


                    </div>","https://scoaladrpciv.ro/intrebari/categoria-b/circulatia-pe-autostrazi"
"1790475297-212","https://scoaladrpciv.ro/intrebari/categoria-b","Autoturismul echipat cu o remorcă poate circula pe autostradă?","B - da, dacă ansamblul respectiv poate depăşi viteza de 50 km/h;","","","A - nu;","C - da, dacă aţi obţinut autorizaţie de la poliţia rutieră.","https://scoaladrpciv.ro/intrebare/autoturismul-echipat-cu-o-remorca-poate-circula-pe-autostrada-4e66","","<div class="""">
                        <h4>Articolul 74</h4><p><span style=""background-color:hsl(60, 75%, 60%);"">(1)&nbsp;&nbsp; Pe autostrăzi sau pe drumurile expres este interzisă circulația pietonilor, a autovehiculelor cu gabarite sau mase depășite, fără autorizație specială de transport eliberată de administratorul drumului public, conform reglementărilor în vigoare, a vehiculelor cu tracțiune animală, a animalelor, a vehiculelor trase sau împinse cu mâna, a bicicletelor, trotinetelor electrice și mopedelor, a tractoarelor agricole sau forestiere și a mașinilor autopropulsate pentru lucrări agricole, precum și a vehiculelor care, prin construcție sau din alte cauze, nu pot depăși viteza de 50 km/h.</span></p><p>(2)&nbsp; De asemenea, pe autostrăzi sau pe drumurile expres sunt interzise învățarea conducerii unui vehicul, încercările prototipurilor de șasiuri și de autovehicule, manifestațiile, defilările, caravanele publicitare, antrenamentele și competițiile sportive de orice fel, precum și cortegiile.</p><p>(3) Se interzice circulația, oprirea sau staționarea autovehiculelor pe banda de urgență sau acostament, cu excepția cazurilor justificate, precum și a autovehiculelor cu regim de circulație prioritar.</p><p>(4)&nbsp;Circulația autovehiculelor destinate transportului public de persoane sau de mărfuri se efectuează, de regulă, numai pe banda marginală din partea dreaptă a autostrăzii sau a drumului expres, în sensul de mers.</p>


                    </div>","https://scoaladrpciv.ro/intrebari/categoria-b/circulatia-pe-autostrazi"
"1790475299-213","https://scoaladrpciv.ro/intrebari/categoria-b","Sunteţi corespunzător încadrat pentru a folosi prima ieşire de pe autostradă?","C - nu, pentru că circulaţi pe banda de urgenţă.","","","A - da, deoarece circulaţi pe banda din dreapta;","B - nu, deoarece veţi călca banda continuă;","https://scoaladrpciv.ro/intrebare/sunteti-corespunzator-incadrat-pentru-a-folosi-prima-iesire-de-pe-autostrada-6b84","https://scoaladrpciv.ro/storage/questions/893.jpeg","<div class="""">
                        <h4>Articolul 74</h4><p>(1)&nbsp;&nbsp; Pe autostrăzi sau pe drumurile expres este interzisă circulația pietonilor, a autovehiculelor cu gabarite sau mase depășite, fără autorizație specială de transport eliberată de administratorul drumului public, conform reglementărilor în vigoare, a vehiculelor cu tracțiune animală, a animalelor, a vehiculelor trase sau împinse cu mâna, a bicicletelor, trotinetelor electrice și mopedelor, a tractoarelor agricole sau forestiere și a mașinilor autopropulsate pentru lucrări agricole, precum și a vehiculelor care, prin construcție sau din alte cauze, nu pot depăși viteza de 50 km/h.</p><p>(2)&nbsp; De asemenea, pe autostrăzi sau pe drumurile expres sunt interzise învățarea conducerii unui vehicul, încercările prototipurilor de șasiuri și de autovehicule, manifestațiile, defilările, caravanele publicitare, antrenamentele și competițiile sportive de orice fel, precum și cortegiile.</p><p><span style=""background-color:hsl(60, 75%, 60%);"">(3) Se interzice circulația, oprirea sau staționarea autovehiculelor pe banda de urgență sau acostament, cu excepția cazurilor justificate, precum și a autovehiculelor cu regim de circulație prioritar.</span></p><p>(4)&nbsp;Circulația autovehiculelor destinate transportului public de persoane sau de mărfuri se efectuează, de regulă, numai pe banda marginală din partea dreaptă a autostrăzii sau a drumului expres, în sensul de mers.</p>


                    </div>","https://scoaladrpciv.ro/intrebari/categoria-b/circulatia-pe-autostrazi"
"1790475301-214","https://scoaladrpciv.ro/intrebari/categoria-b","Cum veţi proceda corect pentru a intra pe autostradă folosind banda de intrare (accelerare):","A - veţi respecta semnificaţia semnalizării rutiere a drumului respectiv;","B - cedaţi trecerea autovehiculelor care circulă pe prima bandă a autostrăzii şi nu stânjeniţi în niciun fel circulaţia acestora;","","C - nu aveţi nicio obligaţie, deoarece autostrada are suficiente benzi pentru a permite circulaţia tuturor vehiculelor.","","https://scoaladrpciv.ro/intrebare/cum-veti-proceda-corect-pentru-a-intra-pe-autostrada-folosind-banda-de-intrare-accelerare-e469","","<div class="""">
                        <h4>Articolul 169</h4><p><span style=""background-color:hsl(60, 75%, 60%);"">(1)&nbsp;&nbsp; Conducãtorii de autovehicule care intra pe autostrãzi folosind banda de intrare (de accelerare) trebuie sã cedeze trecerea autovehiculelor care circulã pe prima bandã a autostrãzilor și sã nu stânjeneascã în niciun fel circulația acestora.</span></p><p>(2)&nbsp;&nbsp; Conducãtorii de autovehicule care urmeazã sã pãrãseascã autostrada sunt obligați sã semnalizeze din timp și sã se angajeze pe banda de ieșire (de decelerare).</p>


                    </div>","https://scoaladrpciv.ro/intrebari/categoria-b/circulatia-pe-autostrazi"
"1790475303-215","https://scoaladrpciv.ro/intrebari/categoria-b","Cum procedaţi în cazul în care aveţi o defecţiune la sistemul de rulare pe autostradă?","A - părăsiţi carosabilul în timp ce rulează autovehiculul, opriţi pe banda de urgenţă şi îl semnalizaţi;","","","B - aprindeţi luminile de poziţie;","C - aprindeţi proiectoarele.","https://scoaladrpciv.ro/intrebare/cum-procedati-in-cazul-in-care-aveti-o-defectiune-la-sistemul-de-rulare-pe-autostrada-0a32","","<div class="""">
                        <h4>Articolul 74</h4><p>(1)&nbsp;&nbsp; Pe autostrăzi sau pe drumurile expres este interzisă circulația pietonilor, a autovehiculelor cu gabarite sau mase depășite, fără autorizație specială de transport eliberată de administratorul drumului public, conform reglementărilor în vigoare, a vehiculelor cu tracțiune animală, a animalelor, a vehiculelor trase sau împinse cu mâna, a bicicletelor, trotinetelor electrice și mopedelor, a tractoarelor agricole sau forestiere și a mașinilor autopropulsate pentru lucrări agricole, precum și a vehiculelor care, prin construcție sau din alte cauze, nu pot depăși viteza de 50 km/h.</p><p>(2)&nbsp; De asemenea, pe autostrăzi sau pe drumurile expres sunt interzise învățarea conducerii unui vehicul, încercările prototipurilor de șasiuri și de autovehicule, manifestațiile, defilările, caravanele publicitare, antrenamentele și competițiile sportive de orice fel, precum și cortegiile.</p><p><span style=""background-color:hsl(60, 75%, 60%);"">(3) Se interzice circulația, oprirea sau staționarea autovehiculelor pe banda de urgență sau acostament, cu excepția cazurilor justificate, precum și a autovehiculelor cu regim de circulație prioritar.</span></p><p>(4)&nbsp;Circulația autovehiculelor destinate transportului public de persoane sau de mărfuri se efectuează, de regulă, numai pe banda marginală din partea dreaptă a autostrăzii sau a drumului expres, în sensul de mers.</p>


                    </div>","https://scoaladrpciv.ro/intrebari/categoria-b/circulatia-pe-autostrazi"
"1790475306-216","https://scoaladrpciv.ro/intrebari/categoria-b","Ce obligaţii aveţi atunci când urmează să părăsiţi autostrada?","C - să semnalizaţi din timp şi să vă angajaţi pe banda de ieşire (decelerare).","","","A - să reduceţi viteza începând cu 300 m înainte de ieşirea de pe autostradă, în dreptul panoului care marchează această distanţă;","B - să circulaţi pe prima bandă cu o viteză de maximum 60 km/oră;","https://scoaladrpciv.ro/intrebare/ce-obligatii-aveti-atunci-cand-urmeaza-sa-parasiti-autostrada-cd68","","<div class="""">
                        <h4>Articolul 169</h4><p>(1)&nbsp;&nbsp; Conducãtorii de autovehicule care intra pe autostrãzi folosind banda de intrare (de accelerare) trebuie sã cedeze trecerea autovehiculelor care circulã pe prima bandã a autostrãzilor și sã nu stânjeneascã în niciun fel circulația acestora.</p><p><span style=""background-color:hsl(60, 75%, 60%);"">(2)&nbsp;&nbsp; Conducãtorii de autovehicule care urmeazã sã pãrãseascã autostrada sunt obligați sã semnalizeze din timp și sã se angajeze pe banda de ieșire (de decelerare).</span></p>


                    </div>","https://scoaladrpciv.ro/intrebari/categoria-b/circulatia-pe-autostrazi"
"1790475308-217","https://scoaladrpciv.ro/intrebari/categoria-b","Este permisă pătrunderea pe racordurile dintre cele două părţi carosabile ale unei autostrăzi?","A - nu;","","","B - da, pentru oprire în caz de urgenţă;","C - da, pentru întoarcere, în zona intersecţiilor.","https://scoaladrpciv.ro/intrebare/este-permisa-patrunderea-pe-racordurile-dintre-cele-doua-parti-carosabile-ale-unei-autostrazi-be57","","<div class="""">
                        <h4>Articolul 102</h4><p>(4)&nbsp;&nbsp;Constituie contravenție și se sancționează cu amenda prevăzută în clasa a IV-a de sancțiuni și cu aplicarea sancțiunii complementare a suspendării exercitării dreptului de a conduce pentru o perioadă de 120 de zile săvârșirea de către conducătorul de autovehicul ori de tractor agricol sau forestier a următoarelor fapte:</p><ul><li>a)&nbsp;&nbsp;&nbsp;&nbsp;depășirea cu mai mult de 70 km/h a vitezei maxime admise pe sectorul de drum respectiv și pentru categoria din care face parte autovehiculul condus, constatată, potrivit legii, cu mijloace tehnice omologate și verificate metrologic;</li><li>b)&nbsp; neoprirea la trecerea la nivel cu calea ferată când barierele sau semibarierele sunt coborâte ori în curs de coborâre sau când semnalele cu lumini roșii și/sau sonore sunt în funcțiune;</li><li><span style=""background-color:hsl(60, 75%, 60%);"">c)&nbsp;&nbsp;efectuarea, de către conducătorul de autovehicul, pe autostradă sau pe drumul expres, a manevrei de întoarcere sau de mers înapoi, a circulației în sens contrar sensului de circulație, a circulației sau traversării de pe un sens de circulație pe celălalt prin zonele interzise, respectiv prin zona mediană sau racordurile dintre cele două părți carosabile.</span></li></ul>


                    </div>","https://scoaladrpciv.ro/intrebari/categoria-b/circulatia-pe-autostrazi"
"1790475310-218","https://scoaladrpciv.ro/intrebari/categoria-b","Este permisă întoarcerea pe autostradă?","A - nu;","","","B - da;","C - da, dacă sensul de mers este blocat.","https://scoaladrpciv.ro/intrebare/este-permisa-intoarcerea-pe-autostrada-d34c","https://scoaladrpciv.ro/storage/questions/662.jpeg","<div class="""">
                        <h4>Articolul 102</h4><p>(4)&nbsp;&nbsp;Constituie contravenție și se sancționează cu amenda prevăzută în clasa a IV-a de sancțiuni și cu aplicarea sancțiunii complementare a suspendării exercitării dreptului de a conduce pentru o perioadă de 120 de zile săvârșirea de către conducătorul de autovehicul ori de tractor agricol sau forestier a următoarelor fapte:</p><ul><li>a)&nbsp;&nbsp;&nbsp;&nbsp;depășirea cu mai mult de 70 km/h a vitezei maxime admise pe sectorul de drum respectiv și pentru categoria din care face parte autovehiculul condus, constatată, potrivit legii, cu mijloace tehnice omologate și verificate metrologic;</li><li>b)&nbsp; neoprirea la trecerea la nivel cu calea ferată când barierele sau semibarierele sunt coborâte ori în curs de coborâre sau când semnalele cu lumini roșii și/sau sonore sunt în funcțiune;</li><li><span style=""background-color:hsl(60, 75%, 60%);"">c)&nbsp;&nbsp;efectuarea, de către conducătorul de autovehicul, pe autostradă sau pe drumul expres, a manevrei de întoarcere sau de mers înapoi, a circulației în sens contrar sensului de circulație, a circulației sau traversării de pe un sens de circulație pe celălalt prin zonele interzise, respectiv prin zona mediană sau racordurile dintre cele două părți carosabile.</span></li></ul>


                    </div>","https://scoaladrpciv.ro/intrebari/categoria-b/circulatia-pe-autostrazi"
"1790475313-219","https://scoaladrpciv.ro/intrebari/categoria-b","Ce manevre sunt interzise pe autostradă?","B - circulaţia sau staţionarea pe banda de urgenţă, cu excepţia cazurilor justificate;","","","A - folosirea benzii de accelerare pentru a schimba direcţia de mers;","C - deplasarea cu o viteză inferioară limitei maxime permise.","https://scoaladrpciv.ro/intrebare/ce-manevre-sunt-interzise-pe-autostrada-a2a3","","<div class="""">
                        <p>(1) Pe autostrazi este interzisa circulatia pietonilor, a autovehiculelor cu gabarite sau mase depasite fara autorizatie speciala de transport eliberata de administratorul drumului public, conform reglementarilor in vigoare, a vehiculelor cu tractiune animala, a animalelor, a vehiculelor trase sau impinse cu mana, a bicicletelor si mopedelor, a tractoarelor si masinilor autopropulsate pentru lucrari agricole, precum si a vehiculelor care, prin constructie sau din alte cauze, nu pot depasi viteza de 50 km/h.<br>(2) De asemenea, pe autostrazi sunt interzise invatarea conducerii unui vehicul, incercarile prototipurilor de sasiuri si de autovehicule, manifestatiile, defilarile, caravanele publicitare, antrenamentele si competitiile sportive de orice fel, precum si cortegiile.<br><span style=""background-color:hsl(60, 75%, 60%);"">(3) Se interzice circulatia, oprirea sau stationarea autovehiculelor pe banda de urgenta, cu exceptia cazurilor justificate, precum si a autovehiculelor cu regim de circulatie prioritar.</span><br>(4) Circulatia autovehiculelor destinate transportului public de persoane sau de marfuri se efectueaza, de regula, numai pe banda marginala din partea dreapta a autostrazii, in sensul de mers.</p>


                    </div>","https://scoaladrpciv.ro/intrebari/categoria-b/circulatia-pe-autostrazi"
"1790475315-220","https://scoaladrpciv.ro/intrebari/categoria-b","Dacă vreţi să părăsiţi autostrada:","C - reduceţi viteza.","","","A - măriţi viteza;","B - circulaţi cu aceeaşi viteză;","https://scoaladrpciv.ro/intrebare/daca-vreti-sa-parasiti-autostrada-89fc","https://scoaladrpciv.ro/storage/questions/511.jpeg","<div class="""">
                        <p>Art. 169<br>(1) Conducătorii de autovehicule care intră pe autostrăzi folosind banda de intrare (de accelerare) trebuie să cedeze trecerea autovehiculelor care circulă pe prima bandă a autostrăzilor şi să nu stânjenească în niciun fel circulaţia acestora.&nbsp;<br><span style=""background-color:hsl(60, 75%, 60%);"">(2) Conducătorii de autovehicule care urmează să părăsească autostrada sunt obligaţi să semnalizeze din timp şi să se angajeze pe banda de ieşire (de decelerare).</span></p>


                    </div>","https://scoaladrpciv.ro/intrebari/categoria-b/circulatia-pe-autostrazi"
"1790475317-221","https://scoaladrpciv.ro/intrebari/categoria-b","Ce manevre sunt interzise pe autostradă?","B - învăţarea conducerii unui vehicul;","C - încercarea prototipurilor de şasiuri şi de vehicule cu motor.","","A - oprirea şi efectuarea unei pene de cauciuc;","","https://scoaladrpciv.ro/intrebare/ce-manevre-sunt-interzise-pe-autostrada-cba9","","<div class="""">
                        <p>Art. 74<br>(1) Pe autostrazi este interzisa circulatia pietonilor, a autovehiculelor cu gabarite sau mase depasite fara autorizatie speciala de transport eliberata de administratorul drumului public, conform reglementarilor in vigoare, a vehiculelor cu tractiune animala, a animalelor, a vehiculelor trase sau impinse cu mana, a bicicletelor si mopedelor, a tractoarelor si masinilor autopropulsate pentru lucrari agricole, precum si a vehiculelor care, prin constructie sau din alte cauze, nu pot depasi viteza de 50 km/h.<br><span style=""background-color:hsl(60, 75%, 60%);"">(2) De asemenea, pe autostrazi sunt interzise invatarea conducerii unui vehicul, incercarile prototipurilor de sasiuri si de autovehicule, manifestatiile, defilarile, caravanele publicitare, antrenamentele si competitiile sportive de orice fel, precum si cortegiile.</span><br>(3) Se interzice circulatia, oprirea sau stationarea autovehiculelor pe banda de urgenta, cu exceptia cazurilor justificate, precum si a autovehiculelor cu regim de circulatie prioritar.<br>(4) Circulatia autovehiculelor destinate transportului public de persoane sau de marfuri se efectueaza, de regula, numai pe banda marginala din partea dreapta a autostrazii, in sensul de mers.</p>


                    </div>","https://scoaladrpciv.ro/intrebari/categoria-b/circulatia-pe-autostrazi"
"1790475322-222","https://scoaladrpciv.ro/intrebari/categoria-b","Pe ce drumuri sunt permise oprirea și staționarea vehiculelor și pe partea stângă, în sensul de mers?","B - pe drumurile cu sens unic, dacă rămâne liberă cel puțin o bandă de circulație;","","","A - pe drumurile cu trafic redus;","C - pe orice drum.","https://scoaladrpciv.ro/intrebare/pe-ce-drumuri-sunt-permise-oprirea-si-stationarea-vehiculelor-si-pe-partea-stanga-in-sensul-de-mers-aa53","","<div class="""">
                        <h4>Articolul 141</h4><p>(1)&nbsp;&nbsp; Conducãtorii autovehiculelor, tractoarelor agricole sau forestiere imobilizate pe drumurile publice, care se îndepãrteazã de acestea, sunt obligați sã acționeze frânã de ajutor, sã opreascã funcționarea motorului și sã cupleze într-o treaptã de vitezã inferioarã sau în cea de parcare dacã autovehiculul, tractorul agricol sau forestier are transmisie automatã.</p><p>(2)&nbsp;&nbsp; În cazul imobilizãrii involuntare a autovehiculului, tractorului agricol sau forestier în panta sau în rampa, pe lângã obligațiile prevãzute la alin. (1) conducãtorul trebuie sã bracheze rotile directoare.</p><p>(3)&nbsp;&nbsp; În cazul imobilizãrii involuntare a autovehiculului, tractorului agricol sau forestier în pasaje subterane sau în tuneluri, conducãtorul acestuia este obligat sã opreascã funcționarea motorului.</p><p><span style=""background-color:hsl(60, 75%, 60%);"">(4)&nbsp;&nbsp; În localitãți, pe drumurile cu sens unic, oprirea sau staționarea voluntarã a vehiculelor este permisã și pe partea stânga, dacã rãmâne liberã cel puțin o bandã de circulație.</span></p><p>(5)&nbsp;&nbsp; În afara localitãților oprirea sau staționarea voluntarã a vehiculelor se face în afara pãrții carosabile, iar atunci când nu este posibil, cât mai aproape de marginea din dreapta a drumului, paralel cu axa acestuia.</p><p>(6)&nbsp;&nbsp; Nu este permisã staționarea pe partea carosabilã, în timpul nopții, a tractoarelor agricole sau forestiere, a remorcilor, a mopedelor, a bicicletelor, a trotinetelor electrice, a vehiculelor cu tracțiune animalã ori a celor trase sau împinse cu mâna.</p><p>(7)&nbsp;&nbsp; Nu este permisã oprirea sau staționarea în tuneluri. În situații de urgențã sau de pericol conducãtorului de autovehicul îi este permisã oprirea sau staționarea numai în locurile special amenajate și semnalizate corespunzãtor. În caz de imobilizare prelungitã a autovehiculului în tunel, conducãtorul de vehicul este obligat sã opreascã motorul.</p><p>(8)&nbsp;&nbsp; Se considerã staționare pe partea carosabilã situația în care oricare dintre roțile vehiculului sau remorcii se regãsește pe partea carosabilã.</p>


                    </div>","https://scoaladrpciv.ro/intrebari/categoria-b/oprirea-stationarea-si-parcarea"
"1790475324-223","https://scoaladrpciv.ro/intrebari/categoria-b","Este permisă oprirea în situația dată?","B - nu;","","","A - da, deoarece stația de tramvai este prevăzută cu refugiu pentru pietoni;","C - da, dacă în stație nu se află niciun tramvai.","https://scoaladrpciv.ro/intrebare/este-permisa-oprirea-in-situatia-data-38bb","https://scoaladrpciv.ro/storage/questions/909.jpeg","<div class="""">
                        <h4>Articolul 142</h4><p>Se interzice oprirea voluntarã a vehiculelor:</p><p>a)&nbsp; în zona de acțiune a indicatorului ""Oprirea interzisã"";</p><p>&nbsp;b)&nbsp;&nbsp; pe trecerile la nivel cu calea feratã curentã și la o distanțã mai mica de 50 m înainte și dupã acestea;</p><p>&nbsp;c)&nbsp; pe poduri, pe și sub pasaje denivelate, precum și pe viaducte;</p><p>d)&nbsp;&nbsp; în curbe și în alte locuri cu vizibilitate redusã sub 50 m;</p><p>e)&nbsp;&nbsp; pe trecerile pentru pietoni ori la mai puțin de 25 m înainte și dupã acestea;;</p><p>&nbsp;f)&nbsp;&nbsp; în intersecții, inclusiv cele cu circulație în sens giratoriu, precum și în zona de preselecție unde sunt aplicate marcaje continue, iar în lipsa acestora, la o distanțã mai mica de 25 m de coltul intersecției;</p><p><span style=""background-color:hsl(60, 75%, 60%);"">g)&nbsp;&nbsp; în stațiile mijloacelor de transport public de persoane, precum și la mai puțin de 25 m înainte și dupã acestea;</span></p><p>h)&nbsp;&nbsp; în dreptul altui vehicul oprit pe partea carosabilã, dacã prin aceasta se stânjenește circulația a douã vehicule venind din sensuri opuse, precum și în dreptul marcajului continuu, în cazul în care conducãtorii celorlalte vehicule care circulã în același sens ar fi obligați, din aceastã cauzã, sã treacã peste acest marcaj;</p><p>i)&nbsp;&nbsp; în locul în care se împiedicã vizibilitatea asupra unui indicator sau semnal luminos;</p><p>j)&nbsp;&nbsp; pe sectoarele de drum unde sunt instalate indicatoarele cu semnificațiile ""Drum îngustat"", ""Prioritate pentru circulația din sens invers"" sau ""Prioritate fațã de circulația din sens invers"";</p><p>k)&nbsp;&nbsp; pe pistele obligatorii pentru pietoni sau pentru pietoni și biciclete ori pe benzile rezervate unor anumite categorii de vehicule, semnalizate ca atare;</p><p>l)&nbsp;&nbsp; pe platforma caii ferate industriale sau de tramvai ori la mai puțin de 50 m de acestea, dacã circulația vehiculelor pe sine ar putea fi stânjenitã sau împiedicatã;</p><p>m)&nbsp;&nbsp; pe partea carosabilã a autostrãzilor, a drumurilor expres și a celor naționale europene (E);</p><p>n)&nbsp;&nbsp; pe trotuar, cu excepția situației în care administratorul drumului public a executat amenajãri care respectã prevederile art. 144 alin.(2) și (3);</p><p>o)&nbsp;&nbsp; pe pistele pentru biciclete;</p><p>p)&nbsp;&nbsp; în locurile unde este interzisã depãșirea.</p>


                    </div>","https://scoaladrpciv.ro/intrebari/categoria-b/oprirea-stationarea-si-parcarea"
"1790475327-224","https://scoaladrpciv.ro/intrebari/categoria-b","Oprirea voluntară a vehiculelor este interzisă:","A - pe platforma căii ferate sau de tramvai, dacă prin aceasta este stânjenită circulația vehiculelor pe șine;","","","B - la mai puțin de 50 m de trecerile pentru pietoni;","C - la o distanță mai mică de 150 m de trecerea la nivel cu calea ferată.","https://scoaladrpciv.ro/intrebare/oprirea-voluntara-a-vehiculelor-este-interzisa-e364","","<div class="""">
                        <h4>Articolul 142</h4><p>Se interzice oprirea voluntarã a vehiculelor:</p><p>a)&nbsp; în zona de acțiune a indicatorului ""Oprirea interzisã"";</p><p>&nbsp;b)&nbsp;&nbsp; pe trecerile la nivel cu calea feratã curentã și la o distanțã mai mica de 50 m înainte și dupã acestea;</p><p>&nbsp;c)&nbsp; pe poduri, pe și sub pasaje denivelate, precum și pe viaducte;</p><p>d)&nbsp;&nbsp; în curbe și în alte locuri cu vizibilitate redusã sub 50 m;</p><p>e)&nbsp;&nbsp; pe trecerile pentru pietoni ori la mai puțin de 25 m înainte și dupã acestea;;</p><p>&nbsp;f)&nbsp;&nbsp; în intersecții, inclusiv cele cu circulație în sens giratoriu, precum și în zona de preselecție unde sunt aplicate marcaje continue, iar în lipsa acestora, la o distanțã mai mica de 25 m de coltul intersecției;</p><p>g)&nbsp;&nbsp; în stațiile mijloacelor de transport public de persoane, precum și la mai puțin de 25 m înainte și dupã acestea;</p><p>h)&nbsp;&nbsp; în dreptul altui vehicul oprit pe partea carosabilã, dacã prin aceasta se stânjenește circulația a douã vehicule venind din sensuri opuse, precum și în dreptul marcajului continuu, în cazul în care conducãtorii celorlalte vehicule care circulã în același sens ar fi obligați, din aceastã cauzã, sã treacã peste acest marcaj;</p><p>i)&nbsp;&nbsp; în locul în care se împiedicã vizibilitatea asupra unui indicator sau semnal luminos;</p><p>j)&nbsp;&nbsp; pe sectoarele de drum unde sunt instalate indicatoarele cu semnificațiile ""Drum îngustat"", ""Prioritate pentru circulația din sens invers"" sau ""Prioritate fațã de circulația din sens invers"";</p><p>k)&nbsp;&nbsp; pe pistele obligatorii pentru pietoni sau pentru pietoni și biciclete ori pe benzile rezervate unor anumite categorii de vehicule, semnalizate ca atare;</p><p><span style=""background-color:hsl(60, 75%, 60%);"">l)&nbsp;&nbsp; pe platforma caii ferate industriale sau de tramvai ori la mai puțin de 50 m de acestea, dacã circulația vehiculelor pe sine ar putea fi stânjenitã sau împiedicatã;</span></p><p>m)&nbsp;&nbsp; pe partea carosabilã a autostrãzilor, a drumurilor expres și a celor naționale europene (E);</p><p>n)&nbsp;&nbsp; pe trotuar, cu excepția situației în care administratorul drumului public a executat amenajãri care respectã prevederile art. 144 alin.(2) și (3);</p><p>o)&nbsp;&nbsp; pe pistele pentru biciclete;</p><p>p)&nbsp;&nbsp; în locurile unde este interzisã depãșirea.</p>


                    </div>","https://scoaladrpciv.ro/intrebari/categoria-b/oprirea-stationarea-si-parcarea"
"1790475329-225","https://scoaladrpciv.ro/intrebari/categoria-b","Oprirea voluntară este interzisă:","A - în intersecții;","","","B - pe drumurile cu prioritate;","C - pe sectoarele de drum neiluminate.","https://scoaladrpciv.ro/intrebare/oprirea-voluntara-este-interzisa-2f0b","","<div class="""">
                        <h4>Articolul 142</h4><p>Se interzice oprirea voluntarã a vehiculelor:</p><p>a)&nbsp; în zona de acțiune a indicatorului ""Oprirea interzisã"";</p><p>&nbsp;b)&nbsp;&nbsp; pe trecerile la nivel cu calea feratã curentã și la o distanțã mai mica de 50 m înainte și dupã acestea;</p><p>&nbsp;c)&nbsp; pe poduri, pe și sub pasaje denivelate, precum și pe viaducte;</p><p>d)&nbsp;&nbsp; în curbe și în alte locuri cu vizibilitate redusã sub 50 m;</p><p>e)&nbsp;&nbsp; pe trecerile pentru pietoni ori la mai puțin de 25 m înainte și dupã acestea;;</p><p><span style=""background-color:hsl(60, 75%, 60%);"">&nbsp;f)&nbsp;&nbsp; în intersecții, inclusiv cele cu circulație în sens giratoriu, precum și în zona de preselecție unde sunt aplicate marcaje continue, iar în lipsa acestora, la o distanțã mai mica de 25 m de coltul intersecției;</span></p><p>g)&nbsp;&nbsp; în stațiile mijloacelor de transport public de persoane, precum și la mai puțin de 25 m înainte și dupã acestea;</p><p>h)&nbsp;&nbsp; în dreptul altui vehicul oprit pe partea carosabilã, dacã prin aceasta se stânjenește circulația a douã vehicule venind din sensuri opuse, precum și în dreptul marcajului continuu, în cazul în care conducãtorii celorlalte vehicule care circulã în același sens ar fi obligați, din aceastã cauzã, sã treacã peste acest marcaj;</p><p>i)&nbsp;&nbsp; în locul în care se împiedicã vizibilitatea asupra unui indicator sau semnal luminos;</p><p>j)&nbsp;&nbsp; pe sectoarele de drum unde sunt instalate indicatoarele cu semnificațiile ""Drum îngustat"", ""Prioritate pentru circulația din sens invers"" sau ""Prioritate fațã de circulația din sens invers"";</p><p>k)&nbsp;&nbsp; pe pistele obligatorii pentru pietoni sau pentru pietoni și biciclete ori pe benzile rezervate unor anumite categorii de vehicule, semnalizate ca atare;</p><p>l)&nbsp;&nbsp; pe platforma caii ferate industriale sau de tramvai ori la mai puțin de 50 m de acestea, dacã circulația vehiculelor pe sine ar putea fi stânjenitã sau împiedicatã;</p><p>m)&nbsp;&nbsp; pe partea carosabilã a autostrãzilor, a drumurilor expres și a celor naționale europene (E);</p><p>n)&nbsp;&nbsp; pe trotuar, cu excepția situației în care administratorul drumului public a executat amenajãri care respectã prevederile art. 144 alin.(2) și (3);</p><p>o)&nbsp;&nbsp; pe pistele pentru biciclete;</p><p>p)&nbsp;&nbsp; în locurile unde este interzisã depãșirea.</p>


                    </div>","https://scoaladrpciv.ro/intrebari/categoria-b/oprirea-stationarea-si-parcarea"
"1790475331-226","https://scoaladrpciv.ro/intrebari/categoria-b","Este permisă parcarea autoturismelor pe trotuar, dacă se asigură spaţiu de cel puţin 1 m pentru circulaţia pietonilor ?","B - da, dar numai în acele zone unde există reglementări în acest sens;","","","A - nu, întrucât trotuarul este rezervat în exclusivitate deplasării pietonilor;","C - da, când vehiculul trebuie scos de pe partea carosabilă pentru a nu stânjeni autovehiculele aflate în mişcare.","https://scoaladrpciv.ro/intrebare/este-permisa-parcarea-autoturismelor-pe-trotuar-daca-se-asigura-spatiu-de-cel-putin-1-m-pentru-circulatia-pietonilor-bc2a","","<div class="""">
                        <h4>Articolul 144</h4><p>(1)&nbsp;&nbsp; Administratorul drumului public este obligat sã delimiteze și sã semnalizeze corespunzãtor sectoarele de drum public unde este interzisã oprirea sau staționarea vehiculelor.</p><p>(2)&nbsp;&nbsp; Administratorul drumului public poate amenaja pe anumite zone ale trotuarului, cu avizul poliției rutiere, spații destinate opririi sau staționãrii vehiculelor, marcate și semnalizate corespunzãtor. Amenajãrile se pot executa numai dacã:</p><ul style=""list-style-type:circle;""><li><span style=""background-color:hsl(60, 75%, 60%);"">a)&nbsp;&nbsp; se respectã culoarul destinat circulației pietonilor, stabilit potrivit normativelor în vigoare, care nu poate fi mai mic de 1 m lãțime;</span></li><li>b)&nbsp;&nbsp; accesul vehiculelor în parcare se realizeazã din partea carosabilã;</li><li>c)&nbsp;&nbsp; poziționarea vehiculelor în parcare nu stânjenește circulația pe prima bandã sau pe pistele amenajate.</li></ul><p>(3)&nbsp;&nbsp; Nu se pot amenaja parcãri pentru autovehicule, pe trotuar, la mai puțin de 10 m de intersecții, stații ale mijloacelor de transport în comun sau treceri pentru pietoni.</p>


                    </div>","https://scoaladrpciv.ro/intrebari/categoria-b/oprirea-stationarea-si-parcarea"
"1790475333-227","https://scoaladrpciv.ro/intrebari/categoria-b","În care dintre situaţiile prezentate mai jos nu este permisă oprirea voluntară a vehiculelor?","A - la o distanţă mai mică de 50 m de trecerea la nivel cu calea ferată;","B - pe pistele obligatorii pentru pietoni;","C - pe platforma căii ferate sau de tramvai, dacă prin aceasta este stânjenită circulaţia vehiculelor pe şine.","","","https://scoaladrpciv.ro/intrebare/in-care-dintre-situatiile-prezentate-mai-jos-nu-este-permisa-oprirea-voluntara-a-vehiculelor-5281","","<div class="""">
                        <h4>Articolul 142</h4><p>Se interzice oprirea voluntarã a vehiculelor:</p><p>a)&nbsp; în zona de acțiune a indicatorului ""Oprirea interzisã"";</p><p><span style=""background-color:hsl(60,75%,60%);"">&nbsp;b)&nbsp;&nbsp; pe trecerile la nivel cu calea feratã curentã și la o distanțã mai mica de 50 m înainte și dupã acestea;</span></p><p>&nbsp;c)&nbsp; pe poduri, pe și sub pasaje denivelate, precum și pe viaducte;</p><p>d)&nbsp;&nbsp; în curbe și în alte locuri cu vizibilitate redusã sub 50 m;</p><p>e)&nbsp;&nbsp; pe trecerile pentru pietoni ori la mai puțin de 25 m înainte și dupã acestea;;</p><p>&nbsp;f)&nbsp;&nbsp; în intersecții, inclusiv cele cu circulație în sens giratoriu, precum și în zona de preselecție unde sunt aplicate marcaje continue, iar în lipsa acestora, la o distanțã mai mica de 25 m de coltul intersecției;</p><p>g)&nbsp;&nbsp; în stațiile mijloacelor de transport public de persoane, precum și la mai puțin de 25 m înainte și dupã acestea;</p><p>h)&nbsp;&nbsp; în dreptul altui vehicul oprit pe partea carosabilã, dacã prin aceasta se stânjenește circulația a douã vehicule venind din sensuri opuse, precum și în dreptul marcajului continuu, în cazul în care conducãtorii celorlalte vehicule care circulã în același sens ar fi obligați, din aceastã cauzã, sã treacã peste acest marcaj;</p><p>i)&nbsp;&nbsp; în locul în care se împiedicã vizibilitatea asupra unui indicator sau semnal luminos;</p><p>j)&nbsp;&nbsp; pe sectoarele de drum unde sunt instalate indicatoarele cu semnificațiile ""Drum îngustat"", ""Prioritate pentru circulația din sens invers"" sau ""Prioritate fațã de circulația din sens invers"";</p><p><span style=""background-color:hsl(60,75%,60%);"">k)&nbsp;&nbsp; pe pistele obligatorii pentru pietoni sau pentru pietoni și biciclete ori pe benzile rezervate unor anumite categorii de vehicule, semnalizate ca atare;</span></p><p><span style=""background-color:hsl(60,75%,60%);"">l)&nbsp;&nbsp; pe platforma caii ferate industriale sau de tramvai ori la mai puțin de 50 m de acestea, dacã circulația vehiculelor pe sine ar putea fi stânjenitã sau împiedicatã;</span></p><p>m)&nbsp;&nbsp; pe partea carosabilã a autostrãzilor, a drumurilor expres și a celor naționale europene (E);</p><p>n)&nbsp;&nbsp; pe trotuar, cu excepția situației în care administratorul drumului public a executat amenajãri care respectã prevederile art. 144 alin.(2) și (3);</p><p>o)&nbsp;&nbsp; pe pistele pentru biciclete;</p><p>p)&nbsp;&nbsp; în locurile unde este interzisã depãșirea.</p>


                    </div>","https://scoaladrpciv.ro/intrebari/categoria-b/oprirea-stationarea-si-parcarea"
"1790475336-228","https://scoaladrpciv.ro/intrebari/categoria-b","Unde vă este permisă staționarea pe partea stângă în direcția de mers?","A - pe străzile cu sens unic;","","","B - în nicio situație;","C - pe șoselele cu bandă laterală consolidată.","https://scoaladrpciv.ro/intrebare/unde-va-este-permisa-stationarea-pe-partea-stanga-in-directia-de-mers-8085","","<div class="""">
                        <h4>Articolul 141</h4><p>(1)&nbsp;&nbsp; Conducãtorii autovehiculelor, tractoarelor agricole sau forestiere imobilizate pe drumurile publice, care se îndepãrteazã de acestea, sunt obligați sã acționeze frânã de ajutor, sã opreascã funcționarea motorului și sã cupleze într-o treaptã de vitezã inferioarã sau în cea de parcare dacã autovehiculul, tractorul agricol sau forestier are transmisie automatã.</p><p>(2)&nbsp;&nbsp; În cazul imobilizãrii involuntare a autovehiculului, tractorului agricol sau forestier în panta sau în rampa, pe lângã obligațiile prevãzute la alin. (1) conducãtorul trebuie sã bracheze rotile directoare.</p><p>(3)&nbsp;&nbsp; În cazul imobilizãrii involuntare a autovehiculului, tractorului agricol sau forestier în pasaje subterane sau în tuneluri, conducãtorul acestuia este obligat sã opreascã funcționarea motorului.</p><p><span style=""background-color:hsl(60, 75%, 60%);"">(4)&nbsp;&nbsp; În localitãți, pe drumurile cu sens unic, oprirea sau staționarea voluntarã a vehiculelor este permisã și pe partea stânga, dacã rãmâne liberã cel puțin o bandã de circulație.</span></p><p>(5)&nbsp;&nbsp; În afara localitãților oprirea sau staționarea voluntarã a vehiculelor se face în afara pãrții carosabile, iar atunci când nu este posibil, cât mai aproape de marginea din dreapta a drumului, paralel cu axa acestuia.</p><p>(6)&nbsp;&nbsp; Nu este permisã staționarea pe partea carosabilã, în timpul nopții, a tractoarelor agricole sau forestiere, a remorcilor, a mopedelor, a bicicletelor, a trotinetelor electrice, a vehiculelor cu tracțiune animalã ori a celor trase sau împinse cu mâna.</p><p>(7)&nbsp;&nbsp; Nu este permisã oprirea sau staționarea în tuneluri. În situații de urgențã sau de pericol conducãtorului de autovehicul îi este permisã oprirea sau staționarea numai în locurile special amenajate și semnalizate corespunzãtor. În caz de imobilizare prelungitã a autovehiculului în tunel, conducãtorul de vehicul este obligat sã opreascã motorul.</p><p>(8)&nbsp;&nbsp; Se considerã staționare pe partea carosabilã situația în care oricare dintre roțile vehiculului sau remorcii se regãsește pe partea carosabilã.</p>


                    </div>","https://scoaladrpciv.ro/intrebari/categoria-b/oprirea-stationarea-si-parcarea"
"1790475338-229","https://scoaladrpciv.ro/intrebari/categoria-b","În care dintre situațiile de mai jos este interzisă oprirea vehiculelor pe drumurile publice?","B - la o distanță mai mică de 25 m înainte și după indicatorul stației pentru mijloacele de transport public de persoane;","","","A - pe partea carosabilă a drumurilor naționale;","C - la mai puțin de 50 m de cel mai apropiat colț al intersecției.","https://scoaladrpciv.ro/intrebare/in-care-dintre-situatiile-de-mai-jos-este-interzisa-oprirea-vehiculelor-pe-drumurile-publice-cdd2","","<div class="""">
                        <h4>Articolul 142</h4><p>Se interzice oprirea voluntarã a vehiculelor:</p><p>a)&nbsp; în zona de acțiune a indicatorului ""Oprirea interzisã"";</p><p>&nbsp;b)&nbsp;&nbsp; pe trecerile la nivel cu calea feratã curentã și la o distanțã mai mica de 50 m înainte și dupã acestea;</p><p>&nbsp;c)&nbsp; pe poduri, pe și sub pasaje denivelate, precum și pe viaducte;</p><p>d)&nbsp;&nbsp; în curbe și în alte locuri cu vizibilitate redusã sub 50 m;</p><p>e)&nbsp;&nbsp; pe trecerile pentru pietoni ori la mai puțin de 25 m înainte și dupã acestea;;</p><p>&nbsp;f)&nbsp;&nbsp; în intersecții, inclusiv cele cu circulație în sens giratoriu, precum și în zona de preselecție unde sunt aplicate marcaje continue, iar în lipsa acestora, la o distanțã mai mica de 25 m de coltul intersecției;</p><p><span style=""background-color:hsl(60, 75%, 60%);"">g)&nbsp;&nbsp; în stațiile mijloacelor de transport public de persoane, precum și la mai puțin de 25 m înainte și dupã acestea;</span></p><p>h)&nbsp;&nbsp; în dreptul altui vehicul oprit pe partea carosabilã, dacã prin aceasta se stânjenește circulația a douã vehicule venind din sensuri opuse, precum și în dreptul marcajului continuu, în cazul în care conducãtorii celorlalte vehicule care circulã în același sens ar fi obligați, din aceastã cauzã, sã treacã peste acest marcaj;</p><p>i)&nbsp;&nbsp; în locul în care se împiedicã vizibilitatea asupra unui indicator sau semnal luminos;</p><p>j)&nbsp;&nbsp; pe sectoarele de drum unde sunt instalate indicatoarele cu semnificațiile ""Drum îngustat"", ""Prioritate pentru circulația din sens invers"" sau ""Prioritate fațã de circulația din sens invers"";</p><p>k)&nbsp;&nbsp; pe pistele obligatorii pentru pietoni sau pentru pietoni și biciclete ori pe benzile rezervate unor anumite categorii de vehicule, semnalizate ca atare;</p><p>l)&nbsp;&nbsp; pe platforma caii ferate industriale sau de tramvai ori la mai puțin de 50 m de acestea, dacã circulația vehiculelor pe sine ar putea fi stânjenitã sau împiedicatã;</p><p>m)&nbsp;&nbsp; pe partea carosabilã a autostrãzilor, a drumurilor expres și a celor naționale europene (E);</p><p>n)&nbsp;&nbsp; pe trotuar, cu excepția situației în care administratorul drumului public a executat amenajãri care respectã prevederile art. 144 alin.(2) și (3);</p><p>o)&nbsp;&nbsp; pe pistele pentru biciclete;</p><p>p)&nbsp;&nbsp; în locurile unde este interzisã depãșirea.</p>


                    </div>","https://scoaladrpciv.ro/intrebari/categoria-b/oprirea-stationarea-si-parcarea"
"1790475340-230","https://scoaladrpciv.ro/intrebari/categoria-b","Poate staţiona noaptea, pe un drum public, remorca unui autoturism?","A - nu;","","","B - da, dacă drumul este iluminat;","C - da, dacă aceasta este semnalizată cu triunghiuri reflectorizante.","https://scoaladrpciv.ro/intrebare/poate-stationa-noaptea-pe-un-drum-public-remorca-unui-autoturism-9d7b","","<div class="""">
                        <h4>Articolul 141</h4><p>(1)&nbsp;&nbsp; Conducãtorii autovehiculelor, tractoarelor agricole sau forestiere imobilizate pe drumurile publice, care se îndepãrteazã de acestea, sunt obligați sã acționeze frânã de ajutor, sã opreascã funcționarea motorului și sã cupleze într-o treaptã de vitezã inferioarã sau în cea de parcare dacã autovehiculul, tractorul agricol sau forestier are transmisie automatã.</p><p>(2)&nbsp;&nbsp; În cazul imobilizãrii involuntare a autovehiculului, tractorului agricol sau forestier în panta sau în rampa, pe lângã obligațiile prevãzute la alin. (1) conducãtorul trebuie sã bracheze rotile directoare.</p><p>(3)&nbsp;&nbsp; În cazul imobilizãrii involuntare a autovehiculului, tractorului agricol sau forestier în pasaje subterane sau în tuneluri, conducãtorul acestuia este obligat sã opreascã funcționarea motorului.</p><p>(4)&nbsp;&nbsp; În localitãți, pe drumurile cu sens unic, oprirea sau staționarea voluntarã a vehiculelor este permisã și pe partea stânga, dacã rãmâne liberã cel puțin o bandã de circulație.</p><p>(5)&nbsp;&nbsp; În afara localitãților oprirea sau staționarea voluntarã a vehiculelor se face în afara pãrții carosabile, iar atunci când nu este posibil, cât mai aproape de marginea din dreapta a drumului, paralel cu axa acestuia.</p><p><span style=""background-color:hsl(60, 75%, 60%);"">(6)&nbsp;&nbsp; Nu este permisã staționarea pe partea carosabilã, în timpul nopții, a tractoarelor agricole sau forestiere, a remorcilor, a mopedelor, a bicicletelor, a trotinetelor electrice, a vehiculelor cu tracțiune animalã ori a celor trase sau împinse cu mâna.</span></p><p>(7)&nbsp;&nbsp; Nu este permisã oprirea sau staționarea în tuneluri. În situații de urgențã sau de pericol conducãtorului de autovehicul îi este permisã oprirea sau staționarea numai în locurile special amenajate și semnalizate corespunzãtor. În caz de imobilizare prelungitã a autovehiculului în tunel, conducãtorul de vehicul este obligat sã opreascã motorul.</p><p>(8)&nbsp;&nbsp; Se considerã staționare pe partea carosabilã situația în care oricare dintre roțile vehiculului sau remorcii se regãsește pe partea carosabilã.</p>


                    </div>","https://scoaladrpciv.ro/intrebari/categoria-b/oprirea-stationarea-si-parcarea"
"1790475343-231","https://scoaladrpciv.ro/intrebari/categoria-b","Oprirea voluntară a vehiculelor este interzisă:","C - la mai puțin de 25 m înainte și după stațiile mijloacelor de transport public de persoane.","","","A - pe drumurile cu sens unic;","B - în zonele rezidențiale semnalizate ca atare;","https://scoaladrpciv.ro/intrebare/oprirea-voluntara-a-vehiculelor-este-interzisa-56cd","","<div class="""">
                        <h4>Articolul 142</h4><p>Se interzice oprirea voluntarã a vehiculelor:</p><p>a)&nbsp; în zona de acțiune a indicatorului ""Oprirea interzisã"";</p><p>&nbsp;b)&nbsp;&nbsp; pe trecerile la nivel cu calea feratã curentã și la o distanțã mai mica de 50 m înainte și dupã acestea;</p><p>&nbsp;c)&nbsp; pe poduri, pe și sub pasaje denivelate, precum și pe viaducte;</p><p>d)&nbsp;&nbsp; în curbe și în alte locuri cu vizibilitate redusã sub 50 m;</p><p>e)&nbsp;&nbsp; pe trecerile pentru pietoni ori la mai puțin de 25 m înainte și dupã acestea;;</p><p>&nbsp;f)&nbsp;&nbsp; în intersecții, inclusiv cele cu circulație în sens giratoriu, precum și în zona de preselecție unde sunt aplicate marcaje continue, iar în lipsa acestora, la o distanțã mai mica de 25 m de coltul intersecției;</p><p><span style=""background-color:hsl(60, 75%, 60%);"">g)&nbsp;&nbsp; în stațiile mijloacelor de transport public de persoane, precum și la mai puțin de 25 m înainte și dupã acestea;</span></p><p>h)&nbsp;&nbsp; în dreptul altui vehicul oprit pe partea carosabilã, dacã prin aceasta se stânjenește circulația a douã vehicule venind din sensuri opuse, precum și în dreptul marcajului continuu, în cazul în care conducãtorii celorlalte vehicule care circulã în același sens ar fi obligați, din aceastã cauzã, sã treacã peste acest marcaj;</p><p>i)&nbsp;&nbsp; în locul în care se împiedicã vizibilitatea asupra unui indicator sau semnal luminos;</p><p>j)&nbsp;&nbsp; pe sectoarele de drum unde sunt instalate indicatoarele cu semnificațiile ""Drum îngustat"", ""Prioritate pentru circulația din sens invers"" sau ""Prioritate fațã de circulația din sens invers"";</p><p>k)&nbsp;&nbsp; pe pistele obligatorii pentru pietoni sau pentru pietoni și biciclete ori pe benzile rezervate unor anumite categorii de vehicule, semnalizate ca atare;</p><p>l)&nbsp;&nbsp; pe platforma caii ferate industriale sau de tramvai ori la mai puțin de 50 m de acestea, dacã circulația vehiculelor pe sine ar putea fi stânjenitã sau împiedicatã;</p><p>m)&nbsp;&nbsp; pe partea carosabilã a autostrãzilor, a drumurilor expres și a celor naționale europene (E);</p><p>n)&nbsp;&nbsp; pe trotuar, cu excepția situației în care administratorul drumului public a executat amenajãri care respectã prevederile art. 144 alin.(2) și (3);</p><p>o)&nbsp;&nbsp; pe pistele pentru biciclete;</p><p>p)&nbsp;&nbsp; în locurile unde este interzisã depãșirea.</p>


                    </div>","https://scoaladrpciv.ro/intrebari/categoria-b/oprirea-stationarea-si-parcarea"
"1790475345-232","https://scoaladrpciv.ro/intrebari/categoria-b","În această situație, cum puteți staționa regulamentar?","A - cu toate luminile stinse;","","","B - numai cu luminile de poziție;","C - numai cu luminile de avarie.","https://scoaladrpciv.ro/intrebare/in-aceasta-situatie-cum-puteti-stationa-regulamentar-cb3f","https://scoaladrpciv.ro/storage/questions/780.jpeg","<div class="""">
                        <h4>Articolul 115</h4><p>Un vehicul poate fi oprit sau staționat cu toate luminile stinse, în locurile în care aceste manevre sunt permise, atunci când se aflã:</p><ul style=""list-style-type:circle;""><li><span style=""background-color:hsl(60, 75%, 60%);"">a)&nbsp;&nbsp; pe un drum iluminat, astfel încât vehiculul este vizibil de la o distanțã de cel puțin 50 m;</span></li><li>b)&nbsp;&nbsp; în afara pãrții carosabile, pe un acostament consolidat;</li><li>c)&nbsp;&nbsp; în localitãți, la marginea pãrții carosabile, în cazul motocicletelor cu douã roti, fãrã ataș și a mopedelor, care nu sunt prevãzute cu sursa de energie.</li></ul>


                    </div>","https://scoaladrpciv.ro/intrebari/categoria-b/oprirea-stationarea-si-parcarea"
"1790475347-233","https://scoaladrpciv.ro/intrebari/categoria-b","Este interzisă staționarea în dreptul marcajului longitudinal continuu, aplicat între sensurile de circulație?","B - da, atunci când conducătorii celorlalte vehicule ar fi obligați astfel să treacă peste marcajul respectiv;","","","A - nu;","C - legal, nu este prevăzut.","https://scoaladrpciv.ro/intrebare/este-interzisa-stationarea-in-dreptul-marcajului-longitudinal-continuu-aplicat-intre-sensurile-de-circulatie-08e2","","<div class="""">
                        <h4>Articolul 142</h4><p>Se interzice oprirea voluntarã a vehiculelor:</p><p>a)&nbsp; în zona de acțiune a indicatorului ""Oprirea interzisã"";</p><p>&nbsp;b)&nbsp;&nbsp; pe trecerile la nivel cu calea feratã curentã și la o distanțã mai mica de 50 m înainte și dupã acestea;</p><p>&nbsp;c)&nbsp; pe poduri, pe și sub pasaje denivelate, precum și pe viaducte;</p><p>d)&nbsp;&nbsp; în curbe și în alte locuri cu vizibilitate redusã sub 50 m;</p><p>e)&nbsp;&nbsp; pe trecerile pentru pietoni ori la mai puțin de 25 m înainte și dupã acestea;;</p><p>&nbsp;f)&nbsp;&nbsp; în intersecții, inclusiv cele cu circulație în sens giratoriu, precum și în zona de preselecție unde sunt aplicate marcaje continue, iar în lipsa acestora, la o distanțã mai mica de 25 m de coltul intersecției;</p><p>g)&nbsp;&nbsp; în stațiile mijloacelor de transport public de persoane, precum și la mai puțin de 25 m înainte și dupã acestea;</p><p><span style=""background-color:hsl(60, 75%, 60%);"">h)&nbsp;&nbsp; în dreptul altui vehicul oprit pe partea carosabilã, dacã prin aceasta se stânjenește circulația a douã vehicule venind din sensuri opuse, precum și în dreptul marcajului continuu, în cazul în care conducãtorii celorlalte vehicule care circulã în același sens ar fi obligați, din aceastã cauzã, sã treacã peste acest marcaj;</span></p><p>i)&nbsp;&nbsp; în locul în care se împiedicã vizibilitatea asupra unui indicator sau semnal luminos;</p><p>j)&nbsp;&nbsp; pe sectoarele de drum unde sunt instalate indicatoarele cu semnificațiile ""Drum îngustat"", ""Prioritate pentru circulația din sens invers"" sau ""Prioritate fațã de circulația din sens invers"";</p><p>k)&nbsp;&nbsp; pe pistele obligatorii pentru pietoni sau pentru pietoni și biciclete ori pe benzile rezervate unor anumite categorii de vehicule, semnalizate ca atare;</p><p>l)&nbsp;&nbsp; pe platforma caii ferate industriale sau de tramvai ori la mai puțin de 50 m de acestea, dacã circulația vehiculelor pe sine ar putea fi stânjenitã sau împiedicatã;</p><p>m)&nbsp;&nbsp; pe partea carosabilã a autostrãzilor, a drumurilor expres și a celor naționale europene (E);</p><p>n)&nbsp;&nbsp; pe trotuar, cu excepția situației în care administratorul drumului public a executat amenajãri care respectã prevederile art. 144 alin.(2) și (3);</p><p>o)&nbsp;&nbsp; pe pistele pentru biciclete;</p><p>p)&nbsp;&nbsp; în locurile unde este interzisã depãșirea.</p><h4>Articolul 143</h4><p>Se interzice staționarea voluntarã a vehiculelor:</p><p><span style=""background-color:hsl(60, 75%, 60%);"">a)&nbsp; în toate cazurile în care este interzisã oprirea voluntarã;</span></p><p>b)&nbsp;&nbsp; în zona de acțiune a indicatorului cu semnificația ""Staționarea interzisã"" și a marcajului cu semnificația de interzicere a staționãrii;</p><p>c)&nbsp; pe drumurile publice cu o lãțime mai mica de 6 m;</p><p>d)&nbsp;&nbsp; în dreptul cailor de acces care deservesc proprietãțile alãturate drumurilor publice;</p><p>e)&nbsp; în pante și în rampe;</p><p>f)&nbsp;&nbsp; în locul unde este instalat indicatorul cu semnificația ""Staționare alternantã"", în altã zi sau perioadã decât cea permisã, ori indicatorul cu semnificația ""Zona de staționare cu durata limitatã"" peste durata stabilitã.</p><p>&nbsp;</p>


                    </div>","https://scoaladrpciv.ro/intrebari/categoria-b/oprirea-stationarea-si-parcarea"
"1790475350-234","https://scoaladrpciv.ro/intrebari/categoria-b","Este permisă oprirea în dreptul staţiei de tramvai prevăzută cu refugiu pentru pietoni?","C - nu.","","","A - da, când tramvaiul nu se află în staţie;","B - da, deoarece în astfel de staţii este permisă depăşirea;","https://scoaladrpciv.ro/intrebare/este-permisa-oprirea-in-dreptul-statiei-de-tramvai-prevazuta-cu-refugiu-pentru-pietoni-ecc7","","<div class="""">
                        <h4>Articolul 142</h4><p>Se interzice oprirea voluntarã a vehiculelor:</p><p>a)&nbsp; în zona de acțiune a indicatorului ""Oprirea interzisã"";</p><p>&nbsp;b)&nbsp;&nbsp; pe trecerile la nivel cu calea feratã curentã și la o distanțã mai mica de 50 m înainte și dupã acestea;</p><p>&nbsp;c)&nbsp; pe poduri, pe și sub pasaje denivelate, precum și pe viaducte;</p><p>d)&nbsp;&nbsp; în curbe și în alte locuri cu vizibilitate redusã sub 50 m;</p><p>e)&nbsp;&nbsp; pe trecerile pentru pietoni ori la mai puțin de 25 m înainte și dupã acestea;;</p><p>&nbsp;f)&nbsp;&nbsp; în intersecții, inclusiv cele cu circulație în sens giratoriu, precum și în zona de preselecție unde sunt aplicate marcaje continue, iar în lipsa acestora, la o distanțã mai mica de 25 m de coltul intersecției;</p><p><span style=""background-color:hsl(60, 75%, 60%);"">g)&nbsp;&nbsp; în stațiile mijloacelor de transport public de persoane, precum și la mai puțin de 25 m înainte și dupã acestea;</span></p><p>h)&nbsp;&nbsp; în dreptul altui vehicul oprit pe partea carosabilã, dacã prin aceasta se stânjenește circulația a douã vehicule venind din sensuri opuse, precum și în dreptul marcajului continuu, în cazul în care conducãtorii celorlalte vehicule care circulã în același sens ar fi obligați, din aceastã cauzã, sã treacã peste acest marcaj;</p><p>i)&nbsp;&nbsp; în locul în care se împiedicã vizibilitatea asupra unui indicator sau semnal luminos;</p><p>j)&nbsp;&nbsp; pe sectoarele de drum unde sunt instalate indicatoarele cu semnificațiile ""Drum îngustat"", ""Prioritate pentru circulația din sens invers"" sau ""Prioritate fațã de circulația din sens invers"";</p><p>k)&nbsp;&nbsp; pe pistele obligatorii pentru pietoni sau pentru pietoni și biciclete ori pe benzile rezervate unor anumite categorii de vehicule, semnalizate ca atare;</p><p>l)&nbsp;&nbsp; pe platforma caii ferate industriale sau de tramvai ori la mai puțin de 50 m de acestea, dacã circulația vehiculelor pe sine ar putea fi stânjenitã sau împiedicatã;</p><p>m)&nbsp;&nbsp; pe partea carosabilã a autostrãzilor, a drumurilor expres și a celor naționale europene (E);</p><p>n)&nbsp;&nbsp; pe trotuar, cu excepția situației în care administratorul drumului public a executat amenajãri care respectã prevederile art. 144 alin.(2) și (3);</p><p>o)&nbsp;&nbsp; pe pistele pentru biciclete;</p><p>p)&nbsp;&nbsp; în locurile unde este interzisã depãșirea.</p>


                    </div>","https://scoaladrpciv.ro/intrebari/categoria-b/oprirea-stationarea-si-parcarea"
"1790475352-235","https://scoaladrpciv.ro/intrebari/categoria-b","Care dintre autoturisme staționează greșit?","C - ambele autoturisme.","","","A - autoturismul alb;","B - autoturismul roșu;","https://scoaladrpciv.ro/intrebare/care-dintre-autoturisme-stationeaza-gresit-98a7","https://scoaladrpciv.ro/storage/questions/718.jpeg","<div class="""">
                        <h4>Articolul 142</h4><p>Se interzice oprirea voluntarã a vehiculelor:</p><p>a)&nbsp; în zona de acțiune a indicatorului ""Oprirea interzisã"";</p><p>&nbsp;b)&nbsp;&nbsp; pe trecerile la nivel cu calea feratã curentã și la o distanțã mai mica de 50 m înainte și dupã acestea;</p><p>&nbsp;c)&nbsp; pe poduri, pe și sub pasaje denivelate, precum și pe viaducte;</p><p>d)&nbsp;&nbsp; în curbe și în alte locuri cu vizibilitate redusã sub 50 m;</p><p><span style=""background-color:hsl(60, 75%, 60%);"">e)&nbsp;&nbsp; pe trecerile pentru pietoni ori la mai puțin de 25 m înainte și dupã acestea;;</span></p><p>&nbsp;f)&nbsp;&nbsp; în intersecții, inclusiv cele cu circulație în sens giratoriu, precum și în zona de preselecție unde sunt aplicate marcaje continue, iar în lipsa acestora, la o distanțã mai mica de 25 m de coltul intersecției;</p><p>g)&nbsp;&nbsp; în stațiile mijloacelor de transport public de persoane, precum și la mai puțin de 25 m înainte și dupã acestea;</p><p>h)&nbsp;&nbsp; în dreptul altui vehicul oprit pe partea carosabilã, dacã prin aceasta se stânjenește circulația a douã vehicule venind din sensuri opuse, precum și în dreptul marcajului continuu, în cazul în care conducãtorii celorlalte vehicule care circulã în același sens ar fi obligați, din aceastã cauzã, sã treacã peste acest marcaj;</p><p>i)&nbsp;&nbsp; în locul în care se împiedicã vizibilitatea asupra unui indicator sau semnal luminos;</p><p>j)&nbsp;&nbsp; pe sectoarele de drum unde sunt instalate indicatoarele cu semnificațiile ""Drum îngustat"", ""Prioritate pentru circulația din sens invers"" sau ""Prioritate fațã de circulația din sens invers"";</p><p>k)&nbsp;&nbsp; pe pistele obligatorii pentru pietoni sau pentru pietoni și biciclete ori pe benzile rezervate unor anumite categorii de vehicule, semnalizate ca atare;</p><p>l)&nbsp;&nbsp; pe platforma caii ferate industriale sau de tramvai ori la mai puțin de 50 m de acestea, dacã circulația vehiculelor pe sine ar putea fi stânjenitã sau împiedicatã;</p><p>m)&nbsp;&nbsp; pe partea carosabilã a autostrãzilor, a drumurilor expres și a celor naționale europene (E);</p><p>n)&nbsp;&nbsp; pe trotuar, cu excepția situației în care administratorul drumului public a executat amenajãri care respectã prevederile art. 144 alin.(2) și (3);</p><p>o)&nbsp;&nbsp; pe pistele pentru biciclete;</p><p>p)&nbsp;&nbsp; în locurile unde este interzisã depãșirea.</p><h4>Articolul 143</h4><p>Se interzice staționarea voluntarã a vehiculelor:</p><p><span style=""background-color:hsl(60, 75%, 60%);"">a)&nbsp; în toate cazurile în care este interzisã oprirea voluntarã;</span></p><p>b)&nbsp;&nbsp; în zona de acțiune a indicatorului cu semnificația ""Staționarea interzisã"" și a marcajului cu semnificația de interzicere a staționãrii;</p><p>c)&nbsp; pe drumurile publice cu o lãțime mai mica de 6 m;</p><p>d)&nbsp;&nbsp; în dreptul cailor de acces care deservesc proprietãțile alãturate drumurilor publice;</p><p>e)&nbsp; în pante și în rampe;</p><p>f)&nbsp;&nbsp; în locul unde este instalat indicatorul cu semnificația ""Staționare alternantã"", în altã zi sau perioadã decât cea permisã, ori indicatorul cu semnificația ""Zona de staționare cu durata limitatã"" peste durata stabilitã.</p>


                    </div>","https://scoaladrpciv.ro/intrebari/categoria-b/oprirea-stationarea-si-parcarea"
"1790475354-236","https://scoaladrpciv.ro/intrebari/categoria-b","Este interzisă oprirea voluntară:","A - pe trecerile pentru pietoni sau la mai puțin de 25 m, înainte și după acestea;","","","B - la o distanță mai mică de 100 m, înainte și după trecerea la nivel cu calea ferată;","C - la o distanță mai mică de 50 m, înainte și după stațiile mijloacelor de transport public.","https://scoaladrpciv.ro/intrebare/este-interzisa-oprirea-voluntara-0dbc","","<div class="""">
                        <h4>Articolul 142</h4><p>Se interzice oprirea voluntarã a vehiculelor:</p><p>a)&nbsp; în zona de acțiune a indicatorului ""Oprirea interzisã"";</p><p>&nbsp;b)&nbsp;&nbsp; pe trecerile la nivel cu calea feratã curentã și la o distanțã mai mica de 50 m înainte și dupã acestea;</p><p>&nbsp;c)&nbsp; pe poduri, pe și sub pasaje denivelate, precum și pe viaducte;</p><p>d)&nbsp;&nbsp; în curbe și în alte locuri cu vizibilitate redusã sub 50 m;</p><p><span style=""background-color:hsl(60, 75%, 60%);"">e)&nbsp;&nbsp; pe trecerile pentru pietoni ori la mai puțin de 25 m înainte și dupã acestea;</span></p><p>&nbsp;f)&nbsp;&nbsp; în intersecții, inclusiv cele cu circulație în sens giratoriu, precum și în zona de preselecție unde sunt aplicate marcaje continue, iar în lipsa acestora, la o distanțã mai mica de 25 m de coltul intersecției;</p><p>g)&nbsp;&nbsp; în stațiile mijloacelor de transport public de persoane, precum și la mai puțin de 25 m înainte și dupã acestea;</p><p>h)&nbsp;&nbsp; în dreptul altui vehicul oprit pe partea carosabilã, dacã prin aceasta se stânjenește circulația a douã vehicule venind din sensuri opuse, precum și în dreptul marcajului continuu, în cazul în care conducãtorii celorlalte vehicule care circulã în același sens ar fi obligați, din aceastã cauzã, sã treacã peste acest marcaj;</p><p>i)&nbsp;&nbsp; în locul în care se împiedicã vizibilitatea asupra unui indicator sau semnal luminos;</p><p>j)&nbsp;&nbsp; pe sectoarele de drum unde sunt instalate indicatoarele cu semnificațiile ""Drum îngustat"", ""Prioritate pentru circulația din sens invers"" sau ""Prioritate fațã de circulația din sens invers"";</p><p>k)&nbsp;&nbsp; pe pistele obligatorii pentru pietoni sau pentru pietoni și biciclete ori pe benzile rezervate unor anumite categorii de vehicule, semnalizate ca atare;</p><p>l)&nbsp;&nbsp; pe platforma caii ferate industriale sau de tramvai ori la mai puțin de 50 m de acestea, dacã circulația vehiculelor pe sine ar putea fi stânjenitã sau împiedicatã;</p><p>m)&nbsp;&nbsp; pe partea carosabilã a autostrãzilor, a drumurilor expres și a celor naționale europene (E);</p><p>n)&nbsp;&nbsp; pe trotuar, cu excepția situației în care administratorul drumului public a executat amenajãri care respectã prevederile art. 144 alin.(2) și (3);</p><p>o)&nbsp;&nbsp; pe pistele pentru biciclete;</p><p>p)&nbsp;&nbsp; în locurile unde este interzisã depãșirea.</p>


                    </div>","https://scoaladrpciv.ro/intrebari/categoria-b/oprirea-stationarea-si-parcarea"
"1790475356-237","https://scoaladrpciv.ro/intrebari/categoria-b","În care dintre situațiile de mai jos este interzisă oprirea vehiculelor pe drumurile publice?","A - în intersecțiile cu sens giratoriu;","","","B - în zona de acțiune a indicatorului „Staționarea interzisă“;","C - pe arterele cu un singur sens de circulație.","https://scoaladrpciv.ro/intrebare/in-care-dintre-situatiile-de-mai-jos-este-interzisa-oprirea-vehiculelor-pe-drumurile-publice-e59b","","<div class="""">
                        <h4>Articolul 142</h4><p>Se interzice oprirea voluntarã a vehiculelor:</p><p>a)&nbsp; în zona de acțiune a indicatorului ""Oprirea interzisã"";</p><p>&nbsp;b)&nbsp;&nbsp; pe trecerile la nivel cu calea feratã curentã și la o distanțã mai mica de 50 m înainte și dupã acestea;</p><p>&nbsp;c)&nbsp; pe poduri, pe și sub pasaje denivelate, precum și pe viaducte;</p><p>d)&nbsp;&nbsp; în curbe și în alte locuri cu vizibilitate redusã sub 50 m;</p><p>e)&nbsp;&nbsp; pe trecerile pentru pietoni ori la mai puțin de 25 m înainte și dupã acestea;;</p><p><span style=""background-color:hsl(60, 75%, 60%);"">&nbsp;f)&nbsp;&nbsp; în intersecții, inclusiv cele cu circulație în sens giratoriu, precum și în zona de preselecție unde sunt aplicate marcaje continue, iar în lipsa acestora, la o distanțã mai mica de 25 m de coltul intersecției;</span></p><p>g)&nbsp;&nbsp; în stațiile mijloacelor de transport public de persoane, precum și la mai puțin de 25 m înainte și dupã acestea;</p><p>h)&nbsp;&nbsp; în dreptul altui vehicul oprit pe partea carosabilã, dacã prin aceasta se stânjenește circulația a douã vehicule venind din sensuri opuse, precum și în dreptul marcajului continuu, în cazul în care conducãtorii celorlalte vehicule care circulã în același sens ar fi obligați, din aceastã cauzã, sã treacã peste acest marcaj;</p><p>i)&nbsp;&nbsp; în locul în care se împiedicã vizibilitatea asupra unui indicator sau semnal luminos;</p><p>j)&nbsp;&nbsp; pe sectoarele de drum unde sunt instalate indicatoarele cu semnificațiile ""Drum îngustat"", ""Prioritate pentru circulația din sens invers"" sau ""Prioritate fațã de circulația din sens invers"";</p><p>k)&nbsp;&nbsp; pe pistele obligatorii pentru pietoni sau pentru pietoni și biciclete ori pe benzile rezervate unor anumite categorii de vehicule, semnalizate ca atare;</p><p>l)&nbsp;&nbsp; pe platforma caii ferate industriale sau de tramvai ori la mai puțin de 50 m de acestea, dacã circulația vehiculelor pe sine ar putea fi stânjenitã sau împiedicatã;</p><p>m)&nbsp;&nbsp; pe partea carosabilã a autostrãzilor, a drumurilor expres și a celor naționale europene (E);</p><p>n)&nbsp;&nbsp; pe trotuar, cu excepția situației în care administratorul drumului public a executat amenajãri care respectã prevederile art. 144 alin.(2) și (3);</p><p>o)&nbsp;&nbsp; pe pistele pentru biciclete;</p><p>p)&nbsp;&nbsp; în locurile unde este interzisã depãșirea.</p>


                    </div>","https://scoaladrpciv.ro/intrebari/categoria-b/oprirea-stationarea-si-parcarea"
"1790475359-238","https://scoaladrpciv.ro/intrebari/categoria-b","În care dintre situaţii este interzisă oprirea?","A - la o distanţă mai mică de 25 m înainte şi după indicatorul de staţie pentru mijloacele de transport public de persoane;","B - la o distanţă mai mică de 25 m de colţul intersecţiei;","","C - la o distanţă de 5 m în spatele ultimului vagon de tramvai oprit într-o staţie fără refugiu pentru pietoni.","","https://scoaladrpciv.ro/intrebare/in-care-dintre-situatii-este-interzisa-oprirea-22ac","","<div class="""">
                        <h4>Articolul 142</h4><p>Se interzice oprirea voluntarã a vehiculelor:</p><p>a)&nbsp; în zona de acțiune a indicatorului ""Oprirea interzisã"";</p><p>&nbsp;b)&nbsp;&nbsp; pe trecerile la nivel cu calea feratã curentã și la o distanțã mai mica de 50 m înainte și dupã acestea;</p><p>&nbsp;c)&nbsp; pe poduri, pe și sub pasaje denivelate, precum și pe viaducte;</p><p>d)&nbsp;&nbsp; în curbe și în alte locuri cu vizibilitate redusã sub 50 m;</p><p>e)&nbsp;&nbsp; pe trecerile pentru pietoni ori la mai puțin de 25 m înainte și dupã acestea;;</p><p><span style=""background-color:hsl(60, 75%, 60%);"">&nbsp;f)&nbsp;&nbsp; în intersecții, inclusiv cele cu circulație în sens giratoriu, precum și în zona de preselecție unde sunt aplicate marcaje continue, iar în lipsa acestora, la o distanțã mai mica de 25 m de coltul intersecției;</span></p><p><span style=""background-color:hsl(60, 75%, 60%);"">g)&nbsp;&nbsp; în stațiile mijloacelor de transport public de persoane, precum și la mai puțin de 25 m înainte și dupã acestea;</span></p><p>h)&nbsp;&nbsp; în dreptul altui vehicul oprit pe partea carosabilã, dacã prin aceasta se stânjenește circulația a douã vehicule venind din sensuri opuse, precum și în dreptul marcajului continuu, în cazul în care conducãtorii celorlalte vehicule care circulã în același sens ar fi obligați, din aceastã cauzã, sã treacã peste acest marcaj;</p><p>i)&nbsp;&nbsp; în locul în care se împiedicã vizibilitatea asupra unui indicator sau semnal luminos;</p><p>j)&nbsp;&nbsp; pe sectoarele de drum unde sunt instalate indicatoarele cu semnificațiile ""Drum îngustat"", ""Prioritate pentru circulația din sens invers"" sau ""Prioritate fațã de circulația din sens invers"";</p><p>k)&nbsp;&nbsp; pe pistele obligatorii pentru pietoni sau pentru pietoni și biciclete ori pe benzile rezervate unor anumite categorii de vehicule, semnalizate ca atare;</p><p>l)&nbsp;&nbsp; pe platforma caii ferate industriale sau de tramvai ori la mai puțin de 50 m de acestea, dacã circulația vehiculelor pe sine ar putea fi stânjenitã sau împiedicatã;</p><p>m)&nbsp;&nbsp; pe partea carosabilã a autostrãzilor, a drumurilor expres și a celor naționale europene (E);</p><p>n)&nbsp;&nbsp; pe trotuar, cu excepția situației în care administratorul drumului public a executat amenajãri care respectã prevederile art. 144 alin.(2) și (3);</p><p>o)&nbsp;&nbsp; pe pistele pentru biciclete;</p><p>p)&nbsp;&nbsp; în locurile unde este interzisã depãșirea.</p>


                    </div>","https://scoaladrpciv.ro/intrebari/categoria-b/oprirea-stationarea-si-parcarea"
"1790475361-239","https://scoaladrpciv.ro/intrebari/categoria-b","În ce situație vă este permis să opriți vehiculul sau să staționați pe partea stângă a sensului de mers?","A - pe drumurile cu sens unic, dacă rămâne liberă cel puțin o bandă de circulație;","","","B - pe drumurile secundare;","C - pe drumurile cu cel puțin două benzi pe sens.","https://scoaladrpciv.ro/intrebare/in-ce-situatie-va-este-permis-sa-opriti-vehiculul-sau-sa-stationati-pe-partea-stanga-a-sensului-de-mers-60be","","<div class="""">
                        <h4>Articolul 141</h4><p>(1)&nbsp;&nbsp; Conducãtorii autovehiculelor, tractoarelor agricole sau forestiere imobilizate pe drumurile publice, care se îndepãrteazã de acestea, sunt obligați sã acționeze frânã de ajutor, sã opreascã funcționarea motorului și sã cupleze într-o treaptã de vitezã inferioarã sau în cea de parcare dacã autovehiculul, tractorul agricol sau forestier are transmisie automatã.</p><p>(2)&nbsp;&nbsp; În cazul imobilizãrii involuntare a autovehiculului, tractorului agricol sau forestier în panta sau în rampa, pe lângã obligațiile prevãzute la alin. (1) conducãtorul trebuie sã bracheze rotile directoare.</p><p>(3)&nbsp;&nbsp; În cazul imobilizãrii involuntare a autovehiculului, tractorului agricol sau forestier în pasaje subterane sau în tuneluri, conducãtorul acestuia este obligat sã opreascã funcționarea motorului.</p><p><span style=""background-color:hsl(60, 75%, 60%);"">(4)&nbsp;&nbsp; În localitãți, pe drumurile cu sens unic, oprirea sau staționarea voluntarã a vehiculelor este permisã și pe partea stânga, dacã rãmâne liberã cel puțin o bandã de circulație.</span></p><p>(5)&nbsp;&nbsp; În afara localitãților oprirea sau staționarea voluntarã a vehiculelor se face în afara pãrții carosabile, iar atunci când nu este posibil, cât mai aproape de marginea din dreapta a drumului, paralel cu axa acestuia.</p><p>(6)&nbsp;&nbsp; Nu este permisã staționarea pe partea carosabilã, în timpul nopții, a tractoarelor agricole sau forestiere, a remorcilor, a mopedelor, a bicicletelor, a trotinetelor electrice, a vehiculelor cu tracțiune animalã ori a celor trase sau împinse cu mâna.</p><p>(7)&nbsp;&nbsp; Nu este permisã oprirea sau staționarea în tuneluri. În situații de urgențã sau de pericol conducãtorului de autovehicul îi este permisã oprirea sau staționarea numai în locurile special amenajate și semnalizate corespunzãtor. În caz de imobilizare prelungitã a autovehiculului în tunel, conducãtorul de vehicul este obligat sã opreascã motorul.</p><p>(8)&nbsp;&nbsp; Se considerã staționare pe partea carosabilã situația în care oricare dintre roțile vehiculului sau remorcii se regãsește pe partea carosabilã.</p>


                    </div>","https://scoaladrpciv.ro/intrebari/categoria-b/oprirea-stationarea-si-parcarea"
"1790475363-240","https://scoaladrpciv.ro/intrebari/categoria-b","Parcarea este permisă:","A - numai în locurile special destinate, semnalizate prin indicatoare sau marcaje;","","","B - pe orice drum public, unde staționarea nu este interzisă, cu condiția să nu se stânjenească circulația celorlalte vehicule;","C - numai pe străzile cu o lățime de cel puțin 6 m.","https://scoaladrpciv.ro/intrebare/parcarea-este-permisa-8ff8","","<div class="""">
                        <h4>Articolul 63</h4><p>(1)&nbsp;&nbsp;Se consideră oprire imobilizarea voluntară a unui vehicul pe drumul public, pe o durată de cel mult 5 minute. Peste aceasta durată, imobilizarea se consideră staționare.</p><p>(2)&nbsp; Nu se consideră oprire:</p><ul><li>a)&nbsp;&nbsp;&nbsp;imobilizarea vehiculului atât timp cât este necesară pentru îmbarcarea sau debarcarea unor persoane, dacă prin aceasta manevra nu a fost perturbată circulația pe drumul public respectiv;</li><li>b)&nbsp; imobilizarea autovehiculului având o masă totală maximă autorizată de până la 3,5 tone, atât timp cât este necesar pentru operațiunea de distribuire a mărfurilor alimentare la unitățile comerciale.</li></ul><p>(3)&nbsp;&nbsp; Pentru autovehiculele care transportă mărfuri, altele decât cele prevăzute la alin. (2) lit. b), administratorul drumului public împreună cu autoritățile administrației publice locale, cu avizul poliției rutiere, vor stabili programe sau intervale orare pe timpul nopții, în care oprirea sau staționarea este permisă pentru distribuirea mărfurilor.</p><p><span style=""background-color:hsl(60, 75%, 60%);"">(4)&nbsp;&nbsp; Se consideră parcare staționarea vehiculelor în spații special amenajate sau stabilite și semnalizate corespunzător.</span></p><p>(5)&nbsp;&nbsp;&nbsp;Vehiculul oprit sau staționat pe partea carosabilă trebuie așezat lângă și în paralel cu marginea acesteia, pe un singur rând, dacă printr-un alt mijloc de semnalizare nu se dispune altfel. Motocicletele fără ataș, mopedele și bicicletele pot fi oprite sau staționate și câte două, una lângă alta.</p>


                    </div>","https://scoaladrpciv.ro/intrebari/categoria-b/oprirea-stationarea-si-parcarea"
"1790475366-241","https://scoaladrpciv.ro/intrebari/categoria-b","În care dintre următoarele situații este interzisă oprirea?","C - pe drumurile naționale europene.","","","A - pe sectoarele de drum neiluminate;","B - la o distanță mai mică de 5 m față de spatele unui tramvai;","https://scoaladrpciv.ro/intrebare/in-care-dintre-urmatoarele-situatii-este-interzisa-oprirea-4710","","<div class="""">
                        <h4>Articolul 142</h4><p>Se interzice oprirea voluntarã a vehiculelor:</p><p>a)&nbsp; în zona de acțiune a indicatorului ""Oprirea interzisã"";</p><p>&nbsp;b)&nbsp;&nbsp; pe trecerile la nivel cu calea feratã curentã și la o distanțã mai mica de 50 m înainte și dupã acestea;</p><p>&nbsp;c)&nbsp; pe poduri, pe și sub pasaje denivelate, precum și pe viaducte;</p><p>d)&nbsp;&nbsp; în curbe și în alte locuri cu vizibilitate redusã sub 50 m;</p><p>e)&nbsp;&nbsp; pe trecerile pentru pietoni ori la mai puțin de 25 m înainte și dupã acestea;;</p><p>&nbsp;f)&nbsp;&nbsp; în intersecții, inclusiv cele cu circulație în sens giratoriu, precum și în zona de preselecție unde sunt aplicate marcaje continue, iar în lipsa acestora, la o distanțã mai mica de 25 m de coltul intersecției;</p><p>g)&nbsp;&nbsp; în stațiile mijloacelor de transport public de persoane, precum și la mai puțin de 25 m înainte și dupã acestea;</p><p>h)&nbsp;&nbsp; în dreptul altui vehicul oprit pe partea carosabilã, dacã prin aceasta se stânjenește circulația a douã vehicule venind din sensuri opuse, precum și în dreptul marcajului continuu, în cazul în care conducãtorii celorlalte vehicule care circulã în același sens ar fi obligați, din aceastã cauzã, sã treacã peste acest marcaj;</p><p>i)&nbsp;&nbsp; în locul în care se împiedicã vizibilitatea asupra unui indicator sau semnal luminos;</p><p>j)&nbsp;&nbsp; pe sectoarele de drum unde sunt instalate indicatoarele cu semnificațiile ""Drum îngustat"", ""Prioritate pentru circulația din sens invers"" sau ""Prioritate fațã de circulația din sens invers"";</p><p>k)&nbsp;&nbsp; pe pistele obligatorii pentru pietoni sau pentru pietoni și biciclete ori pe benzile rezervate unor anumite categorii de vehicule, semnalizate ca atare;</p><p>l)&nbsp;&nbsp; pe platforma caii ferate industriale sau de tramvai ori la mai puțin de 50 m de acestea, dacã circulația vehiculelor pe sine ar putea fi stânjenitã sau împiedicatã;</p><p><span style=""background-color:hsl(60, 75%, 60%);"">m)&nbsp;&nbsp; pe partea carosabilã a autostrãzilor, a drumurilor expres și a celor naționale europene (E);</span></p><p>n)&nbsp;&nbsp; pe trotuar, cu excepția situației în care administratorul drumului public a executat amenajãri care respectã prevederile art. 144 alin.(2) și (3);</p><p>o)&nbsp;&nbsp; pe pistele pentru biciclete;</p><p>p)&nbsp;&nbsp; în locurile unde este interzisã depãșirea.</p>


                    </div>","https://scoaladrpciv.ro/intrebari/categoria-b/oprirea-stationarea-si-parcarea"
"1790475368-242","https://scoaladrpciv.ro/intrebari/categoria-b","Oprirea este interzisă:","A - la mai puţin de 25 m de colţul unei intersecţii;","C - în curbe şi pe sectoarele de drum cu vizibilitate redusă sub 50 m.","","B - în zona de acţiune a indicatorului „Staţionarea interzisă“;","","https://scoaladrpciv.ro/intrebare/oprirea-este-interzisa-9468","","<div class="""">
                        <h4>Articolul 142</h4><p>Se interzice oprirea voluntarã a vehiculelor:</p><p>a)&nbsp; în zona de acțiune a indicatorului ""Oprirea interzisã"";</p><p>&nbsp;b)&nbsp;&nbsp; pe trecerile la nivel cu calea feratã curentã și la o distanțã mai mica de 50 m înainte și dupã acestea;</p><p>&nbsp;c)&nbsp; pe poduri, pe și sub pasaje denivelate, precum și pe viaducte;</p><p><span style=""background-color:hsl(60, 75%, 60%);"">d)&nbsp;&nbsp; în curbe și în alte locuri cu vizibilitate redusã sub 50 m;</span></p><p>e)&nbsp;&nbsp; pe trecerile pentru pietoni ori la mai puțin de 25 m înainte și dupã acestea;;</p><p><span style=""background-color:hsl(60, 75%, 60%);"">&nbsp;f)&nbsp;&nbsp; în intersecții, inclusiv cele cu circulație în sens giratoriu, precum și în zona de preselecție unde sunt aplicate marcaje continue, iar în lipsa acestora, la o distanțã mai mica de 25 m de coltul intersecției;</span></p><p>g)&nbsp;&nbsp; în stațiile mijloacelor de transport public de persoane, precum și la mai puțin de 25 m înainte și dupã acestea;</p><p>h)&nbsp;&nbsp; în dreptul altui vehicul oprit pe partea carosabilã, dacã prin aceasta se stânjenește circulația a douã vehicule venind din sensuri opuse, precum și în dreptul marcajului continuu, în cazul în care conducãtorii celorlalte vehicule care circulã în același sens ar fi obligați, din aceastã cauzã, sã treacã peste acest marcaj;</p><p>i)&nbsp;&nbsp; în locul în care se împiedicã vizibilitatea asupra unui indicator sau semnal luminos;</p><p>j)&nbsp;&nbsp; pe sectoarele de drum unde sunt instalate indicatoarele cu semnificațiile ""Drum îngustat"", ""Prioritate pentru circulația din sens invers"" sau ""Prioritate fațã de circulația din sens invers"";</p><p>k)&nbsp;&nbsp; pe pistele obligatorii pentru pietoni sau pentru pietoni și biciclete ori pe benzile rezervate unor anumite categorii de vehicule, semnalizate ca atare;</p><p>l)&nbsp;&nbsp; pe platforma caii ferate industriale sau de tramvai ori la mai puțin de 50 m de acestea, dacã circulația vehiculelor pe sine ar putea fi stânjenitã sau împiedicatã;</p><p>m)&nbsp;&nbsp; pe partea carosabilã a autostrãzilor, a drumurilor expres și a celor naționale europene (E);</p><p>n)&nbsp;&nbsp; pe trotuar, cu excepția situației în care administratorul drumului public a executat amenajãri care respectã prevederile art. 144 alin.(2) și (3);</p><p>o)&nbsp;&nbsp; pe pistele pentru biciclete;</p><p>p)&nbsp;&nbsp; în locurile unde este interzisã depãșirea.</p>


                    </div>","https://scoaladrpciv.ro/intrebari/categoria-b/oprirea-stationarea-si-parcarea"
"1790475370-243","https://scoaladrpciv.ro/intrebari/categoria-b","Oprirea este interzisă:","B - în zona indicatorului „Depășirea interzisă“;","","","A - în zona în care este instalat indicatorul „Staționarea interzisă“;","C - în dreptul căilor de acces care deservesc proprietățile alăturate drumurilor publice.","https://scoaladrpciv.ro/intrebare/oprirea-este-interzisa-9605","","<div class="""">
                        <h4>Articolul 142</h4><p>Se interzice oprirea voluntarã a vehiculelor:</p><p>a)&nbsp; în zona de acțiune a indicatorului ""Oprirea interzisã"";</p><p>&nbsp;b)&nbsp;&nbsp; pe trecerile la nivel cu calea feratã curentã și la o distanțã mai mica de 50 m înainte și dupã acestea;</p><p>&nbsp;c)&nbsp; pe poduri, pe și sub pasaje denivelate, precum și pe viaducte;</p><p>d)&nbsp;&nbsp; în curbe și în alte locuri cu vizibilitate redusã sub 50 m;</p><p>e)&nbsp;&nbsp; pe trecerile pentru pietoni ori la mai puțin de 25 m înainte și dupã acestea;;</p><p>&nbsp;f)&nbsp;&nbsp; în intersecții, inclusiv cele cu circulație în sens giratoriu, precum și în zona de preselecție unde sunt aplicate marcaje continue, iar în lipsa acestora, la o distanțã mai mica de 25 m de coltul intersecției;</p><p>g)&nbsp;&nbsp; în stațiile mijloacelor de transport public de persoane, precum și la mai puțin de 25 m înainte și dupã acestea;</p><p>h)&nbsp;&nbsp; în dreptul altui vehicul oprit pe partea carosabilã, dacã prin aceasta se stânjenește circulația a douã vehicule venind din sensuri opuse, precum și în dreptul marcajului continuu, în cazul în care conducãtorii celorlalte vehicule care circulã în același sens ar fi obligați, din aceastã cauzã, sã treacã peste acest marcaj;</p><p>i)&nbsp;&nbsp; în locul în care se împiedicã vizibilitatea asupra unui indicator sau semnal luminos;</p><p>j)&nbsp;&nbsp; pe sectoarele de drum unde sunt instalate indicatoarele cu semnificațiile ""Drum îngustat"", ""Prioritate pentru circulația din sens invers"" sau ""Prioritate fațã de circulația din sens invers"";</p><p>k)&nbsp;&nbsp; pe pistele obligatorii pentru pietoni sau pentru pietoni și biciclete ori pe benzile rezervate unor anumite categorii de vehicule, semnalizate ca atare;</p><p>l)&nbsp;&nbsp; pe platforma caii ferate industriale sau de tramvai ori la mai puțin de 50 m de acestea, dacã circulația vehiculelor pe sine ar putea fi stânjenitã sau împiedicatã;</p><p>m)&nbsp;&nbsp; pe partea carosabilã a autostrãzilor, a drumurilor expres și a celor naționale europene (E);</p><p>n)&nbsp;&nbsp; pe trotuar, cu excepția situației în care administratorul drumului public a executat amenajãri care respectã prevederile art. 144 alin.(2) și (3);</p><p>o)&nbsp;&nbsp; pe pistele pentru biciclete;</p><p><span style=""background-color:hsl(60, 75%, 60%);"">p)&nbsp;&nbsp; în locurile unde este interzisã depãșirea.</span></p>


                    </div>","https://scoaladrpciv.ro/intrebari/categoria-b/oprirea-stationarea-si-parcarea"
"1790475372-244","https://scoaladrpciv.ro/intrebari/categoria-b","Oprirea vehiculelor este interzisă:","B - în zona de acțiune a indicatorului „Oprirea interzisă“, până la prima intersecție;","","","A - pe partea carosabilă a drumurilor naționale;","C - în dreptul căilor de acces care deservesc proprietățile alăturate drumurilor publice.","https://scoaladrpciv.ro/intrebare/oprirea-vehiculelor-este-interzisa-786c","","<div class="""">
                        <h4>Articolul 142</h4>
<p>Se interzice oprirea voluntarã a vehiculelor:</p>
<p><span style=""background-color: #2dc26b; color: #ffffff;"">a)&nbsp; în zona de acțiune a indicatorului ""Oprirea interzisã"";</span> <strong>VARIANTA B</strong></p>
<p>&nbsp;b)&nbsp;&nbsp; pe trecerile la nivel cu calea feratã curentã și la o distanțã mai mica de 50 m înainte și dupã acestea;</p>
<p>&nbsp;c)&nbsp; pe poduri, pe și sub pasaje denivelate, precum și pe viaducte;</p>
<p>d)&nbsp;&nbsp; în curbe și în alte locuri cu vizibilitate redusã sub 50 m;</p>
<p>e)&nbsp;&nbsp; pe trecerile pentru pietoni ori la mai puțin de 25 m înainte și dupã acestea;;</p>
<p>&nbsp;f)&nbsp;&nbsp; în intersecții, inclusiv cele cu circulație în sens giratoriu, precum și în zona de preselecție unde sunt aplicate marcaje continue, iar în lipsa acestora, la o distanțã mai mica de 25 m de coltul intersecției;</p>
<p>g)&nbsp;&nbsp; în stațiile mijloacelor de transport public de persoane, precum și la mai puțin de 25 m înainte și dupã acestea;</p>
<p>h)&nbsp;&nbsp; în dreptul altui vehicul oprit pe partea carosabilã, dacã prin aceasta se stânjenește circulația a douã vehicule venind din sensuri opuse, precum și în dreptul marcajului continuu, în cazul în care conducãtorii celorlalte vehicule care circulã în același sens ar fi obligați, din aceastã cauzã, sã treacã peste acest marcaj;</p>
<p>i)&nbsp;&nbsp; în locul în care se împiedicã vizibilitatea asupra unui indicator sau semnal luminos;</p>
<p>j)&nbsp;&nbsp; pe sectoarele de drum unde sunt instalate indicatoarele cu semnificațiile ""Drum îngustat"", ""Prioritate pentru circulația din sens invers"" sau ""Prioritate fațã de circulația din sens invers"";</p>
<p>k)&nbsp;&nbsp; pe pistele obligatorii pentru pietoni sau pentru pietoni și biciclete ori pe benzile rezervate unor anumite categorii de vehicule, semnalizate ca atare;</p>
<p>l)&nbsp;&nbsp; pe platforma caii ferate industriale sau de tramvai ori la mai puțin de 50 m de acestea, dacã circulația vehiculelor pe sine ar putea fi stânjenitã sau împiedicatã;</p>
<p><span style=""background-color: #f8cac6; color: #000000;"">m)&nbsp;&nbsp; pe partea carosabilã a autostrãzilor, a drumurilor expres și a celor <strong>naționale europene </strong>(E);</span> <strong>VARIANTA A</strong></p>
<p>n)&nbsp;&nbsp; pe trotuar, cu excepția situației în care administratorul drumului public a executat amenajãri care respectã prevederile art. 144 alin.(2) și (3);</p>
<p>o)&nbsp;&nbsp; pe pistele pentru biciclete;</p>
<p>p)&nbsp;&nbsp; în locurile unde este interzisã depãșirea.</p>
<p>&nbsp;</p>
<p><strong><span style=""background-color: #e03e2d; color: #ffffff;"">Pentru VARIANTA C</span></strong></p>
<h4>Articolul 143</h4>
<p>Se interzice <strong>staționarea</strong> voluntarã a vehiculelor:</p>
<p>[...]</p>
<p><span style=""background-color: #f8cac6;"">d)&nbsp;&nbsp; în dreptul cailor de acces care deservesc proprietãțile alãturate drumurilor publice;</span></p>
<p>[...]</p>


                    </div>","https://scoaladrpciv.ro/intrebari/categoria-b/oprirea-stationarea-si-parcarea"
"1790475375-245","https://scoaladrpciv.ro/intrebari/categoria-b","În care dintre situaţii oprirea este interzisă?","A - în zona de acţiune a indicatorului care interzice depăşirea;","C - în dreptul altui vehicul care se află oprit, dacă prin aceasta se stânjeneşte circulaţia a două vehicule venind din sensuri opuse.","","B - pe străzile unde circulaţia se desfăşoară în sens unic;","","https://scoaladrpciv.ro/intrebare/in-care-dintre-situatii-oprirea-este-interzisa-0a56","","<div class="""">
                        <h4>Articolul 142</h4><p>Se interzice oprirea voluntarã a vehiculelor:</p><p>a)&nbsp; în zona de acțiune a indicatorului ""Oprirea interzisã"";</p><p>&nbsp;b)&nbsp;&nbsp; pe trecerile la nivel cu calea feratã curentã și la o distanțã mai mica de 50 m înainte și dupã acestea;</p><p>&nbsp;c)&nbsp; pe poduri, pe și sub pasaje denivelate, precum și pe viaducte;</p><p>d)&nbsp;&nbsp; în curbe și în alte locuri cu vizibilitate redusã sub 50 m;</p><p>e)&nbsp;&nbsp; pe trecerile pentru pietoni ori la mai puțin de 25 m înainte și dupã acestea;;</p><p>&nbsp;f)&nbsp;&nbsp; în intersecții, inclusiv cele cu circulație în sens giratoriu, precum și în zona de preselecție unde sunt aplicate marcaje continue, iar în lipsa acestora, la o distanțã mai mica de 25 m de coltul intersecției;</p><p>g)&nbsp;&nbsp; în stațiile mijloacelor de transport public de persoane, precum și la mai puțin de 25 m înainte și dupã acestea;</p><p><span style=""background-color:hsl(60, 75%, 60%);"">h)&nbsp;&nbsp; în dreptul altui vehicul oprit pe partea carosabilã, dacã prin aceasta se stânjenește circulația a douã vehicule venind din sensuri opuse, precum și în dreptul marcajului continuu, în cazul în care conducãtorii celorlalte vehicule care circulã în același sens ar fi obligați, din aceastã cauzã, sã treacã peste acest marcaj;</span></p><p>i)&nbsp;&nbsp; în locul în care se împiedicã vizibilitatea asupra unui indicator sau semnal luminos;</p><p>j)&nbsp;&nbsp; pe sectoarele de drum unde sunt instalate indicatoarele cu semnificațiile ""Drum îngustat"", ""Prioritate pentru circulația din sens invers"" sau ""Prioritate fațã de circulația din sens invers"";</p><p>k)&nbsp;&nbsp; pe pistele obligatorii pentru pietoni sau pentru pietoni și biciclete ori pe benzile rezervate unor anumite categorii de vehicule, semnalizate ca atare;</p><p>l)&nbsp;&nbsp; pe platforma caii ferate industriale sau de tramvai ori la mai puțin de 50 m de acestea, dacã circulația vehiculelor pe sine ar putea fi stânjenitã sau împiedicatã;</p><p>m)&nbsp;&nbsp; pe partea carosabilã a autostrãzilor, a drumurilor expres și a celor naționale europene (E);</p><p>n)&nbsp;&nbsp; pe trotuar, cu excepția situației în care administratorul drumului public a executat amenajãri care respectã prevederile art. 144 alin.(2) și (3);</p><p>o)&nbsp;&nbsp; pe pistele pentru biciclete;</p><p><span style=""background-color:hsl(60, 75%, 60%);"">p)&nbsp;&nbsp; în locurile unde este interzisã depãșirea.</span></p>


                    </div>","https://scoaladrpciv.ro/intrebari/categoria-b/oprirea-stationarea-si-parcarea"
"1790475377-246","https://scoaladrpciv.ro/intrebari/categoria-b","Dacă rămâneţi în pană într-un tunel:","A - opriţi funcţionarea motorului;","","","B - motorul trebuie să funcţioneze, pentru a putea folosi luminile de avarie;","C - închideţi autovehiculul şi vă îndepărtaţi de acesta.","https://scoaladrpciv.ro/intrebare/daca-ramaneti-in-pana-intr-un-tunel-afc8","","<div class="""">
                        <h4>Articolul 141</h4><p>(1)&nbsp;&nbsp; Conducãtorii autovehiculelor, tractoarelor agricole sau forestiere imobilizate pe drumurile publice, care se îndepãrteazã de acestea, sunt obligați sã acționeze frânã de ajutor, sã opreascã funcționarea motorului și sã cupleze într-o treaptã de vitezã inferioarã sau în cea de parcare dacã autovehiculul, tractorul agricol sau forestier are transmisie automatã.</p><p>(2)&nbsp;&nbsp; În cazul imobilizãrii involuntare a autovehiculului, tractorului agricol sau forestier în panta sau în rampa, pe lângã obligațiile prevãzute la alin. (1) conducãtorul trebuie sã bracheze rotile directoare.</p><p><span style=""background-color:hsl(60, 75%, 60%);"">(3)&nbsp;&nbsp; În cazul imobilizãrii involuntare a autovehiculului, tractorului agricol sau forestier în pasaje subterane sau în tuneluri, conducãtorul acestuia este obligat sã opreascã funcționarea motorului.</span></p><p>(4)&nbsp;&nbsp; În localitãți, pe drumurile cu sens unic, oprirea sau staționarea voluntarã a vehiculelor este permisã și pe partea stânga, dacã rãmâne liberã cel puțin o bandã de circulație.</p><p>(5)&nbsp;&nbsp; În afara localitãților oprirea sau staționarea voluntarã a vehiculelor se face în afara pãrții carosabile, iar atunci când nu este posibil, cât mai aproape de marginea din dreapta a drumului, paralel cu axa acestuia.</p><p>(6)&nbsp;&nbsp; Nu este permisã staționarea pe partea carosabilã, în timpul nopții, a tractoarelor agricole sau forestiere, a remorcilor, a mopedelor, a bicicletelor, a trotinetelor electrice, a vehiculelor cu tracțiune animalã ori a celor trase sau împinse cu mâna.</p><p>(7)&nbsp;&nbsp; Nu este permisã oprirea sau staționarea în tuneluri. În situații de urgențã sau de pericol conducãtorului de autovehicul îi este permisã oprirea sau staționarea numai în locurile special amenajate și semnalizate corespunzãtor. În caz de imobilizare prelungitã a autovehiculului în tunel, conducãtorul de vehicul este obligat sã opreascã motorul.</p><p>(8)&nbsp;&nbsp; Se considerã staționare pe partea carosabilã situația în care oricare dintre roțile vehiculului sau remorcii se regãsește pe partea carosabilã.</p>


                    </div>","https://scoaladrpciv.ro/intrebari/categoria-b/oprirea-stationarea-si-parcarea"
"1790475379-247","https://scoaladrpciv.ro/intrebari/categoria-b","Care dintre autoturisme staționează regulamentar?","B - autoturismul albastru;","","","A - autoturismul roșu;","C - ambele autoturisme.","https://scoaladrpciv.ro/intrebare/care-dintre-autoturisme-stationeaza-regulamentar-632b","https://scoaladrpciv.ro/storage/questions/512.jpeg","<div class="""">
                        <p>Art. 143<br>Se interzice staţionarea voluntară a vehiculelor:<br>a) în toate cazurile în care este interzisă oprirea voluntară;<br><span style=""background-color:hsl(60, 75%, 60%);"">b) în zona de acţiune a indicatorului cu semnificaţia „Staţionarea interzisă“ şi a marcajului cu semnificaţia de interzicere a staţionării;</span><br>c) pe drumurile publice cu o lăţime mai mică de 6 m;<br>d) în dreptul căilor de acces care deservesc proprietăţile alăturate drumurilor publice;<br>e) în pante şi în rampe;<br>f) în locul unde este instalat indicatorul cu semnificaţia „Staţionare alternantă“, în altă zi sau perioadă decât cea permisă, ori indicatorul cu semnificaţia „Zona de staţionare cu durată limitată“ peste durata stabilită.</p>


                    </div>","https://scoaladrpciv.ro/intrebari/categoria-b/oprirea-stationarea-si-parcarea"
"1790475382-248","https://scoaladrpciv.ro/intrebari/categoria-b","Este interzisă staţionarea unui autoturism în zona marcajului longitudinal continuu?","B - da, în cazul în care conducătorii celorlalte vehicule ar fi determinaţi să treacă peste marcajul respectiv;","","","A - nu;","C - legal, nu este prevăzut.","https://scoaladrpciv.ro/intrebare/este-interzisa-stationarea-unui-autoturism-in-zona-marcajului-longitudinal-continuu-7964","","<div class="""">
                        <p>Art. 142<br>Se interzice oprirea voluntară (deci și staționarea) a vehiculelor:<br>a) în zona de acţiune a indicatorului „Oprirea interzisă“;<br>b) pe trecerile la nivel cu calea ferată curentă şi la o distanţă mai mică de 50 m înainte şi după acestea;<br>c) pe poduri, pe şi sub pasaje denivelate, precum şi pe viaducte;<br>d) în curbe şi în alte locuri cu vizibilitate redusă sub 50 m;<br>e) pe trecerile pentru pietoni ori la mai puţin de 25 m înainte şi înainte de acestea;<br>f) în intersecţii, inclusiv cele cu circulaţie în sens giratoriu, precum şi în zona de preselecţie unde sunt aplicate marcaje continue, iar în lipsa acestora, la o distanţă mai mică de 25 m de colţul intersecţiei;<br>g) în staţiile mijloacelor de transport public de persoane, precum şi la mai puţin de 25 m înainte şi după acestea;<br><span style=""background-color:hsl(60,75%,60%);"">h) în dreptul altui vehicul oprit pe partea carosabilă, dacă prin aceasta se stânjeneşte circulaţia a două vehicule venind din sensuri opuse, precum şi în dreptul marcajului continuu, în cazul în care conducătorii celorlalte vehicule care circulă în acelaşi sens ar fi obligaţi, din această cauză, să treacă peste acest marcaj;</span><br>i) în locul în care se împiedică vizibilitatea asupra unui indicator sau semnal luminos;<br>j) pe sectoarele de drum unde sunt instalate indicatoarele cu semnificaţiile „Drum îngustat“, „Prioritate pentru circulaţia din sens invers“ sau „Prioritate faţă de circulaţia din sens invers“;<br>k) pe pistele obligatorii pentru pietoni şi/sau biciclişti ori pe benzile rezervate unor anumite categorii de vehicule, semnalizate ca atare;<br>l) pe platforma căii ferate industriale sau de tramvai ori la mai puţin de 50 m de acestea, dacă circulaţia vehiculelor pe şine ar putea fi stânjenită sau împiedicată;<br>m) pe partea carosabilă a autostrăzilor, a drumurilor expres şi a celor naţionale europene (E);<br>n) pe trotuar, dacă nu se asigură spaţiu de cel puţin 1 m pentru circulaţia pietonilor;<br>o) pe pistele pentru biciclete;<br>p) în locurile unde este interzisă depăşirea.</p>


                    </div>","https://scoaladrpciv.ro/intrebari/categoria-b/oprirea-stationarea-si-parcarea"
"1790475384-249","https://scoaladrpciv.ro/intrebari/categoria-b","La semnalul nevăzătorilor care traversează strada sunteți obligat:","B - să opriți vehiculul;","","","A - să reduceți viteza vehiculului și să circulați cu atenție;","C - să reduceți viteza vehiculului și să claxonați.","https://scoaladrpciv.ro/intrebare/la-semnalul-nevazatorilor-care-traverseaza-strada-sunteti-obligat-243c","","<div class="""">
                        <h4>Articolul 89</h4><p>(1)&nbsp;&nbsp; Oprirea participanților la trafic este obligatorie și la semnalele date de:</p><ul style=""list-style-type:circle;""><li>a)&nbsp; polițiștii de frontierã;</li><li>b)&nbsp;&nbsp; îndrumãtorii de circulație ai Ministerului Apãrãrii;</li><li>&nbsp;c)&nbsp; agenții de cale feratã, la trecerile la nivel;</li><li>&nbsp;d)&nbsp;&nbsp; personalul autorizat din zona lucrãrilor pe drumurile publice;</li><li>&nbsp;e)&nbsp;&nbsp; membrii patrulelor școlare de circulație, la trecerile pentru pietoni din apropierea unitãților de învãțãmânt;</li><li><span style=""background-color:hsl(60, 75%, 60%);"">&nbsp;f)&nbsp;&nbsp; nevãzãtori, prin ridicarea bastonului alb, atunci când aceștia traverseazã strada.</span></li></ul><p>(2)&nbsp;&nbsp; Persoanele prevãzute la alin. (1) lit. a)-d) pot efectua și urmãtoarele semnale:</p><ul style=""list-style-type:circle;""><li>a)&nbsp;&nbsp; balansarea brațului în plan vertical, cu palma mâinii orientatã cãtre sol sau cu un mijloc de semnalizare, care semnificã reducerea vitezei;</li><li>b)&nbsp;&nbsp; rotirea vioaie a brațului, care semnificã mãrirea vitezei de deplasare a vehiculelor, inclusiv grãbirea traversãrii drumului de cãtre pietoni.</li></ul>


                    </div>","https://scoaladrpciv.ro/intrebari/categoria-b/oprirea-stationarea-si-parcarea"
"1790475386-250","https://scoaladrpciv.ro/intrebari/categoria-b","Care dintre autovehicule staţionează greşit?","C - ambele autovehicule.","","","A - autocamionul;","B - autoutilitara;","https://scoaladrpciv.ro/intrebare/care-dintre-autovehicule-stationeaza-gresit-187f","https://scoaladrpciv.ro/storage/questions/422.jpeg","<div class="""">
                        <p>Art. 74<br>(1) Pe autostrazi este interzisa circulatia pietonilor, a autovehiculelor cu gabarite sau mase depasite fara autorizatie speciala de transport eliberata de administratorul drumului public, conform reglementarilor in vigoare, a vehiculelor cu tractiune animala, a animalelor, a vehiculelor trase sau impinse cu mana, a bicicletelor si mopedelor, a tractoarelor si masinilor autopropulsate pentru lucrari agricole, precum si a vehiculelor care, prin constructie sau din alte cauze, nu pot depasi viteza de 50 km/h.<br>(2) De asemenea, pe autostrazi sunt interzise invatarea conducerii unui vehicul, incercarile prototipurilor de sasiuri si de autovehicule, manifestatiile, defilarile, caravanele publicitare, antrenamentele si competitiile sportive de orice fel, precum si cortegiile.<br><span style=""background-color:hsl(60, 75%, 60%);"">(3) Se interzice circulatia, oprirea sau stationarea autovehiculelor pe banda de urgenta, cu exceptia cazurilor justificate, precum si a autovehiculelor cu regim de circulatie prioritar.</span><br>(4) Circulatia autovehiculelor destinate transportului public de persoane sau de marfuri se efectueaza, de regula, numai pe banda marginala din partea dreapta a autostrazii, in sensul de mers.<br><br>Art. 142<br>Se interzice oprirea voluntară a vehiculelor:<br>a) în zona de acţiune a indicatorului „Oprirea interzisă“;<br>b) pe trecerile la nivel cu calea ferată curentă şi la o distanţă mai mică de 50 m înainte şi după acestea;<br>c) pe poduri, pe şi sub pasaje denivelate, precum şi pe viaducte;<br>d) în curbe şi în alte locuri cu vizibilitate redusă sub 50 m;<br>e) pe trecerile pentru pietoni ori la mai puţin de 25 m înainte şi înainte de acestea;<br>f) în intersecţii, inclusiv cele cu circulaţie în sens giratoriu, precum şi în zona de preselecţie unde sunt aplicate marcaje continue, iar în lipsa acestora, la o distanţă mai mică de 25 m de colţul intersecţiei;<br>g) în staţiile mijloacelor de transport public de persoane, precum şi la mai puţin de 25 m înainte şi după acestea;<br>h) în dreptul altui vehicul oprit pe partea carosabilă, dacă prin aceasta se stânjeneşte circulaţia a două vehicule venind din sensuri opuse, precum şi în dreptul marcajului continuu, în cazul în care conducătorii celorlalte vehicule care circulă în acelaşi sens ar fi obligaţi, din această cauză, să treacă peste acest marcaj;<br>i) în locul în care se împiedică vizibilitatea asupra unui indicator sau semnal luminos;<br>j) pe sectoarele de drum unde sunt instalate indicatoarele cu semnificaţiile „Drum îngustat“, „Prioritate pentru circulaţia din sens invers“ sau „Prioritate faţă de circulaţia din sens invers“;<br>k) pe pistele obligatorii pentru pietoni şi/sau biciclişti ori pe benzile rezervate unor anumite categorii de vehicule, semnalizate ca atare;<br>l) pe platforma căii ferate industriale sau de tramvai ori la mai puţin de 50 m de acestea, dacă circulaţia vehiculelor pe şine ar putea fi stânjenită sau împiedicată;<br><span style=""background-color:hsl(60, 75%, 60%);"">m) pe partea carosabilă a autostrăzilor, a drumurilor expres şi a celor naţionale europene (E);</span><br>n) pe trotuar, dacă nu se asigură spaţiu de cel puţin 1 m pentru circulaţia pietonilor;<br>o) pe pistele pentru biciclete;<br>p) în locurile unde este interzisă depăşirea.</p>


                    </div>","https://scoaladrpciv.ro/intrebari/categoria-b/oprirea-stationarea-si-parcarea"
"1790475389-251","https://scoaladrpciv.ro/intrebari/categoria-b","Precizaţi în care dintre situaţii este interzisă staţionarea voluntară a vehiculelor?","A - în dreptul căilor de acces care deservesc proprietăţile alăturate drumurilor publice;","C - în pante şi în rampe.","","B - în zona aglomerată a pieţelor;","","https://scoaladrpciv.ro/intrebare/precizati-in-care-dintre-situatii-este-interzisa-stationarea-voluntara-a-vehiculelor-1c1a","","<div class="""">
                        <p>Art. 143<br>Se interzice staţionarea voluntară a vehiculelor:<br>a) în toate cazurile în care este interzisă oprirea voluntară;<br>b) în zona de acţiune a indicatorului cu semnificaţia „Staţionarea interzisă“ şi a marcajului cu semnificaţia de interzicere a staţionării;<br>c) pe drumurile publice cu o lăţime mai mică de 6 m;<br><span style=""background-color:hsl(60, 75%, 60%);"">d) în dreptul căilor de acces care deservesc proprietăţile alăturate drumurilor publice;</span><br><span style=""background-color:hsl(60, 75%, 60%);"">e) în pante şi în rampe;</span><br>f) în locul unde este instalat indicatorul cu semnificaţia „Staţionare alternantă“, în altă zi sau perioadă decât cea permisă, ori indicatorul cu semnificaţia „Zona de staţionare cu durată limitată“ peste durata stabilită.</p>


                    </div>","https://scoaladrpciv.ro/intrebari/categoria-b/oprirea-stationarea-si-parcarea"
"1790475393-252","https://scoaladrpciv.ro/intrebari/categoria-b","Interzicerea trecerii la nivel cu calea ferată curentă, prevăzută cu instalații de semnalizare automată fără bariere, se realizează prin:","A - dispozitivele cu lumini intermitent-alternative roșii și stingerea semnalizării reprezentată de lumina intermitent albă;","","","B - semnalele luminoase intermitente de culoare albă;","C - dispozitivele optice cu lumini alternative roșii și albe.","https://scoaladrpciv.ro/intrebare/interzicerea-trecerii-la-nivel-cu-calea-ferata-curenta-prevazuta-cu-instalatii-de-semnalizare-automata-fara-bariere-se-realizeaza-prin-b981","","<div class="""">
                        <h4>Articolul 138</h4><p>(1) Conducãtorul de vehicul este obligat sã opreascã atunci când:</p><ul style=""list-style-type:circle;""><li>a)&nbsp;&nbsp; barierele sau semibarierele sunt coborâte, în curs de coborâre sau de ridicare;</li><li><span style=""background-color:hsl(60, 75%, 60%);"">b)&nbsp;&nbsp; semnalul cu lumini roșii și/sau semnalul sonor sunt în funcțiune;&nbsp;</span></li><li>c)&nbsp;&nbsp; întâlnește indicatorul ""Trecerea la nivel cu calea feratã simplã, fãrã bariere"", ""Trecerea la nivel cu calea feratã dublã, fãrã bariere"" sau ""Oprire"".</li></ul><p>(2)&nbsp;&nbsp; Vehiculele trebuie sã opreascã, în ordinea sosirii, în locul în care existã vizibilitate maxima asupra caii ferate fãrã a trece de indicatoarele prevãzute la alin. (1) lit. c) sau, dupã caz, înaintea marcajului pentru oprire ori înaintea barierelor sau semibarierelor, când acestea sunt închise, în curs de coborâre sau de ridicare.</p>


                    </div>","https://scoaladrpciv.ro/intrebari/categoria-b/trecerea-la-nivel-cu-calea-ferata"
"1790475396-253","https://scoaladrpciv.ro/intrebari/categoria-b","Cum trebuie să procedați în situația dată, dacă semnalele luminoase și sonore nu funcționează?","A - opriți fără a depăși calea ferată, vă asigurați și vă continuați deplasarea, dacă nu se apropie trenul;","","","B - reduceți viteza și vă continuați deplasarea, după ce vă asigurați că nu se apropie trenul;","C - opriți numai dacă se apropie trenul.","https://scoaladrpciv.ro/intrebare/cum-trebuie-sa-procedati-in-situatia-data-daca-semnalele-luminoase-si-sonore-nu-functioneaza-ebe8","https://scoaladrpciv.ro/storage/questions/1406.jpeg","<div class="""">
                        <h4>Articolul 138</h4><p>(1) Conducãtorul de vehicul este obligat sã opreascã atunci când:</p><ul style=""list-style-type:circle;""><li>a)&nbsp;&nbsp; barierele sau semibarierele sunt coborâte, în curs de coborâre sau de ridicare;</li><li>b)&nbsp;&nbsp; semnalul cu lumini roșii și/sau semnalul sonor sunt în funcțiune;&nbsp;</li><li><span style=""background-color:hsl(60, 75%, 60%);"">c)&nbsp;&nbsp; întâlnește indicatorul ""Trecerea la nivel cu calea feratã simplã, fãrã bariere"", ""Trecerea la nivel cu calea feratã dublã, fãrã bariere"" sau ""Oprire"".</span></li></ul>


                    </div>","https://scoaladrpciv.ro/intrebari/categoria-b/trecerea-la-nivel-cu-calea-ferata"
"1790475398-254","https://scoaladrpciv.ro/intrebari/categoria-b","Cum veți proceda corect la întâlnirea indicatoarelor „Oprire“ și „Trecere la nivel cu o cale ferată dublă fără bariere“?","C - opriți în locul în care există vizibilitate maximă asupra căii ferate, fără a depăși indicatoarele menționate sau marcajul pentru oprire.","","","A - opriți și vă asigurați, la 1 m de calea ferată;","B - reduceți viteza și traversați cu atenție linia ferată;","https://scoaladrpciv.ro/intrebare/cum-veti-proceda-corect-la-intalnirea-indicatoarelor-oprire-si-trecere-la-nivel-cu-o-cale-ferata-dubla-fara-bariere-864c","","<div class="""">
                        <h4>Articolul 138</h4><p>(1) Conducãtorul de vehicul este obligat sã opreascã atunci când:</p><ul style=""list-style-type:circle;""><li>a)&nbsp;&nbsp; barierele sau semibarierele sunt coborâte, în curs de coborâre sau de ridicare;</li><li>b)&nbsp;&nbsp; semnalul cu lumini roșii și/sau semnalul sonor sunt în funcțiune;&nbsp;</li><li><span style=""background-color:hsl(60, 75%, 60%);"">c)&nbsp;&nbsp; întâlnește indicatorul ""Trecerea la nivel cu calea feratã simplã, fãrã bariere"", ""Trecerea la nivel cu calea feratã dublã, fãrã bariere"" sau ""Oprire"".</span></li></ul>


                    </div>","https://scoaladrpciv.ro/intrebari/categoria-b/trecerea-la-nivel-cu-calea-ferata"
"1790475400-255","https://scoaladrpciv.ro/intrebari/categoria-b","Ce obligații aveți la trecerea la nivel cu calea ferată curentă prevăzută cu bariere, dacă acestea sunt ridicate?","C - reduceți viteza, vă asigurați că din partea stângă sau din partea dreaptă nu se apropie un vehicul feroviar, apoi vă angajați în traversare.","","","A - vă asigurați că nu sunteți depășit de alt vehicul și vă angajați în traversarea căii ferate;","B - ziua dați semnale sonore, iar noaptea aprindeți faza de drum intermitentă, apoi traversați;","https://scoaladrpciv.ro/intrebare/ce-obligatii-aveti-la-trecerea-la-nivel-cu-calea-ferata-curenta-prevazuta-cu-bariere-daca-acestea-sunt-ridicate-fd79","","<div class="""">
                        <h4>Articolul 137</h4><p><span style=""background-color:hsl(60, 75%, 60%);"">(1)&nbsp;&nbsp; Conducãtorul de vehicul poate traversa calea feratã curentã prevãzutã cu bariere sau semibariere, dacã acestea sunt ridicate și semnalele luminoase și sonore nu funcționeazã, iar semnalul cu luminã albã intermitentã cu cadențã lentã este în funcțiune.</span></p><p>(2)&nbsp;&nbsp; Când circulația la trecerea la nivel cu calea feratã curentã este dirijatã de agenți de cale feratã, conducãtorul de vehicul trebuie sã respecte semnalele acestora.</p>


                    </div>","https://scoaladrpciv.ro/intrebari/categoria-b/trecerea-la-nivel-cu-calea-ferata"
"1790475403-256","https://scoaladrpciv.ro/intrebari/categoria-b","Unde trebuie să așteptați dacă vă aflați la o trecere de cale ferată cu bariera coborâtă?","C - în fața barierei.","","","A - la panoul cu două dungi;","B - în fața indicatorului în cruce;","https://scoaladrpciv.ro/intrebare/unde-trebuie-sa-asteptati-daca-va-aflati-la-o-trecere-de-cale-ferata-cu-bariera-coborata-f93e","","<div class="""">
                        <h4>Articolul 138</h4><p>(1) Conducãtorul de vehicul este obligat sã opreascã atunci când:</p><ul style=""list-style-type:circle;""><li>a)&nbsp;&nbsp; barierele sau semibarierele sunt coborâte, în curs de coborâre sau de ridicare;</li><li>b)&nbsp;&nbsp; semnalul cu lumini roșii și/sau semnalul sonor sunt în funcțiune;&nbsp;</li><li>c)&nbsp;&nbsp; întâlnește indicatorul ""Trecerea la nivel cu calea feratã simplã, fãrã bariere"", ""Trecerea la nivel cu calea feratã dublã, fãrã bariere"" sau ""Oprire"".</li></ul><p><span style=""background-color:hsl(60, 75%, 60%);"">(2)&nbsp;&nbsp; Vehiculele trebuie sã opreascã, în ordinea sosirii, în locul în care existã vizibilitate maxima asupra caii ferate fãrã a trece de indicatoarele prevãzute la alin. (1) lit. c) sau, dupã caz, înaintea marcajului pentru oprire ori înaintea barierelor sau semibarierelor, când acestea sunt închise, în curs de coborâre sau de ridicare.</span></p>


                    </div>","https://scoaladrpciv.ro/intrebari/categoria-b/trecerea-la-nivel-cu-calea-ferata"
"1790475405-257","https://scoaladrpciv.ro/intrebari/categoria-b","Vă apropiați de o trecere peste calea ferată și observați că se coboară semibariera. Cum procedați?","B - opriți în fața semibarierei;","","","A - accelerați și treceți cât mai repede peste calea ferată;","C - dacă nu se apropie trenul, ocoliți semibariera.","https://scoaladrpciv.ro/intrebare/va-apropiati-de-o-trecere-peste-calea-ferata-si-observati-ca-se-coboara-semibariera-cum-procedati-4c34","","<div class="""">
                        <h4>Articolul 138</h4><p>(1) Conducãtorul de vehicul este obligat sã opreascã atunci când:</p><ul style=""list-style-type:circle;""><li><span style=""background-color:hsl(60, 75%, 60%);"">a)&nbsp;&nbsp; barierele sau semibarierele sunt coborâte, în curs de coborâre sau de ridicare;</span></li><li>b)&nbsp;&nbsp; semnalul cu lumini roșii și/sau semnalul sonor sunt în funcțiune;&nbsp;</li><li>c)&nbsp;&nbsp; întâlnește indicatorul ""Trecerea la nivel cu calea feratã simplã, fãrã bariere"", ""Trecerea la nivel cu calea feratã dublã, fãrã bariere"" sau ""Oprire"".</li></ul>


                    </div>","https://scoaladrpciv.ro/intrebari/categoria-b/trecerea-la-nivel-cu-calea-ferata"
"1790475407-258","https://scoaladrpciv.ro/intrebari/categoria-b","Cum trebuie să procedați în situația prezentată?","C - reduceți viteza și vă asigurați că puteți traversa fără niciun pericol.","","","A - reduceți viteza și opriți la limita de vizibilitate maximă;","B - reduceți viteza și opriți în dreptul ultimului panou suplimentar;","https://scoaladrpciv.ro/intrebare/cum-trebuie-sa-procedati-in-situatia-prezentata-cd4f","https://scoaladrpciv.ro/storage/questions/1250.jpeg","<div class="""">
                        <h4>Articolul 136</h4><p><span style=""background-color:hsl(60, 75%, 60%);"">(1)&nbsp;&nbsp; La trecerea la nivel cu calea feratã curentã, conducãtorul de vehicul este obligat sã circule cu viteza redusã și sã se asigure ca din partea stânga sau din partea dreaptã nu se apropie un vehicul feroviar.</span></p><p>(2)&nbsp;&nbsp; La traversarea caii ferate, pietonii sunt obligați sã se asigure cã din stânga sau din dreapta nu se apropie un vehicul feroviar.</p>


                    </div>","https://scoaladrpciv.ro/intrebari/categoria-b/trecerea-la-nivel-cu-calea-ferata"
"1790475410-259","https://scoaladrpciv.ro/intrebari/categoria-b","Conducătorii de vehicule aflați la o trecere la nivel cu o cale ferată industrială trebuie:","B - să respecte semnalele agentului de cale ferată;","","","A - să sporească atenția;","C - să se asigure și să oprească, dacă observă că se apropie vreun tren.","https://scoaladrpciv.ro/intrebare/conducatorii-de-vehicule-aflati-la-o-trecere-la-nivel-cu-o-cale-ferata-industriala-trebuie-5ee4","","<div class="""">
                        <p>Art. 140<br>(1) La intersectarea unui drum public cu o cale ferată industrială, accesul vehiculelor feroviare se face numai după semnalizarea corespunzătoare şi din timp de către cel puţin un agent de cale ferată.&nbsp;<br>(2) În cazul prevăzut la alin. (1), conducătorii de vehicule sunt obligaţi să se conformeze semnificaţiei semnalelor agenţilor de cale ferată.</p>
<p>&nbsp;</p>
<p><strong><span style=""background-color: #e03e2d; color: #ffffff;"">Explicatie pentru varianta A</span></strong></p>
<p><span style=""background-color: #fbeeb8;"">Articolul 60 - OUG 2002</span><br><span style=""background-color: #fbeeb8;"">(1)&nbsp;&nbsp; Participanții la trafic trebuie să dea dovada de prudență sporită la apropierea și traversarea liniilor de cale ferată curentă sau industrială, după caz.</span></p>
<p>&nbsp;</p>
<p>Legislatia mentioneaza ca la trecerile de cale ferata industriala conducatorul trebuie sa&nbsp;<strong>dea dovada de prudenta sporita</strong>, iar exprimarea in varianta A este <strong>sa sporeasca atentia</strong>. Fiin diferanta in exprimari, si neinsemnand acelas lucru, nu se poate considera ca fiind o varianta corecta.</p>
<p>&nbsp;</p>
<p><strong><span style=""background-color: #e03e2d; color: #ffffff;"">Explicatie pentru varianta C</span></strong></p>
<p><span style=""background-color: #fbeeb8;"">Articolul 73 - Regulament&nbsp;</span><br><span style=""background-color: #fbeeb8;"">(1)&nbsp;&nbsp; La trecerea la nivel cu o cale feratã industrialã se instaleazã indicatorul ""Alte pericole"", însoțit de un panou adițional ce conține imaginea unei locomotive.</span><br><span style=""background-color: #fbeeb8;"">(2)&nbsp;&nbsp; Atunci când pe calea feratã industrialã se deplaseazã un vehicul feroviar, <strong>circulația trebuie dirijatã de un agent de cale feratã.</strong></span></p>
<p>&nbsp;</p>
<p>Calea ferata industriala este dirijata de un agent de cale ferata atunci cand un un vehicul feroviar traverseaza linia si trebuie sa va conformati semnalelor acestuia. Daca acel agent nu este prezent inseamna ca nici un vehicul nu traverseaza linia si nu trebuie sa opriti.</p>


                    </div>","https://scoaladrpciv.ro/intrebari/categoria-b/trecerea-la-nivel-cu-calea-ferata"
"1790475412-260","https://scoaladrpciv.ro/intrebari/categoria-b","Unde opriți în situația prezentată?","A - în locul cu vizibilitate maximă, fără a depăși indicatorul;","","","B - la cel puțin 5 m;","C - la cel puțin 10 m.","https://scoaladrpciv.ro/intrebare/unde-opriti-in-situatia-prezentata-66a2","https://scoaladrpciv.ro/storage/questions/1187.jpeg","<div class="""">
                        <h4>Articolul 138</h4><p>(1) Conducãtorul de vehicul este obligat sã opreascã atunci când:</p><ul style=""list-style-type:circle;""><li>a)&nbsp;&nbsp; barierele sau semibarierele sunt coborâte, în curs de coborâre sau de ridicare;</li><li>b)&nbsp;&nbsp; semnalul cu lumini roșii și/sau semnalul sonor sunt în funcțiune;&nbsp;</li><li>c)&nbsp;&nbsp; întâlnește indicatorul ""Trecerea la nivel cu calea feratã simplã, fãrã bariere"", ""Trecerea la nivel cu calea feratã dublã, fãrã bariere"" sau ""Oprire"".</li></ul><p><span style=""background-color:hsl(60, 75%, 60%);"">(2)&nbsp;&nbsp; Vehiculele trebuie sã opreascã, în ordinea sosirii, în locul în care existã vizibilitate maxima asupra caii ferate fãrã a trece de indicatoarele prevãzute la alin. (1) lit. c) sau, dupã caz, înaintea marcajului pentru oprire ori înaintea barierelor sau semibarierelor, când acestea sunt închise, în curs de coborâre sau de ridicare.</span></p>


                    </div>","https://scoaladrpciv.ro/intrebari/categoria-b/trecerea-la-nivel-cu-calea-ferata"
"1790475414-261","https://scoaladrpciv.ro/intrebari/categoria-b","Autocamionul s-a pus în mișcare. Cum este corect să procedați?","C - opriți în locul în care aveți vizibilitate maximă, fără a depăși indicatorul, vă asigurați și traversați.","","","A - traversați calea ferată cu viteză redusă;","B - traversați imediat după autocamion;","https://scoaladrpciv.ro/intrebare/autocamionul-s-a-pus-in-miscare-cum-este-corect-sa-procedati-d3a7","https://scoaladrpciv.ro/storage/questions/1152.jpeg","<div class="""">
                        <h4>Articolul 138</h4><p>(1) Conducãtorul de vehicul este obligat sã opreascã atunci când:</p><ul style=""list-style-type:circle;""><li>a)&nbsp;&nbsp; barierele sau semibarierele sunt coborâte, în curs de coborâre sau de ridicare;</li><li>b)&nbsp;&nbsp; semnalul cu lumini roșii și/sau semnalul sonor sunt în funcțiune;&nbsp;</li><li><span style=""background-color:hsl(60, 75%, 60%);"">c)&nbsp;&nbsp; întâlnește indicatorul ""Trecerea la nivel cu calea feratã simplã, fãrã bariere"", ""Trecerea la nivel cu calea feratã dublã, fãrã bariere"" sau ""Oprire"".</span></li></ul><p><span style=""background-color:hsl(60, 75%, 60%);"">(2)&nbsp;&nbsp; Vehiculele trebuie sã opreascã, în ordinea sosirii, în locul în care existã vizibilitate maxima asupra caii ferate fãrã a trece de indicatoarele prevãzute la alin. (1) lit. c) sau, dupã caz, înaintea marcajului pentru oprire ori înaintea barierelor sau semibarierelor, când acestea sunt închise, în curs de coborâre sau de ridicare.</span></p>


                    </div>","https://scoaladrpciv.ro/intrebari/categoria-b/trecerea-la-nivel-cu-calea-ferata"
"1790475416-262","https://scoaladrpciv.ro/intrebari/categoria-b","Cum veți proceda corect dacă, la apropierea de o trecere la nivel cu o cale ferată prevăzută cu semibariere automate, semnalele sonore și luminile roșii sunt în funcțiune?","A - reduceți viteza și opriți înaintea semibarierelor;","","","B - ocoliți semibariera și vă continuați drumul, dacă trenul nu se apropie;","C - măriți viteza pentru a nu fi surprinși de închiderea semibarierei.","https://scoaladrpciv.ro/intrebare/cum-veti-proceda-corect-daca-la-apropierea-de-o-trecere-la-nivel-cu-o-cale-ferata-prevazuta-cu-semibariere-automate-semnalele-sonore-si-luminile-rosii-sunt-in-functiune-13a7","","<div class="""">
                        <h4>Articolul 138</h4><p>(1) Conducãtorul de vehicul este obligat sã opreascã atunci când:</p><ul style=""list-style-type:circle;""><li><span style=""background-color:hsl(60, 75%, 60%);"">a)&nbsp;&nbsp; barierele sau semibarierele sunt coborâte, în curs de coborâre sau de ridicare;</span></li><li><span style=""background-color:hsl(60, 75%, 60%);"">b)&nbsp;&nbsp; semnalul cu lumini roșii și/sau semnalul sonor sunt în funcțiune;&nbsp;</span></li><li>c)&nbsp;&nbsp; întâlnește indicatorul ""Trecerea la nivel cu calea feratã simplã, fãrã bariere"", ""Trecerea la nivel cu calea feratã dublã, fãrã bariere"" sau ""Oprire"".</li></ul><p>(2)&nbsp;&nbsp; Vehiculele trebuie sã opreascã, în ordinea sosirii, în locul în care existã vizibilitate maxima asupra caii ferate fãrã a trece de indicatoarele prevãzute la alin. (1) lit. c) sau, dupã caz, înaintea marcajului pentru oprire ori înaintea barierelor sau semibarierelor, când acestea sunt închise, în curs de coborâre sau de ridicare.</p>


                    </div>","https://scoaladrpciv.ro/intrebari/categoria-b/trecerea-la-nivel-cu-calea-ferata"
"1790475419-263","https://scoaladrpciv.ro/intrebari/categoria-b","Cum trebuie să procedați în situația dată?","B - opriți;","","","A - vă continuați deplasarea, deoarece cele două lumini roșii alternante indică permisiunea de a traversa calea ferată;","C - vă continuați deplasarea dacă semibarierele nu sunt coborâte încă.","https://scoaladrpciv.ro/intrebare/cum-trebuie-sa-procedati-in-situatia-data-17fa","https://scoaladrpciv.ro/storage/questions/1110.jpeg","<div class="""">
                        <h4>Articolul 138</h4><p>(1) Conducãtorul de vehicul este obligat sã opreascã atunci când:</p><ul style=""list-style-type:circle;""><li>a)&nbsp;&nbsp; barierele sau semibarierele sunt coborâte, în curs de coborâre sau de ridicare;</li><li><span style=""background-color:hsl(60, 75%, 60%);"">b)&nbsp;&nbsp; semnalul cu lumini roșii și/sau semnalul sonor sunt în funcțiune;&nbsp;</span></li><li>c)&nbsp;&nbsp; întâlnește indicatorul ""Trecerea la nivel cu calea feratã simplã, fãrã bariere"", ""Trecerea la nivel cu calea feratã dublã, fãrã bariere"" sau ""Oprire"".</li></ul><p>(2)&nbsp;&nbsp; Vehiculele trebuie sã opreascã, în ordinea sosirii, în locul în care existã vizibilitate maxima asupra caii ferate fãrã a trece de indicatoarele prevãzute la alin. (1) lit. c) sau, dupã caz, înaintea marcajului pentru oprire ori înaintea barierelor sau semibarierelor, când acestea sunt închise, în curs de coborâre sau de ridicare.</p>


                    </div>","https://scoaladrpciv.ro/intrebari/categoria-b/trecerea-la-nivel-cu-calea-ferata"
"1790475421-264","https://scoaladrpciv.ro/intrebari/categoria-b","Dacă la trecerea la nivel cu calea ferată constatați că un vehicul este imobilizat pe calea ferată, cum veți proceda?","C - acordați sprijin pentru scoaterea vehiculului de pe calea ferată sau, dacă nu este posibil, semnalați prezența acestuia.","","","A - vă continuați drumul, deoarece degajarea căii ferate se va face de către personalul calificat;","B - opriți și anunțați telefonic poliția despre acest incident;","https://scoaladrpciv.ro/intrebare/daca-la-trecerea-la-nivel-cu-calea-ferata-constatati-ca-un-vehicul-este-imobilizat-pe-calea-ferata-cum-veti-proceda-3d2b","","<div class="""">
                        <h4>Articolul 139</h4><p>(1)&nbsp;&nbsp; În cazul imobilizãrii unui vehicul pe calea feratã, conducãtorul acestuia este obligat sã scoatã imediat pasagerii din vehicul și sã elibereze platforma caii ferate, iar când nu este posibil, sã semnalizeze prezența vehiculului cu orice mijloc adecvat.</p><p><span style=""background-color:hsl(60, 75%, 60%);"">(2)&nbsp;&nbsp; Participanții la trafic, care se gãsesc în apropierea locului unde un vehicul a rãmas imobilizat pe calea feratã, sunt obligați sã acorde sprijin pentru scoaterea acestuia sau, când nu este posibil, pentru semnalizarea prezentei lui.</span></p><p>(3)&nbsp;&nbsp; Conducãtorului de vehicul îi este interzis sã treacã sau sã ocoleascã porțile de gabarit instalate înaintea cãilor ferate electrificate, dacã înãlțimea sau încãrcãtura vehiculului atinge ori depãșește partea superioarã a porții.</p>


                    </div>","https://scoaladrpciv.ro/intrebari/categoria-b/trecerea-la-nivel-cu-calea-ferata"
"1790475423-265","https://scoaladrpciv.ro/intrebari/categoria-b","Cum procedează conducătorul de vehicul când, la apropierea de o trecere la nivel cu calea ferată fără bariere, luminile roșii din dreptul indicatorului de atenție în cruce se aprind și se sting alternativ?","B - oprește vehiculul fără a depăși indicatorul;","","","A - reduce viteza și oprește numai în cazul apropierii trenului;","C - reduce viteza și, după ce se asigură, își continuă deplasarea.","https://scoaladrpciv.ro/intrebare/cum-procedeaza-conducatorul-de-vehicul-cand-la-apropierea-de-o-trecere-la-nivel-cu-calea-ferata-fara-bariere-luminile-rosii-din-dreptul-indicatorului-de-atentie-in-cruce-se-aprind-si-se-sting-alternativ-b8bf","","<div class="""">
                        <h4>Articolul 138</h4><p>(1) Conducãtorul de vehicul este obligat sã opreascã atunci când:</p><ul style=""list-style-type:circle;""><li>a)&nbsp;&nbsp; barierele sau semibarierele sunt coborâte, în curs de coborâre sau de ridicare;</li><li>b)&nbsp;&nbsp; semnalul cu lumini roșii și/sau semnalul sonor sunt în funcțiune;&nbsp;</li><li>c)&nbsp;&nbsp; întâlnește indicatorul ""Trecerea la nivel cu calea feratã simplã, fãrã bariere"", ""Trecerea la nivel cu calea feratã dublã, fãrã bariere"" sau ""Oprire"".</li></ul><p><span style=""background-color:hsl(60, 75%, 60%);"">(2)&nbsp;&nbsp; Vehiculele trebuie sã opreascã, în ordinea sosirii, în locul în care existã vizibilitate maxima asupra caii ferate fãrã a trece de indicatoarele prevãzute la alin. (1) lit. c) sau, dupã caz, înaintea marcajului pentru oprire ori înaintea barierelor sau semibarierelor, când acestea sunt închise, în curs de coborâre sau de ridicare.</span></p>


                    </div>","https://scoaladrpciv.ro/intrebari/categoria-b/trecerea-la-nivel-cu-calea-ferata"
"1790475426-266","https://scoaladrpciv.ro/intrebari/categoria-b","La calea ferată curentă prevăzută cu bariere, atunci când semnalele sonore și luminoase de culoare roșie sunt în funcțiune, sunteți avertizat că:","B - trenul se apropie, urmând ca barierele să se închidă automat;","","","A - instalația de închidere și deschidere a barierelor nu funcționează normal;","C - trebuie să traversați de urgență calea ferată.","https://scoaladrpciv.ro/intrebare/la-calea-ferata-curenta-prevazuta-cu-bariere-atunci-cand-semnalele-sonore-si-luminoase-de-culoare-rosie-sunt-in-functiune-sunteti-avertizat-ca-edf5","","<div class="""">
                        <h4>Articolul 138</h4><p>(1) Conducãtorul de vehicul este obligat sã opreascã atunci când:</p><ul style=""list-style-type:circle;""><li>a)&nbsp;&nbsp; barierele sau semibarierele sunt coborâte, în curs de coborâre sau de ridicare;</li><li>b)&nbsp;&nbsp; semnalul cu lumini roșii și/sau semnalul sonor sunt în funcțiune;&nbsp;</li><li>c)&nbsp;&nbsp; întâlnește indicatorul ""Trecerea la nivel cu calea feratã simplã, fãrã bariere"", ""Trecerea la nivel cu calea feratã dublã, fãrã bariere"" sau ""Oprire"".</li></ul><p>(2)&nbsp;&nbsp; Vehiculele trebuie sã opreascã, în ordinea sosirii, în locul în care existã vizibilitate maxima asupra caii ferate fãrã a trece de indicatoarele prevãzute la alin. (1) lit. c) sau, dupã caz, înaintea marcajului pentru oprire ori înaintea barierelor sau semibarierelor, când acestea sunt închise, în curs de coborâre sau de ridicare.</p>


                    </div>","https://scoaladrpciv.ro/intrebari/categoria-b/trecerea-la-nivel-cu-calea-ferata"
"1790475428-267","https://scoaladrpciv.ro/intrebari/categoria-b","Panoul adițional semnifică:","A - o trecere la nivel cu calea ferată cu bariere, prevăzută cu instalație de semnalizare luminoasă automată;","","","B - urmează un sector de drum îngustat;","C - prioritate pentru circulația din sens invers.","https://scoaladrpciv.ro/intrebare/panoul-aditional-semnifica-d3ca","https://scoaladrpciv.ro/storage/questions/1062.jpeg","<div class="""">
                        


                    </div>","https://scoaladrpciv.ro/intrebari/categoria-b/trecerea-la-nivel-cu-calea-ferata"
"1790475430-268","https://scoaladrpciv.ro/intrebari/categoria-b","La apropierea de o cale ferată industrială:","A - conducătorii de autovehicule vor da dovadă de prudență sporită;","","","B - conducătorii de autovehicule nu au nicio obligație, dacă nu există un agent de cale ferată;","C - se va respecta semnificația semaforului electric.","https://scoaladrpciv.ro/intrebare/la-apropierea-de-o-cale-ferata-industriala-aea5","","<div class="""">
                        <h4>Articolul 60</h4><p><span style=""background-color:hsl(60, 75%, 60%);"">(1)&nbsp;&nbsp; Participanții la trafic trebuie să dea dovada de prudență sporită la apropierea și traversarea liniilor de cale ferată curentă sau industrială, după caz.</span></p><p>(2)&nbsp;&nbsp;La trecerea la nivel cu o cale ferată curentă, prevăzută cu bariere sau semibariere, conducătorii de vehicule sunt obligați să oprească în dreptul indicatorului ce obliga la oprire, dacă acestea sunt în curs de coborâre ori în poziție orizontala și/sau semnalele sonore și luminoase care anunță apropierea trenului sunt în funcțiune.</p><p>(3) &nbsp;La trecerea la nivel cu o cale ferată industrială, semnalizată corespunzător, conducătorii de vehicule sunt obligați să se conformeze semnificației semnalelor agentului de cale ferată.</p>


                    </div>","https://scoaladrpciv.ro/intrebari/categoria-b/trecerea-la-nivel-cu-calea-ferata"
"1790475432-269","https://scoaladrpciv.ro/intrebari/categoria-b","Cum trebuie să procedeze conducătorul unui vehicul la trecerea la nivel cu calea ferată, atunci când barierele sunt ridicate?","C - să reducă viteza vehiculului și să traverseze cu atenție, asigurându-se că din partea stângă sau din partea dreaptă nu se apropie un vehicul feroviar.","","","A - să reducă viteza, fără a depăși linia continuă pentru oprire;","B - să oprească vehiculul în locul unde vizibilitatea este maximă, fără a depăși indicatorul de prioritate în cruce;","https://scoaladrpciv.ro/intrebare/cum-trebuie-sa-procedeze-conducatorul-unui-vehicul-la-trecerea-la-nivel-cu-calea-ferata-atunci-cand-barierele-sunt-ridicate-5c1d","","<div class="""">
                        <h4>Articolul 136</h4><p><span style=""background-color:hsl(60, 75%, 60%);"">(1)&nbsp;&nbsp; La trecerea la nivel cu calea feratã curentã, conducãtorul de vehicul este obligat sã circule cu viteza redusã și sã se asigure ca din partea stânga sau din partea dreaptã nu se apropie un vehicul feroviar.</span></p><p>(2)&nbsp;&nbsp; La traversarea caii ferate, pietonii sunt obligați sã se asigure cã din stânga sau din dreapta nu se apropie un vehicul feroviar.</p>


                    </div>","https://scoaladrpciv.ro/intrebari/categoria-b/trecerea-la-nivel-cu-calea-ferata"
"1790475435-270","https://scoaladrpciv.ro/intrebari/categoria-b","Ce obligații aveți în situația prezentată în imagine?","B - să reduceți viteza;","","","A - să nu depășiți alte vehicule;","C - să opriți la 50 m de calea ferată.","https://scoaladrpciv.ro/intrebare/ce-obligatii-aveti-in-situatia-prezentata-in-imagine-983f","https://scoaladrpciv.ro/storage/questions/1042.jpeg","<div class="""">
                        <p>Art. 136<br><span style=""background-color:hsl(60, 75%, 60%);"">1) La trecerea la nivel cu calea ferată curentă, conducătorul de vehicul este obligat să circule cu viteza redusă şi să se asigure că din partea stângă sau din partea dreaptă nu se apropie un vehicul feroviar.&nbsp;</span><br>(2) La traversarea căii ferate, pietonii sunt obligaţi să se asigure că din stânga sau din dreapta nu se apropie un vehicul feroviar.</p>


                    </div>","https://scoaladrpciv.ro/intrebari/categoria-b/trecerea-la-nivel-cu-calea-ferata"
"1790475437-271","https://scoaladrpciv.ro/intrebari/categoria-b","Cum procedează conducătorul de vehicul atunci când, apropiindu-se de o trecere la nivel cu calea ferată, prevăzută cu bariere ori semibariere, cele două lumini roșii funcționează intermitent-alternativ?","B - oprește, deoarece barierele sunt închise sau urmează să coboare;","","","A - continuă deplasarea, dacă barierele nu sunt coborâte;","C - continuă deplasarea fără interdicție, deoarece luminile semnalizează doar prezența unei treceri la nivel cu calea ferată.","https://scoaladrpciv.ro/intrebare/cum-procedeaza-conducatorul-de-vehicul-atunci-cand-apropiindu-se-de-o-trecere-la-nivel-cu-calea-ferata-prevazuta-cu-bariere-ori-semibariere-cele-doua-lumini-rosii-functioneaza-intermitent-alternativ-55e8","","<div class="""">
                        <h4>Articolul 138</h4><p>(1) Conducãtorul de vehicul este obligat sã opreascã atunci când:</p><ul style=""list-style-type:circle;""><li>a)&nbsp;&nbsp; barierele sau semibarierele sunt coborâte, în curs de coborâre sau de ridicare;</li><li><span style=""background-color:hsl(60, 75%, 60%);"">b)&nbsp;&nbsp; semnalul cu lumini roșii și/sau semnalul sonor sunt în funcțiune;&nbsp;</span></li><li>c)&nbsp;&nbsp; întâlnește indicatorul ""Trecerea la nivel cu calea feratã simplã, fãrã bariere"", ""Trecerea la nivel cu calea feratã dublã, fãrã bariere"" sau ""Oprire"".</li></ul><p>(2)&nbsp;&nbsp; Vehiculele trebuie sã opreascã, în ordinea sosirii, în locul în care existã vizibilitate maxima asupra caii ferate fãrã a trece de indicatoarele prevãzute la alin. (1) lit. c) sau, dupã caz, înaintea marcajului pentru oprire ori înaintea barierelor sau semibarierelor, când acestea sunt închise, în curs de coborâre sau de ridicare.</p>


                    </div>","https://scoaladrpciv.ro/intrebari/categoria-b/trecerea-la-nivel-cu-calea-ferata"
"1790475439-272","https://scoaladrpciv.ro/intrebari/categoria-b","Ce obligații aveți dacă luminile roșii se aprind și se sting alternativ?","C - opriți fără a depăși indicatorul.","","","A - reduceți viteza și, după ce vă asigurați, vă continuați deplasarea;","B - reduceți viteza și opriți numai în cazul în care se apropie un tren;","https://scoaladrpciv.ro/intrebare/ce-obligatii-aveti-daca-luminile-rosii-se-aprind-si-se-sting-alternativ-ef0e","https://scoaladrpciv.ro/storage/questions/874.jpeg","<div class="""">
                        <h4>Articolul 138</h4><p>(1) Conducãtorul de vehicul este obligat sã opreascã atunci când:</p><ul style=""list-style-type:circle;""><li>a)&nbsp;&nbsp; barierele sau semibarierele sunt coborâte, în curs de coborâre sau de ridicare;</li><li><span style=""background-color:hsl(60,75%,60%);"">b)&nbsp;&nbsp; semnalul cu lumini roșii și/sau semnalul sonor sunt în funcțiune;&nbsp;</span></li><li>c)&nbsp;&nbsp; întâlnește indicatorul ""Trecerea la nivel cu calea feratã simplã, fãrã bariere"", ""Trecerea la nivel cu calea feratã dublã, fãrã bariere"" sau ""Oprire"".</li></ul><p>(2)&nbsp;&nbsp; Vehiculele trebuie sã opreascã, în ordinea sosirii, în locul în care existã vizibilitate maxima asupra caii ferate fãrã a trece de indicatoarele prevãzute la alin. (1) lit. c) sau, dupã caz, înaintea marcajului pentru oprire ori înaintea barierelor sau semibarierelor, când acestea sunt închise, în curs de coborâre sau de ridicare.</p>


                    </div>","https://scoaladrpciv.ro/intrebari/categoria-b/trecerea-la-nivel-cu-calea-ferata"
"1790475442-273","https://scoaladrpciv.ro/intrebari/categoria-b","În care dintre situaţii sunteţi obligat să reduceţi viteza?","A - la trecerea la nivel cu calea ferată curentă cu bariere;","","","B - la trecerea la nivel cu calea ferată curentă fără bariere;","C - la trecerea la nivel cu calea ferată curentă industrială.","https://scoaladrpciv.ro/intrebare/in-care-dintre-situatii-sunteti-obligat-sa-reduceti-viteza-2357","","<div class="""">
                        <h4>Articolul 136</h4>
<p><span style=""background-color: hsl(60,75%,60%);"">(1)&nbsp;&nbsp; La trecerea la nivel cu calea feratã curentã, conducãtorul de vehicul este obligat sã circule cu viteza redusã și sã se asigure ca din partea stânga sau din partea dreaptã nu se apropie un vehicul feroviar.</span></p>
<p>(2)&nbsp;&nbsp; La traversarea caii ferate, pietonii sunt obligați sã se asigure cã din stânga sau din dreapta nu se apropie un vehicul feroviar.</p>
<p>&nbsp;</p>
<p><span style=""background-color: #ffffff;""><mark class=""marker-pink""><strong>Explicatie de ce varianta B este gresita</strong></mark></span></p>
<p><strong>Regulament rutier - Articolul 138</strong></p>
<p>(1) Conducãtorul de vehicul este obligat sã <strong>opreascã </strong>atunci când:</p>
<ul style=""list-style-type: circle;"">
<li>a)&nbsp;&nbsp; barierele sau semibarierele sunt coborâte, în curs de coborâre sau de ridicare;</li>
<li>b)&nbsp;&nbsp; semnalul cu lumini roșii și/sau semnalul sonor sunt în funcțiune;&nbsp;</li>
<li><mark class=""marker-pink"">c)&nbsp;&nbsp; întâlnește indicatorul ""Trecerea la nivel cu calea feratã simplã, fãrã bariere"", ""Trecerea la nivel cu calea feratã dublã, fãrã bariere"" sau ""Oprire"".<br></mark></li>
</ul>
<p><span style=""background-color: #e03e2d;""><mark class=""marker-pink"">Pentru varianta B suntem obligati <strong>sa oprim</strong> nu doar sa reducem viteza.</mark></span></p>
<p>&nbsp;</p>
<p><span style=""background-color: hsl(0,75%,60%);""><mark class=""marker-pink""><strong>Explicatie de ce varianta C este gresita</strong></mark></span></p>
<p><strong>Codul Rutier - Articolul 60</strong></p>
<p><mark class=""marker-pink"">(3) &nbsp;La trecerea la nivel cu o cale ferată industrială, semnalizată corespunzător, conducătorii de vehicule sunt obligați să se conformeze semnificației semnalelor agentului de cale ferată.<br></mark></p>
<p>&nbsp;</p>
<p><a href=""/invata/curs-legislatie-rutiera/trecerea-la-nivel-cu-calea-ferata-a780"" target=""_blank"" rel=""noopener""><span style=""color: hsl(0,75%,60%);""><strong>&gt;&gt; </strong></span><span style=""color: hsl(0,75%,60%);""><strong>Curs de legislație rutieră - Trecerea la nivel cu calea ferată</strong></span></a><br>&nbsp;</p>


                    </div>","https://scoaladrpciv.ro/intrebari/categoria-b/trecerea-la-nivel-cu-calea-ferata"
"1790475444-274","https://scoaladrpciv.ro/intrebari/categoria-b","Ce obligații aveți la semnalele agenților căilor ferate, plasați la trecerea la nivel cu o cale ferată?","B - să vă conformați semnificației semnalelor acestora;","","","A - nicio obligație, deoarece agenții căilor ferate dirijează garniturile de tren;","C - să reduceți viteza, să vă asigurați, iar, dacă trenul nu este în mișcare, puteți să continuați traversarea căii ferate cu atenție.","https://scoaladrpciv.ro/intrebare/ce-obligatii-aveti-la-semnalele-agentilor-cailor-ferate-plasati-la-trecerea-la-nivel-cu-o-cale-ferata-852c","","<div class="""">
                        <h4>Articolul 60</h4><p>(1)&nbsp;&nbsp; Participanții la trafic trebuie să dea dovada de prudență sporită la apropierea și traversarea liniilor de cale ferată curentă sau industrială, după caz.</p><p>(2)&nbsp;&nbsp;La trecerea la nivel cu o cale ferată curentă, prevăzută cu bariere sau semibariere, conducătorii de vehicule sunt obligați să oprească în dreptul indicatorului ce obliga la oprire, dacă acestea sunt în curs de coborâre ori în poziție orizontala și/sau semnalele sonore și luminoase care anunță apropierea trenului sunt în funcțiune.</p><p><span style=""background-color:hsl(60, 75%, 60%);"">(3) &nbsp;La trecerea la nivel cu o cale ferată industrială, semnalizată corespunzător, conducătorii de vehicule sunt obligați să se conformeze semnificației semnalelor agentului de cale ferată.</span></p>


                    </div>","https://scoaladrpciv.ro/intrebari/categoria-b/trecerea-la-nivel-cu-calea-ferata"
"1790475446-275","https://scoaladrpciv.ro/intrebari/categoria-b","Cum procedați când urmează să traversați o trecere la nivel cu calea ferată simplă, fără bariere?","A - opriți, fără a depăși indicatorul în cruce, vă angajați și traversați numai după ce v-ați asigurat că nu există niciun pericol;","","","B - reduceți viteza, vă asigurați în stânga și în dreapta, după care traversați cu atenție;","C - opriți sau, dacă nu e cazul, doar reduceți viteza, vă asigurați, traversați calea ferată, după care vă continuați drumul.","https://scoaladrpciv.ro/intrebare/cum-procedati-cand-urmeaza-sa-traversati-o-trecere-la-nivel-cu-calea-ferata-simpla-fara-bariere-2bd2","","<div class="""">
                        <h4>Articolul 138</h4><p>(1) Conducãtorul de vehicul este obligat sã opreascã atunci când:</p><ul style=""list-style-type:circle;""><li>a)&nbsp;&nbsp; barierele sau semibarierele sunt coborâte, în curs de coborâre sau de ridicare;</li><li>b)&nbsp;&nbsp; semnalul cu lumini roșii și/sau semnalul sonor sunt în funcțiune;&nbsp;</li><li>c)&nbsp;&nbsp; întâlnește indicatorul ""Trecerea la nivel cu calea feratã simplã, fãrã bariere"", ""Trecerea la nivel cu calea feratã dublã, fãrã bariere"" sau ""Oprire"".</li></ul><p><span style=""background-color:hsl(60, 75%, 60%);"">(2)&nbsp;&nbsp; Vehiculele trebuie sã opreascã, în ordinea sosirii, în locul în care existã vizibilitate maxima asupra caii ferate fãrã a trece de indicatoarele prevãzute la alin. (1) lit. c) sau, dupã caz, înaintea marcajului pentru oprire ori înaintea barierelor sau semibarierelor, când acestea sunt închise, în curs de coborâre sau de ridicare.</span></p>


                    </div>","https://scoaladrpciv.ro/intrebari/categoria-b/trecerea-la-nivel-cu-calea-ferata"
"1790475448-276","https://scoaladrpciv.ro/intrebari/categoria-b","Apropiindu-vă de o trecere la nivel cu calea ferată, observați că se coboară bariera. Cum procedați?","B - opriți în fața barierei;","","","A - accelerați și treceți fără ezitare peste nivelul cu calea ferată;","C - pentru a nu fi lovit de barieră, o ocoliți cu atenție prin stânga.","https://scoaladrpciv.ro/intrebare/apropiindu-va-de-o-trecere-la-nivel-cu-calea-ferata-observati-ca-se-coboara-bariera-cum-procedati-22bf","","<div class="""">
                        <h4>Articolul 138</h4><p>(1) Conducãtorul de vehicul este obligat sã opreascã atunci când:</p><ul style=""list-style-type:circle;""><li><span style=""background-color:hsl(60, 75%, 60%);"">a)&nbsp;&nbsp; barierele sau semibarierele sunt coborâte, în curs de coborâre sau de ridicare;</span></li><li>b)&nbsp;&nbsp; semnalul cu lumini roșii și/sau semnalul sonor sunt în funcțiune;&nbsp;</li><li>c)&nbsp;&nbsp; întâlnește indicatorul ""Trecerea la nivel cu calea feratã simplã, fãrã bariere"", ""Trecerea la nivel cu calea feratã dublã, fãrã bariere"" sau ""Oprire"".</li></ul><p>(2)&nbsp;&nbsp; Vehiculele trebuie sã opreascã, în ordinea sosirii, în locul în care existã vizibilitate maxima asupra caii ferate fãrã a trece de indicatoarele prevãzute la alin. (1) lit. c) sau, dupã caz, înaintea marcajului pentru oprire ori înaintea barierelor sau semibarierelor, când acestea sunt închise, în curs de coborâre sau de ridicare.</p>


                    </div>","https://scoaladrpciv.ro/intrebari/categoria-b/trecerea-la-nivel-cu-calea-ferata"
"1790475451-277","https://scoaladrpciv.ro/intrebari/categoria-b","Dacă vehiculul pe care îl conduceți rămâne imobilizat pe calea ferată, aveți următoarea obligație:","A - să scoateți imediat pasagerii din vehicul și să eliberați platforma căii ferate sau, când nu este posibil, să semnalizați prezența vehiculului cu orice mijloc adecvat;","","","B - să anunțați poliția;","C - să porniți autovehiculul prin orice mijloace.","https://scoaladrpciv.ro/intrebare/daca-vehiculul-pe-care-il-conduceti-ramane-imobilizat-pe-calea-ferata-aveti-urmatoarea-obligatie-812a","","<div class="""">
                        <p>Art. 139<br><span style=""background-color:hsl(60, 75%, 60%);"">(1) În cazul imobilizării unui vehicul pe calea ferată, conducătorul acestuia este obligat să scoată imediat pasagerii din vehicul şi să elibereze platforma căii ferate, iar când nu este posibil, să semnalizeze prezenţa vehiculului cu orice mijloc adecvat.&nbsp;</span><br>(2) Participanţii la trafic, care se găsesc în apropierea locului unde un vehicul a rămas imobilizat pe calea ferată, sunt obligaţi să acorde sprijin pentru scoaterea acestuia sau, când nu este posibil, pentru semnalizarea prezenţei lui.&nbsp;<br>(3) Conducătorului de vehicul îi este interzis să treacă sau să ocolească porţile de gabarit instalate înaintea căilor ferate electrificate, dacă înălţimea sau încărcătura vehiculului atinge ori depăşeşte partea superioară a porţii.</p>


                    </div>","https://scoaladrpciv.ro/intrebari/categoria-b/trecerea-la-nivel-cu-calea-ferata"
"1790475453-278","https://scoaladrpciv.ro/intrebari/categoria-b","Cum veți proceda corect dacă, la apropierea de o trecere la nivel cu calea ferată curentă fără bariere, luminile roșii și semnalele sonore sunt în funcțiune?","C - reduceți viteza și opriți, în locul în care există vizibilitate maximă asupra căii ferate, fără a trece de indicatoarele sau marcajul de oprire.","","","A - reduceți viteza și opriți, dacă trenul se apropie;","B - grăbiți trecerea, dacă observați că trenul nu se apropie;","https://scoaladrpciv.ro/intrebare/cum-veti-proceda-corect-daca-la-apropierea-de-o-trecere-la-nivel-cu-calea-ferata-curenta-fara-bariere-luminile-rosii-si-semnalele-sonore-sunt-in-functiune-9cce","","<div class="""">
                        <h4>Articolul 138</h4><p>(1) Conducãtorul de vehicul este obligat sã opreascã atunci când:</p><ul style=""list-style-type:circle;""><li>a)&nbsp;&nbsp; barierele sau semibarierele sunt coborâte, în curs de coborâre sau de ridicare;</li><li><span style=""background-color:hsl(60, 75%, 60%);"">b)&nbsp;&nbsp; semnalul cu lumini roșii și/sau semnalul sonor sunt în funcțiune;&nbsp;</span></li><li>c)&nbsp;&nbsp; întâlnește indicatorul ""Trecerea la nivel cu calea feratã simplã, fãrã bariere"", ""Trecerea la nivel cu calea feratã dublã, fãrã bariere"" sau ""Oprire"".</li></ul><p>(2)&nbsp;&nbsp; Vehiculele trebuie sã opreascã, în ordinea sosirii, în locul în care existã vizibilitate maxima asupra caii ferate fãrã a trece de indicatoarele prevãzute la alin. (1) lit. c) sau, dupã caz, înaintea marcajului pentru oprire ori înaintea barierelor sau semibarierelor, când acestea sunt închise, în curs de coborâre sau de ridicare.</p>


                    </div>","https://scoaladrpciv.ro/intrebari/categoria-b/trecerea-la-nivel-cu-calea-ferata"
"1790475455-279","https://scoaladrpciv.ro/intrebari/categoria-b","La întâlnirea indicatorului de avertizare în cruce, amplasat la trecerile la nivel cu calea ferată fără bariere, conducătorii de vehicule vor opri:","B - în locul cu vizibilitate maximă, fără a depăși indicatorul;","","","A - cât mai aproape de calea ferată, dar nu mai puțin de 5 m de aceasta;","C - la cel mult 5 m de calea ferată.","https://scoaladrpciv.ro/intrebare/la-intalnirea-indicatorului-de-avertizare-in-cruce-amplasat-la-trecerile-la-nivel-cu-calea-ferata-fara-bariere-conducatorii-de-vehicule-vor-opri-158b","","<div class="""">
                        <h4>Articolul 138</h4><p>(1) Conducãtorul de vehicul este obligat sã opreascã atunci când:</p><ul style=""list-style-type:circle;""><li>a)&nbsp;&nbsp; barierele sau semibarierele sunt coborâte, în curs de coborâre sau de ridicare;</li><li>b)&nbsp;&nbsp; semnalul cu lumini roșii și/sau semnalul sonor sunt în funcțiune;&nbsp;</li><li>c)&nbsp;&nbsp; întâlnește indicatorul ""Trecerea la nivel cu calea feratã simplã, fãrã bariere"", ""Trecerea la nivel cu calea feratã dublã, fãrã bariere"" sau ""Oprire"".</li></ul><p><span style=""background-color:hsl(60, 75%, 60%);"">(2)&nbsp;&nbsp; Vehiculele trebuie sã opreascã, în ordinea sosirii, în locul în care existã vizibilitate maxima asupra caii ferate fãrã a trece de indicatoarele prevãzute la alin. (1) lit. c) sau, dupã caz, înaintea marcajului pentru oprire ori înaintea barierelor sau semibarierelor, când acestea sunt închise, în curs de coborâre sau de ridicare.</span></p>


                    </div>","https://scoaladrpciv.ro/intrebari/categoria-b/trecerea-la-nivel-cu-calea-ferata"
"1790475457-280","https://scoaladrpciv.ro/intrebari/categoria-b","Ce obligații aveți la întâlnirea indicatorului?","A - opriți autovehiculul, fără a depăși indicatorul, vă asigurați, apoi traversați;","","","B - traversați calea ferată cu viteză redusă, după ce v-ați asigurat că nu se apropie trenul;","C - nicio obligație; indicatorul nu vi se adresează.","https://scoaladrpciv.ro/intrebare/ce-obligatii-aveti-la-intalnirea-indicatorului-b64e","https://scoaladrpciv.ro/storage/questions/443.jpeg","<div class="""">
                        <h4>Articolul 138</h4><p>(1) Conducãtorul de vehicul este obligat sã opreascã atunci când:</p><ul style=""list-style-type:circle;""><li>a)&nbsp;&nbsp; barierele sau semibarierele sunt coborâte, în curs de coborâre sau de ridicare;</li><li>b)&nbsp;&nbsp; semnalul cu lumini roșii și/sau semnalul sonor sunt în funcțiune;&nbsp;</li><li><span style=""background-color:hsl(60, 75%, 60%);"">c)&nbsp;&nbsp; întâlnește indicatorul ""Trecerea la nivel cu calea feratã simplã, fãrã bariere"", ""Trecerea la nivel cu calea feratã dublã, fãrã bariere"" sau ""Oprire"".</span></li></ul><p>(2)&nbsp;&nbsp; Vehiculele trebuie sã opreascã, în ordinea sosirii, în locul în care existã vizibilitate maxima asupra caii ferate fãrã a trece de indicatoarele prevãzute la alin. (1) lit. c) sau, dupã caz, înaintea marcajului pentru oprire ori înaintea barierelor sau semibarierelor, când acestea sunt închise, în curs de coborâre sau de ridicare.</p>


                    </div>","https://scoaladrpciv.ro/intrebari/categoria-b/trecerea-la-nivel-cu-calea-ferata"
"1790475460-281","https://scoaladrpciv.ro/intrebari/categoria-b","Când este permisă trecerea la nivel cu o cale ferată fără bariere, prevăzută cu semnalizare luminoasă, dacă tocmai a trecut un tren?","A - după ce s-a stins lumina roșie intermitentă;","","","B - după ce a trecut ultimul vagon;","C - atunci când pleacă vehiculele aflate de cealaltă parte a căii ferate.","https://scoaladrpciv.ro/intrebare/cand-este-permisa-trecerea-la-nivel-cu-o-cale-ferata-fara-bariere-prevazuta-cu-semnalizare-luminoasa-daca-tocmai-a-trecut-un-tren-e853","","<div class="""">
                        <p>Art. 137<br><span style=""background-color:hsl(60, 75%, 60%);"">(1) Conducătorul de vehicul poate traversa calea ferată curentă prevăzută cu bariere sau semibariere, dacă acestea sunt ridicate şi semnalele luminoase şi sonore nu funcţionează, iar semnalul cu lumina albă intermitentă cu cadenţa lentă este în funcţiune.&nbsp;</span><br>(2) Când circulaţia la trecerea la nivel cu calea ferată curentă este dirijată de agenţi de cale ferată, conducătorul de vehicul trebuie să respecte semnalele acestora.</p>


                    </div>","https://scoaladrpciv.ro/intrebari/categoria-b/trecerea-la-nivel-cu-calea-ferata"
"1790475465-282","https://scoaladrpciv.ro/intrebari/categoria-b","Vă puteți apropia de vehiculul din față?","B - nu, pentru că astfel blocați intersecția;","","","A - da;","C - legea nu prevede obligații în această situație.","https://scoaladrpciv.ro/intrebare/va-puteti-apropia-de-vehiculul-din-fata-06d7","https://scoaladrpciv.ro/storage/questions/750.jpeg","<div class="""">
                        <h4>Articolul 57</h4><p style=""margin-left:0cm;text-align:justify;"">(1)&nbsp;&nbsp; La intersecțiile cu circulație nedirijată, conducătorul de vehicul este obligat să cedeze trecerea vehiculelor care vin din partea dreapta, în condițiile stabilite prin regulament.</p><p style=""margin-left:0cm;text-align:justify;"">(2)&nbsp;&nbsp; La intersecțiile cu circulație dirijată, conducătorul de vehicul este obligat să respecte semnificația indicatoarelor, culoarea semaforului sau indicațiile ori semnalele polițistului rutier.</p><p style=""margin-left:0cm;text-align:justify;""><span style=""background-color:hsl(60, 75%, 60%);"">(3)&nbsp;&nbsp; Pătrunderea unui vehicul într-o intersecție este interzisă dacă prin aceasta se produce blocarea intersecției.</span></p><p>(4)&nbsp;&nbsp; În intersecțiile cu sens giratoriu, semnalizate ca atare, vehiculele care circulă în interiorul acestora au prioritate față de cele care urmează să pătrundă în intersecție.</p>


                    </div>","https://scoaladrpciv.ro/intrebari/categoria-b/prioritate-de-trecere"
"1790475467-283","https://scoaladrpciv.ro/intrebari/categoria-b","În ce ordine vor trece autovehiculele prin intersecţie?","B - motocicleta, autocamionul, tramvaiul 2, tramvaiul 1;","","","A - motocicleta, tramvaiul 1, tramvaiul 2, autocamionul;","C - tramvaiul 1, tramvaiul 2, motocicleta, autocamionul.","https://scoaladrpciv.ro/intrebare/in-ce-ordine-vor-trece-autovehiculele-prin-intersectie-04ea","https://scoaladrpciv.ro/storage/questions/722.jpeg","<div class="""">
                        <p>Art. 57<br>(1) La intersectiile cu circulatie nedirijata, conducatorul de vehicul este obligat sa cedeze trecerea tuturor vehiculelor care vin din partea dreapta.<br><span style=""background-color:hsl(60,75%,60%);"">(2) La intersectiile cu circulatie dirijata prin indicatoare, semafoare sau de catre politistul rutier, conducatorul de vehicul este obligat sa respecte semnificatia sau indicatiile acestuia.</span></p><p><span style=""background-color:hsl(150,75%,60%);""><strong>(motocicleta și autocamionul se află pe drumurile cu prioritate)</strong></span><br><br>Art. 59<br>(1) In intersectiile cu circulatie nedirijata, conducatorul de vehicul este obligat sa acorde prioritate de trecere vehiculelor care circula pe sine. Acestea pierd prioritatea de trecere cand efectueaza virajul spre stanga sau cand semnalizarea rutiera din acea zona stabileste o alta regula de circulatie.<br>(2) In intersectii, conducatorii vehiculelor care vireaza spre stanga sunt obligati sa acorde prioritate de trecere vehiculelor cu care se intersecteaza si care circula din partea dreapta.<br><span style=""background-color:hsl(60,75%,60%);"">(3) In intersectiile cu circulatie dirijata prin indicatoare de prioritate, regula prioritatii de dreapta se respecta numai in cazul in care doua vehicule urmeaza sa se intalneasca, fiecare intrand in intersectie de pe un drum semnalizat cu un indicator avand aceeasi semnificatie de prioritate sau de pierdere a prioritatii</span></p><p><span style=""background-color:hsl(150,75%,60%);""><strong>(autocamionul acordă prioritate de dreapta motocicletei; tramvaiul 1 acordă prioritate tramvaiului 2)</strong>.</span></p><p>&nbsp;</p>


                    </div>","https://scoaladrpciv.ro/intrebari/categoria-b/prioritate-de-trecere"
"1790475469-284","https://scoaladrpciv.ro/intrebari/categoria-b","Ce regulă de prioritate se aplică într-o intersecție nedirijată din afara localității?","C - prioritatea de dreapta.","","","A - prioritatea vehiculului cu regim superior de viteză;","B - prioritatea drumului principal;","https://scoaladrpciv.ro/intrebare/ce-regula-de-prioritate-se-aplica-intr-o-intersectie-nedirijata-din-afara-localitatii-d781","","<div class="""">
                        <h4>Articolul 57</h4><p style=""margin-left:0cm;text-align:justify;""><span style=""background-color:hsl(60, 75%, 60%);"">(1)&nbsp;&nbsp; La intersecțiile cu circulație nedirijată, conducătorul de vehicul este obligat să cedeze trecerea vehiculelor care vin din partea dreapta, în condițiile stabilite prin regulament.</span></p><p style=""margin-left:0cm;text-align:justify;"">(2)&nbsp;&nbsp; La intersecțiile cu circulație dirijată, conducătorul de vehicul este obligat să respecte semnificația indicatoarelor, culoarea semaforului sau indicațiile ori semnalele polițistului rutier.</p><p style=""margin-left:0cm;text-align:justify;"">(3)&nbsp;&nbsp; Pătrunderea unui vehicul într-o intersecție este interzisă dacă prin aceasta se produce blocarea intersecției.</p><p>(4)&nbsp;&nbsp; În intersecțiile cu sens giratoriu, semnalizate ca atare, vehiculele care circulă în interiorul acestora au prioritate față de cele care urmează să pătrundă în intersecție.</p>


                    </div>","https://scoaladrpciv.ro/intrebari/categoria-b/prioritate-de-trecere"
"1790475471-285","https://scoaladrpciv.ro/intrebari/categoria-b","Care dintre cele două vehicule va intra primul în intersecție?","C - autoturismul, deoarece se deplasează pe drumul prioritar.","","","A - motocicleta, deoarece se deplasează mai repede;","B - motocicleta, deoarece se deplasează pe direcția înainte;","https://scoaladrpciv.ro/intrebare/care-dintre-cele-doua-vehicule-va-intra-primul-in-intersectie-0aca","https://scoaladrpciv.ro/storage/questions/702.jpeg","<div class="""">
                        <h4>Articolul 57</h4><p style=""margin-left:0cm;text-align:justify;"">(1)&nbsp;&nbsp; La intersecțiile cu circulație nedirijată, conducătorul de vehicul este obligat să cedeze trecerea vehiculelor care vin din partea dreapta, în condițiile stabilite prin regulament.</p><p style=""margin-left:0cm;text-align:justify;""><span style=""background-color:hsl(60, 75%, 60%);"">(2)&nbsp;&nbsp; La intersecțiile cu circulație dirijată, conducătorul de vehicul este obligat să respecte semnificația indicatoarelor, culoarea semaforului sau indicațiile ori semnalele polițistului rutier.</span></p><p style=""margin-left:0cm;text-align:justify;"">(3)&nbsp;&nbsp; Pătrunderea unui vehicul într-o intersecție este interzisă dacă prin aceasta se produce blocarea intersecției.</p><p>(4)&nbsp;&nbsp; În intersecțiile cu sens giratoriu, semnalizate ca atare, vehiculele care circulă în interiorul acestora au prioritate față de cele care urmează să pătrundă în intersecție.<br><br>Articolul 129</p><p><span style=""background-color:hsl(60, 75%, 60%);"">(1)&nbsp;&nbsp; Vehiculul care circulã pe un drum public pe care este instalat unul dintre indicatoarele având semnificația: ""Drum cu prioritate"", ""Intersecție cu un drum fãrã prioritate"" sau ""Prioritate fațã de circulația din sens invers"" are prioritate de trecere.</span></p><p>(2)&nbsp;&nbsp; Când douã vehicule urmeazã sã se întâlneascã într-o intersecție dirijatã prin indicatoare, venind de pe douã drumuri publice unde sunt instalate indicatoare cu aceeași semnificație, vehiculul care vine din dreapta are prioritate.</p>


                    </div>","https://scoaladrpciv.ro/intrebari/categoria-b/prioritate-de-trecere"
"1790475474-286","https://scoaladrpciv.ro/intrebari/categoria-b","Cum procedați în situația dată?","A - frânați din timp, pentru a acorda prioritate de trecere pietonilor;","","","B - traversați strada accelerat;","C - traversați marcajul pentru pietoni înaintea acestora.","https://scoaladrpciv.ro/intrebare/cum-procedati-in-situatia-data-c0dd","https://scoaladrpciv.ro/storage/questions/689.jpeg","<div class="""">
                        <h4>Articolul 135</h4><p>Conducãtorul de vehicul este obligat sã acorde prioritate de trecere și în urmãtoarele situații:</p><p>a)&nbsp;&nbsp; la intersecția nedirijatã atunci când pãtrunde pe un drum național venind de pe un drum județean, comunal sau local;</p><p>b)&nbsp;&nbsp; la intersecția nedirijatã atunci când pãtrunde pe un drum județean venind de pe un drum comunal sau local;</p><p>c)&nbsp;&nbsp; la intersecția nedirijatã atunci când pãtrunde pe un drum comunal venind de pe un drum local;</p><p>d)&nbsp;&nbsp; când urmeazã sã pãtrundã într-o intersecție cu circulație în sens giratoriu fațã de cel care circulã în interiorul acesteia;</p><p>e)&nbsp;&nbsp; când circulã în panta fațã de cel care urca, dacã pe sensul de mers al celui care urca se aflã un obstacol imobil. În aceastã situație manevra nu este consideratã depãșire în sensul prevederilor art. 120 lit. j);</p><p>f)&nbsp;&nbsp; când se pune în mișcare sau la pãtrunderea pe drumul public venind de pe o proprietate alãturatã acestuia fațã de vehiculul care circulã pe drumul public, indiferent de direcția de deplasare;</p><p>g)&nbsp;&nbsp; când efectueazã un viraj spre stânga sau spre dreapta și se intersecteazã cu un conducãtor de bicicletã sau trotinetã electricã care circulã pe o pistã pentru biciclete, semnalizatã ca atare;</p><p><span style=""background-color:hsl(60, 75%, 60%);"">h)&nbsp;&nbsp; pietonului care traverseazã drumul public, prin loc special amenajat, marcat și semnalizat corespunzãtor ori la culoarea verde a semaforului destinat lui, atunci când acesta se aflã pe sensul de mers al vehiculului.</span></p>


                    </div>","https://scoaladrpciv.ro/intrebari/categoria-b/prioritate-de-trecere"
"1790475476-287","https://scoaladrpciv.ro/intrebari/categoria-b","Cum trebuie să procedați în acest caz?","C - opriți, pentru a permite pietonilor traversarea.","","","A - accelerați, pentru a trece prin fața pietonilor;","B - dați un semnal scurt de avertizare, pentru ca pietonii să nu se angajeze în traversare;","https://scoaladrpciv.ro/intrebare/cum-trebuie-sa-procedati-in-acest-caz-b94f","https://scoaladrpciv.ro/storage/questions/688.jpeg","<div class="""">
                        <h4>Articolul 135</h4><p>Conducãtorul de vehicul este obligat sã acorde prioritate de trecere și în urmãtoarele situații:</p><p>a)&nbsp;&nbsp; la intersecția nedirijatã atunci când pãtrunde pe un drum național venind de pe un drum județean, comunal sau local;</p><p>b)&nbsp;&nbsp; la intersecția nedirijatã atunci când pãtrunde pe un drum județean venind de pe un drum comunal sau local;</p><p>c)&nbsp;&nbsp; la intersecția nedirijatã atunci când pãtrunde pe un drum comunal venind de pe un drum local;</p><p>d)&nbsp;&nbsp; când urmeazã sã pãtrundã într-o intersecție cu circulație în sens giratoriu fațã de cel care circulã în interiorul acesteia;</p><p>e)&nbsp;&nbsp; când circulã în panta fațã de cel care urca, dacã pe sensul de mers al celui care urca se aflã un obstacol imobil. În aceastã situație manevra nu este consideratã depãșire în sensul prevederilor art. 120 lit. j);</p><p>f)&nbsp;&nbsp; când se pune în mișcare sau la pãtrunderea pe drumul public venind de pe o proprietate alãturatã acestuia fațã de vehiculul care circulã pe drumul public, indiferent de direcția de deplasare;</p><p>g)&nbsp;&nbsp; când efectueazã un viraj spre stânga sau spre dreapta și se intersecteazã cu un conducãtor de bicicletã sau trotinetã electricã care circulã pe o pistã pentru biciclete, semnalizatã ca atare;</p><p><span style=""background-color:hsl(60, 75%, 60%);"">h)&nbsp;&nbsp; pietonului care traverseazã drumul public, prin loc special amenajat, marcat și semnalizat corespunzãtor ori la culoarea verde a semaforului destinat lui, atunci când acesta se aflã pe sensul de mers al vehiculului.</span></p>


                    </div>","https://scoaladrpciv.ro/intrebari/categoria-b/prioritate-de-trecere"
"1790475478-288","https://scoaladrpciv.ro/intrebari/categoria-b","Care dintre vehicule trebuie să acorde prioritate pietonilor?","A - vehiculul pe care îl conduceți;","","","B - autocamionul galben;","C - ambele vehicule.","https://scoaladrpciv.ro/intrebare/care-dintre-vehicule-trebuie-sa-acorde-prioritate-pietonilor-502c","https://scoaladrpciv.ro/storage/questions/664.jpeg","<div class="""">
                        <p>Art. 135<br>Conducătorul de vehicul este obligat să acorde prioritate de trecere şi în următoarele situaţii:<br>a) la intersecţia nedirijată atunci când pătrunde pe un drum naţional venind de pe un drum judeţean, comunal sau local;<br>b) la intersecţia nedirijată atunci când pătrunde pe un drum judeţean venind de pe un drum comunal sau local;<br>c) la intersecţia nedirijată atunci când pătrunde pe un drum comunal venind de pe un drum local;<br>d) când urmează să pătrundă într-o intersecţie cu circulaţie în sens giratoriu faţă de cel care circulă în interiorul acesteia;<br>e) când circulă în pantă faţă de cel care urcă, dacă pe sensul de mers al celui care urcă se află un obstacol imobil. În această situaţie manevra nu este considerată depăşire în sensul prevederilor art. 120 lit. j);<br>f) când se pune în mişcare sau la pătrunderea pe drumul public venind de pe o proprietate alăturată acestuia faţă de vehiculul care circulă pe drumul public, indiferent de direcţia de deplasare;<br>g) când efectuează un viraj spre stânga sau spre dreapta şi se intersectează cu un biciclist care circulă pe o pistă pentru biciclete, semnalizată ca atare;<br><span style=""background-color:hsl(60,75%,60%);"">h) pietonului care traversează drumul public, prin loc special amenajat, marcat şi semnalizat corespunzător ori la culoarea verde a semaforului destinat lui, atunci când acesta se află pe sensul de mers al vehiculului.</span></p>


                    </div>","https://scoaladrpciv.ro/intrebari/categoria-b/prioritate-de-trecere"
"1790475481-289","https://scoaladrpciv.ro/intrebari/categoria-b","Cum procedați la apropierea de o intersecție în care semnalul luminos ori un indicator de prioritate permite intrarea, dar în care riscați să rămâneți imobilizat din cauza aglomerării circulației?","A - vă este interzisă intrarea în intersecție;","","","B - vă continuați deplasarea, deoarece aveți prioritate;","C - nu vă revine nicio obligație.","https://scoaladrpciv.ro/intrebare/cum-procedati-la-apropierea-de-o-intersectie-in-care-semnalul-luminos-ori-un-indicator-de-prioritate-permite-intrarea-dar-in-care-riscati-sa-ramaneti-imobilizat-din-cauza-aglomerarii-circulatiei-eb05","","<div class="""">
                        <h4>Articolul 57</h4><p style=""margin-left:0cm;text-align:justify;"">(1)&nbsp;&nbsp; La intersecțiile cu circulație nedirijată, conducătorul de vehicul este obligat să cedeze trecerea vehiculelor care vin din partea dreapta, în condițiile stabilite prin regulament.</p><p style=""margin-left:0cm;text-align:justify;"">(2)&nbsp;&nbsp; La intersecțiile cu circulație dirijată, conducătorul de vehicul este obligat să respecte semnificația indicatoarelor, culoarea semaforului sau indicațiile ori semnalele polițistului rutier.</p><p style=""margin-left:0cm;text-align:justify;""><span style=""background-color:hsl(60, 75%, 60%);"">(3)&nbsp;&nbsp; Pătrunderea unui vehicul într-o intersecție este interzisă dacă prin aceasta se produce blocarea intersecției.</span></p><p>(4)&nbsp;&nbsp; În intersecțiile cu sens giratoriu, semnalizate ca atare, vehiculele care circulă în interiorul acestora au prioritate față de cele care urmează să pătrundă în intersecție.</p>


                    </div>","https://scoaladrpciv.ro/intrebari/categoria-b/prioritate-de-trecere"
"1790475483-290","https://scoaladrpciv.ro/intrebari/categoria-b","Cum procedați în intersecția care urmează?","A - traversați fără să acordați prioritate;","","","B - traversați după ce acordați prioritate de dreapta;","C - traversați după ce acordați prioritate de stânga.","https://scoaladrpciv.ro/intrebare/cum-procedati-in-intersectia-care-urmeaza-bf89","https://scoaladrpciv.ro/storage/questions/652.jpeg","<div class="""">
                        <h4>Articolul 30</h4><p>(1)&nbsp; Mijloacele de semnalizare rutieră sunt:</p><ul><li>a)&nbsp; sistemele de semnalizare luminoasă sau sonoră;</li><li>&nbsp;b)&nbsp; indicatoarele;</li><li>&nbsp;c)&nbsp; marcajele;</li><li>&nbsp;d)&nbsp; alte dispozitive speciale.</li></ul><p>(2)&nbsp;&nbsp;&nbsp;Mijloacele de semnalizare rutieră se constituie într-un sistem unitar, se realizează și se instalează astfel încât să fie observate cu ușurință și de la o distanță adecvată, atât pe timp de zi, cât și pe timp de noapte, de cei cărora li se adresează și trebuie să fie în deplină concordanță între ele, precum și într-o stare tehnică de funcționare corespunzătoare.</p><p>(3)&nbsp; Semnalele luminoase pentru dirijarea circulației în intersecții au următoarele semnificații:</p><ul><li><span style=""background-color:hsl(60, 75%, 60%);"">&nbsp;a)&nbsp; semnalul de culoare verde permite trecerea;</span></li><li>&nbsp;b)&nbsp; semnalul de culoare roșie interzice trecerea;</li><li>&nbsp;c)&nbsp; semnalul de culoare galbenă împreună cu cel de culoare roșie interzic trecerea.</li></ul><h4>Articolul 31</h4><p>Participanții la trafic trebuie să respecte regulile de circulație, semnalele, indicațiile și dispozițiile polițistului rutier, precum și semnificația diferitelor tipuri de mijloace de semnalizare rutieră, în următoarea ordine de prioritate:</p><ul><li>a)&nbsp; semnalele, indicațiile și dispozițiile polițistului rutier;</li><li>b)&nbsp;&nbsp; semnalele speciale de avertizare, luminoase sau sonore ale autovehiculelor, prevăzute la art. 32 alin. (2) lit. a) și b);</li><li>c)&nbsp;&nbsp;semnalizarea temporară și/sau indicatoarele electronice, care modifică regimul normal de desfășurare a circulației;</li><li>(la 02-01-2023, Litera c) din Articolul 31, Capitolul IV a fost modificată de Punctul 1, Articolul 21, Titlul II din LEGEA nr. 383 din 29 decembrie 2022, publicată în MONITORUL OFICIAL nr. 1279 din 30 decembrie 2022)</li><li>d)&nbsp; semnalele luminoase sau sonore;</li><li>e)&nbsp; indicatoarele;</li><li>f)&nbsp; marcajele;</li><li>g)&nbsp; regulile de circulație.</li></ul>


                    </div>","https://scoaladrpciv.ro/intrebari/categoria-b/prioritate-de-trecere"
"1790475485-291","https://scoaladrpciv.ro/intrebari/categoria-b","Ce obligații aveți la trecerea pentru pietoni, pe sensul dvs. de mers?","C - să acordați prioritate de trecere pietonilor aflați în traversare.","","","A - să acordați prioritate de trecere și pietonilor care circulă pe celălalt sens de mers;","B - să reduceți viteza și să vă strecurați printre pietoni;","https://scoaladrpciv.ro/intrebare/ce-obligatii-aveti-la-trecerea-pentru-pietoni-pe-sensul-dvs-de-mers-8bd3","","<div class="""">
                        <h4>Articolul 135</h4><p>Conducãtorul de vehicul este obligat sã acorde prioritate de trecere și în urmãtoarele situații:</p><p>a)&nbsp;&nbsp; la intersecția nedirijatã atunci când pãtrunde pe un drum național venind de pe un drum județean, comunal sau local;</p><p>b)&nbsp;&nbsp; la intersecția nedirijatã atunci când pãtrunde pe un drum județean venind de pe un drum comunal sau local;</p><p>c)&nbsp;&nbsp; la intersecția nedirijatã atunci când pãtrunde pe un drum comunal venind de pe un drum local;</p><p>d)&nbsp;&nbsp; când urmeazã sã pãtrundã într-o intersecție cu circulație în sens giratoriu fațã de cel care circulã în interiorul acesteia;</p><p>e)&nbsp;&nbsp; când circulã în panta fațã de cel care urca, dacã pe sensul de mers al celui care urca se aflã un obstacol imobil. În aceastã situație manevra nu este consideratã depãșire în sensul prevederilor art. 120 lit. j);</p><p>f)&nbsp;&nbsp; când se pune în mișcare sau la pãtrunderea pe drumul public venind de pe o proprietate alãturatã acestuia fațã de vehiculul care circulã pe drumul public, indiferent de direcția de deplasare;</p><p>g)&nbsp;&nbsp; când efectueazã un viraj spre stânga sau spre dreapta și se intersecteazã cu un conducãtor de bicicletã sau trotinetã electricã care circulã pe o pistã pentru biciclete, semnalizatã ca atare;</p><p><span style=""background-color:hsl(60, 75%, 60%);"">h)&nbsp;&nbsp; pietonului care traverseazã drumul public, prin loc special amenajat, marcat și semnalizat corespunzãtor ori la culoarea verde a semaforului destinat lui, atunci când acesta se aflã pe sensul de mers al vehiculului.</span></p>


                    </div>","https://scoaladrpciv.ro/intrebari/categoria-b/prioritate-de-trecere"
"1790475487-292","https://scoaladrpciv.ro/intrebari/categoria-b","Precizați care vehicule sunt exceptate de la obligația acordării priorității de trecere:","B - autovehiculele din serviciile regulate de transport public, care se pun în mișcare din stația prevăzută cu alveolă;","","","A - cele care se pun în mișcare de pe loc față de cele care circulă;","C - cele care ies din curți, ganguri sau garaje.","https://scoaladrpciv.ro/intrebare/precizati-care-vehicule-sunt-exceptate-de-la-obligatia-acordarii-prioritatii-de-trecere-5625","","<div class="""">
                        <h4>Articolul 43</h4><p>(1)&nbsp;&nbsp;&nbsp;&nbsp;Dacă un drum este prevăzut cu o bandă destinată vehiculelor lente sau transportului public de persoane, semnalizată ca atare, acestea vor circula numai pe banda respectiva.</p><p><span style=""background-color:hsl(60, 75%, 60%);"">(2)&nbsp;&nbsp;Conducătorul de vehicul care circulă pe banda situată lângă marginea părții carosabile trebuie să acorde prioritate de trecere vehiculelor care efectuează transport public de persoane numai atunci când conducătorii acestora semnalizează intenția de a reintra în trafic din stațiile prevăzute cu alveole și s-au asigurat că prin manevra lor nu pun în pericol siguranță celorlalți participanți la trafic.</span></p>


                    </div>","https://scoaladrpciv.ro/intrebari/categoria-b/prioritate-de-trecere"
"1790475490-293","https://scoaladrpciv.ro/intrebari/categoria-b","Precizați în care situație vehiculele enumerate mai jos au prioritate de trecere:","A - vehiculele aflate în sensul giratoriu, față de cele care se pregătesc să intre în sensul giratoriu;","","","B - autovehiculele din serviciile regulate de transport public, care se pun în mișcare din stație;","C - vehiculele care execută manevra de întoarcere.","https://scoaladrpciv.ro/intrebare/precizati-in-care-situatie-vehiculele-enumerate-mai-jos-au-prioritate-de-trecere-b4c4","","<div class="""">
                        <p>Art. 57<br>(1) La intersectiile cu circulatie nedirijata, conducatorul de vehicul este obligat sa cedeze trecerea tuturor vehiculelor care vin din partea dreapta.<br>(2) La intersectiile cu circulatie dirijata prin indicatoare, semafoare sau de catre politistul rutier, conducatorul de vehicul este obligat sa respecte semnificatia sau indicatiile acestuia.<br>(3) Patrunderea unui vehicul intr-o intersectie este interzisa daca prin aceasta se produce blocarea intersectiei.<br><span style=""background-color:hsl(60, 75%, 60%);"">(4) In intersectiile cu sens giratoriu, semnalizate ca atare, vehiculele care circula in interiorul acestora au prioritate fata de cele care urmeaza sa patrunda in intersectie.</span></p>


                    </div>","https://scoaladrpciv.ro/intrebari/categoria-b/prioritate-de-trecere"
"1790475492-294","https://scoaladrpciv.ro/intrebari/categoria-b","Care dintre cele trei vehicule va trece ultimul prin intersecție?","B - autoturismul;","","","A - motocicleta;","C - tramvaiul.","https://scoaladrpciv.ro/intrebare/care-dintre-cele-trei-vehicule-va-trece-ultimul-prin-intersectie-c265","https://scoaladrpciv.ro/storage/questions/602.jpeg","<div class="""">
                        <h4>Articolul 57</h4><p style=""margin-left:0cm;text-align:justify;"">(1)&nbsp;&nbsp; La intersecțiile cu circulație nedirijată, conducătorul de vehicul este obligat să cedeze trecerea vehiculelor care vin din partea dreapta, în condițiile stabilite prin regulament.</p><p style=""margin-left:0cm;text-align:justify;""><span style=""background-color:hsl(60, 75%, 60%);"">(2)&nbsp;&nbsp; La intersecțiile cu circulație dirijată, conducătorul de vehicul este obligat să respecte semnificația indicatoarelor, culoarea semaforului sau indicațiile ori semnalele polițistului rutier.</span></p><p style=""margin-left:0cm;text-align:justify;"">(3)&nbsp;&nbsp; Pătrunderea unui vehicul într-o intersecție este interzisă dacă prin aceasta se produce blocarea intersecției.</p><p>(4)&nbsp;&nbsp; În intersecțiile cu sens giratoriu, semnalizate ca atare, vehiculele care circulă în interiorul acestora au prioritate față de cele care urmează să pătrundă în intersecție.</p><h4>Articolul 59</h4><p>(1)&nbsp;&nbsp;În intersecțiile cu circulație nedirijată, conducătorul de vehicul este obligat să acorde prioritate de trecere vehiculelor care circulă pe sine. Acestea pierd prioritatea de trecere când efectuează virajul spre stânga sau când semnalizarea rutieră din acea zonă stabilește o altă regulă de circulație.</p><p>(2)&nbsp; În intersecții, conducătorii vehiculelor care virează spre stânga sunt obligați să acorde prioritate de trecere vehiculelor cu care se intersectează și care circulă din partea dreapta.</p><p style=""margin-left:0cm;text-align:justify;""><span style=""background-color:hsl(60, 75%, 60%);"">(3)&nbsp;&nbsp; În intersecțiile cu circulație dirijată prin indicatoare de prioritate, regula priorității de dreapta se respecta numai în cazul în care două vehicule urmează să se întâlnească, fiecare intrând în intersecție de pe un drum semnalizat cu un indicator având aceeași semnificație de prioritate sau de pierdere a priorității.</span></p><p>(4)&nbsp;&nbsp;Când un semafor cu trei culori are o lumina verde intermitentă suplimentara, montată la același nivel cu lumina verde normală a semaforului, sub forma unei săgeți verzi pe fond negru, cu vârful spre dreapta, aprinderea acesteia semnifica permisiunea pentru vehicule de a-și continua drumul în direcția indicată de săgeata, indiferent de culoarea semaforului electric, cu condiția acordării priorității de trecere vehiculelor și pietonilor care au drept de circulație.</p>


                    </div>","https://scoaladrpciv.ro/intrebari/categoria-b/prioritate-de-trecere"
"1790475494-295","https://scoaladrpciv.ro/intrebari/categoria-b","La plecarea de pe loc cu vehiculul, vă revin următoarele obligații:","C - să acordați prioritate de trecere vehiculelor care circulă pe drum, indiferent de direcția de mers.","","","A - să evitați ambalarea excesivă a motorului;","B - să evitați bruscarea comenzilor vehiculului;","https://scoaladrpciv.ro/intrebare/la-plecarea-de-pe-loc-cu-vehiculul-va-revin-urmatoarele-obligatii-7613","","<div class="""">
                        <p>Art. 135<br>Conducătorul de vehicul este obligat să acorde prioritate de trecere şi în următoarele situaţii:<br>a) la intersecţia nedirijată atunci când pătrunde pe un drum naţional venind de pe un drum judeţean, comunal sau local;<br>b) la intersecţia nedirijată atunci când pătrunde pe un drum judeţean venind de pe un drum comunal sau local;<br>c) la intersecţia nedirijată atunci când pătrunde pe un drum comunal venind de pe un drum local;<br>d) când urmează să pătrundă într-o intersecţie cu circulaţie în sens giratoriu faţă de cel care circulă în interiorul acesteia;<br>e) când circulă în pantă faţă de cel care urcă, dacă pe sensul de mers al celui care urcă se află un obstacol imobil. În această situaţie manevra nu este considerată depăşire în sensul prevederilor art. 120 lit. j);<br><span style=""background-color:hsl(60, 75%, 60%);"">f) când se pune în mişcare sau la pătrunderea pe drumul public venind de pe o proprietate alăturată acestuia faţă de vehiculul care circulă pe drumul public, indiferent de direcţia de deplasare;</span><br>g) când efectuează un viraj spre stânga sau spre dreapta şi se intersectează cu un biciclist care circulă pe o pistă pentru biciclete, semnalizată ca atare;<br>h) pietonului care traversează drumul public, prin loc special amenajat, marcat şi semnalizat corespunzător ori la culoarea verde a semaforului destinat lui, atunci când acesta se află pe sensul de mers al vehiculului.</p>


                    </div>","https://scoaladrpciv.ro/intrebari/categoria-b/prioritate-de-trecere"
"1790475497-296","https://scoaladrpciv.ro/intrebari/categoria-b","Conducătorul unui vehicul este obligat să acorde prioritate de trecere într-o intersecție nedirijată dacă:","B - pătrunde pe un drum național, venind de pe un drum județean, comunal sau local;","","","A - pătrunde pe un drum județean, venind de pe un drum național;","C - pătrunde pe un drum comunal sau local, venind de pe un drum județean.","https://scoaladrpciv.ro/intrebare/conducatorul-unui-vehicul-este-obligat-sa-acorde-prioritate-de-trecere-intr-o-intersectie-nedirijata-daca-d5a3","","<div class="""">
                        <h4>Articolul 135</h4><p>Conducãtorul de vehicul este obligat sã acorde prioritate de trecere și în urmãtoarele situații:</p><p><span style=""background-color:hsl(60, 75%, 60%);"">a)&nbsp;&nbsp; la intersecția nedirijatã atunci când pãtrunde pe un drum național venind de pe un drum județean, comunal sau local;</span></p><p>b)&nbsp;&nbsp; la intersecția nedirijatã atunci când pãtrunde pe un drum județean venind de pe un drum comunal sau local;</p><p>c)&nbsp;&nbsp; la intersecția nedirijatã atunci când pãtrunde pe un drum comunal venind de pe un drum local;</p><p>d)&nbsp;&nbsp; când urmeazã sã pãtrundã într-o intersecție cu circulație în sens giratoriu fațã de cel care circulã în interiorul acesteia;</p><p>e)&nbsp;&nbsp; când circulã în panta fațã de cel care urca, dacã pe sensul de mers al celui care urca se aflã un obstacol imobil. În aceastã situație manevra nu este consideratã depãșire în sensul prevederilor art. 120 lit. j);</p><p>f)&nbsp;&nbsp; când se pune în mișcare sau la pãtrunderea pe drumul public venind de pe o proprietate alãturatã acestuia fațã de vehiculul care circulã pe drumul public, indiferent de direcția de deplasare;</p><p>g)&nbsp;&nbsp; când efectueazã un viraj spre stânga sau spre dreapta și se intersecteazã cu un conducãtor de bicicletã sau trotinetã electricã care circulã pe o pistã pentru biciclete, semnalizatã ca atare;</p><p>h)&nbsp;&nbsp; pietonului care traverseazã drumul public, prin loc special amenajat, marcat și semnalizat corespunzãtor ori la culoarea verde a semaforului destinat lui, atunci când acesta se aflã pe sensul de mers al vehiculului.</p>


                    </div>","https://scoaladrpciv.ro/intrebari/categoria-b/prioritate-de-trecere"
"1790475499-297","https://scoaladrpciv.ro/intrebari/categoria-b","Autobuzul din față semnalizează ieșirea din stația prevăzută cu alveolă. Cum trebuie să procedați?","B - reduceți viteza și la nevoie opriți, pentru a permite plecarea din stație a autobuzului;","","","A - îl ocoliți cât mai mult, pentru a proteja pietonii;","C - vă continuați deplasarea, deoarece nu aveți restricții.","https://scoaladrpciv.ro/intrebare/autobuzul-din-fata-semnalizeaza-iesirea-din-statia-prevazuta-cu-alveola-cum-trebuie-sa-procedati-2149","https://scoaladrpciv.ro/storage/questions/526.jpeg","<div class="""">
                        <p>Art. 43<br>(1) Daca un drum este prevazut cu o banda destinata vehiculelor lente sau transportului public de persoane, semnalizata ca atare, acestea vor circula numai pe banda respectiva.<br><span style=""background-color:hsl(60, 75%, 60%);"">(2) Conducatorul de vehicul care circula pe banda situata langa marginea partii carosabile trebuie sa acorde prioritate de trecere vehiculelor care efectueaza transport public de persoane numai atunci cand conducatorii acestora semnalizeaza intentia de a reintra in trafic din statiile prevazute cu alveole si s-au asigurat ca prin manevra lor nu pun in pericol siguranta celorlalti participanti la trafic.</span></p>


                    </div>","https://scoaladrpciv.ro/intrebari/categoria-b/prioritate-de-trecere"
"1790475501-298","https://scoaladrpciv.ro/intrebari/categoria-b","Care este ordinea de trecere prin intersecţia din imagine?","B - motocicleta, autoturismul, tramvaiul;","","","A - tramvaiul, motocicleta, autoturismul;","C - motocicleta, tramvaiul, autoturismul.","https://scoaladrpciv.ro/intrebare/care-este-ordinea-de-trecere-prin-intersectia-din-imagine-eaae","https://scoaladrpciv.ro/storage/questions/516.jpeg","<div class="""">
                        <h4>Articolul 59</h4><p>(1)&nbsp;&nbsp;În intersecțiile cu circulație nedirijată, conducătorul de vehicul este obligat să acorde prioritate de trecere vehiculelor care circulă pe sine. Acestea pierd prioritatea de trecere când efectuează virajul spre stânga sau când semnalizarea rutieră din acea zonă stabilește o altă regulă de circulație.</p><p>(2)&nbsp; În intersecții, conducătorii vehiculelor care virează spre stânga sunt obligați să acorde prioritate de trecere vehiculelor cu care se intersectează și care circulă din partea dreapta.</p><p style=""margin-left:0cm;text-align:justify;""><span style=""background-color:hsl(60,75%,60%);"">(3)&nbsp;&nbsp; În intersecțiile cu circulație dirijată prin indicatoare de prioritate, regula priorității de dreapta se respecta numai în cazul în care două vehicule urmează să se întâlnească, fiecare intrând în intersecție de pe un drum semnalizat cu un indicator având aceeași semnificație de prioritate sau de pierdere a priorității.</span></p><p>(4)&nbsp;&nbsp;Când un semafor cu trei culori are o lumina verde intermitentă suplimentara, montată la același nivel cu lumina verde normală a semaforului, sub forma unei săgeți verzi pe fond negru, cu vârful spre dreapta, aprinderea acesteia semnifica permisiunea pentru vehicule de a-și continua drumul în direcția indicată de săgeata, indiferent de culoarea semaforului electric, cu condiția acordării priorității de trecere vehiculelor și pietonilor care au drept de circulație.</p><h4>Articolul 129</h4><p><span style=""background-color:hsl(60,75%,60%);"">(1)&nbsp;&nbsp; Vehiculul care circulã pe un drum public pe care este instalat unul dintre indicatoarele având semnificația: ""Drum cu prioritate"", ""Intersecție cu un drum fãrã prioritate"" sau ""Prioritate fațã de circulația din sens invers"" are prioritate de trecere.</span></p><p>(2)&nbsp;&nbsp; Când douã vehicule urmeazã sã se întâlneascã într-o intersecție dirijatã prin indicatoare, venind de pe douã drumuri publice unde sunt instalate indicatoare cu aceeași semnificație, vehiculul care vine din dreapta are prioritate.</p>


                    </div>","https://scoaladrpciv.ro/intrebari/categoria-b/prioritate-de-trecere"
"1790475504-299","https://scoaladrpciv.ro/intrebari/categoria-b","Care dintre autovehiculele din imagine au prioritate de trecere?","B - motocicleta și autocamionul;","","","A - autobuzul și motocicleta;","C - autobuzul și autoturismul.","https://scoaladrpciv.ro/intrebare/care-dintre-autovehiculele-din-imagine-au-prioritate-de-trecere-9f46","https://scoaladrpciv.ro/storage/questions/515.jpeg","<div class="""">
                        <p>Art. 57<br>(1) La intersectiile cu circulatie nedirijata, conducatorul de vehicul este obligat sa cedeze trecerea tuturor vehiculelor care vin din partea dreapta.<br>(2) La intersectiile cu circulatie dirijata prin indicatoare, semafoare sau de catre politistul rutier, conducatorul de vehicul este obligat sa respecte semnificatia sau indicatiile acestuia.<br>(3) Patrunderea unui vehicul intr-o intersectie este interzisa daca prin aceasta se produce blocarea intersectiei.<br><span style=""background-color:hsl(60, 75%, 60%);"">(4) In intersectiile cu sens giratoriu, semnalizate ca atare, vehiculele care circula in interiorul acestora au prioritate fata de cele care urmeaza sa patrunda in intersectie.</span></p>


                    </div>","https://scoaladrpciv.ro/intrebari/categoria-b/prioritate-de-trecere"
"1790475506-300","https://scoaladrpciv.ro/intrebari/categoria-b","În ce ordine vor trece prin intersecție cele trei autoturisme?","B - verde, roșu, albastru;","","","A - roșu, albastru, verde;","C - albastru, roșu, verde.","https://scoaladrpciv.ro/intrebare/in-ce-ordine-vor-trece-prin-intersectie-cele-trei-autoturisme-d862","https://scoaladrpciv.ro/storage/questions/499.jpeg","<div class="""">
                        <p>Art. 129<br>(1) Vehiculul care circulă pe un drum public pe care este instalat unul dintre indicatoarele având semnificaţia: „Drum cu prioritate“, „Intersecţie cu un drum fără prioritate“ sau „Prioritate faţă de circulaţia din sens invers“ are prioritate de trecere.&nbsp;<br>(2) Când două vehicule urmează să se întâlnească într-o intersecţie dirijată prin indicatoare, venind de pe două drumuri publice unde sunt instalate indicatoare cu aceeaşi semnificaţie, vehiculul care vine din dreapta are prioritate.</p>


                    </div>","https://scoaladrpciv.ro/intrebari/categoria-b/prioritate-de-trecere"
"1790475508-301","https://scoaladrpciv.ro/intrebari/categoria-b","În ce ordine vor circula autovehiculele prin intersecţia prezentată?","B - tramvaiul, autoturismul, troleibuzul;","","","A - troleibuzul, tramvaiul, autoturismul;","C - tramvaiul, troleibuzul, autoturismul.","https://scoaladrpciv.ro/intrebare/in-ce-ordine-vor-circula-autovehiculele-prin-intersectia-prezentata-5067","https://scoaladrpciv.ro/storage/questions/480.jpeg","<div class="""">
                        <h4>Articolul 59</h4><p><span style=""background-color:hsl(60, 75%, 60%);"">(1)&nbsp;&nbsp;În intersecțiile cu circulație nedirijată, conducătorul de vehicul este obligat să acorde prioritate de trecere vehiculelor care circulă pe sine. Acestea pierd prioritatea de trecere când efectuează virajul spre stânga sau când semnalizarea rutieră din acea zonă stabilește o altă regulă de circulație.</span></p><p>(2)&nbsp; În intersecții, conducătorii vehiculelor care virează spre stânga sunt obligați să acorde prioritate de trecere vehiculelor cu care se intersectează și care circulă din partea dreapta.</p><p style=""margin-left:0cm;text-align:justify;"">(3)&nbsp;&nbsp; În intersecțiile cu circulație dirijată prin indicatoare de prioritate, regula priorității de dreapta se respecta numai în cazul în care două vehicule urmează să se întâlnească, fiecare intrând în intersecție de pe un drum semnalizat cu un indicator având aceeași semnificație de prioritate sau de pierdere a priorității.</p><p>(4)&nbsp;&nbsp;Când un semafor cu trei culori are o lumina verde intermitentă suplimentara, montată la același nivel cu lumina verde normală a semaforului, sub forma unei săgeți verzi pe fond negru, cu vârful spre dreapta, aprinderea acesteia semnifica permisiunea pentru vehicule de a-și continua drumul în direcția indicată de săgeata, indiferent de culoarea semaforului electric, cu condiția acordării priorității de trecere vehiculelor și pietonilor care au drept de circulație.</p>


                    </div>","https://scoaladrpciv.ro/intrebari/categoria-b/prioritate-de-trecere"
"1790475510-302","https://scoaladrpciv.ro/intrebari/categoria-b","Pe un drum cu prioritate, conducătorul de vehicul întâlnește în intersecție marcajul de trecere pentru pietoni. Este obligat să acorde prioritate?","A - da, pietonilor angajați în traversarea drumului pe trecerea semnalizată și aflați pe sensul lui de mers;","","","B - nu, deoarece circulă pe un drum prioritar;","C - da, atât pietonilor, cât și vehiculelor care se apropie din sens opus și care schimbă direcția de mers spre stânga.","https://scoaladrpciv.ro/intrebare/pe-un-drum-cu-prioritate-conducatorul-de-vehicul-intalneste-in-intersectie-marcajul-de-trecere-pentru-pietoni-este-obligat-sa-acorde-prioritate-65d0","","<div class="""">
                        <h4>Articolul 135</h4><p>Conducãtorul de vehicul este obligat sã acorde prioritate de trecere și în urmãtoarele situații:</p><p>a)&nbsp;&nbsp; la intersecția nedirijatã atunci când pãtrunde pe un drum național venind de pe un drum județean, comunal sau local;</p><p>b)&nbsp;&nbsp; la intersecția nedirijatã atunci când pãtrunde pe un drum județean venind de pe un drum comunal sau local;</p><p>c)&nbsp;&nbsp; la intersecția nedirijatã atunci când pãtrunde pe un drum comunal venind de pe un drum local;</p><p>d)&nbsp;&nbsp; când urmeazã sã pãtrundã într-o intersecție cu circulație în sens giratoriu fațã de cel care circulã în interiorul acesteia;</p><p>e)&nbsp;&nbsp; când circulã în panta fațã de cel care urca, dacã pe sensul de mers al celui care urca se aflã un obstacol imobil. În aceastã situație manevra nu este consideratã depãșire în sensul prevederilor art. 120 lit. j);</p><p>f)&nbsp;&nbsp; când se pune în mișcare sau la pãtrunderea pe drumul public venind de pe o proprietate alãturatã acestuia fațã de vehiculul care circulã pe drumul public, indiferent de direcția de deplasare;</p><p>g)&nbsp;&nbsp; când efectueazã un viraj spre stânga sau spre dreapta și se intersecteazã cu un conducãtor de bicicletã sau trotinetã electricã care circulã pe o pistã pentru biciclete, semnalizatã ca atare;</p><p><span style=""background-color:hsl(60, 75%, 60%);"">h)&nbsp;&nbsp; pietonului care traverseazã drumul public, prin loc special amenajat, marcat și semnalizat corespunzãtor ori la culoarea verde a semaforului destinat lui, atunci când acesta se aflã pe sensul de mers al vehiculului.</span></p>


                    </div>","https://scoaladrpciv.ro/intrebari/categoria-b/prioritate-de-trecere"
"1790475513-303","https://scoaladrpciv.ro/intrebari/categoria-b","Cum procedează conducătorul de vehicul când iese dintr-o curte sau dintr-un garaj pe un drum public?","A - acordă prioritate pietonilor și vehiculelor aflate în mers;","","","B - solicită să fie pilotat de o altă persoană;","C - folosește avertizorul sonor ziua și pe cel luminos, noaptea.","https://scoaladrpciv.ro/intrebare/cum-procedeaza-conducatorul-de-vehicul-cand-iese-dintr-o-curte-sau-dintr-un-garaj-pe-un-drum-public-4f77","","<div class="""">
                        <h4>Articolul 135</h4><p>Conducãtorul de vehicul este obligat sã acorde prioritate de trecere și în urmãtoarele situații:</p><p>a)&nbsp;&nbsp; la intersecția nedirijatã atunci când pãtrunde pe un drum național venind de pe un drum județean, comunal sau local;</p><p>b)&nbsp;&nbsp; la intersecția nedirijatã atunci când pãtrunde pe un drum județean venind de pe un drum comunal sau local;</p><p>c)&nbsp;&nbsp; la intersecția nedirijatã atunci când pãtrunde pe un drum comunal venind de pe un drum local;</p><p>d)&nbsp;&nbsp; când urmeazã sã pãtrundã într-o intersecție cu circulație în sens giratoriu fațã de cel care circulã în interiorul acesteia;</p><p>e)&nbsp;&nbsp; când circulã în panta fațã de cel care urca, dacã pe sensul de mers al celui care urca se aflã un obstacol imobil. În aceastã situație manevra nu este consideratã depãșire în sensul prevederilor art. 120 lit. j);</p><p><span style=""background-color:hsl(60, 75%, 60%);"">f)&nbsp;&nbsp; când se pune în mișcare sau la pãtrunderea pe drumul public venind de pe o proprietate alãturatã acestuia fațã de vehiculul care circulã pe drumul public, indiferent de direcția de deplasare;</span></p><p>g)&nbsp;&nbsp; când efectueazã un viraj spre stânga sau spre dreapta și se intersecteazã cu un conducãtor de bicicletã sau trotinetã electricã care circulã pe o pistã pentru biciclete, semnalizatã ca atare;</p><p>h)&nbsp;&nbsp; pietonului care traverseazã drumul public, prin loc special amenajat, marcat și semnalizat corespunzãtor ori la culoarea verde a semaforului destinat lui, atunci când acesta se aflã pe sensul de mers al vehiculului.</p>


                    </div>","https://scoaladrpciv.ro/intrebari/categoria-b/prioritate-de-trecere"
"1790475515-304","https://scoaladrpciv.ro/intrebari/categoria-b","Cu ce viteză se poate circula în apropierea unei intersecţii?","B - cu o viteză care să permită oprirea, pentru a acorda prioritate de trecere participanţilor la trafic care au acest drept;","","","A - limita maximă de viteză va fi respectată doar în cazul intersecţiilor dirijate;","C - limita maximă de viteză în localităţi va fi de 50 km/h, iar în afara localităţilor de 130 km/h.","https://scoaladrpciv.ro/intrebare/cu-ce-viteza-se-poate-circula-in-apropierea-unei-intersectii-205b","","<div class="""">
                        <h4>Articolul 56</h4><p>La apropierea de o intersecție conducătorul de vehicul trebuie să circule cu o viteză care să îi permită oprirea, pentru a acorda prioritate de trecere participanților la trafic care au acest drept.</p>


                    </div>","https://scoaladrpciv.ro/intrebari/categoria-b/prioritate-de-trecere"
"1790475517-305","https://scoaladrpciv.ro/intrebari/categoria-b","Cum veți proceda dacă la intrarea într-o intersecție semaforul este pe semnalul de culoare verde, dar aceasta este blocată din cauza aglomerației?","C - opriți și așteptați deblocarea, după care pătrundeți în intersecție pe semnalul verde al semaforului.","","","A - vă continuați deplasarea, deoarece semnalul verde vă permite acest lucru;","B - claxonați și găsiți o modalitate de a avansa printre celelalte vehicule;","https://scoaladrpciv.ro/intrebare/cum-veti-proceda-daca-la-intrarea-intr-o-intersectie-semaforul-este-pe-semnalul-de-culoare-verde-dar-aceasta-este-blocata-din-cauza-aglomeratiei-9c2f","","<div class="""">
                        <h4>Articolul 57</h4><p style=""margin-left:0cm;text-align:justify;"">(1)&nbsp;&nbsp; La intersecțiile cu circulație nedirijată, conducătorul de vehicul este obligat să cedeze trecerea vehiculelor care vin din partea dreapta, în condițiile stabilite prin regulament.</p><p style=""margin-left:0cm;text-align:justify;"">(2)&nbsp;&nbsp; La intersecțiile cu circulație dirijată, conducătorul de vehicul este obligat să respecte semnificația indicatoarelor, culoarea semaforului sau indicațiile ori semnalele polițistului rutier.</p><p style=""margin-left:0cm;text-align:justify;""><span style=""background-color:hsl(60, 75%, 60%);"">(3)&nbsp;&nbsp; Pătrunderea unui vehicul într-o intersecție este interzisă dacă prin aceasta se produce blocarea intersecției.</span></p><p>(4)&nbsp;&nbsp; În intersecțiile cu sens giratoriu, semnalizate ca atare, vehiculele care circulă în interiorul acestora au prioritate față de cele care urmează să pătrundă în intersecție.</p>


                    </div>","https://scoaladrpciv.ro/intrebari/categoria-b/prioritate-de-trecere"
"1790475520-306","https://scoaladrpciv.ro/intrebari/categoria-b","Care dintre cele trei vehicule va trece ultimul prin intersecția din imagine?","A - autoturismul;","","","B - autocamionul;","C - motocicleta.","https://scoaladrpciv.ro/intrebare/care-dintre-cele-trei-vehicule-va-trece-ultimul-prin-intersectia-din-imagine-d34b","https://scoaladrpciv.ro/storage/questions/448.jpeg","<div class="""">
                        <p>Art. 57<br><span style=""background-color:hsl(60, 75%, 60%);"">(1) La intersectiile cu circulatie nedirijata, conducatorul de vehicul este obligat sa cedeze trecerea tuturor vehiculelor care vin din partea dreapta.</span><br>(2) La intersectiile cu circulatie dirijata prin indicatoare, semafoare sau de catre politistul rutier, conducatorul de vehicul este obligat sa respecte semnificatia sau indicatiile acestuia.<br>(3) Patrunderea unui vehicul intr-o intersectie este interzisa daca prin aceasta se produce blocarea intersectiei.<br>(4) In intersectiile cu sens giratoriu, semnalizate ca atare, vehiculele care circula in interiorul acestora au prioritate fata de cele care urmeaza sa patrunda in intersectie.<br><br>Art. 59<br>(1) In intersectiile cu circulatie nedirijata, conducatorul de vehicul este obligat sa acorde prioritate de trecere vehiculelor care circula pe sine. Acestea pierd prioritatea de trecere cand efectueaza virajul spre stanga sau cand semnalizarea rutiera din acea zona stabileste o alta regula de circulatie.<br><span style=""background-color:hsl(60, 75%, 60%);"">(2) In intersectii, conducatorii vehiculelor care vireaza spre stanga sunt obligati sa acorde prioritate de trecere vehiculelor cu care se intersecteaza si care circula din partea dreapta.</span><br>(3) In intersectiile cu circulatie dirijata prin indicatoare de prioritate, regula prioritatii de dreapta se respecta numai in cazul in care doua vehicule urmeaza sa se intalneasca, fiecare intrand in intersectie de pe un drum semnalizat cu un indicator avand aceeasi semnificatie de prioritate sau de pierdere a prioritatii.<br>(4) Cand un semafor cu trei culori are o lumina verde intermitenta suplimentara, montata la acelasi nivel cu lumina verde normala a semaforului, sub forma unei sageti verzi pe fond negru, cu varful spre dreapta, aprinderea acesteia semnifica permisiunea pentru vehicule de a-si continua drumul in directia indicata de sageata, indiferent de culoarea semaforului electric, cu conditia acordarii prioritatii de trecere vehiculelor si pietonilor care au drept de circulatie.</p>


                    </div>","https://scoaladrpciv.ro/intrebari/categoria-b/prioritate-de-trecere"
"1790475522-307","https://scoaladrpciv.ro/intrebari/categoria-b","Conducătorii de vehicule trebuie să respecte regulile de circulație, generale și particulare, în următoarea ordine:","A - semnalele, indicațiile și dispozițiile polițistului rutier; semnalele speciale de avertizare, luminoase sau sonore, ale autovehiculelor cu regim de circulație prioritară; semnalizarea temporară;","","","B - semnalele, indicațiile și dispozițiile polițistului rutier; semnalizarea temporară; semnalele speciale de avertizare, luminoase sau sonore, ale autovehiculelor cu regim de circulație prioritară;","C - semnalele speciale de avertizare, luminoase sau sonore, ale autovehiculelor cu regim de circulație prioritară; semnalele, indicațiile și dispozițiile polițistului rutier; semnalizarea temporară.","https://scoaladrpciv.ro/intrebare/conducatorii-de-vehicule-trebuie-sa-respecte-regulile-de-circulatie-generale-si-particulare-in-urmatoarea-ordine-4271","","<div class="""">
                        <h4>Articolul 31</h4>
<p>Participanții la trafic trebuie să respecte regulile de circulație, semnalele, indicațiile și dispozițiile polițistului rutier, precum și semnificația diferitelor tipuri de mijloace de semnalizare rutieră, în următoarea ordine de prioritate:</p>
<ul>
<li>a)&nbsp; semnalele, indicațiile și dispozițiile polițistului rutier;</li>
<li>b)&nbsp;&nbsp; semnalele speciale de avertizare, luminoase sau sonore ale autovehiculelor, prevăzute la art. 32 alin. (2) lit. a) și b);</li>
<li>c)&nbsp;&nbsp;semnalizarea temporară și/sau indicatoarele electronice, care modifică regimul normal de desfășurare a circulației;</li>
<li>d)&nbsp; semnalele luminoase sau sonore;</li>
<li>e)&nbsp; indicatoarele;</li>
<li>f)&nbsp; marcajele;</li>
<li>g)&nbsp; regulile de circulație.</li>
</ul>


                    </div>","https://scoaladrpciv.ro/intrebari/categoria-b/prioritate-de-trecere"
"1790475524-308","https://scoaladrpciv.ro/intrebari/categoria-b","În ce situații sunteți obligat să acordați prioritate de trecere?","A - într-o intersecție nedirijată, atunci când pătrundeți pe un drum național, venind de pe un drum județean;","","","B - la întâlnirea indicatorului „Drum cu prioritate“;","C - la întâlnirea pietonilor aflați pe sensul de mers opus.","https://scoaladrpciv.ro/intrebare/in-ce-situatii-sunteti-obligat-sa-acordati-prioritate-de-trecere-440e","","<div class="""">
                        <h4>Articolul 135</h4><p>Conducãtorul de vehicul este obligat sã acorde prioritate de trecere și în urmãtoarele situații:</p><p><span style=""background-color:hsl(60, 75%, 60%);"">a)&nbsp;&nbsp; la intersecția nedirijatã atunci când pãtrunde pe un drum național venind de pe un drum județean, comunal sau local;</span></p><p>b)&nbsp;&nbsp; la intersecția nedirijatã atunci când pãtrunde pe un drum județean venind de pe un drum comunal sau local;</p><p>c)&nbsp;&nbsp; la intersecția nedirijatã atunci când pãtrunde pe un drum comunal venind de pe un drum local;</p><p>d)&nbsp;&nbsp; când urmeazã sã pãtrundã într-o intersecție cu circulație în sens giratoriu fațã de cel care circulã în interiorul acesteia;</p><p>e)&nbsp;&nbsp; când circulã în panta fațã de cel care urca, dacã pe sensul de mers al celui care urca se aflã un obstacol imobil. În aceastã situație manevra nu este consideratã depãșire în sensul prevederilor art. 120 lit. j);</p><p>f)&nbsp;&nbsp; când se pune în mișcare sau la pãtrunderea pe drumul public venind de pe o proprietate alãturatã acestuia fațã de vehiculul care circulã pe drumul public, indiferent de direcția de deplasare;</p><p>g)&nbsp;&nbsp; când efectueazã un viraj spre stânga sau spre dreapta și se intersecteazã cu un conducãtor de bicicletã sau trotinetã electricã care circulã pe o pistã pentru biciclete, semnalizatã ca atare;</p><p>h)&nbsp;&nbsp; pietonului care traverseazã drumul public, prin loc special amenajat, marcat și semnalizat corespunzãtor ori la culoarea verde a semaforului destinat lui, atunci când acesta se aflã pe sensul de mers al vehiculului.</p>


                    </div>","https://scoaladrpciv.ro/intrebari/categoria-b/prioritate-de-trecere"
"1790475526-309","https://scoaladrpciv.ro/intrebari/categoria-b","În cazul în care, într-o intersecție, lângă semaforul în stare de funcționare este instalat indicatorul „Oprire“, sunteți obligat să respectați:","C - semnificația luminii semaforului.","","","A - semnificația indicatorului;","B - regula priorității de dreapta;","https://scoaladrpciv.ro/intrebare/in-cazul-in-care-intr-o-intersectie-langa-semaforul-in-stare-de-functionare-este-instalat-indicatorul-oprire-sunteti-obligat-sa-respectati-cdd2","","<div class="""">
                        <h4>Articolul 31</h4><p>Participanții la trafic trebuie să respecte regulile de circulație, semnalele, indicațiile și dispozițiile polițistului rutier, precum și semnificația diferitelor tipuri de mijloace de semnalizare rutieră, în următoarea ordine de prioritate:</p><ul><li>a)&nbsp; semnalele, indicațiile și dispozițiile polițistului rutier;</li><li>b)&nbsp;&nbsp; semnalele speciale de avertizare, luminoase sau sonore ale autovehiculelor, prevăzute la art. 32 alin. (2) lit. a) și b);</li><li>c)&nbsp;&nbsp;semnalizarea temporară și/sau indicatoarele electronice, care modifică regimul normal de desfășurare a circulației;</li><li>(la 02-01-2023, Litera c) din Articolul 31, Capitolul IV a fost modificată de Punctul 1, Articolul 21, Titlul II din LEGEA nr. 383 din 29 decembrie 2022, publicată în MONITORUL OFICIAL nr. 1279 din 30 decembrie 2022)</li><li>d)&nbsp; semnalele luminoase sau sonore;</li><li>e)&nbsp; indicatoarele;</li><li>f)&nbsp; marcajele;</li><li>g)&nbsp; regulile de circulație.</li></ul>


                    </div>","https://scoaladrpciv.ro/intrebari/categoria-b/prioritate-de-trecere"
"1790475529-310","https://scoaladrpciv.ro/intrebari/categoria-b","La ieșirea din zonele rezidențiale sau pietonale, sunteți obligat să acordați prioritate:","C - tuturor vehiculelor cu care vă intersectați.","","","A - autovehiculelor;","B - pietonilor de pe sensul opus de circulație;","https://scoaladrpciv.ro/intrebare/la-iesirea-din-zonele-rezidentiale-sau-pietonale-sunteti-obligat-sa-acordati-prioritate-b544","","<div class="""">
                        <h4>Articolul 134</h4><p><span style=""background-color:hsl(60, 75%, 60%);"">La ieșirea din zonele rezidențiale sau pietonale, conducãtorii de vehicule sunt obligați sã acorde prioritate de trecere tuturor vehiculelor cu care se intersecteazã.</span></p><h4>Articolul 135</h4><p>Conducătorul de vehicul este obligat să acorde prioritate de trecere şi în următoarele situaţii:<br>a) la intersecţia nedirijată atunci când pătrunde pe un drum naţional venind de pe un drum judeţean, comunal sau local;<br>b) la intersecţia nedirijată atunci când pătrunde pe un drum judeţean venind de pe un drum comunal sau local;<br>c) la intersecţia nedirijată atunci când pătrunde pe un drum comunal venind de pe un drum local;<br>d) când urmează să pătrundă într-o intersecţie cu circulaţie în sens giratoriu faţă de cel care circulă în interiorul acesteia;<br>e) când circulă în pantă faţă de cel care urcă, dacă pe sensul de mers al celui care urcă se află un obstacol imobil. În această situaţie manevra nu este considerată depăşire în sensul prevederilor art. 120 lit. j);<br><span style=""background-color:hsl(60,75%,60%);"">f) când se pune în mişcare sau la pătrunderea pe drumul public venind de pe o proprietate alăturată acestuia faţă de vehiculul care circulă pe drumul public, indiferent de direcţia de deplasare;</span><br>g) când efectuează un viraj spre stânga sau spre dreapta şi se intersectează cu un biciclist care circulă pe o pistă pentru biciclete, semnalizată ca atare;<br>h) pietonului care traversează drumul public, prin loc special amenajat, marcat şi semnalizat corespunzător ori la culoarea verde a semaforului destinat lui, atunci când acesta se află pe sensul de mers al vehiculului.</p>


                    </div>","https://scoaladrpciv.ro/intrebari/categoria-b/prioritate-de-trecere"
"1790475531-311","https://scoaladrpciv.ro/intrebari/categoria-b","La intersecția nedirijată dintre un drum național și unul județean, comunal sau local, prioritatea de trecere se acordă:","C - vehiculelor care circulă pe drumul național.","","","A - vehiculelor care circulă pe drumul județean, comunal sau local;","B - vehiculelor care vin din dreapta;","https://scoaladrpciv.ro/intrebare/la-intersectia-nedirijata-dintre-un-drum-national-si-unul-judetean-comunal-sau-local-prioritatea-de-trecere-se-acorda-2f1e","","<div class="""">
                        <p>Art. 135<br>Conducătorul de vehicul este obligat să acorde prioritate de trecere şi în următoarele situaţii:<br><span style=""background-color:hsl(60, 75%, 60%);"">a) la intersecţia nedirijată atunci când pătrunde pe un drum naţional venind de pe un drum judeţean, comunal sau local;</span><br>b) la intersecţia nedirijată atunci când pătrunde pe un drum judeţean venind de pe un drum comunal sau local;<br>c) la intersecţia nedirijată atunci când pătrunde pe un drum comunal venind de pe un drum local;<br>d) când urmează să pătrundă într-o intersecţie cu circulaţie în sens giratoriu faţă de cel care circulă în interiorul acesteia;<br>e) când circulă în pantă faţă de cel care urcă, dacă pe sensul de mers al celui care urcă se află un obstacol imobil. În această situaţie manevra nu este considerată depăşire în sensul prevederilor art. 120 lit. j);<br>f) când se pune în mişcare sau la pătrunderea pe drumul public venind de pe o proprietate alăturată acestuia faţă de vehiculul care circulă pe drumul public, indiferent de direcţia de deplasare;<br>g) când efectuează un viraj spre stânga sau spre dreapta şi se intersectează cu un biciclist care circulă pe o pistă pentru biciclete, semnalizată ca atare;<br>h) pietonului care traversează drumul public, prin loc special amenajat, marcat şi semnalizat corespunzător ori la culoarea verde a semaforului destinat lui, atunci când acesta se află pe sensul de mers al vehiculului.</p>


                    </div>","https://scoaladrpciv.ro/intrebari/categoria-b/prioritate-de-trecere"
"1790475536-312","https://scoaladrpciv.ro/intrebari/categoria-b","Care dintre cele enumerate mai jos sunt considerate a fi comportament agresiv?","B - conducerea intenționată a unui vehicul prin accelerarea repetată a motorului, de natură a stânjeni persoanele aflate în zona drumului public;","C - folosirea repetată a semnalelor sonore și/sau luminoase de natură a obliga nejustificat conducătorul de vehicul care circulă în fața sa să elibereze banda de circulație.","","A - nerespectarea obligației de semnalizare a manevrei de schimbare a direcției de mers;","","https://scoaladrpciv.ro/intrebare/care-dintre-cele-enumerate-mai-jos-sunt-considerate-a-fi-comportament-agresiv-2e19","","<div class="""">
                        <h4>Articolul 54^1</h4><p>(1)&nbsp;&nbsp;&nbsp;Se interzice conducătorilor de vehicule să adopte un comportament agresiv în conducerea acestora pe drumurile publice.</p><p>(2)&nbsp;&nbsp;Prin comportament agresiv se înțelege efectuarea, pe drumul public, de către conducătorul de vehicul, a uneia dintre următoarele manevre:</p><ul><li>a)&nbsp;&nbsp;&nbsp;deplasarea succesivă de pe o bandă de circulație pe alta sau de pe un rând pe altul, alternând din stânga în dreapta, în scopul depășirii unui șir de vehicule care circulă în același sens;</li><li>b)&nbsp; întoarcerea vehiculului prin folosirea frânei de ajutor;</li><li>c)&nbsp; pornirea vehiculului de pe loc prin patinarea excesivă, în gol, a roților motoare;</li><li>d)&nbsp;circulația cu vehiculul la o distanță foarte redusă față de un alt vehicul, înaintea sau în spatele acestuia, cât și în lateral, ori reducerea bruscă a vitezei de deplasare fără motiv întemeiat, de natură a intimida conducătorul acestuia;</li><li><span style=""background-color:hsl(60, 75%, 60%);"">e)&nbsp; folosirea repetată a semnalelor sonore și/sau luminoase de natură a obliga nejustificat conducătorul de vehicul care circulă în fața sa să elibereze banda de circulație;</span></li><li>f)&nbsp;&nbsp;&nbsp; conducerea mopedului sau motocicletei având în contact cu partea carosabilă numai una dintre roți;</li><li>g)&nbsp;&nbsp;&nbsp;mersul cu spatele cu vehiculul în scopul intimidării celorlalți participanți la trafic care circulă în spatele acestuia;</li><li>h)&nbsp;&nbsp; realizarea intenționată a unui derapaj controlat al vehiculului în vederea întoarcerii sau rotirii acestuia;</li><li><span style=""background-color:hsl(60, 75%, 60%);"">i)&nbsp;&nbsp;&nbsp;conducerea intenționată a unui vehicul prin accelerarea repetată a motorului, de natură a stânjeni persoanele aflate în zona drumului public.</span></li></ul>


                    </div>","https://scoaladrpciv.ro/intrebari/categoria-b/reguli-referitoare-la-manevre"
"1790475538-313","https://scoaladrpciv.ro/intrebari/categoria-b","Care dintre următoarele manevre, efectuate pe drumul public de către conducătorul de vehicul, sunt considerate a fi comportament agresiv?","A - deplasarea succesivă de pe o bandă de circulație pe alta sau de pe un rând pe altul, alternând din stânga în dreapta, în scopul depășirii unui șir de vehicule care circulă în același sens;","C - realizarea intenționată a unui derapaj controlat al vehiculului în vederea întoarcerii sau rotirii acestuia.","","B - depășirea pe partea dreaptă a vehiculului care a semnalizat intenția și s-a încadrat corespunzător părăsirii sensului de mers spre stânga;","","https://scoaladrpciv.ro/intrebare/care-dintre-urmatoarele-manevre-efectuate-pe-drumul-public-de-catre-conducatorul-de-vehicul-sunt-considerate-a-fi-comportament-agresiv-3b8a","","<div class="""">
                        <h4>Articolul 54^1</h4><p>(1)&nbsp;&nbsp;&nbsp;Se interzice conducătorilor de vehicule să adopte un comportament agresiv în conducerea acestora pe drumurile publice.</p><p>(2)&nbsp;&nbsp;Prin comportament agresiv se înțelege efectuarea, pe drumul public, de către conducătorul de vehicul, a uneia dintre următoarele manevre:</p><ul><li><span style=""background-color:hsl(60,75%,60%);"">a)&nbsp;&nbsp;&nbsp;deplasarea succesivă de pe o bandă de circulație pe alta sau de pe un rând pe altul, alternând din stânga în dreapta, în scopul depășirii unui șir de vehicule care circulă în același sens;</span></li><li>b)&nbsp; întoarcerea vehiculului prin folosirea frânei de ajutor;</li><li>c)&nbsp; pornirea vehiculului de pe loc prin patinarea excesivă, în gol, a roților motoare;</li><li>d)&nbsp;circulația cu vehiculul la o distanță foarte redusă față de un alt vehicul, înaintea sau în spatele acestuia, cât și în lateral, ori reducerea bruscă a vitezei de deplasare fără motiv întemeiat, de natură a intimida conducătorul acestuia;</li><li>e)&nbsp;&nbsp;&nbsp; folosirea repetată a semnalelor sonore și/sau luminoase de natură a obliga nejustificat conducătorul de vehicul care circulă în fața sa să elibereze banda de circulație;</li><li>f)&nbsp;&nbsp;&nbsp; conducerea mopedului sau motocicletei având în contact cu partea carosabilă numai una dintre roți;</li><li>g)&nbsp;&nbsp;&nbsp;mersul cu spatele cu vehiculul în scopul intimidării celorlalți participanți la trafic care circulă în spatele acestuia;</li><li><span style=""background-color:hsl(60,75%,60%);"">h)&nbsp;&nbsp; realizarea intenționată a unui derapaj controlat al vehiculului în vederea întoarcerii sau rotirii acestuia;</span></li><li>i)&nbsp;&nbsp;&nbsp;conducerea intenționată a unui vehicul prin accelerarea repetată a motorului, de natură a stânjeni persoanele aflate în zona drumului public.</li></ul>


                    </div>","https://scoaladrpciv.ro/intrebari/categoria-b/reguli-referitoare-la-manevre"
"1790475541-314","https://scoaladrpciv.ro/intrebari/categoria-b","Prin comportament agresiv se înțelege:","A - circulația cu vehiculul la o distanță foarte redusă față de un alt vehicul, înaintea sau în spatele acestuia, cât și în lateral, ori reducerea bruscă a vitezei de deplasare fără motiv întemeiat, de natură a intimida conducătorul acestuia;","B - pornirea vehiculului de pe loc prin patinarea excesivă, în gol, a roților motoare;","","C - nerespectarea semnificației indicatoarelor și marcajelor de obligare.","","https://scoaladrpciv.ro/intrebare/prin-comportament-agresiv-se-intelege-63ca","","<div class="""">
                        <h4><span style=""color:hsl(0, 0%, 0%);"">Articolul 54^1</span></h4><p><span style=""color:hsl(0, 0%, 0%);"">(1)&nbsp;&nbsp;&nbsp;Se interzice conducătorilor de vehicule să adopte un comportament agresiv în conducerea acestora pe drumurile publice.</span></p><p><span style=""color:hsl(0, 0%, 0%);"">(2)&nbsp;&nbsp;Prin comportament agresiv se înțelege efectuarea, pe drumul public, de către conducătorul de vehicul, a uneia dintre următoarele manevre:</span></p><ul><li><span style=""color:hsl(0, 0%, 0%);"">a)&nbsp;&nbsp;&nbsp;deplasarea succesivă de pe o bandă de circulație pe alta sau de pe un rând pe altul, alternând din stânga în dreapta, în scopul depășirii unui șir de vehicule care circulă în același sens;</span></li><li><span style=""color:hsl(0, 0%, 0%);"">b)&nbsp; întoarcerea vehiculului prin folosirea frânei de ajutor;</span></li><li><span style=""background-color:hsl(60, 75%, 60%);color:hsl(0, 0%, 0%);"">c)&nbsp; pornirea vehiculului de pe loc prin patinarea excesivă, în gol, a roților motoare;</span></li><li><span style=""background-color:hsl(60, 75%, 60%);color:hsl(0, 0%, 0%);"">d)&nbsp;circulația cu vehiculul la o distanță foarte redusă față de un alt vehicul, înaintea sau în spatele acestuia, cât și în lateral, ori reducerea bruscă a vitezei de deplasare fără motiv întemeiat, de natură a intimida conducătorul acestuia;</span></li><li><span style=""color:hsl(0, 0%, 0%);"">e)&nbsp;&nbsp;&nbsp; folosirea repetată a semnalelor sonore și/sau luminoase de natură a obliga nejustificat conducătorul de vehicul care circulă în fața sa să elibereze banda de circulație;</span></li><li><span style=""color:hsl(0, 0%, 0%);"">f)&nbsp;&nbsp;&nbsp; conducerea mopedului sau motocicletei având în contact cu partea carosabilă numai una dintre roți;</span></li><li><span style=""color:hsl(0, 0%, 0%);"">g)&nbsp;&nbsp;&nbsp;mersul cu spatele cu vehiculul în scopul intimidării celorlalți participanți la trafic care circulă în spatele acestuia;</span></li><li><span style=""color:hsl(0, 0%, 0%);"">h)&nbsp;&nbsp; realizarea intenționată a unui derapaj controlat al vehiculului în vederea întoarcerii sau rotirii acestuia;</span></li><li><span style=""color:hsl(0, 0%, 0%);"">i)&nbsp;&nbsp;&nbsp;conducerea intenționată a unui vehicul prin accelerarea repetată a motorului, de natură a stânjeni persoanele aflate în zona drumului public.</span></li></ul>


                    </div>","https://scoaladrpciv.ro/intrebari/categoria-b/reguli-referitoare-la-manevre"
"1790475543-315","https://scoaladrpciv.ro/intrebari/categoria-b","Autoturismul alb execută manevra de întoarcere. Cum vei proceda corect?","B - opreşti şi aştepţi degajarea traficului","","","A - reduci viteza şi te apropii cât mai mult de acesta","C - execuţi depăşirea acestuia","https://scoaladrpciv.ro/intrebare/autoturismul-alb-executa-manevra-de-intoarcere-cum-vei-proceda-corect-eea7","https://scoaladrpciv.ro/storage/questions/1504.jpeg","<div class="""">
                        <p>Nu este recomandat sa va apropiati prea mult. Pastrati o distanta care sa ii permita conducatorului autoturismului alb sa execute manevra.</p>


                    </div>","https://scoaladrpciv.ro/intrebari/categoria-b/reguli-referitoare-la-manevre"
"1790475545-316","https://scoaladrpciv.ro/intrebari/categoria-b","Este permis virajul la stânga în acest loc?","C - nu, deoarece este interzisă trecerea peste marcajul dintre cele două scuaruri","","","A - da, deoarece te-ai încadrat corespunzător","B - da, după acordarea priorităţii de trecere","https://scoaladrpciv.ro/intrebare/este-permis-virajul-la-stanga-in-acest-loc-1ecb","https://scoaladrpciv.ro/storage/questions/1484.jpeg","<div class="""">
                        <h4>Articolul 83</h4><p>(1)&nbsp;&nbsp; Marcajele, cum sunt: sãgețile, inscripțiile, liniile paralele sau oblice, pot fi folosite pentru a repeta semnificația indicatoarelor sau pentru a da participanților la trafic indicații care nu le pot fi furnizate, în mod adecvat, prin indicatoare.</p><p>(2)&nbsp;&nbsp; Marcajul sub forma unei sau unor sãgeți, aplicat pe banda ori pe benzile delimitate prin linii continue, obliga la urmarea direcției sau direcțiilor astfel indicate. Sãgeata de repliere care este oblicã fațã de axul drumului, aplicatã pe o bandã sau intercalatã într-un marcaj longitudinal format din linii discontinue, semnalizeazã obligația ca vehiculul care nu se aflã pe bandã indicatã de sãgeata sã fie condus pe acea bandã.</p><p>(3)&nbsp;&nbsp; Marcajul format dintr-o linie în zig-zag semnificã interzicerea staționãrii vehiculelor pe partea drumului pe care este aplicat. O astfel de linie completatã cu înscrisul ""Bus"" sau ""Taxi"" poate fi folositã pentru semnalizarea stațiilor de autobuze și troleibuze, respectiv de taximetre.</p><p><span style=""background-color:hsl(60, 75%, 60%);"">(4)&nbsp;&nbsp; Marcajul aplicat în afara benzilor, format din linii paralele, înconjurate sau nu cu o linie de contur, delimiteazã spațiul interzis circulației.</span></p><p>(5)&nbsp;&nbsp; Marcajele se pot aplica și pe ziduri de sprijin, parapete de protecție sau alte amenajãri rutiere laterale drumului, pentru a le face mai vizibile conducãtorilor de vehicule.</p><p>(6)&nbsp;&nbsp; Marcajele sunt de regula de culoare albã, cu excepția celor ce se aplicã pe elementele laterale drumului, care sunt de culoare albã, neagrã sau galbenã și neagrã, precum și a celor provizorii, folosite la organizarea circulației în zona lucrãrilor, care sunt de culoare galbenã. În zonele periculoase sau unde staționarea vehiculelor este limitatã în timp, marcajele pot fi și de alte culori.</p>


                    </div>","https://scoaladrpciv.ro/intrebari/categoria-b/reguli-referitoare-la-manevre"
"1790475547-317","https://scoaladrpciv.ro/intrebari/categoria-b","Întoarcerea autovehiculului este interzisă:","A - pe drumurile cu sens unic","B - în locurile în care soliditatea drumului nu permite","C - pe marcajul pietonal","","","https://scoaladrpciv.ro/intrebare/intoarcerea-autovehiculului-este-interzisa-30d3","","<div class="""">
                        <h4>Articolul 126</h4><p>Se interzice întoarcerea vehiculului:</p><p>a)&nbsp;&nbsp; în locurile în care este interzisã oprirea voluntarã a vehiculelor, cu excepția cazurilor prevãzute la art. 142 lit. f);</p><p>b)&nbsp;&nbsp; în intersecțiile în care este interzis virajul la stânga, precum și în cele în care, pentru efectuare, este necesarã manevrarea înainte și înapoi a vehiculului;</p><p><span style=""background-color:hsl(60, 75%, 60%);"">c)&nbsp; în locurile unde soliditatea drumului nu permite;</span></p><p><span style=""background-color:hsl(60, 75%, 60%);"">d)&nbsp;&nbsp; pe drumurile cu sens unic;</span></p><p><span style=""background-color:hsl(60, 75%, 60%);"">e)&nbsp; pe marcajul pietonal;</span></p><p>f)&nbsp;&nbsp; în locurile în care este instalat indicatorul ""Întoarcerea interzisã"".</p>


                    </div>","https://scoaladrpciv.ro/intrebari/categoria-b/reguli-referitoare-la-manevre"
"1790475550-318","https://scoaladrpciv.ro/intrebari/categoria-b","Cum vă asigurați că nu există niciun pericol atunci când manevrați vehiculul înapoi?","C - vă asigurați din față, din spate și din lateral.","","","A - aprindeți lanterna de ceață din spate;","B - claxonați înainte de a pleca;","https://scoaladrpciv.ro/intrebare/cum-va-asigurati-ca-nu-exista-niciun-pericol-atunci-cand-manevrati-vehiculul-inapoi-464d","","<div class="""">
                        <h4>Articolul 54</h4>
<p>(1)&nbsp;&nbsp;Conducătorul de vehicul care executa o manevra de schimbare a direcției de mers, de ieșire dintr-un rând de vehicule staționate sau de intrare într-un asemenea rând, de trecere pe o altă bandă de circulație sau de virare spre dreapta ori spre stânga sau care urmează să efectueze o întoarcere ori să meargă cu spatele este obligat să semnalizeze din timp și să se asigure că o poate face fără să perturbe circulația sau să pună în pericol siguranța celorlalți participanți la trafic.</p>
<p>(2)&nbsp;&nbsp; Semnalizarea schimbării direcției de mers trebuie să fie menținută pe întreaga durată a manevrei.</p>


                    </div>","https://scoaladrpciv.ro/intrebari/categoria-b/reguli-referitoare-la-manevre"
"1790475552-319","https://scoaladrpciv.ro/intrebari/categoria-b","Se interzice întoarcerea vehiculului:","A - pe marcajul pietonal;","","","B - la o distanță mai mică de 50 m de marcajul pietonal;","C - în intersecții, inclusiv în cele cu circulație în sens giratoriu.","https://scoaladrpciv.ro/intrebare/se-interzice-intoarcerea-vehiculului-3aa4","","<div class="""">
                        <h4>Articolul 126</h4><p>Se interzice întoarcerea vehiculului:</p><p>a)&nbsp;&nbsp; în locurile în care este interzisã oprirea voluntarã a vehiculelor, cu excepția cazurilor prevãzute la art. 142 lit. f);</p><p>b)&nbsp;&nbsp; în intersecțiile în care este interzis virajul la stânga, precum și în cele în care, pentru efectuare, este necesarã manevrarea înainte și înapoi a vehiculului;</p><p>c)&nbsp; în locurile unde soliditatea drumului nu permite;</p><p>d)&nbsp;&nbsp; pe drumurile cu sens unic;</p><p><span style=""background-color:hsl(60, 75%, 60%);"">e)&nbsp; pe marcajul pietonal;</span></p><p>f)&nbsp;&nbsp; în locurile în care este instalat indicatorul ""Întoarcerea interzisã"".</p>


                    </div>","https://scoaladrpciv.ro/intrebari/categoria-b/reguli-referitoare-la-manevre"
"1790475554-320","https://scoaladrpciv.ro/intrebari/categoria-b","Întoarcerea este interzisă:","A - pe străzile cu sens unic;","","","B - în intersecții și la mai puțin de 50 m de cel mai apropiat colț al intersecției;","C - la mai puțin de 100 m de o trecere la nivel cu calea ferată.","https://scoaladrpciv.ro/intrebare/intoarcerea-este-interzisa-48e4","","<div class="""">
                        <h4>Articolul 126</h4><p>Se interzice întoarcerea vehiculului:</p><p>a)&nbsp;&nbsp; în locurile în care este interzisã oprirea voluntarã a vehiculelor, cu excepția cazurilor prevãzute la art. 142 lit. f);</p><p>b)&nbsp;&nbsp; în intersecțiile în care este interzis virajul la stânga, precum și în cele în care, pentru efectuare, este necesarã manevrarea înainte și înapoi a vehiculului;</p><p>c)&nbsp; în locurile unde soliditatea drumului nu permite;</p><p><span style=""background-color:hsl(60,75%,60%);"">d)&nbsp;&nbsp; pe drumurile cu sens unic;</span></p><p>e)&nbsp; pe marcajul pietonal;</p><p>f)&nbsp;&nbsp; în locurile în care este instalat indicatorul ""Întoarcerea interzisã"".</p>


                    </div>","https://scoaladrpciv.ro/intrebari/categoria-b/reguli-referitoare-la-manevre"
"1790475557-321","https://scoaladrpciv.ro/intrebari/categoria-b","Întoarcerea este interzisă:","A - pe poduri și sub poduri;","","","B - pe drumurile naționale;","C - la mai puțin de 50 m de intrarea în sediile instituțiilor.","https://scoaladrpciv.ro/intrebare/intoarcerea-este-interzisa-97c6","","<div class="""">
                        <h4>Articolul 142</h4><p>Se interzice oprirea voluntarã a vehiculelor:</p><p>a)&nbsp; în zona de acțiune a indicatorului ""Oprirea interzisã"";</p><p>&nbsp;b)&nbsp;&nbsp; pe trecerile la nivel cu calea feratã curentã și la o distanțã mai mica de 50 m înainte și dupã acestea;</p><p><span style=""background-color:hsl(60,75%,60%);"">&nbsp;c)&nbsp; pe poduri, pe și sub pasaje denivelate, precum și pe viaducte;</span></p><p>d)&nbsp;&nbsp; în curbe și în alte locuri cu vizibilitate redusã sub 50 m;</p><p>e)&nbsp;&nbsp; pe trecerile pentru pietoni ori la mai puțin de 25 m înainte și dupã acestea;;</p><p>&nbsp;f)&nbsp;&nbsp; în intersecții, inclusiv cele cu circulație în sens giratoriu, precum și în zona de preselecție unde sunt aplicate marcaje continue, iar în lipsa acestora, la o distanțã mai mica de 25 m de coltul intersecției;</p><p>g)&nbsp;&nbsp; în stațiile mijloacelor de transport public de persoane, precum și la mai puțin de 25 m înainte și dupã acestea;</p><p>h)&nbsp;&nbsp; în dreptul altui vehicul oprit pe partea carosabilã, dacã prin aceasta se stânjenește circulația a douã vehicule venind din sensuri opuse, precum și în dreptul marcajului continuu, în cazul în care conducãtorii celorlalte vehicule care circulã în același sens ar fi obligați, din aceastã cauzã, sã treacã peste acest marcaj;</p><p>i)&nbsp;&nbsp; în locul în care se împiedicã vizibilitatea asupra unui indicator sau semnal luminos;</p><p>j)&nbsp;&nbsp; pe sectoarele de drum unde sunt instalate indicatoarele cu semnificațiile ""Drum îngustat"", ""Prioritate pentru circulația din sens invers"" sau ""Prioritate fațã de circulația din sens invers"";</p><p>k)&nbsp;&nbsp; pe pistele obligatorii pentru pietoni sau pentru pietoni și biciclete ori pe benzile rezervate unor anumite categorii de vehicule, semnalizate ca atare;</p><p>l)&nbsp;&nbsp; pe platforma caii ferate industriale sau de tramvai ori la mai puțin de 50 m de acestea, dacã circulația vehiculelor pe sine ar putea fi stânjenitã sau împiedicatã;</p><p>m)&nbsp;&nbsp; pe partea carosabilã a autostrãzilor, a drumurilor expres și a celor naționale europene (E);</p><p>n)&nbsp;&nbsp; pe trotuar, cu excepția situației în care administratorul drumului public a executat amenajãri care respectã prevederile art. 144 alin.(2) și (3);</p><p>o)&nbsp;&nbsp; pe pistele pentru biciclete;</p><p>p)&nbsp;&nbsp; în locurile unde este interzisã depãșirea.</p>


                    </div>","https://scoaladrpciv.ro/intrebari/categoria-b/reguli-referitoare-la-manevre"
"1790475559-322","https://scoaladrpciv.ro/intrebari/categoria-b","Întoarcerea este interzisă:","B - când există riscul ca marginea drumului să cedeze, respectiv soliditatea drumului nu permite;","C - pe poduri.","","A - pe drumurile cu circulaţie intensă;","","https://scoaladrpciv.ro/intrebare/intoarcerea-este-interzisa-b38c","","<div class="""">
                        <h4>Articolul 126</h4><p>Se interzice întoarcerea vehiculului:</p><p>a)&nbsp;&nbsp; în locurile în care este interzisã oprirea voluntarã a vehiculelor, cu excepția cazurilor prevãzute la art. 142 lit. f);</p><p>b)&nbsp;&nbsp; în intersecțiile în care este interzis virajul la stânga, precum și în cele în care, pentru efectuare, este necesarã manevrarea înainte și înapoi a vehiculului;</p><p><span style=""background-color:hsl(60, 75%, 60%);"">c)&nbsp; în locurile unde soliditatea drumului nu permite;</span></p><p>d)&nbsp;&nbsp; pe drumurile cu sens unic;</p><p>e)&nbsp; pe marcajul pietonal;</p><p>f)&nbsp;&nbsp; în locurile în care este instalat indicatorul ""Întoarcerea interzisã"".</p><h4>Articolul 142</h4><p>Se interzice oprirea voluntarã a vehiculelor:</p><p>a)&nbsp; în zona de acțiune a indicatorului ""Oprirea interzisã"";</p><p>&nbsp;b)&nbsp;&nbsp; pe trecerile la nivel cu calea feratã curentã și la o distanțã mai mica de 50 m înainte și dupã acestea;</p><p><span style=""background-color:hsl(60, 75%, 60%);"">&nbsp;c)&nbsp; pe poduri, pe și sub pasaje denivelate, precum și pe viaducte;</span></p><p>d)&nbsp;&nbsp; în curbe și în alte locuri cu vizibilitate redusã sub 50 m;</p><p>e)&nbsp;&nbsp; pe trecerile pentru pietoni ori la mai puțin de 25 m înainte și dupã acestea;;</p><p>&nbsp;f)&nbsp;&nbsp; în intersecții, inclusiv cele cu circulație în sens giratoriu, precum și în zona de preselecție unde sunt aplicate marcaje continue, iar în lipsa acestora, la o distanțã mai mica de 25 m de coltul intersecției;</p><p>g)&nbsp;&nbsp; în stațiile mijloacelor de transport public de persoane, precum și la mai puțin de 25 m înainte și dupã acestea;</p><p>h)&nbsp;&nbsp; în dreptul altui vehicul oprit pe partea carosabilã, dacã prin aceasta se stânjenește circulația a douã vehicule venind din sensuri opuse, precum și în dreptul marcajului continuu, în cazul în care conducãtorii celorlalte vehicule care circulã în același sens ar fi obligați, din aceastã cauzã, sã treacã peste acest marcaj;</p><p>i)&nbsp;&nbsp; în locul în care se împiedicã vizibilitatea asupra unui indicator sau semnal luminos;</p><p>j)&nbsp;&nbsp; pe sectoarele de drum unde sunt instalate indicatoarele cu semnificațiile ""Drum îngustat"", ""Prioritate pentru circulația din sens invers"" sau ""Prioritate fațã de circulația din sens invers"";</p><p>k)&nbsp;&nbsp; pe pistele obligatorii pentru pietoni sau pentru pietoni și biciclete ori pe benzile rezervate unor anumite categorii de vehicule, semnalizate ca atare;</p><p>l)&nbsp;&nbsp; pe platforma caii ferate industriale sau de tramvai ori la mai puțin de 50 m de acestea, dacã circulația vehiculelor pe sine ar putea fi stânjenitã sau împiedicatã;</p><p>m)&nbsp;&nbsp; pe partea carosabilã a autostrãzilor, a drumurilor expres și a celor naționale europene (E);</p><p>n)&nbsp;&nbsp; pe trotuar, cu excepția situației în care administratorul drumului public a executat amenajãri care respectã prevederile art. 144 alin.(2) și (3);</p><p>o)&nbsp;&nbsp; pe pistele pentru biciclete;</p><p>p)&nbsp;&nbsp; în locurile unde este interzisã depãșirea.</p>


                    </div>","https://scoaladrpciv.ro/intrebari/categoria-b/reguli-referitoare-la-manevre"
"1790475561-323","https://scoaladrpciv.ro/intrebari/categoria-b","La întâlnirea unui vehicul cu un ansamblu de vehicule, pe un drum public îngust, unde trecerea din sensuri opuse este imposibilă sau periculoasă, va manevra cu spatele:","B - vehiculul;","","","A - ansamblul de vehicule;","C - la libera înțelegere.","https://scoaladrpciv.ro/intrebare/la-intalnirea-unui-vehicul-cu-un-ansamblu-de-vehicule-pe-un-drum-public-ingust-unde-trecerea-din-sensuri-opuse-este-imposibila-sau-periculoasa-va-manevra-cu-spatele-f9ee","","<div class="""">
                        <h4>Articolul 127</h4><p>(1)&nbsp;&nbsp; Pe drumurile publice înguste și/sau cu declivitate, unde trecerea vehiculelor care circulã din sensuri opuse, unele pe lângã altele, este imposibilã sau periculoasã, se procedeazã dupã cum urmeazã:</p><p><span style=""background-color:hsl(60, 75%, 60%);"">a)&nbsp;&nbsp; la întâlnirea unui ansamblu de vehicule cu un vehicul conducãtorul acestuia din urma trebuie sã manevreze cu spatele;</span></p><p>b)&nbsp;&nbsp; la întâlnirea unui vehicul greu cu un vehicul ușor, conducãtorul acestuia din urma trebuie sã manevreze cu spatele;</p><p>c)&nbsp;&nbsp; la întâlnirea unui vehicul care efectueazã transport public de persoane cu un vehicul de transport mãrfuri conducãtorul acestuia din urma trebuie sã manevreze cu spatele.</p><p>(2)&nbsp;&nbsp; În cazul vehiculelor de aceeași categorie, obligația de a efectua o manevrã de mers înapoi revine conducãtorului care urca, cu excepția cazului când este mai ușor și existã condiții pentru conducãtorul care coboarã sã execute aceastã manevrã, mai ales atunci când se aflã aproape de un refugiu.</p>


                    </div>","https://scoaladrpciv.ro/intrebari/categoria-b/reguli-referitoare-la-manevre"
"1790475564-324","https://scoaladrpciv.ro/intrebari/categoria-b","În ce situație este interzisă întoarcerea?","C - în locurile unde soliditatea drumului nu permite.","","","A - în apropierea stațiilor de tramvai;","B - când vizibilitatea este redusă sub 100 m;","https://scoaladrpciv.ro/intrebare/in-ce-situatie-este-interzisa-intoarcerea-5803","","<div class="""">
                        <h4>Articolul 126</h4><p>Se interzice întoarcerea vehiculului:</p><p>a)&nbsp;&nbsp; în locurile în care este interzisã oprirea voluntarã a vehiculelor, cu excepția cazurilor prevãzute la art. 142 lit. f);</p><p>b)&nbsp;&nbsp; în intersecțiile în care este interzis virajul la stânga, precum și în cele în care, pentru efectuare, este necesarã manevrarea înainte și înapoi a vehiculului;</p><p><span style=""background-color:hsl(60, 75%, 60%);"">c)&nbsp; în locurile unde soliditatea drumului nu permite;</span></p><p>d)&nbsp;&nbsp; pe drumurile cu sens unic;</p><p>e)&nbsp; pe marcajul pietonal;</p><p>f)&nbsp;&nbsp; în locurile în care este instalat indicatorul ""Întoarcerea interzisã"".</p>


                    </div>","https://scoaladrpciv.ro/intrebari/categoria-b/reguli-referitoare-la-manevre"
"1790475566-325","https://scoaladrpciv.ro/intrebari/categoria-b","La întâlnirea unui vehicul greu cu unul ușor, pe un drum public îngust, pentru a face posibilă trecerea va manevra cu spatele:","A - vehiculul ușor;","","","B - vehiculul greu;","C - la libera înțelegere.","https://scoaladrpciv.ro/intrebare/la-intalnirea-unui-vehicul-greu-cu-unul-usor-pe-un-drum-public-ingust-pentru-a-face-posibila-trecerea-va-manevra-cu-spatele-c1c1","","<div class="""">
                        <h4>Articolul 127</h4><p>(1)&nbsp;&nbsp; Pe drumurile publice înguste și/sau cu declivitate, unde trecerea vehiculelor care circulã din sensuri opuse, unele pe lângã altele, este imposibilã sau periculoasã, se procedeazã dupã cum urmeazã:</p><p>a)&nbsp;&nbsp; la întâlnirea unui ansamblu de vehicule cu un vehicul conducãtorul acestuia din urma trebuie sã manevreze cu spatele;</p><p><span style=""background-color:hsl(60, 75%, 60%);"">b)&nbsp;&nbsp; la întâlnirea unui vehicul greu cu un vehicul ușor, conducãtorul acestuia din urma trebuie sã manevreze cu spatele;</span></p><p>c)&nbsp;&nbsp; la întâlnirea unui vehicul care efectueazã transport public de persoane cu un vehicul de transport mãrfuri conducãtorul acestuia din urma trebuie sã manevreze cu spatele.</p><p>(2)&nbsp;&nbsp; În cazul vehiculelor de aceeași categorie, obligația de a efectua o manevrã de mers înapoi revine conducãtorului care urca, cu excepția cazului când este mai ușor și existã condiții pentru conducãtorul care coboarã sã execute aceastã manevrã, mai ales atunci când se aflã aproape de un refugiu.</p>


                    </div>","https://scoaladrpciv.ro/intrebari/categoria-b/reguli-referitoare-la-manevre"
"1790475568-326","https://scoaladrpciv.ro/intrebari/categoria-b","Care este traseul optim pentru a întoarce în intersecția prezentată?","B - traseul 2;","","","A - traseul 1;","C - traseul 3.","https://scoaladrpciv.ro/intrebare/care-este-traseul-optim-pentru-a-intoarce-in-intersectia-prezentata-9a14","https://scoaladrpciv.ro/storage/questions/946.jpeg","<div class="""">
                        <h4>Articolul 107</h4><p>(1)&nbsp;&nbsp; La intersecțiile prevãzute cu indicatoare și/sau cu marcaje pentru semnalizarea direcției de mers, conducãtorii de vehicule trebuie sã se încadreze pe benzile corespunzãtoare direcției de mers voite cu cel puțin 50 m înainte de intersecție și sunt obligați sã respecte semnificația indicatoarelor și marcajelor.</p><p>(2)&nbsp;&nbsp; La intersecțiile fãrã marcaje de delimitare a benzilor, conducãtorii vehiculelor ocupa în mers, cu cel puțin 50 m înainte de intersecție, urmãtoarele poziții:</p><ul style=""list-style-type:circle;""><li>a)&nbsp;&nbsp; rândul de lângã bordurã sau acostament, cei care vor sã schimbe direcția de mers spre dreapta;</li><li><span style=""background-color:hsl(60, 75%, 60%);"">b)&nbsp;&nbsp; rândul de lângã axa drumului sau de lângã marcajul de separare a sensurilor, cei care vor sã schimbe direcția de mers spre stânga. Când circulația se desfãșoarã pe drumuri cu sens unic, conducãtorii de vehicule care intenționeazã sã vireze la stânga sunt obligați sã ocupe rândul de lângã bordura sau acostamentul din partea stânga;</span></li><li>c)&nbsp; oricare dintre rânduri, cei care vor sã meargã înainte.</li></ul><p>(3)&nbsp;&nbsp; Dacã în intersecție circulã și tramvaie, iar spațiul dintre șina din dreapta și trotuar nu permite circulația pe douã sau mai multe rânduri, toți conducãtorii de vehicule, indiferent de direcția de deplasare, vor circula pe un singur rând, lãsând liber traseul tramvaiului.</p><p>(4)&nbsp;&nbsp; În cazul în care tramvaiul este oprit într-o stație fãrã refugiu pentru pietoni, vehiculele trebuie sã opreascã în ordinea sosirii, în spatele acestuia, și sã își reia deplasarea numai dupã ce ușile tramvaiului au fost închise și s-au asigurat cã nu pun în pericol siguranța pietonilor angajați în traversarea drumului public.</p>


                    </div>","https://scoaladrpciv.ro/intrebari/categoria-b/reguli-referitoare-la-manevre"
"1790475570-327","https://scoaladrpciv.ro/intrebari/categoria-b","La întâlnirea cărui indicator este permisă întoarcerea vehiculului?","C - „Staționarea interzisă“.","","","A - „Sens unic“;","B - „Înainte“;","https://scoaladrpciv.ro/intrebare/la-intalnirea-carui-indicator-este-permisa-intoarcerea-vehiculului-d47a","","<div class="""">
                        <p><span style=""background-color:hsl(150,75%,60%);"">Intrebarea care se pune este unde este <strong>permisa </strong>intoarcerea nu unde este <strong>interzisa </strong>intoarcerea. Asaddar <strong>HG 1391/2006, art. 126, lit. b, d</strong> ne explica unde este se interzice intoarcerea vehiculului. Lit. <strong>b </strong>si lit <strong>d</strong>, sunt asociate variantelor <strong>A</strong> si <strong>B. </strong>Asadar pentru varianta <strong>C </strong>nu se precizeaza nimic deci varianta <strong>C</strong> este corecta</span></p><h4>Articolul 126</h4><p>Se interzice întoarcerea vehiculului:</p><p>a)&nbsp;&nbsp; în locurile în care este interzisã oprirea voluntarã a vehiculelor, cu excepția cazurilor prevãzute la art. 142 lit. f);</p><p><span style=""background-color:hsl(60,75%,60%);"">b)&nbsp;&nbsp; în intersecțiile în care este interzis virajul la stânga, precum și în cele în care, pentru efectuare, este necesarã manevrarea înainte și înapoi a vehiculului;</span></p><p>c)&nbsp; în locurile unde soliditatea drumului nu permite;</p><p><span style=""background-color:hsl(60,75%,60%);"">d)&nbsp;&nbsp; pe drumurile cu sens unic;</span></p><p>e)&nbsp; pe marcajul pietonal;</p><p>f)&nbsp;&nbsp; în locurile în care este instalat indicatorul ""Întoarcerea interzisã"".</p>


                    </div>","https://scoaladrpciv.ro/intrebari/categoria-b/reguli-referitoare-la-manevre"
"1790475573-328","https://scoaladrpciv.ro/intrebari/categoria-b","Pe străzile cu sens unic este interzis:","A - să întoarceți autovehiculul;","","","B - să virați la stânga sau la dreapta;","C - să manevrați înapoi autovehiculul.","https://scoaladrpciv.ro/intrebare/pe-strazile-cu-sens-unic-este-interzis-e9a5","","<div class="""">
                        <h4>Articolul 126</h4><p>Se interzice întoarcerea vehiculului:</p><p>a)&nbsp;&nbsp; în locurile în care este interzisã oprirea voluntarã a vehiculelor, cu excepția cazurilor prevãzute la art. 142 lit. f);</p><p>b)&nbsp;&nbsp; în intersecțiile în care este interzis virajul la stânga, precum și în cele în care, pentru efectuare, este necesarã manevrarea înainte și înapoi a vehiculului;</p><p>c)&nbsp; în locurile unde soliditatea drumului nu permite;</p><p><span style=""background-color:hsl(60, 75%, 60%);"">d)&nbsp;&nbsp; pe drumurile cu sens unic;</span></p><p>e)&nbsp; pe marcajul pietonal;</p><p>f)&nbsp;&nbsp; în locurile în care este instalat indicatorul ""Întoarcerea interzisã"".</p>


                    </div>","https://scoaladrpciv.ro/intrebari/categoria-b/reguli-referitoare-la-manevre"
"1790475575-329","https://scoaladrpciv.ro/intrebari/categoria-b","Întoarcerea este interzisă:","A - în rampă, dacă vizibilitatea este sub 50 m;","C - la trecerile pentru pietoni.","","B - în dreptul unui garaj;","","https://scoaladrpciv.ro/intrebare/intoarcerea-este-interzisa-d7ff","","<div class="""">
                        <h4>Articolul 142</h4><p>Se interzice oprirea voluntarã a vehiculelor:</p><p>a)&nbsp; în zona de acțiune a indicatorului ""Oprirea interzisã"";</p><p>&nbsp;b)&nbsp;&nbsp; pe trecerile la nivel cu calea feratã curentã și la o distanțã mai mica de 50 m înainte și dupã acestea;</p><p>&nbsp;c)&nbsp; pe poduri, pe și sub pasaje denivelate, precum și pe viaducte;</p><p><span style=""background-color:hsl(60, 75%, 60%);"">d)&nbsp;&nbsp; în curbe și în alte locuri cu vizibilitate redusã sub 50 m;</span></p><p><span style=""background-color:hsl(60, 75%, 60%);"">e)&nbsp;&nbsp; pe trecerile pentru pietoni ori la mai puțin de 25 m înainte și dupã acestea;;</span></p><p>&nbsp;f)&nbsp;&nbsp; în intersecții, inclusiv cele cu circulație în sens giratoriu, precum și în zona de preselecție unde sunt aplicate marcaje continue, iar în lipsa acestora, la o distanțã mai mica de 25 m de coltul intersecției;</p><p>g)&nbsp;&nbsp; în stațiile mijloacelor de transport public de persoane, precum și la mai puțin de 25 m înainte și dupã acestea;</p><p>h)&nbsp;&nbsp; în dreptul altui vehicul oprit pe partea carosabilã, dacã prin aceasta se stânjenește circulația a douã vehicule venind din sensuri opuse, precum și în dreptul marcajului continuu, în cazul în care conducãtorii celorlalte vehicule care circulã în același sens ar fi obligați, din aceastã cauzã, sã treacã peste acest marcaj;</p><p>i)&nbsp;&nbsp; în locul în care se împiedicã vizibilitatea asupra unui indicator sau semnal luminos;</p><p>j)&nbsp;&nbsp; pe sectoarele de drum unde sunt instalate indicatoarele cu semnificațiile ""Drum îngustat"", ""Prioritate pentru circulația din sens invers"" sau ""Prioritate fațã de circulația din sens invers"";</p><p>k)&nbsp;&nbsp; pe pistele obligatorii pentru pietoni sau pentru pietoni și biciclete ori pe benzile rezervate unor anumite categorii de vehicule, semnalizate ca atare;</p><p>l)&nbsp;&nbsp; pe platforma caii ferate industriale sau de tramvai ori la mai puțin de 50 m de acestea, dacã circulația vehiculelor pe sine ar putea fi stânjenitã sau împiedicatã;</p><p>m)&nbsp;&nbsp; pe partea carosabilã a autostrãzilor, a drumurilor expres și a celor naționale europene (E);</p><p>n)&nbsp;&nbsp; pe trotuar, cu excepția situației în care administratorul drumului public a executat amenajãri care respectã prevederile art. 144 alin.(2) și (3);</p><p>o)&nbsp;&nbsp; pe pistele pentru biciclete;</p><p>p)&nbsp;&nbsp; în locurile unde este interzisã depãșirea.</p><p>&nbsp;</p>


                    </div>","https://scoaladrpciv.ro/intrebari/categoria-b/reguli-referitoare-la-manevre"
"1790475577-330","https://scoaladrpciv.ro/intrebari/categoria-b","Întoarcerea unui vehicul este interzisă:","C - la mai puțin de 50 m de trecerea la nivel cu o cale ferată curentă.","","","A - la o distanță mai mică de 100 m de stațiile de autobuz, troleibuz sau tramvai;","B - pe drumurile pe care o bandă de circulație este ocupată de linia de tramvai;","https://scoaladrpciv.ro/intrebare/intoarcerea-unui-vehicul-este-interzisa-2df0","","<div class="""">
                        <h4>Articolul 126</h4><p>Se interzice întoarcerea vehiculului:</p><p><span style=""background-color:hsl(60, 75%, 60%);"">a)&nbsp;&nbsp; în locurile în care este interzisã oprirea voluntarã a vehiculelor, cu excepția cazurilor prevãzute la art. 142 lit. f);</span></p><p>b)&nbsp;&nbsp; în intersecțiile în care este interzis virajul la stânga, precum și în cele în care, pentru efectuare, este necesarã manevrarea înainte și înapoi a vehiculului;</p><p>c)&nbsp; în locurile unde soliditatea drumului nu permite;</p><p>d)&nbsp;&nbsp; pe drumurile cu sens unic;</p><p>e)&nbsp; pe marcajul pietonal;</p><p>f)&nbsp;&nbsp; în locurile în care este instalat indicatorul ""Întoarcerea interzisã"".</p><h4>Articolul 142</h4><p>Se interzice oprirea voluntarã a vehiculelor:</p><p>a)&nbsp; în zona de acțiune a indicatorului ""Oprirea interzisã"";</p><p><span style=""background-color:hsl(60, 75%, 60%);"">&nbsp;b)&nbsp;&nbsp; pe trecerile la nivel cu calea feratã curentã și la o distanțã mai mica de 50 m înainte și dupã acestea;</span></p><p>&nbsp;c)&nbsp; pe poduri, pe și sub pasaje denivelate, precum și pe viaducte;</p><p>d)&nbsp;&nbsp; în curbe și în alte locuri cu vizibilitate redusã sub 50 m;</p><p>e)&nbsp;&nbsp; pe trecerile pentru pietoni ori la mai puțin de 25 m înainte și dupã acestea;;</p><p>&nbsp;f)&nbsp;&nbsp; în intersecții, inclusiv cele cu circulație în sens giratoriu, precum și în zona de preselecție unde sunt aplicate marcaje continue, iar în lipsa acestora, la o distanțã mai mica de 25 m de coltul intersecției;</p><p>g)&nbsp;&nbsp; în stațiile mijloacelor de transport public de persoane, precum și la mai puțin de 25 m înainte și dupã acestea;</p><p>h)&nbsp;&nbsp; în dreptul altui vehicul oprit pe partea carosabilã, dacã prin aceasta se stânjenește circulația a douã vehicule venind din sensuri opuse, precum și în dreptul marcajului continuu, în cazul în care conducãtorii celorlalte vehicule care circulã în același sens ar fi obligați, din aceastã cauzã, sã treacã peste acest marcaj;</p><p>i)&nbsp;&nbsp; în locul în care se împiedicã vizibilitatea asupra unui indicator sau semnal luminos;</p><p>j)&nbsp;&nbsp; pe sectoarele de drum unde sunt instalate indicatoarele cu semnificațiile ""Drum îngustat"", ""Prioritate pentru circulația din sens invers"" sau ""Prioritate fațã de circulația din sens invers"";</p><p>k)&nbsp;&nbsp; pe pistele obligatorii pentru pietoni sau pentru pietoni și biciclete ori pe benzile rezervate unor anumite categorii de vehicule, semnalizate ca atare;</p><p>l)&nbsp;&nbsp; pe platforma caii ferate industriale sau de tramvai ori la mai puțin de 50 m de acestea, dacã circulația vehiculelor pe sine ar putea fi stânjenitã sau împiedicatã;</p><p>m)&nbsp;&nbsp; pe partea carosabilã a autostrãzilor, a drumurilor expres și a celor naționale europene (E);</p><p>n)&nbsp;&nbsp; pe trotuar, cu excepția situației în care administratorul drumului public a executat amenajãri care respectã prevederile art. 144 alin.(2) și (3);</p><p>o)&nbsp;&nbsp; pe pistele pentru biciclete;</p><p>p)&nbsp;&nbsp; în locurile unde este interzisã depãșirea.</p>


                    </div>","https://scoaladrpciv.ro/intrebari/categoria-b/reguli-referitoare-la-manevre"
"1790475580-331","https://scoaladrpciv.ro/intrebari/categoria-b","În care dintre situaţiile de mai jos este interzisă întoarcerea?","A - în curbele cu vizibilitatea redusă sub 50 m;","C - la întâlnirea indicatorului „Drum îngustat“.","","B - la întâlnirea indicatorului „Drum cu prioritate“;","","https://scoaladrpciv.ro/intrebare/in-care-dintre-situatiile-de-mai-jos-este-interzisa-intoarcerea-4fa0","","<div class="""">
                        <h4>Articolul 126</h4>
<p>Se interzice întoarcerea vehiculului:</p>
<p><span style=""background-color: #f1c40f;"">a)&nbsp;&nbsp; în locurile în care este interzisã oprirea voluntarã a vehiculelor, cu excepția cazurilor prevãzute la art. 142 lit. f);</span></p>
<p>b)&nbsp;&nbsp; în intersecțiile în care este interzis virajul la stânga, precum și în cele în care, pentru efectuare, este necesarã manevrarea înainte și înapoi a vehiculului;</p>
<p>c)&nbsp; în locurile unde soliditatea drumului nu permite;</p>
<p>d)&nbsp;&nbsp; pe drumurile cu sens unic;</p>
<p>e)&nbsp; pe marcajul pietonal;</p>
<p>f)&nbsp;&nbsp; în locurile în care este instalat indicatorul ""Întoarcerea interzisã"".</p>
<h4><br>Articolul 142</h4>
<p>Se interzice oprirea voluntarã a vehiculelor:</p>
<p>a)&nbsp; în zona de acțiune a indicatorului ""Oprirea interzisã"";</p>
<p>&nbsp;b)&nbsp;&nbsp; pe trecerile la nivel cu calea feratã curentã și la o distanțã mai mica de 50 m înainte și dupã acestea;</p>
<p>&nbsp;c)&nbsp; pe poduri, pe și sub pasaje denivelate, precum și pe viaducte;</p>
<p><span style=""background-color: hsl(60, 75%, 60%);"">d)&nbsp;&nbsp; în curbe și în alte locuri cu vizibilitate redusã sub 50 m;</span></p>
<p>e)&nbsp;&nbsp; pe trecerile pentru pietoni ori la mai puțin de 25 m înainte și dupã acestea;;</p>
<p>&nbsp;f)&nbsp;&nbsp; în intersecții, inclusiv cele cu circulație în sens giratoriu, precum și în zona de preselecție unde sunt aplicate marcaje continue, iar în lipsa acestora, la o distanțã mai mica de 25 m de coltul intersecției;</p>
<p>g)&nbsp;&nbsp; în stațiile mijloacelor de transport public de persoane, precum și la mai puțin de 25 m înainte și dupã acestea;</p>
<p>h)&nbsp;&nbsp; în dreptul altui vehicul oprit pe partea carosabilã, dacã prin aceasta se stânjenește circulația a douã vehicule venind din sensuri opuse, precum și în dreptul marcajului continuu, în cazul în care conducãtorii celorlalte vehicule care circulã în același sens ar fi obligați, din aceastã cauzã, sã treacã peste acest marcaj;</p>
<p>i)&nbsp;&nbsp; în locul în care se împiedicã vizibilitatea asupra unui indicator sau semnal luminos;</p>
<p><span style=""background-color: hsl(60, 75%, 60%);"">j)&nbsp;&nbsp; pe sectoarele de drum unde sunt instalate indicatoarele cu semnificațiile ""Drum îngustat"", ""Prioritate pentru circulația din sens invers"" sau ""Prioritate fațã de circulația din sens invers"";</span></p>
<p>k)&nbsp;&nbsp; pe pistele obligatorii pentru pietoni sau pentru pietoni și biciclete ori pe benzile rezervate unor anumite categorii de vehicule, semnalizate ca atare;</p>
<p>l)&nbsp;&nbsp; pe platforma caii ferate industriale sau de tramvai ori la mai puțin de 50 m de acestea, dacã circulația vehiculelor pe sine ar putea fi stânjenitã sau împiedicatã;</p>
<p>m)&nbsp;&nbsp; pe partea carosabilã a autostrãzilor, a drumurilor expres și a celor naționale europene (E);</p>
<p>n)&nbsp;&nbsp; pe trotuar, cu excepția situației în care administratorul drumului public a executat amenajãri care respectã prevederile art. 144 alin.(2) și (3);</p>
<p>o)&nbsp;&nbsp; pe pistele pentru biciclete;</p>
<p>p)&nbsp;&nbsp; în locurile unde este interzisã depãșirea.</p>


                    </div>","https://scoaladrpciv.ro/intrebari/categoria-b/reguli-referitoare-la-manevre"
"1790475582-332","https://scoaladrpciv.ro/intrebari/categoria-b","Întoarcerea unui vehicul pe un drum presupune, înainte de efectuarea manevrei:","A - semnalizarea și asigurarea din față, din spate și din lateral;","","","B - oprirea și semnalizarea intenției de a întoarce;","C - asigurarea și încadrarea pe banda de lângă axul drumului.","https://scoaladrpciv.ro/intrebare/intoarcerea-unui-vehicul-pe-un-drum-presupune-inainte-de-efectuarea-manevrei-3c28","","<div class="""">
                        <h4>Articolul 125</h4><p>Pentru a putea întoarce vehiculul de pe un sens de mers pe celãlalt prin manevrare înainte și înapoi sau prin viraj, conducãtorul acestuia este obligat sã semnalizeze și sã se asigure cã din fațã, din spate sau din lateral nu circulã în acel moment niciun vehicul.</p>


                    </div>","https://scoaladrpciv.ro/intrebari/categoria-b/reguli-referitoare-la-manevre"
"1790475584-333","https://scoaladrpciv.ro/intrebari/categoria-b","Mersul înapoi este interzis:","A - pe o distanţă mai mare de 50 m;","","","B - legal, nu este prevăzută o anumită distanţă;","C - pe o distanţă mai mare de 100 m.","https://scoaladrpciv.ro/intrebare/mersul-inapoi-este-interzis-b4be","","<div class="""">
                        <h4>Articolul 128</h4><p>(1) Se interzice mersul înapoi cu vehiculul:</p><ul style=""list-style-type:circle;""><li>a)&nbsp; în cazurile prevãzute la art. 126, cu excepția lit. d);</li><li><span style=""background-color:hsl(60, 75%, 60%);"">b)&nbsp;&nbsp; pe o distanțã mai mare de 50 m;</span></li><li>c)&nbsp; la ieșirea de pe proprietãți alãturate drumurilor publice.</li></ul><p>(2)&nbsp;&nbsp; În locurile în care mersul înapoi este permis, dar vizibilitatea în spate este împiedicatã, vehiculul poate fi manevrat înapoi numai atunci când conducãtorul acestuia este dirijat de cel puțin o persoanã aflatã în afara vehiculului.</p><p>(3)&nbsp;&nbsp; Persoana care dirijeazã manevrarea cu spatele a unui vehicul este obligatã sã se asigure cã manevra se efectueazã fãrã a pune în pericol siguranța participanților la trafic.</p><p>Mersul înapoi cu autovehiculul trebuie semnalizat cu lumina sau luminile speciale din dotare. Se recomanda dotarea autovehiculelor și cu dispozitive sonore pentru semnalizarea acestei manevre</p>


                    </div>","https://scoaladrpciv.ro/intrebari/categoria-b/reguli-referitoare-la-manevre"
"1790475587-334","https://scoaladrpciv.ro/intrebari/categoria-b","În care dintre situaţii este interzisă întoarcerea vehiculului?","A - în locul în care este instalat indicatorul cu semnificaţia „Întoarcerea interzisă“;","B - în locurile în care oprirea este interzisă, cu excepţia intersecţiilor;","","C - în zona de acţiune a indicatorului „Staţionarea interzisă“.","","https://scoaladrpciv.ro/intrebare/in-care-dintre-situatii-este-interzisa-intoarcerea-vehiculului-d645","","<div class="""">
                        <h4>Articolul 126</h4><p>Se interzice întoarcerea vehiculului:</p><p><span style=""background-color:hsl(60, 75%, 60%);"">a)&nbsp;&nbsp; în locurile în care este interzisã oprirea voluntarã a vehiculelor, cu excepția cazurilor prevãzute la art. 142 lit. f);</span></p><p>b)&nbsp;&nbsp; în intersecțiile în care este interzis virajul la stânga, precum și în cele în care, pentru efectuare, este necesarã manevrarea înainte și înapoi a vehiculului;</p><p>c)&nbsp; în locurile unde soliditatea drumului nu permite;</p><p>d)&nbsp;&nbsp; pe drumurile cu sens unic;</p><p>e)&nbsp; pe marcajul pietonal;</p><p><span style=""background-color:hsl(60, 75%, 60%);"">f)&nbsp;&nbsp; în locurile în care este instalat indicatorul ""Întoarcerea interzisã"".</span></p>


                    </div>","https://scoaladrpciv.ro/intrebari/categoria-b/reguli-referitoare-la-manevre"
"1790475589-335","https://scoaladrpciv.ro/intrebari/categoria-b","Se interzice întoarcerea vehiculului:","C - în intersecțiile în care este interzis virajul la stânga.","","","A - pe drumurile supuse restricțiilor de viteză;","B - pe drumurile cu o singură bandă pe sens;","https://scoaladrpciv.ro/intrebare/se-interzice-intoarcerea-vehiculului-9aee","","<div class="""">
                        <h4>Articolul 126</h4><p>Se interzice întoarcerea vehiculului:</p><p>a)&nbsp;&nbsp; în locurile în care este interzisã oprirea voluntarã a vehiculelor, cu excepția cazurilor prevãzute la art. 142 lit. f);</p><p><span style=""background-color:hsl(60,75%,60%);"">b)&nbsp;&nbsp; în intersecțiile în care este interzis virajul la stânga, precum și în cele în care, pentru efectuare, este necesarã manevrarea înainte și înapoi a vehiculului;</span></p><p>c)&nbsp; în locurile unde soliditatea drumului nu permite;</p><p>d)&nbsp;&nbsp; pe drumurile cu sens unic;</p><p>e)&nbsp; pe marcajul pietonal;</p><p>f)&nbsp;&nbsp; în locurile în care este instalat indicatorul ""Întoarcerea interzisã"".</p>


                    </div>","https://scoaladrpciv.ro/intrebari/categoria-b/reguli-referitoare-la-manevre"
"1790475591-336","https://scoaladrpciv.ro/intrebari/categoria-b","Mersul înapoi este interzis:","B - la ieșirea din curți, garaje sau ganguri;","","","A - la mai puțin de 100 m de trecerile la nivel cu calea ferată;","C - pe străzile unde circulația se desfășoară într-un singur sens.","https://scoaladrpciv.ro/intrebare/mersul-inapoi-este-interzis-a35a","","<div class="""">
                        <p>Art. 128<br>(1) Se interzice mersul înapoi cu vehiculul:<br>a) în cazurile prevăzute la art. 126, cu excepţia lit. d);<br>b) pe o distanţă mai mare de 50 m;<br><span style=""background-color: hsl(60, 75%, 60%);"">c) la ieşirea de pe proprietăţi alăturate drumurilor publice.&nbsp;</span><br>(2) În locurile în care mersul înapoi este permis, dar vizibilitatea în spate este împiedicată, vehiculul poate fi manevrat înapoi numai atunci când conducătorul acestuia este dirijat de cel puţin o persoană aflată în afara vehiculului.&nbsp;<br>(3) Persoana care dirijează manevrarea cu spatele a unui vehicul este obligată să se asigure că manevra se efectuează fără a pune în pericol siguranţa participanţilor la trafic.&nbsp;<br>(4) Mersul înapoi cu autovehiculul trebuie semnalizat cu lumina sau luminile speciale din dotare. Se recomandă dotarea autovehiculelor şi cu dispozitive sonore pentru semnalizarea acestei manevre.</p>
<p>&nbsp;</p>
<p><strong>Articolul 126</strong><br>Se interzice întoarcerea vehiculului:</p>
<p>a)&nbsp;&nbsp; în locurile în care este interzisã oprirea voluntarã a vehiculelor, cu excepția cazurilor prevãzute la art. 142 lit. f);</p>
<p>b)&nbsp;&nbsp; în intersecțiile în care este interzis virajul la stânga, precum și în cele în care, pentru efectuare, este necesarã manevrarea înainte și înapoi a vehiculului;</p>
<p>c)&nbsp; în locurile unde soliditatea drumului nu permite;</p>
<p>d)&nbsp;&nbsp; pe drumurile cu sens unic;</p>
<p>e)&nbsp; pe marcajul pietonal;</p>
<p>f)&nbsp;&nbsp; în locurile în care este instalat indicatorul ""Întoarcerea interzisã"".</p>


                    </div>","https://scoaladrpciv.ro/intrebari/categoria-b/reguli-referitoare-la-manevre"
"1790475593-337","https://scoaladrpciv.ro/intrebari/categoria-b","Întoarcerea unui vehicul este interzisă:","B - în rampă, unde vizibilitatea este sub 50 m;","","","A - la o distanță mai mică de 50 m de stația de autobuz, troleibuz sau tramvai;","C - pe străzile pe care circulația se desfășoară în ambele sensuri.","https://scoaladrpciv.ro/intrebare/intoarcerea-unui-vehicul-este-interzisa-fd38","","<div class="""">
                        <h4>Articolul 126</h4><p>Se interzice întoarcerea vehiculului:</p><p><span style=""background-color:hsl(60, 75%, 60%);"">a)&nbsp;&nbsp; în locurile în care este interzisã oprirea voluntarã a vehiculelor, cu excepția cazurilor prevãzute la art. 142 lit. f);</span></p><p>b)&nbsp;&nbsp; în intersecțiile în care este interzis virajul la stânga, precum și în cele în care, pentru efectuare, este necesarã manevrarea înainte și înapoi a vehiculului;</p><p>c)&nbsp; în locurile unde soliditatea drumului nu permite;</p><p>d)&nbsp;&nbsp; pe drumurile cu sens unic;</p><p>e)&nbsp; pe marcajul pietonal;</p><p>f)&nbsp;&nbsp; în locurile în care este instalat indicatorul ""Întoarcerea interzisã"".</p><h4>Articolul 142</h4><p>Se interzice oprirea voluntarã a vehiculelor:</p><p>a)&nbsp; în zona de acțiune a indicatorului ""Oprirea interzisã"";</p><p>&nbsp;b)&nbsp;&nbsp; pe trecerile la nivel cu calea feratã curentã și la o distanțã mai mica de 50 m înainte și dupã acestea;</p><p>&nbsp;c)&nbsp; pe poduri, pe și sub pasaje denivelate, precum și pe viaducte;</p><p><span style=""background-color:hsl(60, 75%, 60%);"">d)&nbsp;&nbsp; în curbe și în alte locuri cu vizibilitate redusã sub 50 m;</span></p><p>e)&nbsp;&nbsp; pe trecerile pentru pietoni ori la mai puțin de 25 m înainte și dupã acestea;;</p><p>&nbsp;f)&nbsp;&nbsp; în intersecții, inclusiv cele cu circulație în sens giratoriu, precum și în zona de preselecție unde sunt aplicate marcaje continue, iar în lipsa acestora, la o distanțã mai mica de 25 m de coltul intersecției;</p><p>g)&nbsp;&nbsp; în stațiile mijloacelor de transport public de persoane, precum și la mai puțin de 25 m înainte și dupã acestea;</p><p>h)&nbsp;&nbsp; în dreptul altui vehicul oprit pe partea carosabilã, dacã prin aceasta se stânjenește circulația a douã vehicule venind din sensuri opuse, precum și în dreptul marcajului continuu, în cazul în care conducãtorii celorlalte vehicule care circulã în același sens ar fi obligați, din aceastã cauzã, sã treacã peste acest marcaj;</p><p>i)&nbsp;&nbsp; în locul în care se împiedicã vizibilitatea asupra unui indicator sau semnal luminos;</p><p>j)&nbsp;&nbsp; pe sectoarele de drum unde sunt instalate indicatoarele cu semnificațiile ""Drum îngustat"", ""Prioritate pentru circulația din sens invers"" sau ""Prioritate fațã de circulația din sens invers"";</p><p>k)&nbsp;&nbsp; pe pistele obligatorii pentru pietoni sau pentru pietoni și biciclete ori pe benzile rezervate unor anumite categorii de vehicule, semnalizate ca atare;</p><p>l)&nbsp;&nbsp; pe platforma caii ferate industriale sau de tramvai ori la mai puțin de 50 m de acestea, dacã circulația vehiculelor pe sine ar putea fi stânjenitã sau împiedicatã;</p><p>m)&nbsp;&nbsp; pe partea carosabilã a autostrãzilor, a drumurilor expres și a celor naționale europene (E);</p><p>n)&nbsp;&nbsp; pe trotuar, cu excepția situației în care administratorul drumului public a executat amenajãri care respectã prevederile art. 144 alin.(2) și (3);</p><p>o)&nbsp;&nbsp; pe pistele pentru biciclete;</p><p>p)&nbsp;&nbsp; în locurile unde este interzisã depãșirea.</p>


                    </div>","https://scoaladrpciv.ro/intrebari/categoria-b/reguli-referitoare-la-manevre"
"1790475596-338","https://scoaladrpciv.ro/intrebari/categoria-b","Remorcarea unui autoturism rămas în pană se face cu:","A - o legătură flexibilă omologată, în lungime de 3-5 m, dacă mecanismul de direcţie şi sistemul de frânare nu sunt defecte;","B - o bară rigidă, lungă de maximum 4 m;","","C - o bară metalică, însoţită de un lanţ de siguranţă.","","https://scoaladrpciv.ro/intrebare/remorcarea-unui-autoturism-ramas-in-pana-se-face-cu-f124","","<div class="""">
                        <h4>Articolul 157</h4><p>(1)&nbsp;&nbsp; Remorcarea unui autovehicul, tractor agricol sau forestier se face cu respectarea urmãtoarelor reguli:</p><ul style=""list-style-type:circle;""><li>a)&nbsp;&nbsp; conducãtorii autovehiculelor, tractoarelor agricole sau forestiere trãgãtor și, respectiv, remorcat trebuie sã posede permise de conducere valabile pentru categoriile din care face parte fiecare dintre autovehicule, tractoare agricole sau forestiere;</li><li>b)&nbsp;&nbsp; autovehiculul, tractorul agricol sau forestier trãgãtor sã nu remorcheze un autovehicul, tractor agricol sau forestier mai greu decât masa lui proprie, cu excepția cazului când remorcarea se efectueazã de cãtre un autovehicul, tractor agricol sau forestier destinat special depanãrii;</li><li><span style=""background-color:hsl(60, 75%, 60%);"">c)&nbsp;&nbsp; remorcarea trebuie sã se realizeze prin intermediul unei bare metalice în lungime de cel mult 4 m. Autoturismul ale cãrui mecanism de direcție și sistem de frânare nu sunt defecte poate fi remorcat cu o legãturã flexibilã omologatã, în lungime de 3-5 m. Bara sau legãturã flexibilã trebuie fixatã la elementele de remorcare cu care sunt prevãzute autovehiculele;</span></li><li>d)&nbsp;&nbsp; conducãtorul autovehiculului, tractorului agricol sau forestier remorcat este obligat sã semnalizeze corespunzãtor semnalelor efectuate de conducãtorul autovehiculului, tractorului agricol sau forestier trãgãtor. Atunci când sistemul de iluminare și semnalizare nu funcționeazã, este interzisã remorcarea acestuia pe timpul nopții și în condiții de vizibilitate redusã, iar ziua poate fi remorcat dacã pe partea din spate are aplicate inscripția ""Fãrã semnalizare"", precum și indicatorul ""Alte pericole"". (2)&nbsp;&nbsp; Dacã remorcarea se realizeazã prin suspendarea cu o macara sau sprijinirea pe o platforma de remorcare a pãrții din fațã a autovehiculului, tractorului agricol sau forestier remorcat, atunci în acesta nu trebuie sã se afle nicio persoanã.</li></ul>


                    </div>","https://scoaladrpciv.ro/intrebari/categoria-b/reguli-referitoare-la-manevre"
"1790475598-339","https://scoaladrpciv.ro/intrebari/categoria-b","Când nu vă este permisă întoarcerea vehiculului?","C - pe marcajul pietonal.","","","A - când lățimea drumului public este mai mică de 7 m;","B - la urcarea pantelor;","https://scoaladrpciv.ro/intrebare/cand-nu-va-este-permisa-intoarcerea-vehiculului-44b7","","<div class="""">
                        <h4>Articolul 126</h4><p>Se interzice întoarcerea vehiculului:</p><p>a)&nbsp;&nbsp; în locurile în care este interzisã oprirea voluntarã a vehiculelor, cu excepția cazurilor prevãzute la art. 142 lit. f);</p><p>b)&nbsp;&nbsp; în intersecțiile în care este interzis virajul la stânga, precum și în cele în care, pentru efectuare, este necesarã manevrarea înainte și înapoi a vehiculului;</p><p>c)&nbsp; în locurile unde soliditatea drumului nu permite;</p><p>d)&nbsp;&nbsp; pe drumurile cu sens unic;</p><p><span style=""background-color:hsl(60, 75%, 60%);"">e)&nbsp; pe marcajul pietonal;</span></p><p>f)&nbsp;&nbsp; în locurile în care este instalat indicatorul ""Întoarcerea interzisã"".</p>


                    </div>","https://scoaladrpciv.ro/intrebari/categoria-b/reguli-referitoare-la-manevre"
"1790475600-340","https://scoaladrpciv.ro/intrebari/categoria-b","Mersul înapoi este interzis:","A - când vizibilitatea în spate nu este asigurată;","","","B - nu există prevedere legală în acest sens;","C - la mai puțin de 50 m de stațiile de autobuz și tramvai.","https://scoaladrpciv.ro/intrebare/mersul-inapoi-este-interzis-83aa","","<div class="""">
                        <h4>Articolul 128</h4><p>(1) Se interzice mersul înapoi cu vehiculul:</p><ul style=""list-style-type:circle;""><li>a)&nbsp; în cazurile prevãzute la art. 126, cu excepția lit. d);</li><li>b)&nbsp;&nbsp; pe o distanțã mai mare de 50 m;</li><li>c)&nbsp; la ieșirea de pe proprietãți alãturate drumurilor publice.</li></ul><p><span style=""background-color:hsl(60, 75%, 60%);"">(2)&nbsp;&nbsp; În locurile în care mersul înapoi este permis, dar vizibilitatea în spate este împiedicatã, vehiculul poate fi manevrat înapoi numai atunci când conducãtorul acestuia este dirijat de cel puțin o persoanã aflatã în afara vehiculului.</span></p><p>(3)&nbsp;&nbsp; Persoana care dirijeazã manevrarea cu spatele a unui vehicul este obligatã sã se asigure cã manevra se efectueazã fãrã a pune în pericol siguranța participanților la trafic.</p><p>Mersul înapoi cu autovehiculul trebuie semnalizat cu lumina sau luminile speciale din dotare. Se recomanda dotarea autovehiculelor și cu dispozitive sonore pentru semnalizarea acestei manevre</p>


                    </div>","https://scoaladrpciv.ro/intrebari/categoria-b/reguli-referitoare-la-manevre"
"1790475602-341","https://scoaladrpciv.ro/intrebari/categoria-b","Întoarcerea vehiculului este interzisă:","B - în intersecțiile unde este necesară manevrarea înainte și înapoi;","","","A - unde marcajul axial este discontinuu;","C - în zona de acțiune a indicatorului „Staționarea interzisă“.","https://scoaladrpciv.ro/intrebare/intoarcerea-vehiculului-este-interzisa-17e4","","<div class="""">
                        <p>Art. 126<br>Se interzice întoarcerea vehiculului:<br>a) în locurile în care este interzisă oprirea voluntară a vehiculelor, cu excepţia cazurilor prevăzute la art. 142 lit. f);<br><span style=""background-color:hsl(60, 75%, 60%);"">b) în intersecţiile în care este interzis virajul la stânga, precum şi în cele în care, pentru efectuare, este necesară manevrarea înainte şi înapoi a vehiculului;</span><br>c) în locurile unde soliditatea drumului nu permite;<br>d) pe drumurile cu sens unic;<br>e) pe marcajul pietonal;<br>f) în locurile în care este instalat indicatorul „Întoarcerea interzisă“.</p>


                    </div>","https://scoaladrpciv.ro/intrebari/categoria-b/reguli-referitoare-la-manevre"
"1790475608-342","https://scoaladrpciv.ro/intrebari/categoria-b","Viteza se va reduce obligatoriu:","B - la semnalul polițistului de frontieră","C - la intalnirea indicatorului ""Cedează trecerea"".","","A - la trecerile pentru pietoni","","https://scoaladrpciv.ro/intrebare/viteza-se-va-reduce-obligatoriu-fa22","","<div class="""">
                        <h4>Articolul 89</h4>
<p>(1)&nbsp;&nbsp; Oprirea participanților la trafic este obligatorie și la semnalele date de:</p>
<ul style=""list-style-type: circle;"">
<li><span style=""background-color: hsl(60,75%,60%);"">a)&nbsp; polițiștii de frontierã;</span></li>
<li>b)&nbsp;&nbsp; îndrumãtorii de circulație ai Ministerului Apãrãrii;</li>
<li>&nbsp;c)&nbsp; agenții de cale feratã, la trecerile la nivel;</li>
<li>&nbsp;d)&nbsp;&nbsp; personalul autorizat din zona lucrãrilor pe drumurile publice;</li>
<li>&nbsp;e)&nbsp;&nbsp; membrii patrulelor școlare de circulație, la trecerile pentru pietoni din apropierea unitãților de învãțãmânt;</li>
<li>&nbsp;f)&nbsp;&nbsp; nevãzãtori, prin ridicarea bastonului alb, atunci când aceștia traverseazã strada.</li>
</ul>
<p>(2)&nbsp;&nbsp; Persoanele prevãzute la alin. (1) lit. a)-d) pot efectua și urmãtoarele semnale:</p>
<ul style=""list-style-type: circle;"">
<li><span style=""background-color: hsl(60,75%,60%);"">a)&nbsp;&nbsp; balansarea brațului în plan vertical, cu palma mâinii orientatã cãtre sol sau cu un mijloc de semnalizare, care semnificã reducerea vitezei;</span></li>
<li>b)&nbsp;&nbsp; rotirea vioaie a brațului, care semnificã mãrirea vitezei de deplasare a vehiculelor, inclusiv grãbirea traversãrii drumului de cãtre pietoni.</li>
</ul>
<h4>Articolul 56</h4>
<p><span style=""background-color: hsl(60, 75%, 60%);"">La apropierea de o intersecție conducătorul de vehicul trebuie să circule cu o viteză care să îi permită oprirea, pentru a acorda prioritate de trecere participanților la trafic care au acest drept.</span></p>
<p>&nbsp;</p>
<p><span style=""color: #e03e2d; font-size: 18px;""><strong>Pentru varianta A</strong></span></p>
<p><strong>Regulament - Articolul 123</strong></p>
<p>Conducãtorul de vehicul este obligat sã circule cu o viteza care sã nu depãșeascã 30 km/h în localitãți sau 50 km/h în afara localitãților, în urmãtoarele situații:</p>
<p>....</p>
<p><span style=""background-color: #f8cac6;"">h) &nbsp; la trecerile pentru pietoni nesemaforizate, semnalizate prin indicatoare și marcaje, când drumul public are cel mult o bandã pe sens, iar pietonii aflați pe trotuar, în imediatã apropiere a pãrții carosabile, intenționeazã sã se angajeze în traversare;</span></p>
<p>......</p>
<p>Conform Regulamentului Rutier, art. 123, lit. h, &nbsp;nu este obligatoriu reducerea vitezei la toate trecerile pentru pietoni. La lit. h este specificat pentru care treceri de pietoni ( nesemaforizate, semnalizate prin indicatoare și marcaje, când drumul public are cel mult o bandã pe sens) nu este obligatorie reducerea vitezei, ce doar obligatia de adaptare a vitezei.&nbsp;</p>
<p>Legislatia explicand care sunt trecerile de pietoni pentru care este valabila aceasta obligatie, aceasta varianta nu poate fi corecta deoarece se refera la toate tipurile de treceri de pietoni.</p>


                    </div>","https://scoaladrpciv.ro/intrebari/categoria-b/viteza-si-distanta-intre-vehicule"
"1790475610-343","https://scoaladrpciv.ro/intrebari/categoria-b","Într-o zonă rezidenţială puteţi circula cu:","B - viteza maximă de 20 km/h;","","","A - viteza minimă obligatorie de 20 km/h;","C - viteza maximă de 30 km/h.","https://scoaladrpciv.ro/intrebare/intr-o-zona-rezidentiala-puteti-circula-cu-41c7","","<div class="""">
                        <h4>Articolul 158</h4><p>(1)&nbsp;&nbsp; În zona rezidențialã, semnalizatã ca atare, pietonii pot folosi toatã lãțimea pãrții carosabile, iar jocul copiilor este permis.</p><p><span style=""background-color:hsl(60, 75%, 60%);"">(2)&nbsp;&nbsp; Conducãtorii de vehicule sunt obligați sã circule cu o viteza de cel mult 20 km/h, sã nu staționeze sau sã parcheze vehiculul în afara spațiilor anume destinate și semnalizate ca atare, sã nu stânjeneascã sau sã împiedice circulația pietonilor chiar dacã, în acest scop, trebuie sã opreascã.</span></p>


                    </div>","https://scoaladrpciv.ro/intrebari/categoria-b/viteza-si-distanta-intre-vehicule"
"1790475612-344","https://scoaladrpciv.ro/intrebari/categoria-b","Cum trebuie să procedaţi atunci când, circulând pe drumul naţional într-o localitate rurală, treceţi pe lângă o coloană militară care se deplasează în aceeaşi direcţie?","C - reduceţi viteza până la limitele prevăzute de lege, dacă drumul are o singură bandă pe sens.","","","A - măriţi viteza şi depăşiţi coloana;","B - folosiţi avertizorul sonor de la minimum 150 m;","https://scoaladrpciv.ro/intrebare/cum-trebuie-sa-procedati-atunci-cand-circuland-pe-drumul-national-intr-o-localitate-rurala-treceti-pe-langa-o-coloana-militara-care-se-deplaseaza-in-aceeasi-directie-ebef","","<div class="""">
                        <h4>Articolul 123</h4><p>Conducãtorul de vehicul este obligat sã circule cu o viteza care sã nu depãșeascã 30 km/h în localitãți sau 50 km/h în afara localitãților, în urmãtoarele situații:</p><p>a)&nbsp; la trecerea prin intersecțiile cu circulație nedirijatã;</p><p>b)&nbsp;&nbsp; în curbe deosebit de periculoase semnalizate ca atare sau în care vizibilitatea este mai mica de 50 m;</p><p><span style=""background-color:hsl(60, 75%, 60%);"">c)&nbsp;&nbsp; la trecerea pe lângã grupuri organizate, coloane militare sau cortegii, indiferent dacã acestea se aflã în mers sau staționeazã pe partea carosabilã a drumurilor cu o singurã bandã de circulație pe sens;</span></p><p>&nbsp;d)&nbsp;&nbsp; la trecerea pe lângã animale care sunt conduse pe partea carosabilã sau pe acostament;</p><p>e)&nbsp;&nbsp; când partea carosabilã este acoperitã cu polei, gheațã, zãpadã bãtãtoritã, mâzgã sau piatrã cubicã umedã;</p><p>f)&nbsp;&nbsp; pe drumuri cu denivelãri, semnalizate ca atare;</p><p>g)&nbsp;&nbsp; în zona de acțiune a indicatorului de avertizare ""Copii"" în intervalul orar 7,00-22,00, precum și a indicatorului ""Accident"";</p><p>h)&nbsp;&nbsp; la trecerile pentru pietoni nesemaforizate, semnalizate prin indicatoare și marcaje, când drumul public are cel mult o bandã pe sens, iar pietonii aflați pe trotuar, în imediatã apropiere a pãrții carosabile, intenționeazã sã se angajeze în traversare;</p><p>i)&nbsp;&nbsp; la schimbarea direcției de mers prin viraje;</p><p>&nbsp;j)&nbsp;&nbsp; când vizibilitatea este sub 100 m în condiții de ceațã, ploi torențiale, ninsori abundente.</p>


                    </div>","https://scoaladrpciv.ro/intrebari/categoria-b/viteza-si-distanta-intre-vehicule"
"1790475615-345","https://scoaladrpciv.ro/intrebari/categoria-b","Ce obligaţii vă revin în ceea ce priveşte regimul vitezei de circulaţie?","A - să respectaţi regimul legal de viteză aplicabil pe traseul pe care vă deplasaţi;","B - să adaptaţi viteza în funcţie de condiţiile de drum, astfel încât să puteţi efectua orice manevră în condiţii de siguranţă;","","C - să nu depăşiţi viteza legală în zonele în care este instalată aparatura radar.","","https://scoaladrpciv.ro/intrebare/ce-obligatii-va-revin-in-ceea-ce-priveste-regimul-vitezei-de-circulatie-6bce","","<div class="""">
                        <p>Art. 48<br>Conducatorul de vehicul trebuie sa respecte regimul legal de viteza si sa o adapteze in functie de conditiile de drum, astfel incat sa poata efectua orice manevra in conditii de siguranta.</p>


                    </div>","https://scoaladrpciv.ro/intrebari/categoria-b/viteza-si-distanta-intre-vehicule"
"1790475617-346","https://scoaladrpciv.ro/intrebari/categoria-b","La trecerile pentru pietoni nesemaforizate, semnalizate corespunzător, când drumul are cel mult o bandă pe sens, iar pietonii aflaţi pe trotuar, în imediata apropiere a părţii carosabile, intenţionează să se angajeze în traversare, trebuie:","A - să circulaţi cu o viteză care să nu depăşească 30 km/h în localităţi sau 50 km/h în afara acestora;","","","B - să reduceţi brusc viteza şi să acordaţi prioritate de trecere pietonilor care au acest drept;","C - nu aveţi nicio obligaţie legală şi nici vreo răspundere în cazul unui eventual accident.","https://scoaladrpciv.ro/intrebare/la-trecerile-pentru-pietoni-nesemaforizate-semnalizate-corespunzator-cand-drumul-are-cel-mult-o-banda-pe-sens-iar-pietonii-aflati-pe-trotuar-in-imediata-apropiere-a-partii-carosabile-intentioneaza-sa-se-angajeze-in-traversare-trebuie-8ce9","","<div class="""">
                        <h4>Articolul 123</h4><p>Conducãtorul de vehicul este obligat sã circule cu o viteza care sã nu depãșeascã 30 km/h în localitãți sau 50 km/h în afara localitãților, în urmãtoarele situații:</p><p>a)&nbsp; la trecerea prin intersecțiile cu circulație nedirijatã;</p><p>b)&nbsp;&nbsp; în curbe deosebit de periculoase semnalizate ca atare sau în care vizibilitatea este mai mica de 50 m;</p><p>c)&nbsp;&nbsp; la trecerea pe lângã grupuri organizate, coloane militare sau cortegii, indiferent dacã acestea se aflã în mers sau staționeazã pe partea carosabilã a drumurilor cu o singurã bandã de circulație pe sens;</p><p>&nbsp;d)&nbsp;&nbsp; la trecerea pe lângã animale care sunt conduse pe partea carosabilã sau pe acostament;</p><p>e)&nbsp;&nbsp; când partea carosabilã este acoperitã cu polei, gheațã, zãpadã bãtãtoritã, mâzgã sau piatrã cubicã umedã;</p><p>f)&nbsp;&nbsp; pe drumuri cu denivelãri, semnalizate ca atare;</p><p>g)&nbsp;&nbsp; în zona de acțiune a indicatorului de avertizare ""Copii"" în intervalul orar 7,00-22,00, precum și a indicatorului ""Accident"";</p><p><span style=""background-color:hsl(60, 75%, 60%);"">h)&nbsp;&nbsp; la trecerile pentru pietoni nesemaforizate, semnalizate prin indicatoare și marcaje, când drumul public are cel mult o bandã pe sens, iar pietonii aflați pe trotuar, în imediatã apropiere a pãrții carosabile, intenționeazã sã se angajeze în traversare;</span></p><p>i)&nbsp;&nbsp; la schimbarea direcției de mers prin viraje;</p><p>&nbsp;j)&nbsp;&nbsp; când vizibilitatea este sub 100 m în condiții de ceațã, ploi torențiale, ninsori abundente.</p>


                    </div>","https://scoaladrpciv.ro/intrebari/categoria-b/viteza-si-distanta-intre-vehicule"
"1790475619-347","https://scoaladrpciv.ro/intrebari/categoria-b","Într-o zonă pietonală, semnalizată ca atare, sunteţi obligat să circulaţi cu o viteză de:","C - cel mult 5 km/h.","","","A - cel mult 30 km/h;","B - cel mult 20 km/h;","https://scoaladrpciv.ro/intrebare/intr-o-zona-pietonala-semnalizata-ca-atare-sunteti-obligat-sa-circulati-cu-o-viteza-de-5a67","","<div class="""">
                        <h4>Articolul 159</h4><p>În zona pietonala, semnalizatã ca atare, conducãtorul de vehicul poate intra numai dacã locuiește în aceastã zona sau presteazã servicii publice ""din poarta în poarta"" și nu are altã posibilitate de acces. Acesta este obligat sã circule cu viteza maxima de 5 km/h, sã nu stânjeneascã ori sã împiedice circulația pietonilor și, dacã este necesar, sã opreascã pentru a permite circulația acestora.</p>


                    </div>","https://scoaladrpciv.ro/intrebari/categoria-b/viteza-si-distanta-intre-vehicule"
"1790475621-348","https://scoaladrpciv.ro/intrebari/categoria-b","Conduceţi un autoturism care tractează o semiremorcă pe un drum naţional european (E). Care este viteza maximă cu care aveţi voie să circulaţi în afara localităţilor?","C - 90 km/h.","","","A - 70 km/h;","B - 110 km/h;","https://scoaladrpciv.ro/intrebare/conduceti-un-autoturism-care-tracteaza-o-semiremorca-pe-un-drum-national-european-e-care-este-viteza-maxima-cu-care-aveti-voie-sa-circulati-in-afara-localitatilor-ae89","","<div class="""">
                        <h4>Articolul 49</h4><p>(1)&nbsp; Limita maximă de viteză în localități este de 50 km/h.</p><p>(2)&nbsp;&nbsp;&nbsp;Pe anumite sectoare de drum din interiorul localităților, administratorul drumului poate stabili, pentru autovehiculele din categoriile A și B, și limite de viteză superioare, dar nu mai mult de 80 km/h. Limitele de viteză mai mari de 50 km/h se stabilesc numai cu avizul poliției rutiere.</p><p style=""margin-left:0cm;text-align:justify;"">(3)&nbsp;&nbsp;&nbsp;Pe anumite sectoare de drum, ținând seama de împrejurări și de intensitatea circulației, administratorul drumului, cu avizul poliției rutiere, poate stabili și limite de viteză inferioare, dar nu mai puțin de 10 km/h pentru tramvaie și de 30 km/h pentru toate autovehiculele.</p><p>(4)&nbsp; Limitele maxime de viteză în afara localităților sunt:</p><ul><li>a)&nbsp; pe autostrăzi - 130 km/h;</li><li>b)&nbsp; pe drumurile expres - 120 km/h;</li><li><span style=""background-color:hsl(60,75%,60%);"">c)&nbsp; pe drumurile naționale europene (E) - 100 km/h;</span></li><li>d)&nbsp; pe celelalte categorii de drumuri - 90 km/h.</li></ul><h4>Articolul 50</h4><p>(1)&nbsp;&nbsp; Vitezele maxime admise în afara localităților pentru categoriile de autovehicule prevăzute în anexa nr. 1 sunt următoarele:</p><ul><li>a)&nbsp;&nbsp;&nbsp;130 km/h pe autostrăzi, 120 km/h pe drumurile expres, 100 km/h pe drumurile naționale europene (E) și 90 km/h pe celelalte categorii de drumuri, pentru autovehiculele din categoriile A și B;</li><li>b)&nbsp;&nbsp;&nbsp;110 km/h pe autostrăzi, 100 km/h pe drumurile expres, 90 km/h pe drumurile naționale europene (E) și 80 km/h pe celelalte categorii de drumuri, pentru autovehiculele din categoriile C, D și categoria D1;</li><li>c)&nbsp;&nbsp;&nbsp;90 km/h pe autostrăzi, 85 km/h pe drumuri expres, 80 km/h pe drumurile naționale europene (E) și 70 km/h pentru celelalte categorii de drumuri, pentru autovehiculele din categoriile A1, B1 și C1;</li><li>d)&nbsp; 45 km/h, pentru tractoarele agricole sau forestiere și mopede.</li></ul><p><span style=""background-color:hsl(60,75%,60%);"">(2)&nbsp; Viteza maximă admisă în afara localităților pentru autovehiculele care tractează remorci sau semiremorci este cu 10 km/h mai mică decât viteza maximă admisă pentru categoria din care face parte autovehiculul trăgător.</span></p><p style=""margin-left:0cm;text-align:justify;"">(3)&nbsp;&nbsp; Viteza maximă admisă pentru autovehicule cu mase și/sau gabarite depășite ori care transportă produse periculoase este de 40 km/h în localități, iar în afara localităților de 70 km/h.</p><p>(4)&nbsp;&nbsp;Viteza maximă admisă în afara localităților pentru autovehiculele ai căror conducători au mai puțin de un an practică de conducere sau pentru persoanele care efectuează pregătirea practică în vederea obținerii permisului de conducere este cu 20 km/h mai mică decât viteza maximă admisă pentru categoria din care fac parte autovehiculele conduse.</p>


                    </div>","https://scoaladrpciv.ro/intrebari/categoria-b/viteza-si-distanta-intre-vehicule"
"1790475624-349","https://scoaladrpciv.ro/intrebari/categoria-b","În care dintre următoarele situaţii sunteţi obligat să circulaţi cu o viteză care să nu depăşească 30 km/h în localităţi?","C - pe drumurile cu denivelări semnalizate ca atare.","","","A - la trecerile pentru pietoni semaforizate;","B - la circulaţia pe poduri;","https://scoaladrpciv.ro/intrebare/in-care-dintre-urmatoarele-situatii-sunteti-obligat-sa-circulati-cu-o-viteza-care-sa-nu-depaseasca-30-km-h-in-localitati-74c5","","<div class="""">
                        <h4>Articolul 123</h4><p>Conducãtorul de vehicul este obligat sã circule cu o viteza care sã nu depãșeascã 30 km/h în localitãți sau 50 km/h în afara localitãților, în urmãtoarele situații:</p><p>a)&nbsp; la trecerea prin intersecțiile cu circulație nedirijatã;</p><p>b)&nbsp;&nbsp; în curbe deosebit de periculoase semnalizate ca atare sau în care vizibilitatea este mai mica de 50 m;</p><p>c)&nbsp;&nbsp; la trecerea pe lângã grupuri organizate, coloane militare sau cortegii, indiferent dacã acestea se aflã în mers sau staționeazã pe partea carosabilã a drumurilor cu o singurã bandã de circulație pe sens;</p><p>&nbsp;d)&nbsp;&nbsp; la trecerea pe lângã animale care sunt conduse pe partea carosabilã sau pe acostament;</p><p>e)&nbsp;&nbsp; când partea carosabilã este acoperitã cu polei, gheațã, zãpadã bãtãtoritã, mâzgã sau piatrã cubicã umedã;</p><p><span style=""background-color:hsl(60, 75%, 60%);"">f)&nbsp;&nbsp; pe drumuri cu denivelãri, semnalizate ca atare;</span></p><p>g)&nbsp;&nbsp; în zona de acțiune a indicatorului de avertizare ""Copii"" în intervalul orar 7,00-22,00, precum și a indicatorului ""Accident"";</p><p>h)&nbsp;&nbsp; la trecerile pentru pietoni nesemaforizate, semnalizate prin indicatoare și marcaje, când drumul public are cel mult o bandã pe sens, iar pietonii aflați pe trotuar, în imediatã apropiere a pãrții carosabile, intenționeazã sã se angajeze în traversare;</p><p>i)&nbsp;&nbsp; la schimbarea direcției de mers prin viraje;</p><p>&nbsp;j)&nbsp;&nbsp; când vizibilitatea este sub 100 m în condiții de ceațã, ploi torențiale, ninsori abundente.</p>


                    </div>","https://scoaladrpciv.ro/intrebari/categoria-b/viteza-si-distanta-intre-vehicule"
"1790475626-350","https://scoaladrpciv.ro/intrebari/categoria-b","Viteza de deplasare trebuie redusă până la 30 km/h în localităţi sau 50 km/h în afara localităţilor:","A - la trecerea pe lângă grupuri organizate, coloane militare sau cortegii, dacă acestea se află pe drumurile cu o singură bandă de circulaţie pe sens;","","","B - la întâlnirea indicatorului „Pistă obligatorie pentru biciclişti“;","C - la trecerile la nivel cu calea ferată dublă sau simplă prevăzută cu bariere.","https://scoaladrpciv.ro/intrebare/viteza-de-deplasare-trebuie-redusa-pana-la-30-km-h-in-localitati-sau-50-km-h-in-afara-localitatilor-6b8e","","<div class="""">
                        <h4>Articolul 123</h4><p>Conducãtorul de vehicul este obligat sã circule cu o viteza care sã nu depãșeascã 30 km/h în localitãți sau 50 km/h în afara localitãților, în urmãtoarele situații:</p><p>a)&nbsp; la trecerea prin intersecțiile cu circulație nedirijatã;</p><p>b)&nbsp;&nbsp; în curbe deosebit de periculoase semnalizate ca atare sau în care vizibilitatea este mai mica de 50 m;</p><p><span style=""background-color:hsl(60, 75%, 60%);"">c)&nbsp;&nbsp; la trecerea pe lângã grupuri organizate, coloane militare sau cortegii, indiferent dacã acestea se aflã în mers sau staționeazã pe partea carosabilã a drumurilor cu o singurã bandã de circulație pe sens;</span></p><p>&nbsp;d)&nbsp;&nbsp; la trecerea pe lângã animale care sunt conduse pe partea carosabilã sau pe acostament;</p><p>e)&nbsp;&nbsp; când partea carosabilã este acoperitã cu polei, gheațã, zãpadã bãtãtoritã, mâzgã sau piatrã cubicã umedã;</p><p>f)&nbsp;&nbsp; pe drumuri cu denivelãri, semnalizate ca atare;</p><p>g)&nbsp;&nbsp; în zona de acțiune a indicatorului de avertizare ""Copii"" în intervalul orar 7,00-22,00, precum și a indicatorului ""Accident"";</p><p>h)&nbsp;&nbsp; la trecerile pentru pietoni nesemaforizate, semnalizate prin indicatoare și marcaje, când drumul public are cel mult o bandã pe sens, iar pietonii aflați pe trotuar, în imediatã apropiere a pãrții carosabile, intenționeazã sã se angajeze în traversare;</p><p>i)&nbsp;&nbsp; la schimbarea direcției de mers prin viraje;</p><p>&nbsp;j)&nbsp;&nbsp; când vizibilitatea este sub 100 m în condiții de ceațã, ploi torențiale, ninsori abundente.</p>


                    </div>","https://scoaladrpciv.ro/intrebari/categoria-b/viteza-si-distanta-intre-vehicule"
"1790475628-351","https://scoaladrpciv.ro/intrebari/categoria-b","Viteza maximă autorizată pe autostrăzi pentru autovehiculele din categoriile A şi B este de:","C - 130 km/h.","","","A - 90 km/h;","B - 110 km/h;","https://scoaladrpciv.ro/intrebare/viteza-maxima-autorizata-pe-autostrazi-pentru-autovehiculele-din-categoriile-a-si-b-este-de-ec58","https://scoaladrpciv.ro/storage/questions/717.jpeg","<div class="""">
                        <h4>Articolul 50</h4><p>(1)&nbsp;&nbsp; Vitezele maxime admise în afara localităților pentru categoriile de autovehicule prevăzute în anexa nr. 1 sunt următoarele:</p><ul><li><span style=""background-color:hsl(60, 75%, 60%);"">a)&nbsp;&nbsp;&nbsp;130 km/h pe autostrăzi, 120 km/h pe drumurile expres, 100 km/h pe drumurile naționale europene (E) și 90 km/h pe celelalte categorii de drumuri, pentru autovehiculele din categoriile A și B;</span></li><li>b)&nbsp;&nbsp;&nbsp;110 km/h pe autostrăzi, 100 km/h pe drumurile expres, 90 km/h pe drumurile naționale europene (E) și 80 km/h pe celelalte categorii de drumuri, pentru autovehiculele din categoriile C, D și categoria D1;</li><li>c)&nbsp;&nbsp;&nbsp;90 km/h pe autostrăzi, 85 km/h pe drumuri expres, 80 km/h pe drumurile naționale europene (E) și 70 km/h pentru celelalte categorii de drumuri, pentru autovehiculele din categoriile A1, B1 și C1;</li><li>d)&nbsp; 45 km/h, pentru tractoarele agricole sau forestiere și mopede.</li></ul><p>(2)&nbsp; Viteza maximă admisă în afara localităților pentru autovehiculele care tractează remorci sau semiremorci este cu 10 km/h mai mică decât viteza maximă admisă pentru categoria din care face parte autovehiculul trăgător.</p><p style=""margin-left:0cm;text-align:justify;"">(3)&nbsp;&nbsp; Viteza maximă admisă pentru autovehicule cu mase și/sau gabarite depășite ori care transportă produse periculoase este de 40 km/h în localități, iar în afara localităților de 70 km/h.</p><p>(4)&nbsp;&nbsp;Viteza maximă admisă în afara localităților pentru autovehiculele ai căror conducători au mai puțin de un an practică de conducere sau pentru persoanele care efectuează pregătirea practică în vederea obținerii permisului de conducere este cu 20 km/h mai mică decât viteza maximă admisă pentru categoria din care fac parte autovehiculele conduse.</p>


                    </div>","https://scoaladrpciv.ro/intrebari/categoria-b/viteza-si-distanta-intre-vehicule"
"1790475631-352","https://scoaladrpciv.ro/intrebari/categoria-b","Conducătorul de vehicul care are mai puţin de un an de practică de conducere, va circula cu o viteză maximă admisă în afara localităţilor, mai mică cu:","B - 20 km/h;","","","A - 10 km/h;","C - 25 km/h.","https://scoaladrpciv.ro/intrebare/conducatorul-de-vehicul-care-are-mai-putin-de-un-an-de-practica-de-conducere-va-circula-cu-o-viteza-maxima-admisa-in-afara-localitatilor-mai-mica-cu-38e2","","<div class="""">
                        <h4>Articolul 50</h4><p>(1)&nbsp;&nbsp; Vitezele maxime admise în afara localităților pentru categoriile de autovehicule prevăzute în anexa nr. 1 sunt următoarele:</p><ul><li>a)&nbsp;&nbsp;&nbsp;130 km/h pe autostrăzi, 120 km/h pe drumurile expres, 100 km/h pe drumurile naționale europene (E) și 90 km/h pe celelalte categorii de drumuri, pentru autovehiculele din categoriile A și B;</li><li>b)&nbsp;&nbsp;&nbsp;110 km/h pe autostrăzi, 100 km/h pe drumurile expres, 90 km/h pe drumurile naționale europene (E) și 80 km/h pe celelalte categorii de drumuri, pentru autovehiculele din categoriile C, D și categoria D1;</li><li>c)&nbsp;&nbsp;&nbsp;90 km/h pe autostrăzi, 85 km/h pe drumuri expres, 80 km/h pe drumurile naționale europene (E) și 70 km/h pentru celelalte categorii de drumuri, pentru autovehiculele din categoriile A1, B1 și C1;</li><li>d)&nbsp; 45 km/h, pentru tractoarele agricole sau forestiere și mopede.</li></ul><p>(2)&nbsp; Viteza maximă admisă în afara localităților pentru autovehiculele care tractează remorci sau semiremorci este cu 10 km/h mai mică decât viteza maximă admisă pentru categoria din care face parte autovehiculul trăgător.</p><p style=""margin-left:0cm;text-align:justify;"">(3)&nbsp;&nbsp; Viteza maximă admisă pentru autovehicule cu mase și/sau gabarite depășite ori care transportă produse periculoase este de 40 km/h în localități, iar în afara localităților de 70 km/h.</p><p><span style=""background-color:hsl(60, 75%, 60%);"">(4)&nbsp;&nbsp;Viteza maximă admisă în afara localităților pentru autovehiculele ai căror conducători au mai puțin de un an practică de conducere sau pentru persoanele care efectuează pregătirea practică în vederea obținerii permisului de conducere este cu 20 km/h mai mică decât viteza maximă admisă pentru categoria din care fac parte autovehiculele conduse.</span></p>


                    </div>","https://scoaladrpciv.ro/intrebari/categoria-b/viteza-si-distanta-intre-vehicule"
"1790475633-353","https://scoaladrpciv.ro/intrebari/categoria-b","Când nu este permis să măriți viteza de deplasare a vehiculului?","B - când un alt vehicul s-a angajat în depășirea dvs.;","","","A - când circulați pe prima bandă;","C - în intersecții.","https://scoaladrpciv.ro/intrebare/cand-nu-este-permis-sa-mariti-viteza-de-deplasare-a-vehiculului-17e7","","<div class="""">
                        <p>Art. 119<br>Conducătorul de vehicul care urmează să fie depăşit este obligat:<br><span style=""background-color:hsl(60, 75%, 60%);"">a) să nu mărească viteza de deplasare;</span><br>b) să circule cât mai aproape de marginea din dreapta a părţii carosabile sau a benzii pe care se deplasează.</p>


                    </div>","https://scoaladrpciv.ro/intrebari/categoria-b/viteza-si-distanta-intre-vehicule"
"1790475635-354","https://scoaladrpciv.ro/intrebari/categoria-b","Ce obligaţii vă revin în timpul conducerii autovehiculului cu privire la viteză?","A - să respectaţi viteza maximă admisă pe sectorul de drum pe care circulaţi, corespunzătoare categoriei din care face parte autovehiculul condus;","B - să vă conformaţi limitelor de viteză impuse prin mijloacele de semnalizare specifice;","","C - să rulaţi pe cât posibil în treptele inferioare de viteză, pentru a nu polua mediul.","","https://scoaladrpciv.ro/intrebare/ce-obligatii-va-revin-in-timpul-conducerii-autovehiculului-cu-privire-la-viteza-b7d2","","<div class="""">
                        <p>Art. 121<br><span style=""background-color:hsl(60, 75%, 60%);"">(1) Conducătorii de vehicule sunt obligaţi să respecte viteza maximă admisă pe sectorul de drum pe care circulă şi pentru categoria din care face parte vehiculul condus, precum şi cea impusă prin mijloacele de semnalizare.&nbsp;</span><br>(2) Nerespectarea regimului de viteză stabilit conform legii se constată de către poliţiştii rutieri, cu mijloace tehnice omologate şi verificate metrologic.&nbsp;<br>(3) Administratorul drumului public este obligat să instaleze indicatoare pentru reglementarea regimului de viteză.&nbsp;<br>(4) În afara localităţilor, înaintea staţiilor mijloacelor de transport public de persoane şi/sau a trecerilor pentru pietoni, la o distanţă de 100 m faţă de acestea, administratorul drumului este obligat să realizeze amenajări rutiere pentru reducerea vitezei de deplasare a vehiculelor.</p>


                    </div>","https://scoaladrpciv.ro/intrebari/categoria-b/viteza-si-distanta-intre-vehicule"
"1790475637-355","https://scoaladrpciv.ro/intrebari/categoria-b","Viteza maximă cu care pot să conducă un autoturism, pe drumurile naţionale, altele decât cele europene (E), persoanele care au mai puţin de un an de practică de conducere, este de:","A - 70 km/h;","","","B - 90 km/h;","C - 80 km/h.","https://scoaladrpciv.ro/intrebare/viteza-maxima-cu-care-pot-sa-conduca-un-autoturism-pe-drumurile-nationale-altele-decat-cele-europene-e-persoanele-care-au-mai-putin-de-un-an-de-practica-de-conducere-este-de-9cd1","","<div class="""">
                        <h4>Articolul 50</h4><p>(1)&nbsp;&nbsp; Vitezele maxime admise în afara localităților pentru categoriile de autovehicule prevăzute în anexa nr. 1 sunt următoarele:</p><ul><li><span style=""background-color:hsl(60,75%,60%);"">a)&nbsp;&nbsp;&nbsp;130 km/h pe autostrăzi, 120 km/h pe drumurile expres, 100 km/h pe drumurile naționale europene (E) și 90 km/h pe celelalte categorii de drumuri, pentru autovehiculele din categoriile A și B;</span></li><li>b)&nbsp;&nbsp;&nbsp;110 km/h pe autostrăzi, 100 km/h pe drumurile expres, 90 km/h pe drumurile naționale europene (E) și 80 km/h pe celelalte categorii de drumuri, pentru autovehiculele din categoriile C, D și categoria D1;</li><li>c)&nbsp;&nbsp;&nbsp;90 km/h pe autostrăzi, 85 km/h pe drumuri expres, 80 km/h pe drumurile naționale europene (E) și 70 km/h pentru celelalte categorii de drumuri, pentru autovehiculele din categoriile A1, B1 și C1;</li><li>d)&nbsp; 45 km/h, pentru tractoarele agricole sau forestiere și mopede.</li></ul><p>(2)&nbsp; Viteza maximă admisă în afara localităților pentru autovehiculele care tractează remorci sau semiremorci este cu 10 km/h mai mică decât viteza maximă admisă pentru categoria din care face parte autovehiculul trăgător.</p><p style=""margin-left:0cm;text-align:justify;"">(3)&nbsp;&nbsp; Viteza maximă admisă pentru autovehicule cu mase și/sau gabarite depășite ori care transportă produse periculoase este de 40 km/h în localități, iar în afara localităților de 70 km/h.</p><p><span style=""background-color:hsl(60,75%,60%);"">(4)&nbsp;&nbsp;Viteza maximă admisă în afara localităților pentru autovehiculele ai căror conducători au mai puțin de un an practică de conducere sau pentru persoanele care efectuează pregătirea practică în vederea obținerii permisului de conducere este cu 20 km/h mai mică decât viteza maximă admisă pentru categoria din care fac parte autovehiculele conduse.</span></p>


                    </div>","https://scoaladrpciv.ro/intrebari/categoria-b/viteza-si-distanta-intre-vehicule"
"1790475640-356","https://scoaladrpciv.ro/intrebari/categoria-b","La o intersecție semaforizată, semnalul verde se schimbă în galben. Conducătorul unui vehicul, fiind foarte aproape de semafor, oprește brusc și este lovit din spate de conducătorul care îl urma. Care dintre cei doi conducători a greșit?","B - conducătorul vehiculului din spate, care nu a păstrat distanța de siguranță în mers;","","","A - conducătorul primului vehicul, care a oprit brusc;","C - ambii conducãtori.","https://scoaladrpciv.ro/intrebare/la-o-intersectie-semaforizata-semnalul-verde-se-schimba-in-galben-conducatorul-unui-vehicul-fiind-foarte-aproape-de-semafor-opreste-brusc-si-este-lovit-din-spate-de-conducatorul-care-il-urma-care-dintre-cei-doi-conducatori-a-gresit-00a4","","<div class="""">
                        <p>Art. 51<br>Conducatorul unui vehicul care circula in spatele altuia are obligatia de a pastra o distanta suficienta fata de acesta, pentru evitarea coliziunii.</p>


                    </div>","https://scoaladrpciv.ro/intrebari/categoria-b/viteza-si-distanta-intre-vehicule"
"1790475642-357","https://scoaladrpciv.ro/intrebari/categoria-b","Viteza maximă cu care pot să conducă un autoturism, pe autostradă, persoanele care au mai puţin de un an de practică de conducere, este de:","C - 110 km/h.","","","A - 130 km/h;","B - 100 km/h;","https://scoaladrpciv.ro/intrebare/viteza-maxima-cu-care-pot-sa-conduca-un-autoturism-pe-autostrada-persoanele-care-au-mai-putin-de-un-an-de-practica-de-conducere-este-de-7980","","<div class="""">
                        <h4>Articolul 49</h4><p>(1)&nbsp; Limita maximă de viteză în localități este de 50 km/h.</p><p>(2)&nbsp;&nbsp;&nbsp;Pe anumite sectoare de drum din interiorul localităților, administratorul drumului poate stabili, pentru autovehiculele din categoriile A și B, și limite de viteză superioare, dar nu mai mult de 80 km/h. Limitele de viteză mai mari de 50 km/h se stabilesc numai cu avizul poliției rutiere.</p><p style=""margin-left:0cm;text-align:justify;"">(3)&nbsp;&nbsp;&nbsp;Pe anumite sectoare de drum, ținând seama de împrejurări și de intensitatea circulației, administratorul drumului, cu avizul poliției rutiere, poate stabili și limite de viteză inferioare, dar nu mai puțin de 10 km/h pentru tramvaie și de 30 km/h pentru toate autovehiculele.</p><p>(4)&nbsp; Limitele maxime de viteză în afara localităților sunt:</p><ul><li><span style=""background-color:hsl(60, 75%, 60%);"">a)&nbsp; pe autostrăzi - 130 km/h;</span></li><li>b)&nbsp; pe drumurile expres - 120 km/h;</li><li>c)&nbsp; pe drumurile naționale europene (E) - 100 km/h;</li><li>d)&nbsp; pe celelalte categorii de drumuri - 90 km/h.</li></ul><h4>Articolul 50</h4><p>(1)&nbsp;&nbsp; Vitezele maxime admise în afara localităților pentru categoriile de autovehicule prevăzute în anexa nr. 1 sunt următoarele:</p><ul><li>a)&nbsp;&nbsp;&nbsp;130 km/h pe autostrăzi, 120 km/h pe drumurile expres, 100 km/h pe drumurile naționale europene (E) și 90 km/h pe celelalte categorii de drumuri, pentru autovehiculele din categoriile A și B;</li><li>b)&nbsp;&nbsp;&nbsp;110 km/h pe autostrăzi, 100 km/h pe drumurile expres, 90 km/h pe drumurile naționale europene (E) și 80 km/h pe celelalte categorii de drumuri, pentru autovehiculele din categoriile C, D și categoria D1;</li><li>c)&nbsp;&nbsp;&nbsp;90 km/h pe autostrăzi, 85 km/h pe drumuri expres, 80 km/h pe drumurile naționale europene (E) și 70 km/h pentru celelalte categorii de drumuri, pentru autovehiculele din categoriile A1, B1 și C1;</li><li>d)&nbsp; 45 km/h, pentru tractoarele agricole sau forestiere și mopede.</li></ul><p>(2)&nbsp; Viteza maximă admisă în afara localităților pentru autovehiculele care tractează remorci sau semiremorci este cu 10 km/h mai mică decât viteza maximă admisă pentru categoria din care face parte autovehiculul trăgător.</p><p style=""margin-left:0cm;text-align:justify;"">(3)&nbsp;&nbsp; Viteza maximă admisă pentru autovehicule cu mase și/sau gabarite depășite ori care transportă produse periculoase este de 40 km/h în localități, iar în afara localităților de 70 km/h.</p><p><span style=""background-color:hsl(60, 75%, 60%);"">(4)&nbsp;&nbsp;Viteza maximă admisă în afara localităților pentru autovehiculele ai căror conducători au mai puțin de un an practică de conducere sau pentru persoanele care efectuează pregătirea practică în vederea obținerii permisului de conducere este cu 20 km/h mai mică decât viteza maximă admisă pentru categoria din care fac parte autovehiculele conduse.</span></p>


                    </div>","https://scoaladrpciv.ro/intrebari/categoria-b/viteza-si-distanta-intre-vehicule"
"1790475644-358","https://scoaladrpciv.ro/intrebari/categoria-b","Cu ce viteză sunteţi obligat să circulaţi pe drumurile publice din afara localităţilor, când partea carosabilă este acoperită cu piatră cubică umedă?","A - cu o viteză care să nu depăşească 50 km/h;","B - cu o viteză care să permită efectuarea oricărei manevre în condiţii de siguranţă;","","C - cu o viteză care să nu depăşească limita maximă de 90 km/h.","","https://scoaladrpciv.ro/intrebare/cu-ce-viteza-sunteti-obligat-sa-circulati-pe-drumurile-publice-din-afara-localitatilor-cand-partea-carosabila-este-acoperita-cu-piatra-cubica-umeda-4fe7","","<div class="""">
                        <h4>Articolul 48</h4><p>Conducătorul de vehicul trebuie să respecte regimul legal de viteză și să o adapteze în funcție de condițiile de drum, astfel încât să poată efectua orice manevra în condiții de siguranță.</p><h4>Articolul 123</h4><p>Conducãtorul de vehicul este obligat sã circule cu o viteza care sã nu depãșeascã 30 km/h în localitãți sau 50 km/h în afara localitãților, în urmãtoarele situații:</p><p>a)&nbsp; la trecerea prin intersecțiile cu circulație nedirijatã;</p><p>b)&nbsp;&nbsp; în curbe deosebit de periculoase semnalizate ca atare sau în care vizibilitatea este mai mica de 50 m;</p><p>c)&nbsp;&nbsp; la trecerea pe lângã grupuri organizate, coloane militare sau cortegii, indiferent dacã acestea se aflã în mers sau staționeazã pe partea carosabilã a drumurilor cu o singurã bandã de circulație pe sens;</p><p>&nbsp;d)&nbsp;&nbsp; la trecerea pe lângã animale care sunt conduse pe partea carosabilã sau pe acostament;</p><p><span style=""background-color:hsl(60, 75%, 60%);"">e)&nbsp;&nbsp; când partea carosabilã este acoperitã cu polei, gheațã, zãpadã bãtãtoritã, mâzgã sau piatrã cubicã umedã;</span></p><p>f)&nbsp;&nbsp; pe drumuri cu denivelãri, semnalizate ca atare;</p><p>g)&nbsp;&nbsp; în zona de acțiune a indicatorului de avertizare ""Copii"" în intervalul orar 7,00-22,00, precum și a indicatorului ""Accident"";</p><p>h)&nbsp;&nbsp; la trecerile pentru pietoni nesemaforizate, semnalizate prin indicatoare și marcaje, când drumul public are cel mult o bandã pe sens, iar pietonii aflați pe trotuar, în imediatã apropiere a pãrții carosabile, intenționeazã sã se angajeze în traversare;</p><p>i)&nbsp;&nbsp; la schimbarea direcției de mers prin viraje;</p><p>&nbsp;j)&nbsp;&nbsp; când vizibilitatea este sub 100 m în condiții de ceațã, ploi torențiale, ninsori abundente.</p>


                    </div>","https://scoaladrpciv.ro/intrebari/categoria-b/viteza-si-distanta-intre-vehicule"
"1790475647-359","https://scoaladrpciv.ro/intrebari/categoria-b","Puteţi folosi o viteză mai mare decât cea legală pentru depăşirea unui autovehicul?","C - nu.","","","A - da, dacă circulaţi pe autostradă;","B - da, dacă vă asiguraţi că din sens opus nu circulă niciun alt vehicul;","https://scoaladrpciv.ro/intrebare/puteti-folosi-o-viteza-mai-mare-decat-cea-legala-pentru-depasirea-unui-autovehicul-bdee","","<div class="""">
                        <p>Art. 48<br>Conducatorul de vehicul trebuie sa respecte regimul legal de viteza si sa o adapteze in functie de conditiile de drum, astfel incat sa poata efectua orice manevra in conditii de siguranta.</p>


                    </div>","https://scoaladrpciv.ro/intrebari/categoria-b/viteza-si-distanta-intre-vehicule"
"1790475649-360","https://scoaladrpciv.ro/intrebari/categoria-b","În care dintre următoarele situaţii sunteţi obligat să circulaţi cu o viteză care să nu depăşească 30 km/h în localităţi?","A - în zona de acţiune a indicatorului de avertizare ""Accident"";","B - când vizibilitatea este sub 100 m, în condiţii de ceaţă;","","C - la intersectarea cu vehiculele care circulă din sens opus.","","https://scoaladrpciv.ro/intrebare/in-care-dintre-urmatoarele-situatii-sunteti-obligat-sa-circulati-cu-o-viteza-care-sa-nu-depaseasca-30-km-h-in-localitati-aa65","","<div class="""">
                        <h4>Articolul 123</h4><p>Conducãtorul de vehicul este obligat sã circule cu o viteza care sã nu depãșeascã 30 km/h în localitãți sau 50 km/h în afara localitãților, în urmãtoarele situații:</p><p>a)&nbsp; la trecerea prin intersecțiile cu circulație nedirijatã;</p><p>b)&nbsp;&nbsp; în curbe deosebit de periculoase semnalizate ca atare sau în care vizibilitatea este mai mica de 50 m;</p><p>c)&nbsp;&nbsp; la trecerea pe lângã grupuri organizate, coloane militare sau cortegii, indiferent dacã acestea se aflã în mers sau staționeazã pe partea carosabilã a drumurilor cu o singurã bandã de circulație pe sens;</p><p>&nbsp;d)&nbsp;&nbsp; la trecerea pe lângã animale care sunt conduse pe partea carosabilã sau pe acostament;</p><p>e)&nbsp;&nbsp; când partea carosabilã este acoperitã cu polei, gheațã, zãpadã bãtãtoritã, mâzgã sau piatrã cubicã umedã;</p><p>f)&nbsp;&nbsp; pe drumuri cu denivelãri, semnalizate ca atare;</p><p><span style=""background-color:hsl(60, 75%, 60%);"">g)&nbsp;&nbsp; în zona de acțiune a indicatorului de avertizare ""Copii"" în intervalul orar 7,00-22,00, precum și a indicatorului ""Accident"";</span></p><p>h)&nbsp;&nbsp; la trecerile pentru pietoni nesemaforizate, semnalizate prin indicatoare și marcaje, când drumul public are cel mult o bandã pe sens, iar pietonii aflați pe trotuar, în imediatã apropiere a pãrții carosabile, intenționeazã sã se angajeze în traversare;</p><p>i)&nbsp;&nbsp; la schimbarea direcției de mers prin viraje;</p><p><span style=""background-color:hsl(60, 75%, 60%);"">&nbsp;j)&nbsp;&nbsp; când vizibilitatea este sub 100 m în condiții de ceațã, ploi torențiale, ninsori abundente.</span></p>


                    </div>","https://scoaladrpciv.ro/intrebari/categoria-b/viteza-si-distanta-intre-vehicule"
"1790475651-361","https://scoaladrpciv.ro/intrebari/categoria-b","Limita maximă de viteză cu care este permisă circulaţia autovehiculelor în afara localităţilor, atunci când vizibilitatea este redusă sub 100 m, în condiţii de ceaţă, este de:","B - 50 km/h;","","","A - 70 km/h;","C - 90 km/h.","https://scoaladrpciv.ro/intrebare/limita-maxima-de-viteza-cu-care-este-permisa-circulatia-autovehiculelor-in-afara-localitatilor-atunci-cand-vizibilitatea-este-redusa-sub-100-m-in-conditii-de-ceata-este-de-aa70","","<div class="""">
                        <h4>Articolul 123</h4><p>Conducãtorul de vehicul este obligat sã circule cu o viteza care sã nu depãșeascã 30 km/h în localitãți sau 50 km/h în afara localitãților, în urmãtoarele situații:</p><p>a)&nbsp; la trecerea prin intersecțiile cu circulație nedirijatã;</p><p>b)&nbsp;&nbsp; în curbe deosebit de periculoase semnalizate ca atare sau în care vizibilitatea este mai mica de 50 m;</p><p>c)&nbsp;&nbsp; la trecerea pe lângã grupuri organizate, coloane militare sau cortegii, indiferent dacã acestea se aflã în mers sau staționeazã pe partea carosabilã a drumurilor cu o singurã bandã de circulație pe sens;</p><p>&nbsp;d)&nbsp;&nbsp; la trecerea pe lângã animale care sunt conduse pe partea carosabilã sau pe acostament;</p><p>e)&nbsp;&nbsp; când partea carosabilã este acoperitã cu polei, gheațã, zãpadã bãtãtoritã, mâzgã sau piatrã cubicã umedã;</p><p>f)&nbsp;&nbsp; pe drumuri cu denivelãri, semnalizate ca atare;</p><p>g)&nbsp;&nbsp; în zona de acțiune a indicatorului de avertizare ""Copii"" în intervalul orar 7,00-22,00, precum și a indicatorului ""Accident"";</p><p>h)&nbsp;&nbsp; la trecerile pentru pietoni nesemaforizate, semnalizate prin indicatoare și marcaje, când drumul public are cel mult o bandã pe sens, iar pietonii aflați pe trotuar, în imediatã apropiere a pãrții carosabile, intenționeazã sã se angajeze în traversare;</p><p>i)&nbsp;&nbsp; la schimbarea direcției de mers prin viraje;</p><p><span style=""background-color:hsl(60,75%,60%);"">&nbsp;j)&nbsp;&nbsp; când vizibilitatea este sub 100 m în condiții de ceațã, ploi torențiale, ninsori abundente.</span></p>


                    </div>","https://scoaladrpciv.ro/intrebari/categoria-b/viteza-si-distanta-intre-vehicule"
"1790475654-362","https://scoaladrpciv.ro/intrebari/categoria-b","Viteza de deplasare trebuie să nu depăşească 30 km/h în localităţi sau 50 km/h în afara localităţilor:","A - când vizibilitatea este sub 100 m în condiţii de ceaţă, ploi torenţiale, ninsori abundente;","","","B - când circulaţi pe poduri sau sub poduri;","C - la întâlnirea indicatorului „Prioritate faţă de circulaţia din sens invers“.","https://scoaladrpciv.ro/intrebare/viteza-de-deplasare-trebuie-sa-nu-depaseasca-30-km-h-in-localitati-sau-50-km-h-in-afara-localitatilor-a686","","<div class="""">
                        <h4>Articolul 123</h4><p>Conducãtorul de vehicul este obligat sã circule cu o viteza care sã nu depãșeascã 30 km/h în localitãți sau 50 km/h în afara localitãților, în urmãtoarele situații:</p><p>a)&nbsp; la trecerea prin intersecțiile cu circulație nedirijatã;</p><p>b)&nbsp;&nbsp; în curbe deosebit de periculoase semnalizate ca atare sau în care vizibilitatea este mai mica de 50 m;</p><p>c)&nbsp;&nbsp; la trecerea pe lângã grupuri organizate, coloane militare sau cortegii, indiferent dacã acestea se aflã în mers sau staționeazã pe partea carosabilã a drumurilor cu o singurã bandã de circulație pe sens;</p><p>&nbsp;d)&nbsp;&nbsp; la trecerea pe lângã animale care sunt conduse pe partea carosabilã sau pe acostament;</p><p>e)&nbsp;&nbsp; când partea carosabilã este acoperitã cu polei, gheațã, zãpadã bãtãtoritã, mâzgã sau piatrã cubicã umedã;</p><p>f)&nbsp;&nbsp; pe drumuri cu denivelãri, semnalizate ca atare;</p><p>g)&nbsp;&nbsp; în zona de acțiune a indicatorului de avertizare ""Copii"" în intervalul orar 7,00-22,00, precum și a indicatorului ""Accident"";</p><p>h)&nbsp;&nbsp; la trecerile pentru pietoni nesemaforizate, semnalizate prin indicatoare și marcaje, când drumul public are cel mult o bandã pe sens, iar pietonii aflați pe trotuar, în imediatã apropiere a pãrții carosabile, intenționeazã sã se angajeze în traversare;</p><p>i)&nbsp;&nbsp; la schimbarea direcției de mers prin viraje;</p><p><span style=""background-color:hsl(60, 75%, 60%);"">&nbsp;j)&nbsp;&nbsp; când vizibilitatea este sub 100 m în condiții de ceațã, ploi torențiale, ninsori abundente.</span></p>


                    </div>","https://scoaladrpciv.ro/intrebari/categoria-b/viteza-si-distanta-intre-vehicule"
"1790475656-363","https://scoaladrpciv.ro/intrebari/categoria-b","Cu ce viteză veţi efectua virajul spre stânga într-o intersecţie nedirijată?","C - cu o viteză care să nu depăşească 30 km/h în localităţi sau 50 km/h în afara localităţilor.","","","A - cu o viteză mai mare decât cea legală;","B - cu o viteză de cel mult 80 km/h;","https://scoaladrpciv.ro/intrebare/cu-ce-viteza-veti-efectua-virajul-spre-stanga-intr-o-intersectie-nedirijata-f470","","<div class="""">
                        <h4>Articolul 123</h4><p>Conducãtorul de vehicul este obligat sã circule cu o viteza care sã nu depãșeascã 30 km/h în localitãți sau 50 km/h în afara localitãților, în urmãtoarele situații:</p><p><span style=""background-color:hsl(60, 75%, 60%);"">a)&nbsp; la trecerea prin intersecțiile cu circulație nedirijatã;</span></p><p>b)&nbsp;&nbsp; în curbe deosebit de periculoase semnalizate ca atare sau în care vizibilitatea este mai mica de 50 m;</p><p>c)&nbsp;&nbsp; la trecerea pe lângã grupuri organizate, coloane militare sau cortegii, indiferent dacã acestea se aflã în mers sau staționeazã pe partea carosabilã a drumurilor cu o singurã bandã de circulație pe sens;</p><p>&nbsp;d)&nbsp;&nbsp; la trecerea pe lângã animale care sunt conduse pe partea carosabilã sau pe acostament;</p><p>e)&nbsp;&nbsp; când partea carosabilã este acoperitã cu polei, gheațã, zãpadã bãtãtoritã, mâzgã sau piatrã cubicã umedã;</p><p>f)&nbsp;&nbsp; pe drumuri cu denivelãri, semnalizate ca atare;</p><p>g)&nbsp;&nbsp; în zona de acțiune a indicatorului de avertizare ""Copii"" în intervalul orar 7,00-22,00, precum și a indicatorului ""Accident"";</p><p>h)&nbsp;&nbsp; la trecerile pentru pietoni nesemaforizate, semnalizate prin indicatoare și marcaje, când drumul public are cel mult o bandã pe sens, iar pietonii aflați pe trotuar, în imediatã apropiere a pãrții carosabile, intenționeazã sã se angajeze în traversare;</p><p>i)&nbsp;&nbsp; la schimbarea direcției de mers prin viraje;</p><p>&nbsp;j)&nbsp;&nbsp; când vizibilitatea este sub 100 m în condiții de ceațã, ploi torențiale, ninsori abundente.</p>


                    </div>","https://scoaladrpciv.ro/intrebari/categoria-b/viteza-si-distanta-intre-vehicule"
"1790475658-364","https://scoaladrpciv.ro/intrebari/categoria-b","Care este limita maximă de viteză în afara localităţilor, pe drumurile expres sau pe cele naţionale europene (E)?","A -  100 km/h pe drumurile naționale europene (E) și 120 km/h pe drumurile expres;","","","B -  110 km/h pe drumurile naționale europene (E) și 130 km/h pe drumurile expres;","C -  90 km/h pe drumurile naționale europene (E) și 110 km/h pe drumurile expres;","https://scoaladrpciv.ro/intrebare/care-este-limita-maxima-de-viteza-in-afara-localitatilor-pe-drumurile-expres-sau-pe-cele-nationale-europene-e-9137","","<div class="""">
                        <h4>Articolul 49</h4><p>(1)&nbsp; Limita maximă de viteză în localități este de 50 km/h.</p><p>(2)&nbsp;&nbsp;&nbsp;Pe anumite sectoare de drum din interiorul localităților, administratorul drumului poate stabili, pentru autovehiculele din categoriile A și B, și limite de viteză superioare, dar nu mai mult de 80 km/h. Limitele de viteză mai mari de 50 km/h se stabilesc numai cu avizul poliției rutiere.</p><p style=""margin-left:0cm;text-align:justify;"">(3)&nbsp;&nbsp;&nbsp;Pe anumite sectoare de drum, ținând seama de împrejurări și de intensitatea circulației, administratorul drumului, cu avizul poliției rutiere, poate stabili și limite de viteză inferioare, dar nu mai puțin de 10 km/h pentru tramvaie și de 30 km/h pentru toate autovehiculele.</p><p>(4)&nbsp; Limitele maxime de viteză în afara localităților sunt:</p><ul><li>a)&nbsp; pe autostrăzi - 130 km/h;</li><li><span style=""background-color:hsl(60, 75%, 60%);"">b)&nbsp; pe drumurile expres - 120 km/h;</span></li><li><span style=""background-color:hsl(60, 75%, 60%);"">c)&nbsp; pe drumurile naționale europene (E) - 100 km/h;</span></li><li>d)&nbsp; pe celelalte categorii de drumuri - 90 km/h.</li></ul>


                    </div>","https://scoaladrpciv.ro/intrebari/categoria-b/viteza-si-distanta-intre-vehicule"
"1790475661-365","https://scoaladrpciv.ro/intrebari/categoria-b","În situaţia dată:","B - veţi circula cu maximum 30 km/h pe sectorul de drum denivelat;","","","A - veţi circula cu prudenţă până la prima intersecţie;","C - veţi circula cu minimum 30 km/h.","https://scoaladrpciv.ro/intrebare/in-situatia-data-3236","https://scoaladrpciv.ro/storage/questions/496.jpeg","<div class="""">
                        <h4>Articolul 123</h4><p>Conducãtorul de vehicul este obligat sã circule cu o viteza care sã nu depãșeascã 30 km/h în localitãți sau 50 km/h în afara localitãților, în urmãtoarele situații:</p><p>a)&nbsp; la trecerea prin intersecțiile cu circulație nedirijatã;</p><p>b)&nbsp;&nbsp; în curbe deosebit de periculoase semnalizate ca atare sau în care vizibilitatea este mai mica de 50 m;</p><p>c)&nbsp;&nbsp; la trecerea pe lângã grupuri organizate, coloane militare sau cortegii, indiferent dacã acestea se aflã în mers sau staționeazã pe partea carosabilã a drumurilor cu o singurã bandã de circulație pe sens;</p><p>&nbsp;d)&nbsp;&nbsp; la trecerea pe lângã animale care sunt conduse pe partea carosabilã sau pe acostament;</p><p>e)&nbsp;&nbsp; când partea carosabilã este acoperitã cu polei, gheațã, zãpadã bãtãtoritã, mâzgã sau piatrã cubicã umedã;</p><p><span style=""background-color:hsl(60, 75%, 60%);"">f)&nbsp;&nbsp; pe drumuri cu denivelãri, semnalizate ca atare;</span></p><p>g)&nbsp;&nbsp; în zona de acțiune a indicatorului de avertizare ""Copii"" în intervalul orar 7,00-22,00, precum și a indicatorului ""Accident"";</p><p>h)&nbsp;&nbsp; la trecerile pentru pietoni nesemaforizate, semnalizate prin indicatoare și marcaje, când drumul public are cel mult o bandã pe sens, iar pietonii aflați pe trotuar, în imediatã apropiere a pãrții carosabile, intenționeazã sã se angajeze în traversare;</p><p>i)&nbsp;&nbsp; la schimbarea direcției de mers prin viraje;</p><p>&nbsp;j)&nbsp;&nbsp; când vizibilitatea este sub 100 m în condiții de ceațã, ploi torențiale, ninsori abundente.</p>


                    </div>","https://scoaladrpciv.ro/intrebari/categoria-b/viteza-si-distanta-intre-vehicule"
"1790475663-366","https://scoaladrpciv.ro/intrebari/categoria-b","În care dintre următoarele situaţii sunteţi obligat să circulaţi cu viteză redusă?","B - la trecerea la nivel cu calea ferată curentă;","","","A - când sunteţi obosit şi autovehiculul are sistemul de frânare defect;","C - pe drumurile judeţene şi comunale.","https://scoaladrpciv.ro/intrebare/in-care-dintre-urmatoarele-situatii-sunteti-obligat-sa-circulati-cu-viteza-redusa-e4ff","","<div class="""">
                        <h4>Articolul 136</h4><p><span style=""background-color:hsl(60, 75%, 60%);"">(1)&nbsp;&nbsp; La trecerea la nivel cu calea feratã curentã, conducãtorul de vehicul este obligat sã circule cu viteza redusã și sã se asigure ca din partea stânga sau din partea dreaptã nu se apropie un vehicul feroviar.</span></p><p>(2)&nbsp;&nbsp; La traversarea caii ferate, pietonii sunt obligați sã se asigure cã din stânga sau din dreapta nu se apropie un vehicul feroviar.</p>


                    </div>","https://scoaladrpciv.ro/intrebari/categoria-b/viteza-si-distanta-intre-vehicule"
"1790475665-367","https://scoaladrpciv.ro/intrebari/categoria-b","Sunteţi obligat să nu depăşiţi viteza de 50 km/h în afara localităţilor, în următoarele situaţii:","B - la trecerea pe lângă grupuri organizate, coloane militare sau cortegii, pe drumurile cu o singură bandă pe sens;","C - în curbe deosebit de periculoase sau cu vizibilitate mai mică de 50 m.","","A - pe poduri sau sub poduri;","","https://scoaladrpciv.ro/intrebare/sunteti-obligat-sa-nu-depasiti-viteza-de-50-km-h-in-afara-localitatilor-in-urmatoarele-situatii-05df","","<div class="""">
                        <h4>Articolul 123</h4><p>Conducãtorul de vehicul este obligat sã circule cu o viteza care sã nu depãșeascã 30 km/h în localitãți sau 50 km/h în afara localitãților, în urmãtoarele situații:</p><p>a)&nbsp; la trecerea prin intersecțiile cu circulație nedirijatã;</p><p><span style=""background-color:hsl(60, 75%, 60%);"">b)&nbsp;&nbsp; în curbe deosebit de periculoase semnalizate ca atare sau în care vizibilitatea este mai mica de 50 m;</span></p><p><span style=""background-color:hsl(60, 75%, 60%);"">c)&nbsp;&nbsp; la trecerea pe lângã grupuri organizate, coloane militare sau cortegii, indiferent dacã acestea se aflã în mers sau staționeazã pe partea carosabilã a drumurilor cu o singurã bandã de circulație pe sens;</span></p><p>&nbsp;d)&nbsp;&nbsp; la trecerea pe lângã animale care sunt conduse pe partea carosabilã sau pe acostament;</p><p>e)&nbsp;&nbsp; când partea carosabilã este acoperitã cu polei, gheațã, zãpadã bãtãtoritã, mâzgã sau piatrã cubicã umedã;</p><p>f)&nbsp;&nbsp; pe drumuri cu denivelãri, semnalizate ca atare;</p><p>g)&nbsp;&nbsp; în zona de acțiune a indicatorului de avertizare ""Copii"" în intervalul orar 7,00-22,00, precum și a indicatorului ""Accident"";</p><p>h)&nbsp;&nbsp; la trecerile pentru pietoni nesemaforizate, semnalizate prin indicatoare și marcaje, când drumul public are cel mult o bandã pe sens, iar pietonii aflați pe trotuar, în imediatã apropiere a pãrții carosabile, intenționeazã sã se angajeze în traversare;</p><p>i)&nbsp;&nbsp; la schimbarea direcției de mers prin viraje;</p><p>&nbsp;j)&nbsp;&nbsp; când vizibilitatea este sub 100 m în condiții de ceațã, ploi torențiale, ninsori abundente.</p>


                    </div>","https://scoaladrpciv.ro/intrebari/categoria-b/viteza-si-distanta-intre-vehicule"
"1790475667-368","https://scoaladrpciv.ro/intrebari/categoria-b","Care sunt vitezele maxime admise pentru subcategoria de autovehicule B1?","A - 90 km/h pe autostrăzi, 85 km/h pe drumuri expres, 80 km/h pe drumurile naționale europene (E) și 70 km/h pentru celelalte categorii de drumuri;","","","B - 110 km/h pe autostrăzi, 100 km/h pe drumurile expres, 90 km/h pe drumurile naționale europene (E) și 80 km/h pe celelalte categorii de drumuri;","C - 130 km/h pe autostrăzi și 90 km/h pe celelalte categorii de drumuri.","https://scoaladrpciv.ro/intrebare/care-sunt-vitezele-maxime-admise-pentru-subcategoria-de-autovehicule-b1-2add","","<div class="""">
                        <h4>Articolul 50</h4><p>(1)&nbsp;&nbsp; Vitezele maxime admise în afara localităților pentru categoriile de autovehicule prevăzute în anexa nr. 1 sunt următoarele:</p><ul><li>a)&nbsp;&nbsp;&nbsp;130 km/h pe autostrăzi, 120 km/h pe drumurile expres, 100 km/h pe drumurile naționale europene (E) și 90 km/h pe celelalte categorii de drumuri, pentru autovehiculele din categoriile A și B;</li><li>b)&nbsp;&nbsp;&nbsp;110 km/h pe autostrăzi, 100 km/h pe drumurile expres, 90 km/h pe drumurile naționale europene (E) și 80 km/h pe celelalte categorii de drumuri, pentru autovehiculele din categoriile C, D și categoria D1;</li><li><span style=""background-color:hsl(60,75%,60%);"">c)&nbsp;&nbsp;&nbsp;90 km/h pe autostrăzi, 85 km/h pe drumuri expres, 80 km/h pe drumurile naționale europene (E) și 70 km/h pentru celelalte categorii de drumuri, pentru autovehiculele din categoriile A1, B1 și C1;</span></li><li>d)&nbsp; 45 km/h, pentru tractoarele agricole sau forestiere și mopede.</li></ul><p>(2)&nbsp; Viteza maximă admisă în afara localităților pentru autovehiculele care tractează remorci sau semiremorci este cu 10 km/h mai mică decât viteza maximă admisă pentru categoria din care face parte autovehiculul trăgător.</p><p style=""margin-left:0cm;text-align:justify;"">(3)&nbsp;&nbsp; Viteza maximă admisă pentru autovehicule cu mase și/sau gabarite depășite ori care transportă produse periculoase este de 40 km/h în localități, iar în afara localităților de 70 km/h.</p><p>(4)&nbsp;&nbsp;Viteza maximă admisă în afara localităților pentru autovehiculele ai căror conducători au mai puțin de un an practică de conducere sau pentru persoanele care efectuează pregătirea practică în vederea obținerii permisului de conducere este cu 20 km/h mai mică decât viteza maximă admisă pentru categoria din care fac parte autovehiculele conduse.</p>


                    </div>","https://scoaladrpciv.ro/intrebari/categoria-b/viteza-si-distanta-intre-vehicule"
"1790475670-369","https://scoaladrpciv.ro/intrebari/categoria-b","Care este limita maximă de viteză în localităţi?","B - 50 km/h;","","","A - 60 km/h;","C - 40 km/h.","https://scoaladrpciv.ro/intrebare/care-este-limita-maxima-de-viteza-in-localitati-bc58","","<div class="""">
                        <h4>Articolul 49</h4><p><span style=""background-color:hsl(60, 75%, 60%);"">(1)&nbsp; Limita maximă de viteză în localități este de 50 km/h.</span></p><p>(2)&nbsp;&nbsp;&nbsp;Pe anumite sectoare de drum din interiorul localităților, administratorul drumului poate stabili, pentru autovehiculele din categoriile A și B, și limite de viteză superioare, dar nu mai mult de 80 km/h. Limitele de viteză mai mari de 50 km/h se stabilesc numai cu avizul poliției rutiere.</p><p style=""margin-left:0cm;text-align:justify;"">(3)&nbsp;&nbsp;&nbsp;Pe anumite sectoare de drum, ținând seama de împrejurări și de intensitatea circulației, administratorul drumului, cu avizul poliției rutiere, poate stabili și limite de viteză inferioare, dar nu mai puțin de 10 km/h pentru tramvaie și de 30 km/h pentru toate autovehiculele.</p><p>(4)&nbsp; Limitele maxime de viteză în afara localităților sunt:</p><ul><li>a)&nbsp; pe autostrăzi - 130 km/h;</li><li>b)&nbsp; pe drumurile expres - 120 km/h;</li><li>c)&nbsp; pe drumurile naționale europene (E) - 100 km/h;</li><li>d)&nbsp; pe celelalte categorii de drumuri - 90 km/h.</li></ul>


                    </div>","https://scoaladrpciv.ro/intrebari/categoria-b/viteza-si-distanta-intre-vehicule"
"1790475672-370","https://scoaladrpciv.ro/intrebari/categoria-b","Sunteţi obligat să nu depăşiţi viteza de 50 km/h în afara localităţilor, în următoarele situaţii:","A - când partea carosabilă este acoperită cu mâzgă;","","","B - la coborârea drumurilor în pantă;","C - la întâlnirea indicatorului „Prioritate pentru circulaţia din sens invers“.","https://scoaladrpciv.ro/intrebare/sunteti-obligat-sa-nu-depasiti-viteza-de-50-km-h-in-afara-localitatilor-in-urmatoarele-situatii-16c1","","<div class="""">
                        <h4>Articolul 123</h4><p>Conducãtorul de vehicul este obligat sã circule cu o viteza care sã nu depãșeascã 30 km/h în localitãți sau 50 km/h în afara localitãților, în urmãtoarele situații:</p><p>a)&nbsp; la trecerea prin intersecțiile cu circulație nedirijatã;</p><p>b)&nbsp;&nbsp; în curbe deosebit de periculoase semnalizate ca atare sau în care vizibilitatea este mai mica de 50 m;</p><p>c)&nbsp;&nbsp; la trecerea pe lângã grupuri organizate, coloane militare sau cortegii, indiferent dacã acestea se aflã în mers sau staționeazã pe partea carosabilã a drumurilor cu o singurã bandã de circulație pe sens;</p><p>&nbsp;d)&nbsp;&nbsp; la trecerea pe lângã animale care sunt conduse pe partea carosabilã sau pe acostament;</p><p><span style=""background-color:hsl(60, 75%, 60%);"">e)&nbsp;&nbsp; când partea carosabilã este acoperitã cu polei, gheațã, zãpadã bãtãtoritã, mâzgã sau piatrã cubicã umedã;</span></p><p>f)&nbsp;&nbsp; pe drumuri cu denivelãri, semnalizate ca atare;</p><p>g)&nbsp;&nbsp; în zona de acțiune a indicatorului de avertizare ""Copii"" în intervalul orar 7,00-22,00, precum și a indicatorului ""Accident"";</p><p>h)&nbsp;&nbsp; la trecerile pentru pietoni nesemaforizate, semnalizate prin indicatoare și marcaje, când drumul public are cel mult o bandã pe sens, iar pietonii aflați pe trotuar, în imediatã apropiere a pãrții carosabile, intenționeazã sã se angajeze în traversare;</p><p>i)&nbsp;&nbsp; la schimbarea direcției de mers prin viraje;</p><p>&nbsp;j)&nbsp;&nbsp; când vizibilitatea este sub 100 m în condiții de ceațã, ploi torențiale, ninsori abundente.</p>


                    </div>","https://scoaladrpciv.ro/intrebari/categoria-b/viteza-si-distanta-intre-vehicule"
"1790475674-371","https://scoaladrpciv.ro/intrebari/categoria-b","Conducătorul autoturismului din imagine va circula cu:","A - 80 km/h;","","","B - 90 km/h;","C - 100 km/h.","https://scoaladrpciv.ro/intrebare/conducatorul-autoturismului-din-imagine-va-circula-cu-31bf","https://scoaladrpciv.ro/storage/questions/421.jpeg","<div class="""">
                        <h4>Articolul 50</h4><p>(1)&nbsp;&nbsp; Vitezele maxime admise în afara localităților pentru categoriile de autovehicule prevăzute în anexa nr. 1 sunt următoarele:</p><ul><li><span style=""background-color:hsl(60, 75%, 60%);"">a)&nbsp;&nbsp;&nbsp;130 km/h pe autostrăzi, 120 km/h pe drumurile expres, 100 km/h pe drumurile naționale europene (E) și 90 km/h pe celelalte categorii de drumuri, pentru autovehiculele din categoriile A și B;</span></li><li>b)&nbsp;&nbsp;&nbsp;110 km/h pe autostrăzi, 100 km/h pe drumurile expres, 90 km/h pe drumurile naționale europene (E) și 80 km/h pe celelalte categorii de drumuri, pentru autovehiculele din categoriile C, D și categoria D1;</li><li>c)&nbsp;&nbsp;&nbsp;90 km/h pe autostrăzi, 85 km/h pe drumuri expres, 80 km/h pe drumurile naționale europene (E) și 70 km/h pentru celelalte categorii de drumuri, pentru autovehiculele din categoriile A1, B1 și C1;</li><li>d)&nbsp; 45 km/h, pentru tractoarele agricole sau forestiere și mopede.</li></ul><p>(2)&nbsp; Viteza maximă admisă în afara localităților pentru autovehiculele care tractează remorci sau semiremorci este cu 10 km/h mai mică decât viteza maximă admisă pentru categoria din care face parte autovehiculul trăgător.</p><p style=""margin-left:0cm;text-align:justify;"">(3)&nbsp;&nbsp; Viteza maximă admisă pentru autovehicule cu mase și/sau gabarite depășite ori care transportă produse periculoase este de 40 km/h în localități, iar în afara localităților de 70 km/h.</p><p><span style=""background-color:hsl(60, 75%, 60%);"">(4)&nbsp;&nbsp;Viteza maximă admisă în afara localităților pentru autovehiculele ai căror conducători au mai puțin de un an practică de conducere sau pentru persoanele care efectuează pregătirea practică în vederea obținerii permisului de conducere este cu 20 km/h mai mică decât viteza maximă admisă pentru categoria din care fac parte autovehiculele conduse.</span></p>


                    </div>","https://scoaladrpciv.ro/intrebari/categoria-b/viteza-si-distanta-intre-vehicule"
"1790475679-372","https://scoaladrpciv.ro/intrebari/categoria-b","Care dintre conducătorii autovehiculelor execută corect depăşirea tramvaiului aflat în mers?","A - ambii conducători;","","","B - conducătorul motocicletei;","C - conducătorul autoturismului.","https://scoaladrpciv.ro/intrebare/care-dintre-conducatorii-autovehiculelor-executa-corect-depasirea-tramvaiului-aflat-in-mers-2d23","https://scoaladrpciv.ro/storage/questions/763.jpeg","<div class="""">
                        <h4>Articolul 45</h4><p style=""margin-left:0cm;text-align:justify;"">(1)&nbsp;&nbsp; Depășirea este manevra prin care un vehicul trece înaintea altui vehicul ori pe lângă un obstacol, aflat pe același sens de circulație, prin schimbarea direcției de mers și ieșirea de pe banda de circulație sau din șirul de vehicule în care s-a aflat inițial.</p><p>(2)&nbsp;&nbsp;Conducătorul vehiculului care se angajează în depășire trebuie să se asigure că vehiculul care circulă în fața sau în spatele lui nu a inițiat o asemenea manevră.</p><p>(3)&nbsp;&nbsp;Atunci când prin manevra de depășire se trece peste axa care separa sensurile de circulație, conducătorii de vehicule trebuie să se asigure că din sens opus nu se apropie un vehicul și că dispun de spațiu suficient pentru a reintra pe banda inițială, unde au obligația să revină după efectuarea manevrei de depășire.</p><p>(4)&nbsp; Nu constituie depășire, în sensul alin. (1), situația în care un vehicul circulă mai repede pe una dintre benzi decât vehiculele care circulă pe altă bandă în același sens de circulație.</p><p><span style=""background-color:hsl(60, 75%, 60%);"">(5)&nbsp;&nbsp;Depășirea se efectuează numai pe partea stângă a vehiculului depășit. Tramvaiul sau vehiculul al cărui conducător a semnalizat intenția și s-a încadrat corespunzător părăsirii sensului de mers spre stânga se depășește prin partea dreapta.</span></p><p>(6)&nbsp;&nbsp;Tramvaiul aflat în mers poate fi depășit și pe partea stângă atunci când drumul este cu sens unic sau când între șina din dreapta și marginea trotuarului nu există spațiu suficient.</p>


                    </div>","https://scoaladrpciv.ro/intrebari/categoria-b/depasirea"
"1790475682-373","https://scoaladrpciv.ro/intrebari/categoria-b","Camionul execută corect depăşirea autoturismului?","A - da, deoarece conducătorul autoturismului a semnalizat intenţia de a vira la stânga, iar spaţiul rămas liber permite trecerea camionului prin partea dreaptă;","","","B - nu, deoarece în intersecţii depăşirea este interzisă;","C - nu, deoarece depăşirea se execută numai pe partea stângă.","https://scoaladrpciv.ro/intrebare/camionul-executa-corect-depasirea-autoturismului-b8da","https://scoaladrpciv.ro/storage/questions/749.jpeg","<div class="""">
                        <h4>Articolul 45</h4>
<p style=""margin-left: 0cm; text-align: justify;"">(1)&nbsp;&nbsp; Depășirea este manevra prin care un vehicul trece înaintea altui vehicul ori pe lângă un obstacol, aflat pe același sens de circulație, prin schimbarea direcției de mers și ieșirea de pe banda de circulație sau din șirul de vehicule în care s-a aflat inițial.</p>
<p>(2)&nbsp;&nbsp;Conducătorul vehiculului care se angajează în depășire trebuie să se asigure că vehiculul care circulă în fața sau în spatele lui nu a inițiat o asemenea manevră.</p>
<p>(3)&nbsp;&nbsp;Atunci când prin manevra de depășire se trece peste axa care separa sensurile de circulație, conducătorii de vehicule trebuie să se asigure că din sens opus nu se apropie un vehicul și că dispun de spațiu suficient pentru a reintra pe banda inițială, unde au obligația să revină după efectuarea manevrei de depășire.</p>
<p>(4)&nbsp; Nu constituie depășire, în sensul alin. (1), situația în care un vehicul circulă mai repede pe una dintre benzi decât vehiculele care circulă pe altă bandă în același sens de circulație.</p>
<p><span style=""background-color: hsl(60,75%,60%);"">(5)&nbsp;&nbsp;Depășirea se efectuează numai pe partea stângă a vehiculului depășit. Tramvaiul sau vehiculul al cărui conducător a semnalizat intenția și s-a încadrat corespunzător părăsirii sensului de mers spre stânga <strong><span style=""text-decoration: underline;"">se depășește prin partea dreapta.</span></strong></span></p>
<p>(6)&nbsp;&nbsp;Tramvaiul aflat în mers poate fi depășit și pe partea stângă atunci când drumul este cu sens unic sau când între șina din dreapta și marginea trotuarului nu există spațiu suficient.</p>


                    </div>","https://scoaladrpciv.ro/intrebari/categoria-b/depasirea"
"1790475684-374","https://scoaladrpciv.ro/intrebari/categoria-b","Este permisă depăşirea vehiculelor în intersecţii?","B - da, dacă intersecţia este dirijată;","","","A - nu;","C - da, dar numai a bicicletelor şi a mopedelor.","https://scoaladrpciv.ro/intrebare/este-permisa-depasirea-vehiculelor-in-intersectii-a9d0","","<div class="""">
                        <h4>Articolul 120</h4><p>(1)&nbsp;&nbsp; Se interzice depãșirea vehiculelor:&nbsp;</p><ul style=""list-style-type:circle;""><li><span style=""background-color:hsl(60, 75%, 60%);"">a) în intersecții cu circulația nedirijatã;</span></li><li>b)&nbsp;&nbsp; în apropierea vârfurilor de rampa, când vizibilitatea este redusã sub 50 m;</li><li>c)&nbsp; în curbe și în orice alte locuri unde vizibilitatea este redusã sub 50 m;</li><li>d)&nbsp;&nbsp;pe pasaje denivelate, pe poduri, sub poduri și în tuneluri. Prin excepție, pot fi depãșite în aceste locuri vehiculele cu tracțiune animalã, motocicletele fãrã ataș, mopedele, bicicletele și trotinetele electrice, dacã vizibilitatea asupra drumului este asiguratã pe o distanțã mai mare de 20 m, iar lãțimea drumului este de cel puțin 7 m;</li><li>e)&nbsp;&nbsp; pe trecerile pentru pietoni semnalizate prin indicatoare și marcaje;</li><li>f)&nbsp;&nbsp; pe trecerile la nivel cu calea feratã curentã și la mai puțin de 50 m înainte de acestea;</li><li>g)&nbsp;&nbsp; în dreptul stației pentru tramvai, atunci când acesta este oprit, iar stația nu este prevãzutã cu refugiu pentru pietoni;</li><li>h)&nbsp;&nbsp; în zona de acțiune a indicatorului ""Depãșirea interzisã"";</li><li>i)&nbsp;&nbsp; când pentru efectuarea manevrei se încalcã marcajul continuu, simplu sau dublu, care desparte sensurile de mers, iar autovehiculul circulã, chiar și parțial, pe sensul opus, ori se încalcã marcajul care delimiteazã spațiul de interzicere;</li><li>j)&nbsp;&nbsp; când din sens opus se apropie un alt vehicul, iar conducãtorul acestuia este obligat sã efectueze manevre de evitare a coliziunii;</li><li>k)&nbsp;&nbsp; pe sectorul de drum unde s-a format o coloana de vehicule în așteptare, dacã prin aceasta se intrã pe sensul opus de circulație.</li></ul><p>(2) Se interzice depãșirea coloanei oficiale.</p>


                    </div>","https://scoaladrpciv.ro/intrebari/categoria-b/depasirea"
"1790475686-375","https://scoaladrpciv.ro/intrebari/categoria-b","Cum procedează conducătorul autovehiculului / tractorului agricol sau forestier când, aflându-se într-o comună, în imediata apropiere a unei treceri pentru pietoni semnalizate ca atare, intenționează să depășească un vehicul aflat în mișcare?","B - nu execută depășirea;","","","A - execută depășirea cu viteză redusă;","C - execută depășirea cu viteză sporită.","https://scoaladrpciv.ro/intrebare/cum-procedeaza-conducatorul-autovehiculului-tractorului-agricol-sau-forestier-cand-aflandu-se-intr-o-comuna-in-imediata-apropiere-a-unei-treceri-pentru-pietoni-semnalizate-ca-atare-intentioneaza-sa-depaseasca-un-vehicul-aflat-in-miscare-33a7","","<div class="""">
                        <h4>Articolul 120</h4><p>(1)&nbsp;&nbsp; Se interzice depãșirea vehiculelor:&nbsp;</p><ul style=""list-style-type:circle;""><li>a) în intersecții cu circulația nedirijatã;</li><li>b)&nbsp;&nbsp; în apropierea vârfurilor de rampa, când vizibilitatea este redusã sub 50 m;</li><li>c)&nbsp; în curbe și în orice alte locuri unde vizibilitatea este redusã sub 50 m;</li><li>d)&nbsp;&nbsp;pe pasaje denivelate, pe poduri, sub poduri și în tuneluri. Prin excepție, pot fi depãșite în aceste locuri vehiculele cu tracțiune animalã, motocicletele fãrã ataș, mopedele, bicicletele și trotinetele electrice, dacã vizibilitatea asupra drumului este asiguratã pe o distanțã mai mare de 20 m, iar lãțimea drumului este de cel puțin 7 m;</li><li><span style=""background-color:hsl(60,75%,60%);"">e)&nbsp;&nbsp; pe trecerile pentru pietoni semnalizate prin indicatoare și marcaje;</span></li><li>f)&nbsp;&nbsp; pe trecerile la nivel cu calea feratã curentã și la mai puțin de 50 m înainte de acestea;</li><li>g)&nbsp;&nbsp; în dreptul stației pentru tramvai, atunci când acesta este oprit, iar stația nu este prevãzutã cu refugiu pentru pietoni;</li><li>h)&nbsp;&nbsp; în zona de acțiune a indicatorului ""Depãșirea interzisã"";</li><li>i)&nbsp;&nbsp; când pentru efectuarea manevrei se încalcã marcajul continuu, simplu sau dublu, care desparte sensurile de mers, iar autovehiculul circulã, chiar și parțial, pe sensul opus, ori se încalcã marcajul care delimiteazã spațiul de interzicere;</li><li>j)&nbsp;&nbsp; când din sens opus se apropie un alt vehicul, iar conducãtorul acestuia este obligat sã efectueze manevre de evitare a coliziunii;</li><li>k)&nbsp;&nbsp; pe sectorul de drum unde s-a format o coloana de vehicule în așteptare, dacã prin aceasta se intrã pe sensul opus de circulație.</li></ul><p>(2) Se interzice depãșirea coloanei oficiale.</p>


                    </div>","https://scoaladrpciv.ro/intrebari/categoria-b/depasirea"
"1790475689-376","https://scoaladrpciv.ro/intrebari/categoria-b","Este permisă depăşirea în această situaţie?","B - nu;","","","A - da, dar numai după oprirea autoturismului;","C - da, dar numai dacă vizibilitatea permite.","https://scoaladrpciv.ro/intrebare/este-permisa-depasirea-in-aceasta-situatie-0fed","https://scoaladrpciv.ro/storage/questions/721.jpeg","<div class="""">
                        <p>(1)&nbsp;&nbsp; Se interzice depãșirea vehiculelor: a) în intersecții cu circulația nedirijatã;</p><ul style=""list-style-type:circle;""><li>b)&nbsp;&nbsp; în apropierea vârfurilor de rampa, când vizibilitatea este redusã sub 50 m;</li><li>c)&nbsp; în curbe și în orice alte locuri unde vizibilitatea este redusã sub 50 m;</li><li>d)&nbsp;&nbsp;pe pasaje denivelate, pe poduri, sub poduri și în tuneluri. Prin excepție, pot fi depãșite în aceste locuri vehiculele cu tracțiune animalã, motocicletele fãrã ataș, mopedele, bicicletele și trotinetele electrice, dacã vizibilitatea asupra drumului este asiguratã pe o distanțã mai mare de 20 m, iar lãțimea drumului este de cel puțin 7 m;</li><li>e)&nbsp;&nbsp; pe trecerile pentru pietoni semnalizate prin indicatoare și marcaje;</li><li>f)&nbsp;&nbsp; pe trecerile la nivel cu calea feratã curentã și la mai puțin de 50 m înainte de acestea;</li><li>g)&nbsp;&nbsp; în dreptul stației pentru tramvai, atunci când acesta este oprit, iar stația nu este prevãzutã cu refugiu pentru pietoni;</li><li>h)&nbsp;&nbsp; în zona de acțiune a indicatorului ""Depãșirea interzisã"";</li><li><span style=""background-color:hsl(60, 75%, 60%);"">i)&nbsp;&nbsp; când pentru efectuarea manevrei se încalcã marcajul continuu, simplu sau dublu, care desparte sensurile de mers, iar autovehiculul circulã, chiar și parțial, pe sensul opus, ori se încalcã marcajul care delimiteazã spațiul de interzicere;</span></li><li>j)&nbsp;&nbsp; când din sens opus se apropie un alt vehicul, iar conducãtorul acestuia este obligat sã efectueze manevre de evitare a coliziunii;</li><li>k)&nbsp;&nbsp; pe sectorul de drum unde s-a format o coloana de vehicule în așteptare, dacã prin aceasta se intrã pe sensul opus de circulație.</li></ul><p>(2) Se interzice depãșirea coloanei oficiale.</p>


                    </div>","https://scoaladrpciv.ro/intrebari/categoria-b/depasirea"
"1790475691-377","https://scoaladrpciv.ro/intrebari/categoria-b","Vă este permis să depășiți bicicliștii?","B - nu, pentru că din cauza circulației din sens opus nu se poate păstra o distanță laterală corespunzătoare;","","","A - da, dacă prin claxonare bicicliștii sunt determinați să se angajeze cât mai spre dreapta;","C - bicicliștii pot fi depășiți fără restricții.","https://scoaladrpciv.ro/intrebare/va-este-permis-sa-depasiti-biciclistii-cbc1","https://scoaladrpciv.ro/storage/questions/720.jpeg","<div class="""">
                        <h4>Articolul 45</h4><p style=""margin-left:0cm;text-align:justify;"">(1)&nbsp;&nbsp; Depășirea este manevra prin care un vehicul trece înaintea altui vehicul ori pe lângă un obstacol, aflat pe același sens de circulație, prin schimbarea direcției de mers și ieșirea de pe banda de circulație sau din șirul de vehicule în care s-a aflat inițial.</p><p>(2)&nbsp;&nbsp;Conducătorul vehiculului care se angajează în depășire trebuie să se asigure că vehiculul care circulă în fața sau în spatele lui nu a inițiat o asemenea manevră.</p><p><span style=""background-color:hsl(60, 75%, 60%);"">(3)&nbsp;&nbsp;Atunci când prin manevra de depășire se trece peste axa care separa sensurile de circulație, conducătorii de vehicule trebuie să se asigure că din sens opus nu se apropie un vehicul și că dispun de spațiu suficient pentru a reintra pe banda inițială, unde au obligația să revină după efectuarea manevrei de depășire.</span></p><h4>Articolul 118</h4><p>(1) Conducãtorul de vehicul care efectueazã depãșirea este obligat:</p><ul style=""list-style-type:circle;""><li>a)&nbsp;&nbsp; sã se asigure cã acela care îl urmeazã sau îl precedã nu a semnalizat intenția începerii unei manevre similare și cã poate depãși fãrã a pune în pericol sau fãrã a stânjeni circulația din sens opus;</li><li>b)&nbsp;&nbsp; sã semnalizeze intenția de efectuare a depãșirii;</li><li><span style=""background-color:hsl(60, 75%, 60%);"">c)&nbsp;&nbsp; sã pãstreze în timpul depãșirii o distanțã lateralã suficientã fațã de vehiculul depãșit;</span></li><li>d)&nbsp;&nbsp; sã reintre pe banda sau în șirul de circulație inițial dupã ce a semnalizat și s-a asigurat cã poate efectua aceastã manevrã în condiții de siguranțã pentru vehiculul depãșit și pentru ceilalți participanți la trafic.</li></ul>


                    </div>","https://scoaladrpciv.ro/intrebari/categoria-b/depasirea"
"1790475693-378","https://scoaladrpciv.ro/intrebari/categoria-b","Ce obligaţii aveţi când sesizaţi că urmează să fiţi depăşit de un alt autovehicul?","B - să nu măriţi viteza de mers;","C - să circulaţi cât mai aproape de marginea din dreapta a carosabilului sau a benzii pe care vă deplasaţi.","","A - să reduceţi viteza de mers;","","https://scoaladrpciv.ro/intrebare/ce-obligatii-aveti-cand-sesizati-ca-urmeaza-sa-fiti-depasit-de-un-alt-autovehicul-886d","","<div class="""">
                        <p>Art. 119<br>Conducătorul de vehicul care urmează să fie depăşit este obligat:<br>a) să nu mărească viteza de deplasare;<br>b) să circule cât mai aproape de marginea din dreapta a părţii carosabile sau a benzii pe care se deplasează.</p>


                    </div>","https://scoaladrpciv.ro/intrebari/categoria-b/depasirea"
"1790475695-379","https://scoaladrpciv.ro/intrebari/categoria-b","Cum procedează conducătorul autovehiculului / tractorului agricol sau forestier,  în situația în care vehiculul din fața sa schimbă direcția de mers spre stânga, iar pe partea dreaptă nu este loc suficient pentru depășire?","C - așteaptă eliberarea benzii pentru a-și continua deplasarea.","","","A - semnalizează și execută depășirea cu viteză redusă;","B - încearcă depășirea prin stânga;","https://scoaladrpciv.ro/intrebare/cum-procedeaza-conducatorul-autovehiculului-tractorului-agricol-sau-forestier-in-situatia-in-care-vehiculul-din-fata-sa-schimba-directia-de-mers-spre-stanga-iar-pe-partea-dreapta-nu-este-loc-suficient-pentru-depasire-471e","","<div class="""">
                        <h4>Articolul 45</h4><p style=""margin-left:0cm;text-align:justify;"">(1)&nbsp;&nbsp; Depășirea este manevra prin care un vehicul trece înaintea altui vehicul ori pe lângă un obstacol, aflat pe același sens de circulație, prin schimbarea direcției de mers și ieșirea de pe banda de circulație sau din șirul de vehicule în care s-a aflat inițial.</p><p>(2)&nbsp;&nbsp;Conducătorul vehiculului care se angajează în depășire trebuie să se asigure că vehiculul care circulă în fața sau în spatele lui nu a inițiat o asemenea manevră.</p><p>(3)&nbsp;&nbsp;Atunci când prin manevra de depășire se trece peste axa care separa sensurile de circulație, conducătorii de vehicule trebuie să se asigure că din sens opus nu se apropie un vehicul și că dispun de spațiu suficient pentru a reintra pe banda inițială, unde au obligația să revină după efectuarea manevrei de depășire.</p><p>(4)&nbsp; Nu constituie depășire, în sensul alin. (1), situația în care un vehicul circulă mai repede pe una dintre benzi decât vehiculele care circulă pe altă bandă în același sens de circulație.</p><p><span style=""background-color:hsl(60, 75%, 60%);"">(5)&nbsp;&nbsp;Depășirea se efectuează numai pe partea stângă a vehiculului depășit. Tramvaiul sau vehiculul al cărui conducător a semnalizat intenția și s-a încadrat corespunzător părăsirii sensului de mers spre stânga se depășește prin partea dreapta.</span></p><p>(6)&nbsp;&nbsp;Tramvaiul aflat în mers poate fi depășit și pe partea stângă atunci când drumul este cu sens unic sau când între șina din dreapta și marginea trotuarului nu există spațiu suficient.</p>


                    </div>","https://scoaladrpciv.ro/intrebari/categoria-b/depasirea"
"1790475698-380","https://scoaladrpciv.ro/intrebari/categoria-b","Cum se execută depăşirea autoturismelor şi a autocamioanelor pe un drum fără marcaje, pe care circulaţia se desfăşoară în sens unic?","A - pe partea stângă;","","","B - pe partea dreaptă;","C - pe ambele părţi.","https://scoaladrpciv.ro/intrebare/cum-se-executa-depasirea-autoturismelor-si-a-autocamioanelor-pe-un-drum-fara-marcaje-pe-care-circulatia-se-desfasoara-in-sens-unic-27c8","","<div class="""">
                        <h4>Articolul 45</h4><p style=""margin-left:0cm;text-align:justify;"">(1)&nbsp;&nbsp; Depășirea este manevra prin care un vehicul trece înaintea altui vehicul ori pe lângă un obstacol, aflat pe același sens de circulație, prin schimbarea direcției de mers și ieșirea de pe banda de circulație sau din șirul de vehicule în care s-a aflat inițial.</p><p>(2)&nbsp;&nbsp;Conducătorul vehiculului care se angajează în depășire trebuie să se asigure că vehiculul care circulă în fața sau în spatele lui nu a inițiat o asemenea manevră.</p><p>(3)&nbsp;&nbsp;Atunci când prin manevra de depășire se trece peste axa care separa sensurile de circulație, conducătorii de vehicule trebuie să se asigure că din sens opus nu se apropie un vehicul și că dispun de spațiu suficient pentru a reintra pe banda inițială, unde au obligația să revină după efectuarea manevrei de depășire.</p><p>(4)&nbsp; Nu constituie depășire, în sensul alin. (1), situația în care un vehicul circulă mai repede pe una dintre benzi decât vehiculele care circulă pe altă bandă în același sens de circulație.</p><p><span style=""background-color:hsl(60, 75%, 60%);"">(5)&nbsp;&nbsp;Depășirea se efectuează numai pe partea stângă a vehiculului depășit. Tramvaiul sau vehiculul al cărui conducător a semnalizat intenția și s-a încadrat corespunzător părăsirii sensului de mers spre stânga se depășește prin partea dreapta.</span></p><p>(6)&nbsp;&nbsp;Tramvaiul aflat în mers poate fi depășit și pe partea stângă atunci când drumul este cu sens unic sau când între șina din dreapta și marginea trotuarului nu există spațiu suficient.</p>


                    </div>","https://scoaladrpciv.ro/intrebari/categoria-b/depasirea"
"1790475700-381","https://scoaladrpciv.ro/intrebari/categoria-b","În care dintre situaţii este permisă depăşirea?","B - în intersecţiile dirijate;","","","A - în intersecţiile dirijate prin semnale sonore;","C - în intersecţiile nedirijate.","https://scoaladrpciv.ro/intrebare/in-care-dintre-situatii-este-permisa-depasirea-9b13","","<div class="""">
                        <h4>Articolul 120</h4><p>(1)&nbsp;&nbsp; Se interzice depãșirea vehiculelor:&nbsp;</p><ul style=""list-style-type:circle;""><li>a) în intersecții cu circulația nedirijatã;</li><li>b)&nbsp;&nbsp; în apropierea vârfurilor de rampa, când vizibilitatea este redusã sub 50 m;</li><li>c)&nbsp; în curbe și în orice alte locuri unde vizibilitatea este redusã sub 50 m;</li><li>d)&nbsp;&nbsp;pe pasaje denivelate, pe poduri, sub poduri și în tuneluri. Prin excepție, pot fi depãșite în aceste locuri vehiculele cu tracțiune animalã, motocicletele fãrã ataș, mopedele, bicicletele și trotinetele electrice, dacã vizibilitatea asupra drumului este asiguratã pe o distanțã mai mare de 20 m, iar lãțimea drumului este de cel puțin 7 m;</li><li>e)&nbsp;&nbsp; pe trecerile pentru pietoni semnalizate prin indicatoare și marcaje;</li><li>f)&nbsp;&nbsp; pe trecerile la nivel cu calea feratã curentã și la mai puțin de 50 m înainte de acestea;</li><li>g)&nbsp;&nbsp; în dreptul stației pentru tramvai, atunci când acesta este oprit, iar stația nu este prevãzutã cu refugiu pentru pietoni;</li><li>h)&nbsp;&nbsp; în zona de acțiune a indicatorului ""Depãșirea interzisã"";</li><li>i)&nbsp;&nbsp; când pentru efectuarea manevrei se încalcã marcajul continuu, simplu sau dublu, care desparte sensurile de mers, iar autovehiculul circulã, chiar și parțial, pe sensul opus, ori se încalcã marcajul care delimiteazã spațiul de interzicere;</li><li>j)&nbsp;&nbsp; când din sens opus se apropie un alt vehicul, iar conducãtorul acestuia este obligat sã efectueze manevre de evitare a coliziunii;</li><li>k)&nbsp;&nbsp; pe sectorul de drum unde s-a format o coloana de vehicule în așteptare, dacã prin aceasta se intrã pe sensul opus de circulație.</li></ul><p>(2) Se interzice depãșirea coloanei oficiale.</p>


                    </div>","https://scoaladrpciv.ro/intrebari/categoria-b/depasirea"
"1790475702-382","https://scoaladrpciv.ro/intrebari/categoria-b","În care dintre următoarele situaţii nu este permisă depăşirea?","B - în apropierea vârfurilor de rampă, când vizibilitatea este sub 50 m;","C - într-o intersecţie nedirijată.","","A - când autobuzul se află oprit în staţie;","","https://scoaladrpciv.ro/intrebare/in-care-dintre-urmatoarele-situatii-nu-este-permisa-depasirea-c8d3","","<div class="""">
                        <h4>Articolul 120</h4><p>(1)&nbsp;&nbsp; Se interzice depãșirea vehiculelor:&nbsp;</p><ul style=""list-style-type:circle;""><li><span style=""background-color:hsl(60, 75%, 60%);"">a) în intersecții cu circulația nedirijatã;</span></li><li><span style=""background-color:hsl(60, 75%, 60%);"">b)&nbsp;&nbsp; în apropierea vârfurilor de rampa, când vizibilitatea este redusã sub 50 m;</span></li><li>c)&nbsp; în curbe și în orice alte locuri unde vizibilitatea este redusã sub 50 m;</li><li>d)&nbsp;&nbsp;pe pasaje denivelate, pe poduri, sub poduri și în tuneluri. Prin excepție, pot fi depãșite în aceste locuri vehiculele cu tracțiune animalã, motocicletele fãrã ataș, mopedele, bicicletele și trotinetele electrice, dacã vizibilitatea asupra drumului este asiguratã pe o distanțã mai mare de 20 m, iar lãțimea drumului este de cel puțin 7 m;</li><li>e)&nbsp;&nbsp; pe trecerile pentru pietoni semnalizate prin indicatoare și marcaje;</li><li>f)&nbsp;&nbsp; pe trecerile la nivel cu calea feratã curentã și la mai puțin de 50 m înainte de acestea;</li><li>g)&nbsp;&nbsp; în dreptul stației pentru tramvai, atunci când acesta este oprit, iar stația nu este prevãzutã cu refugiu pentru pietoni;</li><li>h)&nbsp;&nbsp; în zona de acțiune a indicatorului ""Depãșirea interzisã"";</li><li>i)&nbsp;&nbsp; când pentru efectuarea manevrei se încalcã marcajul continuu, simplu sau dublu, care desparte sensurile de mers, iar autovehiculul circulã, chiar și parțial, pe sensul opus, ori se încalcã marcajul care delimiteazã spațiul de interzicere;</li><li>j)&nbsp;&nbsp; când din sens opus se apropie un alt vehicul, iar conducãtorul acestuia este obligat sã efectueze manevre de evitare a coliziunii;</li><li>k)&nbsp;&nbsp; pe sectorul de drum unde s-a format o coloana de vehicule în așteptare, dacã prin aceasta se intrã pe sensul opus de circulație.</li></ul><p>(2) Se interzice depãșirea coloanei oficiale.</p>


                    </div>","https://scoaladrpciv.ro/intrebari/categoria-b/depasirea"
"1790475705-383","https://scoaladrpciv.ro/intrebari/categoria-b","În ce situaţii nu vă este permisă depăşirea?","C - într-o intersecţie nedirijată.","","","A - când un autobuz se află oprit în staţie;","B - pe un drum în rampă, când vizibilitatea este peste 50 m;","https://scoaladrpciv.ro/intrebare/in-ce-situatii-nu-va-este-permisa-depasirea-359b","","<div class="""">
                        <h4>Articolul 120</h4><p>(1)&nbsp;&nbsp; Se interzice depãșirea vehiculelor:&nbsp;</p><ul style=""list-style-type:circle;""><li><span style=""background-color:hsl(60,75%,60%);"">a) în intersecții cu circulația nedirijatã;</span></li><li>b)&nbsp;&nbsp; în apropierea vârfurilor de rampa, când vizibilitatea este redusã sub 50 m;</li><li>c)&nbsp; în curbe și în orice alte locuri unde vizibilitatea este redusã sub 50 m;</li><li>d)&nbsp;&nbsp;pe pasaje denivelate, pe poduri, sub poduri și în tuneluri. Prin excepție, pot fi depãșite în aceste locuri vehiculele cu tracțiune animalã, motocicletele fãrã ataș, mopedele, bicicletele și trotinetele electrice, dacã vizibilitatea asupra drumului este asiguratã pe o distanțã mai mare de 20 m, iar lãțimea drumului este de cel puțin 7 m;</li><li>e)&nbsp;&nbsp; pe trecerile pentru pietoni semnalizate prin indicatoare și marcaje;</li><li>f)&nbsp;&nbsp; pe trecerile la nivel cu calea feratã curentã și la mai puțin de 50 m înainte de acestea;</li><li>g)&nbsp;&nbsp; în dreptul stației pentru tramvai, atunci când acesta este oprit, iar stația nu este prevãzutã cu refugiu pentru pietoni;</li><li>h)&nbsp;&nbsp; în zona de acțiune a indicatorului ""Depãșirea interzisã"";</li><li>i)&nbsp;&nbsp; când pentru efectuarea manevrei se încalcã marcajul continuu, simplu sau dublu, care desparte sensurile de mers, iar autovehiculul circulã, chiar și parțial, pe sensul opus, ori se încalcã marcajul care delimiteazã spațiul de interzicere;</li><li>j)&nbsp;&nbsp; când din sens opus se apropie un alt vehicul, iar conducãtorul acestuia este obligat sã efectueze manevre de evitare a coliziunii;</li><li>k)&nbsp;&nbsp; pe sectorul de drum unde s-a format o coloana de vehicule în așteptare, dacã prin aceasta se intrã pe sensul opus de circulație.</li></ul><p>(2) Se interzice depãșirea coloanei oficiale.</p>


                    </div>","https://scoaladrpciv.ro/intrebari/categoria-b/depasirea"
"1790475707-384","https://scoaladrpciv.ro/intrebari/categoria-b","În care dintre situaţii este interzisă depăşirea?","A - în apropierea vârfurilor de rampă, când vizibilitatea este redusă sub 50 m;","B - în curbe, dacă vizibilitatea este redusă sub 50 m;","","C - la întâlnirea indicatorului „Drum cu prioritate“.","","https://scoaladrpciv.ro/intrebare/in-care-dintre-situatii-este-interzisa-depasirea-8126","","<div class="""">
                        <h4>Articolul 120</h4><p>(1)&nbsp;&nbsp; Se interzice depãșirea vehiculelor:&nbsp;</p><ul style=""list-style-type:circle;""><li>a) în intersecții cu circulația nedirijatã;</li><li><span style=""background-color:hsl(60, 75%, 60%);"">b)&nbsp;&nbsp; în apropierea vârfurilor de rampa, când vizibilitatea este redusã sub 50 m;</span></li><li><span style=""background-color:hsl(60, 75%, 60%);"">c)&nbsp; în curbe și în orice alte locuri unde vizibilitatea este redusã sub 50 m;</span></li><li>d)&nbsp;&nbsp;pe pasaje denivelate, pe poduri, sub poduri și în tuneluri. Prin excepție, pot fi depãșite în aceste locuri vehiculele cu tracțiune animalã, motocicletele fãrã ataș, mopedele, bicicletele și trotinetele electrice, dacã vizibilitatea asupra drumului este asiguratã pe o distanțã mai mare de 20 m, iar lãțimea drumului este de cel puțin 7 m;</li><li>e)&nbsp;&nbsp; pe trecerile pentru pietoni semnalizate prin indicatoare și marcaje;</li><li>f)&nbsp;&nbsp; pe trecerile la nivel cu calea feratã curentã și la mai puțin de 50 m înainte de acestea;</li><li>g)&nbsp;&nbsp; în dreptul stației pentru tramvai, atunci când acesta este oprit, iar stația nu este prevãzutã cu refugiu pentru pietoni;</li><li>h)&nbsp;&nbsp; în zona de acțiune a indicatorului ""Depãșirea interzisã"";</li><li>i)&nbsp;&nbsp; când pentru efectuarea manevrei se încalcã marcajul continuu, simplu sau dublu, care desparte sensurile de mers, iar autovehiculul circulã, chiar și parțial, pe sensul opus, ori se încalcã marcajul care delimiteazã spațiul de interzicere;</li><li>j)&nbsp;&nbsp; când din sens opus se apropie un alt vehicul, iar conducãtorul acestuia este obligat sã efectueze manevre de evitare a coliziunii;</li><li>k)&nbsp;&nbsp; pe sectorul de drum unde s-a format o coloana de vehicule în așteptare, dacã prin aceasta se intrã pe sensul opus de circulație.</li></ul><p>(2) Se interzice depãșirea coloanei oficiale.</p>


                    </div>","https://scoaladrpciv.ro/intrebari/categoria-b/depasirea"
"1790475709-385","https://scoaladrpciv.ro/intrebari/categoria-b","Pot fi depășite autovehiculele pe partea dreaptă?","C - da, în cazul vehiculelor care urmează să vireze la stânga, iar spațiul rămas permite depășirea prin dreapta.","","","A - nu, în nicio situație;","B - da, dacă spațiul lateral dintre vehicule permite acest lucru;","https://scoaladrpciv.ro/intrebare/pot-fi-depasite-autovehiculele-pe-partea-dreapta-c2b2","","<div class="""">
                        <h4>Articolul 45</h4><p style=""margin-left:0cm;text-align:justify;"">(1)&nbsp;&nbsp; Depășirea este manevra prin care un vehicul trece înaintea altui vehicul ori pe lângă un obstacol, aflat pe același sens de circulație, prin schimbarea direcției de mers și ieșirea de pe banda de circulație sau din șirul de vehicule în care s-a aflat inițial.</p><p>(2)&nbsp;&nbsp;Conducătorul vehiculului care se angajează în depășire trebuie să se asigure că vehiculul care circulă în fața sau în spatele lui nu a inițiat o asemenea manevră.</p><p>(3)&nbsp;&nbsp;Atunci când prin manevra de depășire se trece peste axa care separa sensurile de circulație, conducătorii de vehicule trebuie să se asigure că din sens opus nu se apropie un vehicul și că dispun de spațiu suficient pentru a reintra pe banda inițială, unde au obligația să revină după efectuarea manevrei de depășire.</p><p>(4)&nbsp; Nu constituie depășire, în sensul alin. (1), situația în care un vehicul circulă mai repede pe una dintre benzi decât vehiculele care circulă pe altă bandă în același sens de circulație.</p><p><span style=""background-color:hsl(60, 75%, 60%);"">(5)&nbsp;&nbsp;Depășirea se efectuează numai pe partea stângă a vehiculului depășit. Tramvaiul sau vehiculul al cărui conducător a semnalizat intenția și s-a încadrat corespunzător părăsirii sensului de mers spre stânga se depășește prin partea dreapta.</span></p><p>(6)&nbsp;&nbsp;Tramvaiul aflat în mers poate fi depășit și pe partea stângă atunci când drumul este cu sens unic sau când între șina din dreapta și marginea trotuarului nu există spațiu suficient.</p>


                    </div>","https://scoaladrpciv.ro/intrebari/categoria-b/depasirea"
"1790475712-386","https://scoaladrpciv.ro/intrebari/categoria-b","Cum trebuie să procedeze conducătorul de autovehiculul / tractorul agricol sau forestier, înainte de a se angaja într-o depășire?","C - se asigură că manevra se poate efectua în condiții de siguranță, după care semnalizează intenția de a schimba direcția de mers.","","","A - semnalizează și se apropie cât mai mult de axul drumului, pentru a-și asigura vizibilitatea asupra circulației din sens opus;","B - avertizează prin semnale acustice sau optice pe conducătorul vehiculului ce urmează a fi depășit;","https://scoaladrpciv.ro/intrebare/cum-trebuie-sa-procedeze-conducatorul-de-autovehiculul-tractorul-agricol-sau-forestier-inainte-de-a-se-angaja-intr-o-depasire-4985","","<div class="""">
                        <p>Art. 118<br>Conducătorul de vehicul care efectuează depăşirea este obligat:<br>a) să se asigure că acela care îl urmează sau îl precedă nu a semnalizat intenţia începerii unei manevre similare şi că poate depăşi fără a pune în pericol sau fără a stânjeni circulaţia din sens opus;<br><span style=""background-color: #f1c40f;"">b) să semnalizeze intenţia de efectuare a depăşirii;</span><br>c) să păstreze în timpul depăşirii o distanţă laterală suficientă faţă de vehiculul depăşit;<br>d) să reintre pe banda sau în şirul de circulaţie iniţial după ce a semnalizat şi s-a asigurat că poate efectua această manevră în condiţii de siguranţă pentru vehiculul depăşit şi pentru ceilalţi participanţi la trafic.</p>


                    </div>","https://scoaladrpciv.ro/intrebari/categoria-b/depasirea"
"1790475714-387","https://scoaladrpciv.ro/intrebari/categoria-b","Cum trebuie să procedaţi dacă, circulând cu viteza maximă admisă de lege, observaţi că un alt autovehicul încearcă să vă depăşească?","A - să nu măriţi viteza şi să circulaţi pe partea din dreapta a drumului, permiţând efectuarea depăşirii;","","","B - să semnalizaţi cu lumina intermitentă că aţi înţeles intenţia celuilalt autovehicul de a vă depăşi;","C - să folosiţi semnalele sonore şi luminoase, pentru a-l atenţiona pe conducătorul celuilalt autovehicul că depăşeşte limita vitezei.","https://scoaladrpciv.ro/intrebare/cum-trebuie-sa-procedati-daca-circuland-cu-viteza-maxima-admisa-de-lege-observati-ca-un-alt-autovehicul-incearca-sa-va-depaseasca-b420","","<div class="""">
                        <p>Art. 119<br>Conducătorul de vehicul care urmează să fie depăşit este obligat:<br>a) să nu mărească viteza de deplasare;<br><span style=""background-color:hsl(60, 75%, 60%);"">b) să circule cât mai aproape de marginea din dreapta a părţii carosabile sau a benzii pe care se deplasează.</span></p>


                    </div>","https://scoaladrpciv.ro/intrebari/categoria-b/depasirea"
"1790475716-388","https://scoaladrpciv.ro/intrebari/categoria-b","Tramvaiul poate fi depăşit pe partea stângă?","C - da, atunci când între şina din dreapta şi bordură nu există spaţiu suficient pentru depăşire.","","","A - nu;","B - da, în staţiile fără refugiu, pentru protejarea călătorilor care urcă sau coboară;","https://scoaladrpciv.ro/intrebare/tramvaiul-poate-fi-depasit-pe-partea-stanga-37f5","","<div class="""">
                        <p>Art. 45<br>(1) Depasirea este manevra prin care un vehicul trece inaintea altui vehicul ori pe langa un obstacol, aflat pe acelasi sens de circulatie, prin schimbarea directiei de mers si iesirea de pe banda de circulatie sau din sirul de vehicule in care s-a aflat initial.<br>(2) Conducatorul vehiculului care se angajeaza in depasire trebuie sa se asigure ca vehiculul care circula in fata sau in spatele lui nu a initiat o asemenea manevra.<br>(3) Atunci cand prin manevra de depasire se trece peste axa care separa sensurile de circulatie, conducatorii de vehicule trebuie sa se asigure ca din sens opus nu se apropie un vehicul si ca dispun de spatiu suficient pentru a reintra pe banda initiala, unde au obligatia sa revina dupa efectuarea manevrei de depasire.<br>(4) Nu constituie depasire, in sensul alin.(1), situatia in care un vehicul circula mai repede pe una dintre benzi decat vehiculele care circula pe alta banda in acelasi sens de circulatie.<br>(5) Depasirea se efectueaza numai pe partea stanga a vehiculului depasit. Tramvaiul sau vehiculul al carui conducator a semnalizat intentia si s-a incadrat corespunzator parasirii sensului de mers spre stanga se depaseste prin partea dreapta.<br><span style=""background-color:hsl(60, 75%, 60%);"">(6) Tramvaiul aflat in mers poate fi depasit si pe partea stanga atunci cand drumul este cu sens unic sau cand intre sina din dreapta si marginea trotuarului nu exista spatiu suficient.</span></p>


                    </div>","https://scoaladrpciv.ro/intrebari/categoria-b/depasirea"
"1790475718-389","https://scoaladrpciv.ro/intrebari/categoria-b","Cum se semnalizează, noaptea, intenția de a depăși alt vehicul, într-o localitate, pe un drum neiluminat?","B - cu luminile indicatoare de direcție;","","","A - cu faza de drum a luminii farurilor;","C - prin folosirea combinată a fazei scurte și a semnalului sonor.","https://scoaladrpciv.ro/intrebare/cum-se-semnalizeaza-noaptea-intentia-de-a-depasi-alt-vehicul-intr-o-localitate-pe-un-drum-neiluminat-2707","","<div class="""">
                        <p>Art. 118<br>Conducătorul de vehicul care efectuează depăşirea este obligat:<br>a) să se asigure că acela care îl urmează sau îl precedă nu a semnalizat intenţia începerii unei manevre similare şi că poate depăşi fără a pune în pericol sau fără a stânjeni circulaţia din sens opus;<br><span style=""background-color:hsl(60, 75%, 60%);"">b) să semnalizeze intenţia de efectuare a depăşirii;</span><br>c) să păstreze în timpul depăşirii o distanţă laterală suficientă faţă de vehiculul depăşit;<br>d) să reintre pe banda sau în şirul de circulaţie iniţial după ce a semnalizat şi s-a asigurat că poate efectua această manevră în condiţii de siguranţă pentru vehiculul depăşit şi pentru ceilalţi participanţi la trafic.</p>


                    </div>","https://scoaladrpciv.ro/intrebari/categoria-b/depasirea"
"1790475721-390","https://scoaladrpciv.ro/intrebari/categoria-b","În care dintre situațiile prezentate este interzisă depășirea vehiculelor pe drumurile publice?","C - la trecerile pentru pietoni prevăzute cu indicatoare și marcaje.","","","A - la întâlnirea indicatorului „Circulație în ambele sensuri“;","B - la o distanță mai mică de 50 m de stația de tramvai, când acesta este oprit;","https://scoaladrpciv.ro/intrebare/in-care-dintre-situatiile-prezentate-este-interzisa-depasirea-vehiculelor-pe-drumurile-publice-bf3c","","<div class="""">
                        <h4>Articolul 120</h4><p>(1)&nbsp;&nbsp; Se interzice depãșirea vehiculelor: a) în intersecții cu circulația nedirijatã;</p><ul style=""list-style-type:circle;""><li>b)&nbsp;&nbsp; în apropierea vârfurilor de rampa, când vizibilitatea este redusã sub 50 m;</li><li>c)&nbsp; în curbe și în orice alte locuri unde vizibilitatea este redusã sub 50 m;</li><li>d)&nbsp;&nbsp;pe pasaje denivelate, pe poduri, sub poduri și în tuneluri. Prin excepție, pot fi depãșite în aceste locuri vehiculele cu tracțiune animalã, motocicletele fãrã ataș, mopedele, bicicletele și trotinetele electrice, dacã vizibilitatea asupra drumului este asiguratã pe o distanțã mai mare de 20 m, iar lãțimea drumului este de cel puțin 7 m;</li><li><span style=""background-color:hsl(60, 75%, 60%);"">e)&nbsp;&nbsp; pe trecerile pentru pietoni semnalizate prin indicatoare și marcaje;</span></li><li>f)&nbsp;&nbsp; pe trecerile la nivel cu calea feratã curentã și la mai puțin de 50 m înainte de acestea;</li><li>g)&nbsp;&nbsp; în dreptul stației pentru tramvai, atunci când acesta este oprit, iar stația nu este prevãzutã cu refugiu pentru pietoni;</li><li>h)&nbsp;&nbsp; în zona de acțiune a indicatorului ""Depãșirea interzisã"";</li><li>i)&nbsp;&nbsp; când pentru efectuarea manevrei se încalcã marcajul continuu, simplu sau dublu, care desparte sensurile de mers, iar autovehiculul circulã, chiar și parțial, pe sensul opus, ori se încalcã marcajul care delimiteazã spațiul de interzicere;</li><li>j)&nbsp;&nbsp; când din sens opus se apropie un alt vehicul, iar conducãtorul acestuia este obligat sã efectueze manevre de evitare a coliziunii;</li><li>k)&nbsp;&nbsp; pe sectorul de drum unde s-a format o coloana de vehicule în așteptare, dacã prin aceasta se intrã pe sensul opus de circulație.</li></ul><p>(2) Se interzice depãșirea coloanei oficiale.</p>


                    </div>","https://scoaladrpciv.ro/intrebari/categoria-b/depasirea"
"1790475723-391","https://scoaladrpciv.ro/intrebari/categoria-b","Se consideră depășire faptul că vehiculele de pe o bandă circulă mai repede decât vehiculele de pe celelalte benzi?","A - nu;","","","B - nu, dacă se circulă pe banda din stânga;","C - da, dacă se circulă pe banda din dreapta.","https://scoaladrpciv.ro/intrebare/se-considera-depasire-faptul-ca-vehiculele-de-pe-o-banda-circula-mai-repede-decat-vehiculele-de-pe-celelalte-benzi-104f","","<div class="""">
                        <h4>Articolul 45</h4><p style=""margin-left:0cm;text-align:justify;"">(1)&nbsp;&nbsp; Depășirea este manevra prin care un vehicul trece înaintea altui vehicul ori pe lângă un obstacol, aflat pe același sens de circulație, prin schimbarea direcției de mers și ieșirea de pe banda de circulație sau din șirul de vehicule în care s-a aflat inițial.</p><p>(2)&nbsp;&nbsp;Conducătorul vehiculului care se angajează în depășire trebuie să se asigure că vehiculul care circulă în fața sau în spatele lui nu a inițiat o asemenea manevră.</p><p>(3)&nbsp;&nbsp;Atunci când prin manevra de depășire se trece peste axa care separa sensurile de circulație, conducătorii de vehicule trebuie să se asigure că din sens opus nu se apropie un vehicul și că dispun de spațiu suficient pentru a reintra pe banda inițială, unde au obligația să revină după efectuarea manevrei de depășire.</p><p><span style=""background-color:hsl(60, 75%, 60%);"">(4)&nbsp; Nu constituie depășire, în sensul alin. (1), situația în care un vehicul circulă mai repede pe una dintre benzi decât vehiculele care circulă pe altă bandă în același sens de circulație.</span></p><p>(5)&nbsp;&nbsp;Depășirea se efectuează numai pe partea stângă a vehiculului depășit. Tramvaiul sau vehiculul al cărui conducător a semnalizat intenția și s-a încadrat corespunzător părăsirii sensului de mers spre stânga se depășește prin partea dreapta.</p><p>(6)&nbsp;&nbsp;Tramvaiul aflat în mers poate fi depășit și pe partea stângă atunci când drumul este cu sens unic sau când între șina din dreapta și marginea trotuarului nu există spațiu suficient.</p>


                    </div>","https://scoaladrpciv.ro/intrebari/categoria-b/depasirea"
"1790475725-392","https://scoaladrpciv.ro/intrebari/categoria-b","Precizaţi în care dintre situaţiile de mai jos este interzisă depăşirea:","B - pe trecerile pentru pietoni sau pe cele la nivel cu calea ferată curentă şi la mai puţin de 50 m de acestea;","C - în situaţia în care, din sens opus, un vehicul este nevoit să execute o manevră, pentru a evita coliziunea.","","A - la coborârile a căror pantă depăşeşte 10%;","","https://scoaladrpciv.ro/intrebare/precizati-in-care-dintre-situatiile-de-mai-jos-este-interzisa-depasirea-dc80","","<div class="""">
                        <p>Art. 120<br>(1) Se interzice depăşirea vehiculelor:<br>a) în intersecţii cu circulaţia nedirijată;<br>b) în apropierea vârfurilor de rampă, când vizibilitatea este redusă sub 50 m;<br>c) în curbe şi în orice alte locuri unde vizibilitatea este redusă sub 50 m;<br>d) pe pasaje denivelate, pe poduri, sub poduri şi în tuneluri. Prin excepţie, pot fi depăşite în aceste locuri vehiculele cu tracţiune animală, motocicletele fără ataş, mopedele şi bicicletele, dacă vizibilitatea asupra drumului este asigurată pe o distanţă mai mare de 20 m, iar lăţimea drumului este de cel puţin 7 m;<br><span style=""background-color:hsl(60, 75%, 60%);"">e) pe trecerile pentru pietoni semnalizate prin indicatoare şi marcaje;</span><br><span style=""background-color:hsl(60, 75%, 60%);"">f) pe trecerile la nivel cu calea ferată curentă şi la mai puţin de 50 m înainte de acestea;</span><br>g) în dreptul staţiei pentru tramvai, atunci când acesta este oprit, iar staţia nu este prevăzută cu refugiu pentru pietoni;<br>h) în zona de acţiune a indicatorului „Depăşirea interzisă“;<br>i) când pentru efectuarea manevrei se încalcă marcajul continuu, simplu sau dublu, care desparte sensurile de mers, iar autovehiculul circulă, chiar şi parţial, pe sensul opus, ori se încalcă marcajul care delimitează spaţiul de interzicere;<br><span style=""background-color:hsl(60, 75%, 60%);"">j) când din sens opus se apropie un alt vehicul, iar conducătorul acestuia este obligat să efectueze manevre de evitare a coliziunii;</span><br>k) pe sectorul de drum unde s-a format o coloană de vehicule în aşteptare, dacă prin aceasta se intră pe sensul opus de circulaţie.&nbsp;<br>(2) Se interzice depăşirea coloanei oficiale.</p>


                    </div>","https://scoaladrpciv.ro/intrebari/categoria-b/depasirea"
"1790475728-393","https://scoaladrpciv.ro/intrebari/categoria-b","Din ce direcție trebuie să se asigure un conducător auto, înainte de a trece la efectuarea unei depășiri?","C - atât din față, cât și din spate.","","","A - din față;","B - din spate;","https://scoaladrpciv.ro/intrebare/din-ce-directie-trebuie-sa-se-asigure-un-conducator-auto-inainte-de-a-trece-la-efectuarea-unei-depasiri-5430","","<div class="""">
                        <h4>Articolul 118</h4><p>(1) Conducãtorul de vehicul care efectueazã depãșirea este obligat:</p><ul style=""list-style-type:circle;""><li><span style=""background-color:hsl(60, 75%, 60%);"">a)&nbsp;&nbsp; sã se asigure cã acela care îl urmeazã sau îl precedã nu a semnalizat intenția începerii unei manevre similare și cã poate depãși fãrã a pune în pericol sau fãrã a stânjeni circulația din sens opus;</span></li><li>b)&nbsp;&nbsp; sã semnalizeze intenția de efectuare a depãșirii;</li><li>c)&nbsp;&nbsp; sã pãstreze în timpul depãșirii o distanțã lateralã suficientã fațã de vehiculul depãșit;</li><li>d)&nbsp;&nbsp; sã reintre pe banda sau în șirul de circulație inițial dupã ce a semnalizat și s-a asigurat cã poate efectua aceastã manevrã în condiții de siguranțã pentru vehiculul depãșit și pentru ceilalți participanți la trafic.</li></ul><p>(2)&nbsp;&nbsp; Pentru asigurarea distanței laterale de siguranțã, la depãșirea unei biciclete sau a unei trotinete electrice conducãtorii de autovehicule, altele decât cele care se deplaseazã pe douã roți, realizeazã aceastã manevrã prin trecerea peste marcajul longitudinal de separare a sensurilor de circulație ori de separare a benzilor pe același sens, cu cel puțin jumãtate din lãțimea autovehiculului atunci când viteza acestuia de deplasare este mai mare de 50 km/h, sau cel puțin prin încãlcarea acestor marcaje atunci când viteza de deplasare este de cel mult 50 km/h.</p>


                    </div>","https://scoaladrpciv.ro/intrebari/categoria-b/depasirea"
"1790475730-394","https://scoaladrpciv.ro/intrebari/categoria-b","În care dintre situaţii este interzisă depăşirea unui moped?","A - pe trecerile pentru pietoni, semnalizate cu indicator sau cu marcaj;","B - la mai puţin de 50 m de trecerile la nivel cu calea ferată;","","C - în zona de acţiune a indicatorului „Depăşirea autovehiculelor, cu excepţia motocicletelor fără ataş, interzisă“.","","https://scoaladrpciv.ro/intrebare/in-care-dintre-situatii-este-interzisa-depasirea-unui-moped-1a1d","","<div class="""">
                        <h4>Articolul 120</h4><p>(1)&nbsp;&nbsp; Se interzice depãșirea vehiculelor: a) în intersecții cu circulația nedirijatã;</p><ul style=""list-style-type:circle;""><li>b)&nbsp;&nbsp; în apropierea vârfurilor de rampa, când vizibilitatea este redusã sub 50 m;</li><li>c)&nbsp; în curbe și în orice alte locuri unde vizibilitatea este redusã sub 50 m;</li><li>d)&nbsp;&nbsp;pe pasaje denivelate, pe poduri, sub poduri și în tuneluri. Prin excepție, pot fi depãșite în aceste locuri vehiculele cu tracțiune animalã, motocicletele fãrã ataș, mopedele, bicicletele și trotinetele electrice, dacã vizibilitatea asupra drumului este asiguratã pe o distanțã mai mare de 20 m, iar lãțimea drumului este de cel puțin 7 m;</li><li><span style=""background-color:hsl(60, 75%, 60%);"">e)&nbsp;&nbsp; pe trecerile pentru pietoni semnalizate prin indicatoare și marcaje;</span></li><li><span style=""background-color:hsl(60, 75%, 60%);"">f)&nbsp;&nbsp; pe trecerile la nivel cu calea feratã curentã și la mai puțin de 50 m înainte de acestea;</span></li><li>g)&nbsp;&nbsp; în dreptul stației pentru tramvai, atunci când acesta este oprit, iar stația nu este prevãzutã cu refugiu pentru pietoni;</li><li>h)&nbsp;&nbsp; în zona de acțiune a indicatorului ""Depãșirea interzisã"";</li><li>i)&nbsp;&nbsp; când pentru efectuarea manevrei se încalcã marcajul continuu, simplu sau dublu, care desparte sensurile de mers, iar autovehiculul circulã, chiar și parțial, pe sensul opus, ori se încalcã marcajul care delimiteazã spațiul de interzicere;</li><li>j)&nbsp;&nbsp; când din sens opus se apropie un alt vehicul, iar conducãtorul acestuia este obligat sã efectueze manevre de evitare a coliziunii;</li><li>k)&nbsp;&nbsp; pe sectorul de drum unde s-a format o coloana de vehicule în așteptare, dacã prin aceasta se intrã pe sensul opus de circulație.</li></ul><p>(2) Se interzice depãșirea coloanei oficiale.</p>


                    </div>","https://scoaladrpciv.ro/intrebari/categoria-b/depasirea"
"1790475732-395","https://scoaladrpciv.ro/intrebari/categoria-b","Ce vehicule pot fi depășite, prin excepție, pe un pod?","A - vehiculele cu tracțiune animală, motociclete fără ataș și biciclete;","","","B - tractoarele și alte autovehicule lente;","C - niciun vehicul.","https://scoaladrpciv.ro/intrebare/ce-vehicule-pot-fi-depasite-prin-exceptie-pe-un-pod-9d04","","<div class="""">
                        <h4>Articolul 120</h4><p>(1)&nbsp;&nbsp; Se interzice depãșirea vehiculelor:&nbsp;</p><ul style=""list-style-type:circle;""><li>a) în intersecții cu circulația nedirijatã;</li><li>b)&nbsp;&nbsp; în apropierea vârfurilor de rampa, când vizibilitatea este redusã sub 50 m;</li><li>c)&nbsp; în curbe și în orice alte locuri unde vizibilitatea este redusã sub 50 m;</li><li><span style=""background-color:hsl(60, 75%, 60%);"">d)&nbsp;&nbsp;pe pasaje denivelate, pe poduri, sub poduri și în tuneluri. Prin excepție, pot fi depãșite în aceste locuri vehiculele cu tracțiune animalã, motocicletele fãrã ataș, mopedele, bicicletele și trotinetele electrice, dacã vizibilitatea asupra drumului este asiguratã pe o distanțã mai mare de 20 m, iar lãțimea drumului este de cel puțin 7 m;</span></li><li>e)&nbsp;&nbsp; pe trecerile pentru pietoni semnalizate prin indicatoare și marcaje;</li><li>f)&nbsp;&nbsp; pe trecerile la nivel cu calea feratã curentã și la mai puțin de 50 m înainte de acestea;</li><li>g)&nbsp;&nbsp; în dreptul stației pentru tramvai, atunci când acesta este oprit, iar stația nu este prevãzutã cu refugiu pentru pietoni;</li><li>h)&nbsp;&nbsp; în zona de acțiune a indicatorului ""Depãșirea interzisã"";</li><li>i)&nbsp;&nbsp; când pentru efectuarea manevrei se încalcã marcajul continuu, simplu sau dublu, care desparte sensurile de mers, iar autovehiculul circulã, chiar și parțial, pe sensul opus, ori se încalcã marcajul care delimiteazã spațiul de interzicere;</li><li>j)&nbsp;&nbsp; când din sens opus se apropie un alt vehicul, iar conducãtorul acestuia este obligat sã efectueze manevre de evitare a coliziunii;</li><li>k)&nbsp;&nbsp; pe sectorul de drum unde s-a format o coloana de vehicule în așteptare, dacã prin aceasta se intrã pe sensul opus de circulație.</li></ul><p>(2) Se interzice depãșirea coloanei oficiale.</p>


                    </div>","https://scoaladrpciv.ro/intrebari/categoria-b/depasirea"
"1790475735-396","https://scoaladrpciv.ro/intrebari/categoria-b","În care dintre situaţii este permisă depăşirea?","A - în intersecţia semnalizată cu indicatoare de prioritate;","B - în intersecţia dirijată prin semnale luminoase;","C - în intersecţia dirijată prin semnale ale poliţistului.","","","https://scoaladrpciv.ro/intrebare/in-care-dintre-situatii-este-permisa-depasirea-77d8","","<div class="""">
                        <h4>Articolul 120</h4><p>(1)&nbsp;&nbsp; Se interzice depãșirea vehiculelor:&nbsp;</p><ul style=""list-style-type:circle;""><li>a) în intersecții cu circulația nedirijatã;</li><li>b)&nbsp;&nbsp; în apropierea vârfurilor de rampa, când vizibilitatea este redusã sub 50 m;</li><li>c)&nbsp; în curbe și în orice alte locuri unde vizibilitatea este redusã sub 50 m;</li><li>d)&nbsp;&nbsp;pe pasaje denivelate, pe poduri, sub poduri și în tuneluri. Prin excepție, pot fi depãșite în aceste locuri vehiculele cu tracțiune animalã, motocicletele fãrã ataș, mopedele, bicicletele și trotinetele electrice, dacã vizibilitatea asupra drumului este asiguratã pe o distanțã mai mare de 20 m, iar lãțimea drumului este de cel puțin 7 m;</li><li>e)&nbsp;&nbsp; pe trecerile pentru pietoni semnalizate prin indicatoare și marcaje;</li><li>f)&nbsp;&nbsp; pe trecerile la nivel cu calea feratã curentã și la mai puțin de 50 m înainte de acestea;</li><li>g)&nbsp;&nbsp; în dreptul stației pentru tramvai, atunci când acesta este oprit, iar stația nu este prevãzutã cu refugiu pentru pietoni;</li><li>h)&nbsp;&nbsp; în zona de acțiune a indicatorului ""Depãșirea interzisã"";</li><li>i)&nbsp;&nbsp; când pentru efectuarea manevrei se încalcã marcajul continuu, simplu sau dublu, care desparte sensurile de mers, iar autovehiculul circulã, chiar și parțial, pe sensul opus, ori se încalcã marcajul care delimiteazã spațiul de interzicere;</li><li>j)&nbsp;&nbsp; când din sens opus se apropie un alt vehicul, iar conducãtorul acestuia este obligat sã efectueze manevre de evitare a coliziunii;</li><li>k)&nbsp;&nbsp; pe sectorul de drum unde s-a format o coloana de vehicule în așteptare, dacã prin aceasta se intrã pe sensul opus de circulație.</li></ul><p>(2) Se interzice depãșirea coloanei oficiale.</p>


                    </div>","https://scoaladrpciv.ro/intrebari/categoria-b/depasirea"
"1790475737-397","https://scoaladrpciv.ro/intrebari/categoria-b","În care dintre situațiile de mai jos este interzisă depășirea vehiculelor?","C - în curbe, unde vizibilitatea este redusă sub 50 m.","","","A - în zona de acțiune a indicatorului „Alte pericole“;","B - la mai puțin de 50 m de o intersecție;","https://scoaladrpciv.ro/intrebare/in-care-dintre-situatiile-de-mai-jos-este-interzisa-depasirea-vehiculelor-2ce2","","<div class="""">
                        <h4>Articolul 120</h4><p>(1)&nbsp;&nbsp; Se interzice depãșirea vehiculelor: a) în intersecții cu circulația nedirijatã;</p><ul style=""list-style-type:circle;""><li>b)&nbsp;&nbsp; în apropierea vârfurilor de rampa, când vizibilitatea este redusã sub 50 m;</li><li><span style=""background-color:hsl(60, 75%, 60%);"">c)&nbsp; în curbe și în orice alte locuri unde vizibilitatea este redusã sub 50 m;</span></li><li>d)&nbsp;&nbsp;pe pasaje denivelate, pe poduri, sub poduri și în tuneluri. Prin excepție, pot fi depãșite în aceste locuri vehiculele cu tracțiune animalã, motocicletele fãrã ataș, mopedele, bicicletele și trotinetele electrice, dacã vizibilitatea asupra drumului este asiguratã pe o distanțã mai mare de 20 m, iar lãțimea drumului este de cel puțin 7 m;</li><li>e)&nbsp;&nbsp; pe trecerile pentru pietoni semnalizate prin indicatoare și marcaje;</li><li>f)&nbsp;&nbsp; pe trecerile la nivel cu calea feratã curentã și la mai puțin de 50 m înainte de acestea;</li><li>g)&nbsp;&nbsp; în dreptul stației pentru tramvai, atunci când acesta este oprit, iar stația nu este prevãzutã cu refugiu pentru pietoni;</li><li>h)&nbsp;&nbsp; în zona de acțiune a indicatorului ""Depãșirea interzisã"";</li><li>i)&nbsp;&nbsp; când pentru efectuarea manevrei se încalcã marcajul continuu, simplu sau dublu, care desparte sensurile de mers, iar autovehiculul circulã, chiar și parțial, pe sensul opus, ori se încalcã marcajul care delimiteazã spațiul de interzicere;</li><li>j)&nbsp;&nbsp; când din sens opus se apropie un alt vehicul, iar conducãtorul acestuia este obligat sã efectueze manevre de evitare a coliziunii;</li><li>k)&nbsp;&nbsp; pe sectorul de drum unde s-a format o coloana de vehicule în așteptare, dacã prin aceasta se intrã pe sensul opus de circulație.</li></ul><p>(2) Se interzice depãșirea coloanei oficiale.</p>


                    </div>","https://scoaladrpciv.ro/intrebari/categoria-b/depasirea"
"1790475739-398","https://scoaladrpciv.ro/intrebari/categoria-b","Depăşirea vehiculelor pe drumurile publice este interzisă:","A - pe sectorul de drum unde s-a format o coloană de autovehicule în aşteptare, dacă prin aceasta se intră pe sensul opus de circulaţie;","","","B - în intersecţiile dirijate doar cu indicatoare rutiere;","C - atunci când cel depăşit este remorcat şi are puse în funcţiune luminile de avarie.","https://scoaladrpciv.ro/intrebare/depasirea-vehiculelor-pe-drumurile-publice-este-interzisa-5ef0","","<div class="""">
                        <h4>Articolul 120</h4><p>(1)&nbsp;&nbsp; Se interzice depãșirea vehiculelor: a) în intersecții cu circulația nedirijatã;</p><ul style=""list-style-type:circle;""><li>b)&nbsp;&nbsp; în apropierea vârfurilor de rampa, când vizibilitatea este redusã sub 50 m;</li><li>c)&nbsp; în curbe și în orice alte locuri unde vizibilitatea este redusã sub 50 m;</li><li>d)&nbsp;&nbsp;pe pasaje denivelate, pe poduri, sub poduri și în tuneluri. Prin excepție, pot fi depãșite în aceste locuri vehiculele cu tracțiune animalã, motocicletele fãrã ataș, mopedele, bicicletele și trotinetele electrice, dacã vizibilitatea asupra drumului este asiguratã pe o distanțã mai mare de 20 m, iar lãțimea drumului este de cel puțin 7 m;</li><li>e)&nbsp;&nbsp; pe trecerile pentru pietoni semnalizate prin indicatoare și marcaje;</li><li>f)&nbsp;&nbsp; pe trecerile la nivel cu calea feratã curentã și la mai puțin de 50 m înainte de acestea;</li><li>g)&nbsp;&nbsp; în dreptul stației pentru tramvai, atunci când acesta este oprit, iar stația nu este prevãzutã cu refugiu pentru pietoni;</li><li>h)&nbsp;&nbsp; în zona de acțiune a indicatorului ""Depãșirea interzisã"";</li><li>i)&nbsp;&nbsp; când pentru efectuarea manevrei se încalcã marcajul continuu, simplu sau dublu, care desparte sensurile de mers, iar autovehiculul circulã, chiar și parțial, pe sensul opus, ori se încalcã marcajul care delimiteazã spațiul de interzicere;</li><li>j)&nbsp;&nbsp; când din sens opus se apropie un alt vehicul, iar conducãtorul acestuia este obligat sã efectueze manevre de evitare a coliziunii;</li><li><span style=""background-color:hsl(60, 75%, 60%);"">k)&nbsp;&nbsp; pe sectorul de drum unde s-a format o coloana de vehicule în așteptare, dacã prin aceasta se intrã pe sensul opus de circulație.</span></li></ul><p>(2) Se interzice depãșirea coloanei oficiale.</p>


                    </div>","https://scoaladrpciv.ro/intrebari/categoria-b/depasirea"
"1790475741-399","https://scoaladrpciv.ro/intrebari/categoria-b","Depășirea nu este permisă:","B - în orice locuri și situații în care vizibilitatea nu permite executarea manevrei;","","","A - atunci când vehiculul ce urmează a fi depășit rulează cu viteza admisă de lege;","C - atunci când traficul rutier este aglomerat.","https://scoaladrpciv.ro/intrebare/depasirea-nu-este-permisa-64ae","","<div class="""">
                        <p>Art. 120<br>(1) Se interzice depăşirea vehiculelor:<br>a) în intersecţii cu circulaţia nedirijată;<br>b) în apropierea vârfurilor de rampă, când vizibilitatea este redusă sub 50 m;<br><span style=""background-color:hsl(60, 75%, 60%);"">c) în curbe şi în orice alte locuri unde vizibilitatea este redusă sub 50 m;</span><br>d) pe pasaje denivelate, pe poduri, sub poduri şi în tuneluri. Prin excepţie, pot fi depăşite în aceste locuri vehiculele cu tracţiune animală, motocicletele fără ataş, mopedele şi bicicletele, dacă vizibilitatea asupra drumului este asigurată pe o distanţă mai mare de 20 m, iar lăţimea drumului este de cel puţin 7 m;<br>e) pe trecerile pentru pietoni semnalizate prin indicatoare şi marcaje;<br>f) pe trecerile la nivel cu calea ferată curentă şi la mai puţin de 50 m înainte de acestea;<br>g) în dreptul staţiei pentru tramvai, atunci când acesta este oprit, iar staţia nu este prevăzută cu refugiu pentru pietoni;<br>h) în zona de acţiune a indicatorului „Depăşirea interzisă“;<br>i) când pentru efectuarea manevrei se încalcă marcajul continuu, simplu sau dublu, care desparte sensurile de mers, iar autovehiculul circulă, chiar şi parţial, pe sensul opus, ori se încalcă marcajul care delimitează spaţiul de interzicere;<br>j) când din sens opus se apropie un alt vehicul, iar conducătorul acestuia este obligat să efectueze manevre de evitare a coliziunii;<br>k) pe sectorul de drum unde s-a format o coloană de vehicule în aşteptare, dacă prin aceasta se intră pe sensul opus de circulaţie.&nbsp;<br>(2) Se interzice depăşirea coloanei oficiale.</p>


                    </div>","https://scoaladrpciv.ro/intrebari/categoria-b/depasirea"
"1790475744-400","https://scoaladrpciv.ro/intrebari/categoria-b","Conducătorul de autovehicul poate efectua depăşirea pe partea dreaptă a autovehiculului al cărui conducător a semnalizat intenţia schimbării direcţiei de mers spre stânga?","A - da, dacă vehiculul din faţă s-a angajat corespunzător părăsirii sensului de mers;","B - da, dacă s-a creat spaţiu suficient pentru această manevră;","","C - nu.","","https://scoaladrpciv.ro/intrebare/conducatorul-de-autovehicul-poate-efectua-depasirea-pe-partea-dreapta-a-autovehiculului-al-carui-conducator-a-semnalizat-intentia-schimbarii-directiei-de-mers-spre-stanga-3aaa","","<div class="""">
                        <p>Art. 45<br>(1) Depasirea este manevra prin care un vehicul trece inaintea altui vehicul ori pe langa un obstacol, aflat pe acelasi sens de circulatie, prin schimbarea directiei de mers si iesirea de pe banda de circulatie sau din sirul de vehicule in care s-a aflat initial.<br>(2) Conducatorul vehiculului care se angajeaza in depasire trebuie sa se asigure ca vehiculul care circula in fata sau in spatele lui nu a initiat o asemenea manevra.<br>(3) Atunci cand prin manevra de depasire se trece peste axa care separa sensurile de circulatie, conducatorii de vehicule trebuie sa se asigure ca din sens opus nu se apropie un vehicul si ca dispun de spatiu suficient pentru a reintra pe banda initiala, unde au obligatia sa revina dupa efectuarea manevrei de depasire.<br>(4) Nu constituie depasire, in sensul alin.(1), situatia in care un vehicul circula mai repede pe una dintre benzi decat vehiculele care circula pe alta banda in acelasi sens de circulatie.<br><br><span style=""background-color:hsl(60, 75%, 60%);"">(5) Depasirea se efectueaza numai pe partea stanga a vehiculului depasit. Tramvaiul sau vehiculul al carui conducator a semnalizat intentia si s-a incadrat corespunzator parasirii sensului de mers spre stanga se depaseste prin partea dreapta.</span><br><span style=""background-color:hsl(60, 75%, 60%);"">Depasirea pe partea dreaptă este permisă doar dacă s-a creat spațiu suficient. Nu este permisă executarea manevrei dacă ieși, chiar și puțin, de pe partea carosabilă.</span><br><br>(6) Tramvaiul aflat in mers poate fi depasit si pe partea stanga atunci cand drumul este cu sens unic sau cand intre sina din dreapta si marginea trotuarului nu exista spatiu suficient.</p>


                    </div>","https://scoaladrpciv.ro/intrebari/categoria-b/depasirea"
"1790475746-401","https://scoaladrpciv.ro/intrebari/categoria-b","Cum trebuie să procedaţi atunci când intenţionaţi să finalizaţi o depăşire?","A - semnalizaţi revenirea şi efectuaţi manevra în condiţii de siguranţă;","","","B - după reîncadrare, semnalizaţi cu luminile de avarie;","C - claxonaţi şi vă angajaţi pe partea dreaptă, direct în faţa vehiculului depăşit.","https://scoaladrpciv.ro/intrebare/cum-trebuie-sa-procedati-atunci-cand-intentionati-sa-finalizati-o-depasire-d1b1","","<div class="""">
                        <p>Art. 118<br>Conducătorul de vehicul care efectuează depăşirea este obligat:<br>a) să se asigure că acela care îl urmează sau îl precedă nu a semnalizat intenţia începerii unei manevre similare şi că poate depăşi fără a pune în pericol sau fără a stânjeni circulaţia din sens opus;<br>b) să semnalizeze intenţia de efectuare a depăşirii;<br>c) să păstreze în timpul depăşirii o distanţă laterală suficientă faţă de vehiculul depăşit;<br><span style=""background-color:hsl(60, 75%, 60%);"">d) să reintre pe banda sau în şirul de circulaţie iniţial după ce a semnalizat şi s-a asigurat că poate efectua această manevră în condiţii de siguranţă pentru vehiculul depăşit şi pentru ceilalţi participanţi la trafic.</span></p>


                    </div>","https://scoaladrpciv.ro/intrebari/categoria-b/depasirea"
"1790475751-402","https://scoaladrpciv.ro/intrebari/categoria-b","Cine are prioritate pe sectorul de drum îngustat?","B - autobuzul, deoarece nu-și schimbă poziția de mers;","","","A - autoturismul, deoarece circulă în dreapta autobuzului;","C - autoturismul, deoarece are o viteză de deplasare mai mare.","https://scoaladrpciv.ro/intrebare/cine-are-prioritate-pe-sectorul-de-drum-ingustat-3d6f","https://scoaladrpciv.ro/storage/questions/690.jpeg","<div class="""">
                        <h4>Articolul 106</h4><p>(1)&nbsp;&nbsp; Pe un drum public prevãzut cu minimum 3 benzi pe sens, când conducãtorii a douã autovehicule circulã în aceeași direcție, dar pe benzi diferite, și intenționeazã sã se înscrie pe banda liberã dintre ei, cel care circulã pe banda din dreapta este obligat sã permitã celui care vine din stânga sã ocupe acea bandã.</p><p><span style=""background-color:hsl(60, 75%, 60%);"">(2)&nbsp;&nbsp; Pe drumul public cu mai multe benzi, conducãtorii de autovehicule care circulã pe o bandã care se sfârșește, pentru a continuã deplasarea pe banda din stânga trebuie sã permitã trecerea vehiculelor care circulã pe acea bandã.</span></p>


                    </div>","https://scoaladrpciv.ro/intrebari/categoria-b/pozitia-in-timpul-mersului-si-semnalele-conducatorilor-de-autovehicule"
"1790475753-403","https://scoaladrpciv.ro/intrebari/categoria-b","Cum trebuie să procedeze conducătorul de vehicul atunci când circulă pe un drum cu trei sau mai multe benzi pe sens?","A - să circule pe banda situată lângă acostament;","","","B - să nu circule pe liniile de tramvai;","C - să circule pe banda a doua, respectiv a treia, cu o viteză mai mică de 100 km/h.","https://scoaladrpciv.ro/intrebare/cum-trebuie-sa-procedeze-conducatorul-de-vehicul-atunci-cand-circula-pe-un-drum-cu-trei-sau-mai-multe-benzi-pe-sens-4c06","","<div class="""">
                        <p>Art. 101<br>Când drumul are două sau mai multe benzi pe sensul de mers, vehiculele se conduc pe banda situată lângă acostament sau bordură. Celelalte benzi pot fi folosite succesiv, de la dreapta spre stânga, dacă banda de circulaţie utilizată este ocupată, cu obligaţia de a reveni pe banda din dreapta atunci când acest lucru este posibil.</p>


                    </div>","https://scoaladrpciv.ro/intrebari/categoria-b/pozitia-in-timpul-mersului-si-semnalele-conducatorilor-de-autovehicule"
"1790475755-404","https://scoaladrpciv.ro/intrebari/categoria-b","Când ninge abundent veți folosi:","C - luminile de întâlnire ale farurilor.","","","A - luminile de poziție;","B - claxonul;","https://scoaladrpciv.ro/intrebare/cand-ninge-abundent-veti-folosi-fa89","https://scoaladrpciv.ro/storage/questions/663.jpeg","<div class="""">
                        <h4>Articolul 114</h4><p>(1)&nbsp;&nbsp; Conducãtorii de autovehicule, tractoare agricole sau forestiere și tramvaie sunt obligați sã foloseascã instalațiile de iluminare și/sau semnalizare a acestora, dupã cum urmeazã:</p><ul style=""list-style-type:circle;""><li>a)&nbsp;&nbsp; luminile de poziție sau de staționare pe timpul imobilizãrii vehiculului pe partea carosabilã în afara localitãților, de la lãsarea serii și pânã în zorii zilei, ziua când plouã torențial, ninge abundent sau este ceațã densã ori în alte condiții care reduc vizibilitatea pe drumul public;</li><li>b)&nbsp;&nbsp; luminile de întâlnire sau de drum, în mers, atât în localitãți, cât și în afara acestora, dupã gradul de iluminare a drumului public;</li><li>c)&nbsp; luminile de întâlnire și cele de ceațã pe timp de ceațã densã;</li><li>d)&nbsp;&nbsp; luminile de întâlnire ale autovehiculelor care însoțesc coloane militare sau cortegii, transportã grupuri organizate de persoane și cele care tracteazã alte vehicule sau care transporta mãrfuri ori produse periculoase, în timpul zilei;</li><li><span style=""background-color:hsl(60, 75%, 60%);"">e)&nbsp;&nbsp; luminile de întâlnire atunci când plouã torențial, ninge abundent ori în alte condiții care reduc vizibilitatea pe drum;</span></li><li>f)&nbsp;&nbsp; luminile pentru mersul înapoi atunci când vehiculul este manevrat cãtre înapoi;</li><li>g)&nbsp;&nbsp; luminile indicatoare de direcție pentru semnalizarea schimbãrii direcției de mers, inclusiv la punerea în mișcare a vehiculului de pe loc.</li></ul><p>&nbsp;</p>


                    </div>","https://scoaladrpciv.ro/intrebari/categoria-b/pozitia-in-timpul-mersului-si-semnalele-conducatorilor-de-autovehicule"
"1790475758-405","https://scoaladrpciv.ro/intrebari/categoria-b","Cât timp trebuie menținută semnalizarea schimbării direcției de mers?","B - pe întreaga durată a executării manevrei;","","","A - 10 secunde de la începerea manevrei;","C - legea nu prevede nimic cu privire la acest aspect.","https://scoaladrpciv.ro/intrebare/cat-timp-trebuie-mentinuta-semnalizarea-schimbarii-directiei-de-mers-2f4a","","<div class="""">
                        <h4>Articolul 54</h4><p>(1)&nbsp;&nbsp;Conducătorul de vehicul care executa o manevra de schimbare a direcției de mers, de ieșire dintr-un rând de vehicule staționate sau de intrare într-un asemenea rând, de trecere pe o altă bandă de circulație sau de virare spre dreapta ori spre stânga sau care urmează să efectueze o întoarcere ori să meargă cu spatele este obligat să semnalizeze din timp și să se asigure că o poate face fără să perturbe circulația sau să pună în pericol siguranța celorlalți participanți la trafic.</p><p><span style=""background-color:hsl(60, 75%, 60%);"">(2)&nbsp;&nbsp; Semnalizarea schimbării direcției de mers trebuie să fie menținută pe întreaga durată a manevrei.</span></p>


                    </div>","https://scoaladrpciv.ro/intrebari/categoria-b/pozitia-in-timpul-mersului-si-semnalele-conducatorilor-de-autovehicule"
"1790475760-406","https://scoaladrpciv.ro/intrebari/categoria-b","În situația dată, pentru a vă semnaliza prezența, veți schimba alternativ luminile de drum cu luminile de întâlnire?","A - da, după trecerea autocamionului;","","","B - nu;","C - se folosesc numai luminile de drum.","https://scoaladrpciv.ro/intrebare/in-situatia-data-pentru-a-va-semnaliza-prezenta-veti-schimba-alternativ-luminile-de-drum-cu-luminile-de-intalnire-4972","https://scoaladrpciv.ro/storage/questions/651.jpeg","<div class="""">
                        <h4>Articolul 114</h4><p>(1)&nbsp;&nbsp; Conducãtorii de autovehicule, tractoare agricole sau forestiere și tramvaie sunt obligați sã foloseascã instalațiile de iluminare și/sau semnalizare a acestora, dupã cum urmeazã:</p><ul style=""list-style-type:circle;""><li>a)&nbsp;&nbsp; luminile de poziție sau de staționare pe timpul imobilizãrii vehiculului pe partea carosabilã în afara localitãților, de la lãsarea serii și pânã în zorii zilei, ziua când plouã torențial, ninge abundent sau este ceațã densã ori în alte condiții care reduc vizibilitatea pe drumul public;</li><li>b)&nbsp;&nbsp; luminile de întâlnire sau de drum, în mers, atât în localitãți, cât și în afara acestora, dupã gradul de iluminare a drumului public;</li><li>c)&nbsp; luminile de întâlnire și cele de ceațã pe timp de ceațã densã;</li><li>d)&nbsp;&nbsp; luminile de întâlnire ale autovehiculelor care însoțesc coloane militare sau cortegii, transportã grupuri organizate de persoane și cele care tracteazã alte vehicule sau care transporta mãrfuri ori produse periculoase, în timpul zilei;</li><li>e)&nbsp;&nbsp; luminile de întâlnire atunci când plouã torențial, ninge abundent ori în alte condiții care reduc vizibilitatea pe drum;</li><li>f)&nbsp;&nbsp; luminile pentru mersul înapoi atunci când vehiculul este manevrat cãtre înapoi;</li><li>g)&nbsp;&nbsp; luminile indicatoare de direcție pentru semnalizarea schimbãrii direcției de mers, inclusiv la punerea în mișcare a vehiculului de pe loc.</li></ul><p>(2)&nbsp;&nbsp; Pe timpul nopții, la apropierea a douã vehicule care circulã din sensuri opuse, conducãtorii acestora sunt obligați ca de la o distanțã de cel puțin 200 m sã foloseascã luminile de întâlnire concomitent cu reducerea vitezei. Când conducãtorul de autovehicul, tractor agricol sau forestier se apropie de un autovehicul care circulã în fațã sã, acesta este obligat sã foloseascã luminile de întâlnire de la o distanțã de cel puțin 100 m.</p><p><span style=""background-color:hsl(60, 75%, 60%);"">(3)&nbsp;&nbsp; Pe timpul nopții sau în condiții de vizibilitate redusã conducãtorii de autovehicule, tractoare agricole sau forestiere și tramvaie care se apropie de o intersecție nedirijatã prin semnale luminoase sau de cãtre polițiști sunt obligați sã semnalizeze prin folosirea alternantã a luminilor de întâlnire cu cele de drum dacã nu încalcã astfel prevederile alin. (2).</span></p><p>&nbsp;</p>


                    </div>","https://scoaladrpciv.ro/intrebari/categoria-b/pozitia-in-timpul-mersului-si-semnalele-conducatorilor-de-autovehicule"
"1790475762-407","https://scoaladrpciv.ro/intrebari/categoria-b","La întâlnirea unui vehicul care circulă noaptea, din sens opus, pe un drum neiluminat, conducătorul de autovehicul este obligat:","B - să reducă viteza;","","","A - să circule cât mai aproape de marginea din dreapta a drumului;","C - să folosească avertizorul sonor.","https://scoaladrpciv.ro/intrebare/la-intalnirea-unui-vehicul-care-circula-noaptea-din-sens-opus-pe-un-drum-neiluminat-conducatorul-de-autovehicul-este-obligat-12b7","","<div class="""">
                        <h4>Articolul 114</h4><p>(1)&nbsp;&nbsp; Conducãtorii de autovehicule, tractoare agricole sau forestiere și tramvaie sunt obligați sã foloseascã instalațiile de iluminare și/sau semnalizare a acestora, dupã cum urmeazã:</p><ul style=""list-style-type:circle;""><li>a)&nbsp;&nbsp; luminile de poziție sau de staționare pe timpul imobilizãrii vehiculului pe partea carosabilã în afara localitãților, de la lãsarea serii și pânã în zorii zilei, ziua când plouã torențial, ninge abundent sau este ceațã densã ori în alte condiții care reduc vizibilitatea pe drumul public;</li><li>b)&nbsp;&nbsp; luminile de întâlnire sau de drum, în mers, atât în localitãți, cât și în afara acestora, dupã gradul de iluminare a drumului public;</li><li>c)&nbsp; luminile de întâlnire și cele de ceațã pe timp de ceațã densã;</li><li>d)&nbsp;&nbsp; luminile de întâlnire ale autovehiculelor care însoțesc coloane militare sau cortegii, transportã grupuri organizate de persoane și cele care tracteazã alte vehicule sau care transporta mãrfuri ori produse periculoase, în timpul zilei;</li><li>e)&nbsp;&nbsp; luminile de întâlnire atunci când plouã torențial, ninge abundent ori în alte condiții care reduc vizibilitatea pe drum;</li><li>f)&nbsp;&nbsp; luminile pentru mersul înapoi atunci când vehiculul este manevrat cãtre înapoi;</li><li>g)&nbsp;&nbsp; luminile indicatoare de direcție pentru semnalizarea schimbãrii direcției de mers, inclusiv la punerea în mișcare a vehiculului de pe loc.</li></ul><p><span style=""background-color:hsl(60, 75%, 60%);"">(2)&nbsp;&nbsp; Pe timpul nopții, la apropierea a douã vehicule care circulã din sensuri opuse, conducãtorii acestora sunt obligați ca de la o distanțã de cel puțin 200 m sã foloseascã luminile de întâlnire concomitent cu reducerea vitezei. Când conducãtorul de autovehicul, tractor agricol sau forestier se apropie de un autovehicul care circulã în fațã sã, acesta este obligat sã foloseascã luminile de întâlnire de la o distanțã de cel puțin 100 m.</span></p><p>&nbsp;</p>


                    </div>","https://scoaladrpciv.ro/intrebari/categoria-b/pozitia-in-timpul-mersului-si-semnalele-conducatorilor-de-autovehicule"
"1790475765-408","https://scoaladrpciv.ro/intrebari/categoria-b","Dacă un drum public este neiluminat, este permisă staționarea vehiculelor pe partea carosabilă?","A - da, dacă sunt aprinse luminile de poziție sau de staționare;","","","B - da, dar numai în interiorul localităților;","C - nu.","https://scoaladrpciv.ro/intrebare/daca-un-drum-public-este-neiluminat-este-permisa-stationarea-vehiculelor-pe-partea-carosabila-9da6","","<div class="""">
                        <h4>Articolul 114</h4><p>(1)&nbsp;&nbsp; Conducãtorii de autovehicule, tractoare agricole sau forestiere și tramvaie sunt obligați sã foloseascã instalațiile de iluminare și/sau semnalizare a acestora, dupã cum urmeazã:</p><ul style=""list-style-type:circle;""><li><span style=""background-color:hsl(60, 75%, 60%);"">a)&nbsp;&nbsp; luminile de poziție sau de staționare pe timpul imobilizãrii vehiculului pe partea carosabilã în afara localitãților, de la lãsarea serii și pânã în zorii zilei, ziua când plouã torențial, ninge abundent sau este ceațã densã ori în alte condiții care reduc vizibilitatea pe drumul public;</span></li><li>b)&nbsp;&nbsp; luminile de întâlnire sau de drum, în mers, atât în localitãți, cât și în afara acestora, dupã gradul de iluminare a drumului public;</li><li>c)&nbsp; luminile de întâlnire și cele de ceațã pe timp de ceațã densã;</li><li>d)&nbsp;&nbsp; luminile de întâlnire ale autovehiculelor care însoțesc coloane militare sau cortegii, transportã grupuri organizate de persoane și cele care tracteazã alte vehicule sau care transporta mãrfuri ori produse periculoase, în timpul zilei;</li><li>e)&nbsp;&nbsp; luminile de întâlnire atunci când plouã torențial, ninge abundent ori în alte condiții care reduc vizibilitatea pe drum;</li><li>f)&nbsp;&nbsp; luminile pentru mersul înapoi atunci când vehiculul este manevrat cãtre înapoi;</li><li>g)&nbsp;&nbsp; luminile indicatoare de direcție pentru semnalizarea schimbãrii direcției de mers, inclusiv la punerea în mișcare a vehiculului de pe loc.</li></ul><p>&nbsp;</p>


                    </div>","https://scoaladrpciv.ro/intrebari/categoria-b/pozitia-in-timpul-mersului-si-semnalele-conducatorilor-de-autovehicule"
"1790475767-409","https://scoaladrpciv.ro/intrebari/categoria-b","Ce rând trebuie să ocupați și de la ce distanță, pentru a putea executa virajul la stânga într-o intersecție nedirijată?","A - rândul de lângă axa drumului, de la o distanță de cel puțin 50 m;","","","B - rândul din mijloc, de la o distanță de cel puțin 100 m;","C - rândul de lângă bordură, de la o distanță de cel puțin 50 m.","https://scoaladrpciv.ro/intrebare/ce-rand-trebuie-sa-ocupati-si-de-la-ce-distanta-pentru-a-putea-executa-virajul-la-stanga-intr-o-intersectie-nedirijata-3eb6","","<div class="""">
                        <h4>Articolul 107</h4>
<p>(1)&nbsp;&nbsp; La intersecțiile prevãzute cu indicatoare și/sau cu marcaje pentru semnalizarea direcției de mers, conducãtorii de vehicule trebuie sã se încadreze pe benzile corespunzãtoare direcției de mers voite cu cel puțin 50 m înainte de intersecție și sunt obligați sã respecte semnificația indicatoarelor și marcajelor.</p>
<p>(2)&nbsp;&nbsp; La intersecțiile fãrã marcaje de delimitare a benzilor, conducãtorii vehiculelor ocupa în mers, cu cel puțin 50 m înainte de intersecție, urmãtoarele poziții:</p>
<ul style=""list-style-type: circle;"">
<li>a)&nbsp;&nbsp; rândul de lângã bordurã sau acostament, cei care vor sã schimbe direcția de mers spre dreapta;</li>
<li><span style=""background-color: #fbeeb8;"">b)&nbsp;&nbsp; rândul de lângã axa drumului sau de lângã marcajul de separare a sensurilor, cei care vor sã schimbe direcția de mers spre stânga. Când circulația se desfãșoarã pe drumuri cu sens unic, conducãtorii de vehicule care intenționeazã sã vireze la stânga sunt obligați sã ocupe rândul de lângã bordura sau acostamentul din partea stânga;</span></li>
<li>c)&nbsp; oricare dintre rânduri, cei care vor sã meargã înainte.</li>
</ul>
<p>(3)&nbsp;&nbsp; Dacã în intersecție circulã și tramvaie, iar spațiul dintre șina din dreapta și trotuar nu permite circulația pe douã sau mai multe rânduri, toți conducãtorii de vehicule, indiferent de direcția de deplasare, vor circula pe un singur rând, lãsând liber traseul tramvaiului.</p>
<p>(4)&nbsp;&nbsp; În cazul în care tramvaiul este oprit într-o stație fãrã refugiu pentru pietoni, vehiculele trebuie sã opreascã în ordinea sosirii, în spatele acestuia, și sã își reia deplasarea numai dupã ce ușile tramvaiului au fost închise și s-au asigurat cã nu pun în pericol siguranța pietonilor angajați în traversarea drumului public.</p>


                    </div>","https://scoaladrpciv.ro/intrebari/categoria-b/pozitia-in-timpul-mersului-si-semnalele-conducatorilor-de-autovehicule"
"1790475769-410","https://scoaladrpciv.ro/intrebari/categoria-b","Un vehicul are luminile de avarie aprinse. Ce trebuie să aveți în vedere?","C - vehiculul a rămas în pană sau este remorcat.","","","A - vehiculul va vira la dreapta sau la stânga;","B - vehiculul este parcat;","https://scoaladrpciv.ro/intrebare/un-vehicul-are-luminile-de-avarie-aprinse-ce-trebuie-sa-aveti-in-vedere-a401","","<div class="""">
                        <h4>Articolul 114</h4><p>(5) Luminile de avarie se folosesc în urmãtoarele situații:</p><ul style=""list-style-type:circle;""><li>a)&nbsp; când vehiculul este imobilizat involuntar pe partea carosabilã;</li><li>b)&nbsp;&nbsp; când vehiculul se deplaseazã foarte lent și/sau constituie el însuși un pericol pentru ceilalți participanți la trafic;</li><li><span style=""background-color:hsl(60, 75%, 60%);"">c)&nbsp;&nbsp; când autovehiculul, tractorul agricol sau forestier ori tramvaiul este remorcat.</span></li></ul><p>&nbsp;(6)&nbsp;&nbsp; În situațiile prevãzute la alin. (5), conducãtorii de autovehicule, tractoare agricole sau forestiere și tramvaie trebuie sã punã în funcțiune luminile de avarie, în mod succesiv, în ordinea opririi și în cazul în care aceastã manevrã este impusã de blocarea circulației pe sensul de mers.</p><p>(7)&nbsp;&nbsp; Când circulã prin tunel conducãtorul de vehicul este obligat sã foloseascã luminile de întâlnire.</p>


                    </div>","https://scoaladrpciv.ro/intrebari/categoria-b/pozitia-in-timpul-mersului-si-semnalele-conducatorilor-de-autovehicule"
"1790475771-411","https://scoaladrpciv.ro/intrebari/categoria-b","Este permisă montarea, de către deținătorul unui autovehicul / tractor agricol sau forestier, a unui alt avertizor sonor în afara celui omologat de către autoritatea competentă?","C - nu.","","","A - Regulamentul nu prevede nimic în acest sens;","B - da, cu condiția ca acesta să nu fie deranjant din punct de vedere sonor;","https://scoaladrpciv.ro/intrebare/este-permisa-montarea-de-catre-detinatorul-unui-autovehicul-tractor-agricol-sau-forestier-a-unui-alt-avertizor-sonor-in-afara-celui-omologat-de-catre-autoritatea-competenta-3078","","<div class="""">
                        <h4>Articolul 44</h4><p><span style=""background-color:hsl(60,75%,60%);"">(1) În circulația pe drumurile publice conducătorii de vehicule pot folosi, în condițiile prevăzute de regulament, mijloacele de avertizare sonoră și luminoasă aflate în dotare și omologate.&nbsp;</span></p><p>(2) În circulația pe toate categoriile de drumuri publice conducătorii de autovehicule și tractoare agricole sau forestiere sunt obligați să folosească și în timpul zilei luminile de întâlnire sau luminile pentru circulația diurnă.&nbsp;</p><p>(3) Conducătorii motocicletelor și mopedelor sunt obligați să folosească luminile de întâlnire pe toată durata deplasării acestora pe drumurile publice.&nbsp;</p><p>(4) În circulația pe drumurile publice se interzice deținerea la vedere, montarea și folosirea mijloacelor speciale de avertizare sonoră și luminoasă pe și în alte autovehicule decât cele prevăzute la art. 32 alin. (2), precum și deținerea, montarea sau folosirea pe autovehicule a sistemelor care perturbă buna funcționare a dispozitivelor de supraveghere a traficului.&nbsp;</p><p>(5) Conducătorii de autovehicule pot fi avertizați de poliția rutieră în legatură cu prezența în trafic a dispozitivelor de măsurare a vitezei, prin mass-media sau panouri de avertizare. Conducătorii de autovehicule pot folosi mijloace proprii de detectare a dispozitivelor de măsurare a vitezei.</p>


                    </div>","https://scoaladrpciv.ro/intrebari/categoria-b/pozitia-in-timpul-mersului-si-semnalele-conducatorilor-de-autovehicule"
"1790475774-412","https://scoaladrpciv.ro/intrebari/categoria-b","Dacă, din motive obiective, vă deplasaţi cu viteză redusă, trebuie:","A - să circulaţi numai pe banda de lângă acostament sau bordură;","","","B - să circulaţi numai pe banda de lângă axul drumului, semnalizând cu luminile de avarie;","C - să emiteţi semnale luminoase şi sonore, pentru a preveni orice posibil eveniment.","https://scoaladrpciv.ro/intrebare/daca-din-motive-obiective-va-deplasati-cu-viteza-redusa-trebuie-9603","","<div class="""">
                        <p>Art. 102<br>Vehiculele grele, lente sau cu mase ori gabarite depăşite sau cele care se deplasează cu viteză redusă trebuie conduse numai pe banda de lângă acostament sau bordură, dacă în sensul de mers nu este amenajată o bandă destinată acestora.</p>


                    </div>","https://scoaladrpciv.ro/intrebari/categoria-b/pozitia-in-timpul-mersului-si-semnalele-conducatorilor-de-autovehicule"
"1790475776-413","https://scoaladrpciv.ro/intrebari/categoria-b","Pe care dintre cele două benzi trebuie să se încadreze conducătorul de vehicul și de la ce distanță față de intersecție, pentru a schimba direcția de mers spre dreapta, într-o localitate?","B - pe banda din dreapta, de la cel puțin 50 m;","","","A - pe banda de lângă axul drumului, de la cel puțin 100 m;","C - pe oricare bandă, de la cel puțin 50 m.","https://scoaladrpciv.ro/intrebare/pe-care-dintre-cele-doua-benzi-trebuie-sa-se-incadreze-conducatorul-de-vehicul-si-de-la-ce-distanta-fata-de-intersectie-pentru-a-schimba-directia-de-mers-spre-dreapta-intr-o-localitate-4862","","<div class="""">
                        <p>Art. 107<br><span style=""background-color:hsl(60, 75%, 60%);"">(1) La intersecţiile prevăzute cu indicatoare şi/sau cu marcaje pentru semnalizarea direcţiei de mers, conducătorii de vehicule trebuie să se încadreze pe benzile corespunzătoare direcţiei de mers voite cu cel puţin 50 m înainte de intersecţie şi sunt obligaţi să respecte semnificaţia indicatoarelor şi marcajelor.&nbsp;</span><br>(2) La intersecţiile fără marcaje de delimitare a benzilor, conducătorii vehiculelor ocupă în mers, cu cel puţin 50 m înainte de intersecţie, următoarele poziţii:<br>a) rândul de lângă bordură sau acostament, cei care vor să schimbe direcţia de mers spre dreapta;<br>b) rândul de lângă axa drumului sau de lângă marcajul de separare a sensurilor, cei care vor să schimbe direcţia de mers spre stânga. Când circulaţia se desfăşoară pe drumuri cu sens unic, conducătorii de vehicule care intenţionează să vireze la stânga sunt obligaţi să ocupe rândul de lângă bordura sau acostamentul din partea stângă;<br>c) oricare dintre rânduri, cei care vor să meargă înainte.&nbsp;<br>(3) Dacă în intersecţie circulă şi tramvaie, iar spaţiul dintre şina din dreapta şi trotuar nu permite circulaţia pe două sau mai multe rânduri, toţi conducătorii de vehicule, indiferent de direcţia de deplasare, vor circula pe un singur rând, lăsând liber traseul tramvaiului.&nbsp;<br>(4) În cazul în care tramvaiul este oprit într-o staţie fără refugiu pentru pietoni, vehiculele trebuie să oprească în ordinea sosirii, în spatele acestuia, şi să îşi reia deplasarea numai după ce uşile tramvaiului au fost închise şi s-au asigurat că nu pun în pericol siguranţa pietonilor angajaţi în traversarea drumului public.</p>


                    </div>","https://scoaladrpciv.ro/intrebari/categoria-b/pozitia-in-timpul-mersului-si-semnalele-conducatorilor-de-autovehicule"
"1790475778-414","https://scoaladrpciv.ro/intrebari/categoria-b","Schimbarea direcției de mers spre stânga, într-o intersecție neprevăzută cu marcaje de ghidare, se face:","B - prin stânga centrului imaginar al intersecției, fără a intersecta traiectoria celor care se deplasează din sens opus și care virează la stânga;","","","A - prin ocolirea centrului imaginar al intersecției;","C - la libera înțelegere cu cei care se deplasează din sens opus.","https://scoaladrpciv.ro/intrebare/schimbarea-directiei-de-mers-spre-stanga-intr-o-intersectie-neprevazuta-cu-marcaje-de-ghidare-se-face-9906","","<div class="""">
                        <h4>Articolul 110</h4><p>(1)&nbsp;&nbsp; În situațiile în care existã benzi speciale pentru executarea manevrei, schimbarea direcției de deplasare se face prin stânga centrului imaginar al intersecției, iar dacã existã un marcaj de ghidare, cu respectarea semnificației acestuia.</p><p><span style=""background-color:hsl(60, 75%, 60%);"">(2)&nbsp;&nbsp; Schimbarea direcției de mers spre stânga, în cazul vehiculelor care intra într-o intersecție circulând pe același drum în aliniament, dar din sensuri opuse, se efectueazã prin stânga centrului intersecției, fãrã intersectarea traiectoriei acestora.</span></p><p>(3)&nbsp;&nbsp; Amenajãrile rutiere sau obstacolele din zona medianã a pãrții carosabile se ocolesc prin partea dreaptã.</p><p>(4)&nbsp;&nbsp; Trotinetele electrice se conduc numai în aliniament pe drumurile publice. Schimbarea direcției de mers în cazul trotinetelor electrice se face prin deplasarea conducãtorilor pe lângã acestea, cu respectarea regulilor privind circulația vehiculelor trase sau împinse cu mâna.</p>


                    </div>","https://scoaladrpciv.ro/intrebari/categoria-b/pozitia-in-timpul-mersului-si-semnalele-conducatorilor-de-autovehicule"
"1790475781-415","https://scoaladrpciv.ro/intrebari/categoria-b","Cum trebuie să procedaţi când ajungeţi în spatele unui tramvai oprit într-o staţie fără refugiu pentru pietoni?","B - să opriţi în spatele acestuia şi să vă reluaţi deplasarea numai după ce uşile tramvaiului au fost închise;","","","A - să opriţi în dreptul ultimei uşi;","C - să opriţi la o distanţă de 25 m de tramvai.","https://scoaladrpciv.ro/intrebare/cum-trebuie-sa-procedati-cand-ajungeti-in-spatele-unui-tramvai-oprit-intr-o-statie-fara-refugiu-pentru-pietoni-7a62","","<div class="""">
                        <p>Art. 107<br>(1) La intersecţiile prevăzute cu indicatoare şi/sau cu marcaje pentru semnalizarea direcţiei de mers, conducătorii de vehicule trebuie să se încadreze pe benzile corespunzătoare direcţiei de mers voite cu cel puţin 50 m înainte de intersecţie şi sunt obligaţi să respecte semnificaţia indicatoarelor şi marcajelor.&nbsp;<br>(2) La intersecţiile fără marcaje de delimitare a benzilor, conducătorii vehiculelor ocupă în mers, cu cel puţin 50 m înainte de intersecţie, următoarele poziţii:<br>a) rândul de lângă bordură sau acostament, cei care vor să schimbe direcţia de mers spre dreapta;<br>b) rândul de lângă axa drumului sau de lângă marcajul de separare a sensurilor, cei care vor să schimbe direcţia de mers spre stânga. Când circulaţia se desfăşoară pe drumuri cu sens unic, conducătorii de vehicule care intenţionează să vireze la stânga sunt obligaţi să ocupe rândul de lângă bordura sau acostamentul din partea stângă;<br>c) oricare dintre rânduri, cei care vor să meargă înainte.&nbsp;<br>(3) Dacă în intersecţie circulă şi tramvaie, iar spaţiul dintre şina din dreapta şi trotuar nu permite circulaţia pe două sau mai multe rânduri, toţi conducătorii de vehicule, indiferent de direcţia de deplasare, vor circula pe un singur rând, lăsând liber traseul tramvaiului.&nbsp;<br><span style=""background-color:hsl(60, 75%, 60%);"">(4) În cazul în care tramvaiul este oprit într-o staţie fără refugiu pentru pietoni, vehiculele trebuie să oprească în ordinea sosirii, în spatele acestuia, şi să îşi reia deplasarea numai după ce uşile tramvaiului au fost închise şi s-au asigurat că nu pun în pericol siguranţa pietonilor angajaţi în traversarea drumului public.</span></p>


                    </div>","https://scoaladrpciv.ro/intrebari/categoria-b/pozitia-in-timpul-mersului-si-semnalele-conducatorilor-de-autovehicule"
"1790475783-416","https://scoaladrpciv.ro/intrebari/categoria-b","În ce situaţie, pe timp de zi, conducătorii auto sunt obligaţi să folosească luminile de întâlnire?","A - când tractează alte vehicule;","","","B - numai când circulă pe drumurile judeţene;","C - numai când circulă cu viteză redusă.","https://scoaladrpciv.ro/intrebare/in-ce-situatie-pe-timp-de-zi-conducatorii-auto-sunt-obligati-sa-foloseasca-luminile-de-intalnire-f6b9","","<div class="""">
                        <h4>Articolul 114</h4><p>(1)&nbsp;&nbsp; Conducãtorii de autovehicule, tractoare agricole sau forestiere și tramvaie sunt obligați sã foloseascã instalațiile de iluminare și/sau semnalizare a acestora, dupã cum urmeazã:</p><ul style=""list-style-type:circle;""><li>a)&nbsp;&nbsp; luminile de poziție sau de staționare pe timpul imobilizãrii vehiculului pe partea carosabilã în afara localitãților, de la lãsarea serii și pânã în zorii zilei, ziua când plouã torențial, ninge abundent sau este ceațã densã ori în alte condiții care reduc vizibilitatea pe drumul public;</li><li>b)&nbsp;&nbsp; luminile de întâlnire sau de drum, în mers, atât în localitãți, cât și în afara acestora, dupã gradul de iluminare a drumului public;</li><li>c)&nbsp; luminile de întâlnire și cele de ceațã pe timp de ceațã densã;</li><li><span style=""background-color:hsl(60,75%,60%);"">d)&nbsp;&nbsp; luminile de întâlnire ale autovehiculelor care însoțesc coloane militare sau cortegii, transportã grupuri organizate de persoane și cele care tracteazã alte vehicule sau care transporta mãrfuri ori produse periculoase, în timpul zilei;</span></li><li>e)&nbsp;&nbsp; luminile de întâlnire atunci când plouã torențial, ninge abundent ori în alte condiții care reduc vizibilitatea pe drum;</li><li>f)&nbsp;&nbsp; luminile pentru mersul înapoi atunci când vehiculul este manevrat cãtre înapoi;</li><li>g)&nbsp;&nbsp; luminile indicatoare de direcție pentru semnalizarea schimbãrii direcției de mers, inclusiv la punerea în mișcare a vehiculului de pe loc.</li></ul><p>&nbsp;</p>


                    </div>","https://scoaladrpciv.ro/intrebari/categoria-b/pozitia-in-timpul-mersului-si-semnalele-conducatorilor-de-autovehicule"
"1790475785-417","https://scoaladrpciv.ro/intrebari/categoria-b","Când se folosesc luminile de avarie?","B - când vehiculul se deplasează foarte lent, din motive obiective;","","","A - când se circulă în coloană, cu viteză redusă;","C - când se circulă pe un drum alunecos.","https://scoaladrpciv.ro/intrebare/cand-se-folosesc-luminile-de-avarie-c52a","","<div class="""">
                        <h4>Articolul 114</h4><p>(1)&nbsp;&nbsp; Conducãtorii de autovehicule, tractoare agricole sau forestiere și tramvaie sunt obligați sã foloseascã instalațiile de iluminare și/sau semnalizare a acestora, dupã cum urmeazã:</p><ul style=""list-style-type:circle;""><li>a)&nbsp;&nbsp; luminile de poziție sau de staționare pe timpul imobilizãrii vehiculului pe partea carosabilã în afara localitãților, de la lãsarea serii și pânã în zorii zilei, ziua când plouã torențial, ninge abundent sau este ceațã densã ori în alte condiții care reduc vizibilitatea pe drumul public;</li><li>b)&nbsp;&nbsp; luminile de întâlnire sau de drum, în mers, atât în localitãți, cât și în afara acestora, dupã gradul de iluminare a drumului public;</li><li>c)&nbsp; luminile de întâlnire și cele de ceațã pe timp de ceațã densã;</li><li>d)&nbsp;&nbsp; luminile de întâlnire ale autovehiculelor care însoțesc coloane militare sau cortegii, transportã grupuri organizate de persoane și cele care tracteazã alte vehicule sau care transporta mãrfuri ori produse periculoase, în timpul zilei;</li><li>e)&nbsp;&nbsp; luminile de întâlnire atunci când plouã torențial, ninge abundent ori în alte condiții care reduc vizibilitatea pe drum;</li><li>f)&nbsp;&nbsp; luminile pentru mersul înapoi atunci când vehiculul este manevrat cãtre înapoi;</li><li>g)&nbsp;&nbsp; luminile indicatoare de direcție pentru semnalizarea schimbãrii direcției de mers, inclusiv la punerea în mișcare a vehiculului de pe loc.</li></ul><p>(2)&nbsp;&nbsp; Pe timpul nopții, la apropierea a douã vehicule care circulã din sensuri opuse, conducãtorii acestora sunt obligați ca de la o distanțã de cel puțin 200 m sã foloseascã luminile de întâlnire concomitent cu reducerea vitezei. Când conducãtorul de autovehicul, tractor agricol sau forestier se apropie de un autovehicul care circulã în fațã sã, acesta este obligat sã foloseascã luminile de întâlnire de la o distanțã de cel puțin 100 m.</p><p>(3)&nbsp;&nbsp; Pe timpul nopții sau în condiții de vizibilitate redusã conducãtorii de autovehicule, tractoare agricole sau forestiere și tramvaie care se apropie de o intersecție nedirijatã prin semnale luminoase sau de cãtre polițiști sunt obligați sã semnalizeze prin folosirea alternantã a luminilor de întâlnire cu cele de drum dacã nu încalcã astfel prevederile alin. (2).</p><p>&nbsp;(4)&nbsp;&nbsp; Pe timpul nopții sau în condiții de vizibilitate redusã autovehiculele, tractoarele agricole sau forestiere ori remorcile cu deficiențe la sistemul de iluminare și semnalizare luminoasã nu pot fi conduse sau remorcate fãrã a avea în funcțiune pe partea stânga, în fațã o luminã de întâlnire și în spate una de poziție.</p><p>(5) Luminile de avarie se folosesc în urmãtoarele situații:</p><ul style=""list-style-type:circle;""><li>a)&nbsp; când vehiculul este imobilizat involuntar pe partea carosabilã;</li><li><span style=""background-color:hsl(60, 75%, 60%);"">b)&nbsp;&nbsp; când vehiculul se deplaseazã foarte lent și/sau constituie el însuși un pericol pentru ceilalți participanți la trafic;</span></li><li>c)&nbsp;&nbsp; când autovehiculul, tractorul agricol sau forestier ori tramvaiul este remorcat.</li></ul><p>&nbsp;(6)&nbsp;&nbsp; În situațiile prevãzute la alin. (5), conducãtorii de autovehicule, tractoare agricole sau forestiere și tramvaie trebuie sã punã în funcțiune luminile de avarie, în mod succesiv, în ordinea opririi și în cazul în care aceastã manevrã este impusã de blocarea circulației pe sensul de mers.</p><p>(7)&nbsp;&nbsp; Când circulã prin tunel conducãtorul de vehicul este obligat sã foloseascã luminile de întâlnire.</p>


                    </div>","https://scoaladrpciv.ro/intrebari/categoria-b/pozitia-in-timpul-mersului-si-semnalele-conducatorilor-de-autovehicule"
"1790475787-418","https://scoaladrpciv.ro/intrebari/categoria-b","Este obligat conducătorul unui vehicul să folosească banda suplimentară, la urcarea în rampă, dacă viteza sa este mai mică decât cea înscrisă pe indicator?","B - da;","","","A - nu, deoarece banda este destinată vehiculelor care se deplasează cu o viteză egală sau superioară celei precizate de indicator;","C - nu, fiind obligat în toate situaţiile să circule doar pe banda de lângă marginea drumului.","https://scoaladrpciv.ro/intrebare/este-obligat-conducatorul-unui-vehicul-sa-foloseasca-banda-suplimentara-la-urcarea-in-rampa-daca-viteza-sa-este-mai-mica-decat-cea-inscrisa-pe-indicator-4e5d","","<div class="""">
                        <h4>Articolul 43</h4><p><span style=""background-color:hsl(60, 75%, 60%);"">(1)&nbsp;&nbsp;&nbsp;&nbsp;Dacă un drum este prevăzut cu o bandă destinată vehiculelor lente sau transportului public de persoane, semnalizată ca atare, acestea vor circula numai pe banda respectiva.</span></p><p>(2)&nbsp;&nbsp;Conducătorul de vehicul care circulă pe banda situată lângă marginea părții carosabile trebuie să acorde prioritate de trecere vehiculelor care efectuează transport public de persoane numai atunci când conducătorii acestora semnalizează intenția de a reintra în trafic din stațiile prevăzute cu alveole și s-au asigurat că prin manevra lor nu pun în pericol siguranță celorlalți participanți la trafic.</p>


                    </div>","https://scoaladrpciv.ro/intrebari/categoria-b/pozitia-in-timpul-mersului-si-semnalele-conducatorilor-de-autovehicule"
"1790475790-419","https://scoaladrpciv.ro/intrebari/categoria-b","Ce mijloace de semnalizare pot fi folosite pentru evitarea unui pericol imediat, în zona de acțiune a indicatorului „Claxonarea interzisă”?","B - atât mijloacele de avertizare sonoră, cât și cele luminoase;","","","A - niciun mijloc de semnalizare;","C - numai mijloacele de semnalizare luminoasă.","https://scoaladrpciv.ro/intrebare/ce-mijloace-de-semnalizare-pot-fi-folosite-pentru-evitarea-unui-pericol-imediat-in-zona-de-actiune-a-indicatorului-claxonarea-interzisa-244b","","<div class="""">
                        <h4>Articolul 113</h4><p>(1)&nbsp;&nbsp; Mijloacele de avertizare sonorã trebuie folosite de la o distanțã de cel puțin 25 m fațã de cei cãrora li se adreseazã, pe o durata de timp care sã asigure perceperea semnalului și fãrã sã îi determine pe aceștia la manevre ce pot pune în pericol siguranța circulației.</p><p>(2)&nbsp;&nbsp; Semnalizarea cu mijloacele de avertizare sonorã nu poate fi folositã în zonele de acțiune a indicatorului ""Claxonarea interzisã"".</p><p>(3)&nbsp;&nbsp; Se excepteazã de la prevederile alin. (2):</p><ul style=""list-style-type:circle;""><li>a)&nbsp;&nbsp; conducãtorii autovehiculelor cu regim de circulație prioritarã când se deplaseazã în acțiuni de intervenții sau în misiuni care au caracter de urgențã;</li><li><span style=""background-color:hsl(60, 75%, 60%);"">b)&nbsp;&nbsp; conducãtorii autovehiculelor care folosesc acest semnal pentru evitarea unui pericol imediat.</span></li></ul>


                    </div>","https://scoaladrpciv.ro/intrebari/categoria-b/pozitia-in-timpul-mersului-si-semnalele-conducatorilor-de-autovehicule"
"1790475792-420","https://scoaladrpciv.ro/intrebari/categoria-b","Cum trebuie să procedați corect la trecerea de pe o bandă pe alta?","C - vă asigurați, semnalizați intenția (manevra) de a schimba direcția și respectați semnificația marcajului rutier.","","","A - vă asigurați din spate;","B - vă asigurați atât din față, cât și din spate;","https://scoaladrpciv.ro/intrebare/cum-trebuie-sa-procedati-corect-la-trecerea-de-pe-o-banda-pe-alta-a38d","https://scoaladrpciv.ro/storage/questions/513.jpeg","<div class="""">
                        <p>Art. 54<br><span style=""background-color:hsl(60, 75%, 60%);"">(1) Conducatorul de vehicul care executa o manevra de schimbare a directiei de mers, de iesire dintr-un rand de vehicule stationate sau de intrare intr-un asemenea rand, de trecere pe o alta banda de circulatie sau de virare spre dreapta ori spre stanga sau care urmeaza sa efectueze o intoarcere ori sa mearga cu spatele este obligat sa semnalizeze din timp si sa se asigure ca o poate face fara sa perturbe circulatia sau sa puna in pericol siguranta celorlalti participanti la trafic.</span><br>(2) Semnalizarea schimbarii directiei de mers trebuie sa fie mentinuta pe intreaga durata a manevrei.</p>


                    </div>","https://scoaladrpciv.ro/intrebari/categoria-b/pozitia-in-timpul-mersului-si-semnalele-conducatorilor-de-autovehicule"
"1790475794-421","https://scoaladrpciv.ro/intrebari/categoria-b","Care este momentul în care puteţi începe depăşirea unui tramvai oprit într-o staţie fără refugiu?","B - acordând prioritate pietonilor şi când uşile tramvaiului au fost închise;","","","A - când călătorii au coborât din tramvai şi au părăsit partea carosabilă;","C - când autovehiculul din faţă s-a pus în mişcare.","https://scoaladrpciv.ro/intrebare/care-este-momentul-in-care-puteti-incepe-depasirea-unui-tramvai-oprit-intr-o-statie-fara-refugiu-c6fc","","<div class="""">
                        <h4>Articolul 107</h4><p>(1)&nbsp;&nbsp; La intersecțiile prevãzute cu indicatoare și/sau cu marcaje pentru semnalizarea direcției de mers, conducãtorii de vehicule trebuie sã se încadreze pe benzile corespunzãtoare direcției de mers voite cu cel puțin 50 m înainte de intersecție și sunt obligați sã respecte semnificația indicatoarelor și marcajelor.</p><p>(2)&nbsp;&nbsp; La intersecțiile fãrã marcaje de delimitare a benzilor, conducãtorii vehiculelor ocupa în mers, cu cel puțin 50 m înainte de intersecție, urmãtoarele poziții:</p><ul style=""list-style-type:circle;""><li>a)&nbsp;&nbsp; rândul de lângã bordurã sau acostament, cei care vor sã schimbe direcția de mers spre dreapta;</li><li>b)&nbsp;&nbsp; rândul de lângã axa drumului sau de lângã marcajul de separare a sensurilor, cei care vor sã schimbe direcția de mers spre stânga. Când circulația se desfãșoarã pe drumuri cu sens unic, conducãtorii de vehicule care intenționeazã sã vireze la stânga sunt obligați sã ocupe rândul de lângã bordura sau acostamentul din partea stânga;</li><li>c)&nbsp; oricare dintre rânduri, cei care vor sã meargã înainte.</li></ul><p>(3)&nbsp;&nbsp; Dacã în intersecție circulã și tramvaie, iar spațiul dintre șina din dreapta și trotuar nu permite circulația pe douã sau mai multe rânduri, toți conducãtorii de vehicule, indiferent de direcția de deplasare, vor circula pe un singur rând, lãsând liber traseul tramvaiului.</p><p><span style=""background-color:hsl(60, 75%, 60%);"">(4)&nbsp;&nbsp; În cazul în care tramvaiul este oprit într-o stație fãrã refugiu pentru pietoni, vehiculele trebuie sã opreascã în ordinea sosirii, în spatele acestuia, și sã își reia deplasarea numai dupã ce ușile tramvaiului au fost închise și s-au asigurat cã nu pun în pericol siguranța pietonilor angajați în traversarea drumului public.</span></p>


                    </div>","https://scoaladrpciv.ro/intrebari/categoria-b/pozitia-in-timpul-mersului-si-semnalele-conducatorilor-de-autovehicule"
"1790475797-422","https://scoaladrpciv.ro/intrebari/categoria-b","Cum veți proceda corect atunci când circulați pe timpul nopții, în condiții atmosferice ce împiedică mult vizibilitatea?","C - folosiți luminile de întâlnire și semnalizați prin schimbarea luminii de întâlnire cu cea de drum, la trecerea prin intersecțiile cu circulație nedirijată.","","","A - opriți și așteptați modificarea condițiilor atmosferice;","B - folosiți luminile de drum și circulați cât mai aproape de marginea din dreapta a drumului;","https://scoaladrpciv.ro/intrebare/cum-veti-proceda-corect-atunci-cand-circulati-pe-timpul-noptii-in-conditii-atmosferice-ce-impiedica-mult-vizibilitatea-2dba","","<div class="""">
                        <h4>Articolul 114</h4><p>(1)&nbsp;&nbsp; Conducãtorii de autovehicule, tractoare agricole sau forestiere și tramvaie sunt obligați sã foloseascã instalațiile de iluminare și/sau semnalizare a acestora, dupã cum urmeazã:</p><ul style=""list-style-type:circle;""><li>a)&nbsp;&nbsp; luminile de poziție sau de staționare pe timpul imobilizãrii vehiculului pe partea carosabilã în afara localitãților, de la lãsarea serii și pânã în zorii zilei, ziua când plouã torențial, ninge abundent sau este ceațã densã ori în alte condiții care reduc vizibilitatea pe drumul public;</li><li>b)&nbsp;&nbsp; luminile de întâlnire sau de drum, în mers, atât în localitãți, cât și în afara acestora, dupã gradul de iluminare a drumului public;</li><li>c)&nbsp; luminile de întâlnire și cele de ceațã pe timp de ceațã densã;</li><li>d)&nbsp;&nbsp; luminile de întâlnire ale autovehiculelor care însoțesc coloane militare sau cortegii, transportã grupuri organizate de persoane și cele care tracteazã alte vehicule sau care transporta mãrfuri ori produse periculoase, în timpul zilei;</li><li><span style=""background-color:hsl(60, 75%, 60%);"">e)&nbsp;&nbsp; luminile de întâlnire atunci când plouã torențial, ninge abundent ori în alte condiții care reduc vizibilitatea pe drum;</span></li><li>f)&nbsp;&nbsp; luminile pentru mersul înapoi atunci când vehiculul este manevrat cãtre înapoi;</li><li>g)&nbsp;&nbsp; luminile indicatoare de direcție pentru semnalizarea schimbãrii direcției de mers, inclusiv la punerea în mișcare a vehiculului de pe loc.</li></ul><p>(2)&nbsp;&nbsp; Pe timpul nopții, la apropierea a douã vehicule care circulã din sensuri opuse, conducãtorii acestora sunt obligați ca de la o distanțã de cel puțin 200 m sã foloseascã luminile de întâlnire concomitent cu reducerea vitezei. Când conducãtorul de autovehicul, tractor agricol sau forestier se apropie de un autovehicul care circulã în fațã sã, acesta este obligat sã foloseascã luminile de întâlnire de la o distanțã de cel puțin 100 m.</p><p><span style=""background-color:hsl(60, 75%, 60%);"">(3)&nbsp;&nbsp; Pe timpul nopții sau în condiții de vizibilitate redusã conducãtorii de autovehicule, tractoare agricole sau forestiere și tramvaie care se apropie de o intersecție nedirijatã prin semnale luminoase sau de cãtre polițiști sunt obligați sã semnalizeze prin folosirea alternantã a luminilor de întâlnire cu cele de drum dacã nu încalcã astfel prevederile alin. (2).</span></p><p>&nbsp;(4)&nbsp;&nbsp; Pe timpul nopții sau în condiții de vizibilitate redusã autovehiculele, tractoarele agricole sau forestiere ori remorcile cu deficiențe la sistemul de iluminare și semnalizare luminoasã nu pot fi conduse sau remorcate fãrã a avea în funcțiune pe partea stânga, în fațã o luminã de întâlnire și în spate una de poziție.</p><p>(5) Luminile de avarie se folosesc în urmãtoarele situații:</p><ul style=""list-style-type:circle;""><li>a)&nbsp; când vehiculul este imobilizat involuntar pe partea carosabilã;</li><li>b)&nbsp;&nbsp; când vehiculul se deplaseazã foarte lent și/sau constituie el însuși un pericol pentru ceilalți participanți la trafic;</li><li>c)&nbsp;&nbsp; când autovehiculul, tractorul agricol sau forestier ori tramvaiul este remorcat.</li></ul><p>&nbsp;(6)&nbsp;&nbsp; În situațiile prevãzute la alin. (5), conducãtorii de autovehicule, tractoare agricole sau forestiere și tramvaie trebuie sã punã în funcțiune luminile de avarie, în mod succesiv, în ordinea opririi și în cazul în care aceastã manevrã este impusã de blocarea circulației pe sensul de mers.</p><p>(7)&nbsp;&nbsp; Când circulã prin tunel conducãtorul de vehicul este obligat sã foloseascã luminile de întâlnire.</p>


                    </div>","https://scoaladrpciv.ro/intrebari/categoria-b/pozitia-in-timpul-mersului-si-semnalele-conducatorilor-de-autovehicule"
"1790475799-423","https://scoaladrpciv.ro/intrebari/categoria-b","De la ce distanță trebuie să folosească un conducător de vehicul mijloacele de avertizare sonoră, pentru a preveni pietonii?","C - de la cel puțin 25 m de aceștia.","","","A - legea nu prevede o anumită distanță;","B - de la cel mult 30 m de aceștia;","https://scoaladrpciv.ro/intrebare/de-la-ce-distanta-trebuie-sa-foloseasca-un-conducator-de-vehicul-mijloacele-de-avertizare-sonora-pentru-a-preveni-pietonii-127f","","<div class="""">
                        <h4>Articolul 113</h4><p><span style=""background-color:hsl(60, 75%, 60%);"">(1)&nbsp;&nbsp; Mijloacele de avertizare sonorã trebuie folosite de la o distanțã de cel puțin 25 m fațã de cei cãrora li se adreseazã, pe o durata de timp care sã asigure perceperea semnalului și fãrã sã îi determine pe aceștia la manevre ce pot pune în pericol siguranța circulației.</span></p><p>(2)&nbsp;&nbsp; Semnalizarea cu mijloacele de avertizare sonorã nu poate fi folositã în zonele de acțiune a indicatorului ""Claxonarea interzisã"".</p><p>(3)&nbsp;&nbsp; Se excepteazã de la prevederile alin. (2):</p><ul style=""list-style-type:circle;""><li>a)&nbsp;&nbsp; conducãtorii autovehiculelor cu regim de circulație prioritarã când se deplaseazã în acțiuni de intervenții sau în misiuni care au caracter de urgențã;</li><li>b)&nbsp;&nbsp; conducãtorii autovehiculelor care folosesc acest semnal pentru evitarea unui pericol imediat.</li></ul>


                    </div>","https://scoaladrpciv.ro/intrebari/categoria-b/pozitia-in-timpul-mersului-si-semnalele-conducatorilor-de-autovehicule"
"1790475801-424","https://scoaladrpciv.ro/intrebari/categoria-b","Când este interzisă schimbarea direcției de mers la dreapta, deși este în funcțiune semnalul verde?","C - când banda pe care se află încadrat conducătorul de vehicul este semnalizată cu indicator și marcaj direcțional care indică mersul înainte.","","","A - când semaforul nu este însoțit de un semn adițional ce conține o săgeată cu vârful către dreapta;","B - când la dreapta se află o stradă cu sens unic;","https://scoaladrpciv.ro/intrebare/cand-este-interzisa-schimbarea-directiei-de-mers-la-dreapta-desi-este-in-functiune-semnalul-verde-8582","","<div class="""">
                        <h4>Articolul 107</h4><p><span style=""background-color:hsl(60, 75%, 60%);"">(1)&nbsp;&nbsp; La intersecțiile prevãzute cu indicatoare și/sau cu marcaje pentru semnalizarea direcției de mers, conducãtorii de vehicule trebuie sã se încadreze pe benzile corespunzãtoare direcției de mers voite cu cel puțin 50 m înainte de intersecție și sunt obligați sã respecte semnificația indicatoarelor și marcajelor.</span></p><p>(2)&nbsp;&nbsp; La intersecțiile fãrã marcaje de delimitare a benzilor, conducãtorii vehiculelor ocupa în mers, cu cel puțin 50 m înainte de intersecție, urmãtoarele poziții:</p><ul style=""list-style-type:circle;""><li>a)&nbsp;&nbsp; rândul de lângã bordurã sau acostament, cei care vor sã schimbe direcția de mers spre dreapta;</li><li>b)&nbsp;&nbsp; rândul de lângã axa drumului sau de lângã marcajul de separare a sensurilor, cei care vor sã schimbe direcția de mers spre stânga. Când circulația se desfãșoarã pe drumuri cu sens unic, conducãtorii de vehicule care intenționeazã sã vireze la stânga sunt obligați sã ocupe rândul de lângã bordura sau acostamentul din partea stânga;</li><li>c)&nbsp; oricare dintre rânduri, cei care vor sã meargã înainte.</li></ul><p>(3)&nbsp;&nbsp; Dacã în intersecție circulã și tramvaie, iar spațiul dintre șina din dreapta și trotuar nu permite circulația pe douã sau mai multe rânduri, toți conducãtorii de vehicule, indiferent de direcția de deplasare, vor circula pe un singur rând, lãsând liber traseul tramvaiului.</p><p>(4)&nbsp;&nbsp; În cazul în care tramvaiul este oprit într-o stație fãrã refugiu pentru pietoni, vehiculele trebuie sã opreascã în ordinea sosirii, în spatele acestuia, și sã își reia deplasarea numai dupã ce ușile tramvaiului au fost închise și s-au asigurat cã nu pun în pericol siguranța pietonilor angajați în traversarea drumului public.</p>


                    </div>","https://scoaladrpciv.ro/intrebari/categoria-b/pozitia-in-timpul-mersului-si-semnalele-conducatorilor-de-autovehicule"
"1790475803-425","https://scoaladrpciv.ro/intrebari/categoria-b","Puteți opri sau staționa regulamentar, cu toate luminile stinse, pe un drum iluminat, dacă vehiculul pe care îl conduceți este vizibil de la o distanță de cel puțin:","A - 50 m;","","","B - 100 m;","C - 150 m.","https://scoaladrpciv.ro/intrebare/puteti-opri-sau-stationa-regulamentar-cu-toate-luminile-stinse-pe-un-drum-iluminat-daca-vehiculul-pe-care-il-conduceti-este-vizibil-de-la-o-distanta-de-cel-putin-0972","","<div class="""">
                        <p>Art. 115<br>Un vehicul poate fi oprit sau staţionat cu toate luminile stinse, în locurile în care aceste manevre sunt permise, atunci când se află:<br><span style=""background-color:hsl(60, 75%, 60%);"">a) pe un drum iluminat, astfel încât vehiculul este vizibil de la o distanţă de cel puţin 50 m;</span><br>b) în afara părţii carosabile, pe un acostament consolidat;<br>c) în localităţi, la marginea părţii carosabile, în cazul motocicletelor cu două roţi, fără ataş şi a mopedelor, care nu sunt prevăzute cu sursă de energie.</p>


                    </div>","https://scoaladrpciv.ro/intrebari/categoria-b/pozitia-in-timpul-mersului-si-semnalele-conducatorilor-de-autovehicule"
"1790475806-426","https://scoaladrpciv.ro/intrebari/categoria-b","Care este traseul recomandat pentru a vira la stânga?","B - traseul 2;","","","A - traseul 1;","C - virajul la stânga este interzis.","https://scoaladrpciv.ro/intrebare/care-este-traseul-recomandat-pentru-a-vira-la-stanga-1844","https://scoaladrpciv.ro/storage/questions/446.jpeg","<div class="""">
                        <h4>Articolul 107</h4><p>(1)&nbsp;&nbsp; La intersecțiile prevãzute cu indicatoare și/sau cu marcaje pentru semnalizarea direcției de mers, conducãtorii de vehicule trebuie sã se încadreze pe benzile corespunzãtoare direcției de mers voite cu cel puțin 50 m înainte de intersecție și sunt obligați sã respecte semnificația indicatoarelor și marcajelor.</p><p>(2)&nbsp;&nbsp; La intersecțiile fãrã marcaje de delimitare a benzilor, conducãtorii vehiculelor ocupa în mers, cu cel puțin 50 m înainte de intersecție, urmãtoarele poziții:</p><ul style=""list-style-type:circle;""><li>a)&nbsp;&nbsp; rândul de lângã bordurã sau acostament, cei care vor sã schimbe direcția de mers spre dreapta;</li><li>b)&nbsp;&nbsp; rândul de lângã axa drumului sau de lângã marcajul de separare a sensurilor, cei care vor sã schimbe direcția de mers spre stânga. Când circulația se desfãșoarã pe drumuri cu sens unic, conducãtorii de vehicule care intenționeazã sã vireze la stânga sunt obligați sã ocupe rândul de lângã bordura sau acostamentul din partea stânga;</li><li>c)&nbsp; oricare dintre rânduri, cei care vor sã meargã înainte.</li></ul><p>(3)&nbsp;&nbsp; Dacã în intersecție circulã și tramvaie, iar spațiul dintre șina din dreapta și trotuar nu permite circulația pe douã sau mai multe rânduri, toți conducãtorii de vehicule, indiferent de direcția de deplasare, vor circula pe un singur rând, lãsând liber traseul tramvaiului.</p><p>(4)&nbsp;&nbsp; În cazul în care tramvaiul este oprit într-o stație fãrã refugiu pentru pietoni, vehiculele trebuie sã opreascã în ordinea sosirii, în spatele acestuia, și sã își reia deplasarea numai dupã ce ușile tramvaiului au fost închise și s-au asigurat cã nu pun în pericol siguranța pietonilor angajați în traversarea drumului public.</p>


                    </div>","https://scoaladrpciv.ro/intrebari/categoria-b/pozitia-in-timpul-mersului-si-semnalele-conducatorilor-de-autovehicule"
"1790475808-427","https://scoaladrpciv.ro/intrebari/categoria-b","Ați selectat corect banda de circulație pentru a vira la stânga în intersecția care urmează?","A - da;","","","B - nu;","C - sunteți obligat să circulați numai înainte.","https://scoaladrpciv.ro/intrebare/ati-selectat-corect-banda-de-circulatie-pentru-a-vira-la-stanga-in-intersectia-care-urmeaza-131f","https://scoaladrpciv.ro/storage/questions/445.jpeg","<div class="""">
                        <h4>Articolul 107</h4><p><span style=""background-color:hsl(60, 75%, 60%);"">(1)&nbsp;&nbsp; La intersecțiile prevãzute cu indicatoare și/sau cu marcaje pentru semnalizarea direcției de mers, conducãtorii de vehicule trebuie sã se încadreze pe benzile corespunzãtoare direcției de mers voite cu cel puțin 50 m înainte de intersecție și sunt obligați sã respecte semnificația indicatoarelor și marcajelor.</span></p><p>(2)&nbsp;&nbsp; La intersecțiile fãrã marcaje de delimitare a benzilor, conducãtorii vehiculelor ocupa în mers, cu cel puțin 50 m înainte de intersecție, urmãtoarele poziții:</p><ul style=""list-style-type:circle;""><li>a)&nbsp;&nbsp; rândul de lângã bordurã sau acostament, cei care vor sã schimbe direcția de mers spre dreapta;</li><li>b)&nbsp;&nbsp; rândul de lângã axa drumului sau de lângã marcajul de separare a sensurilor, cei care vor sã schimbe direcția de mers spre stânga. Când circulația se desfãșoarã pe drumuri cu sens unic, conducãtorii de vehicule care intenționeazã sã vireze la stânga sunt obligați sã ocupe rândul de lângã bordura sau acostamentul din partea stânga;</li><li>c)&nbsp; oricare dintre rânduri, cei care vor sã meargã înainte.</li></ul><p>(3)&nbsp;&nbsp; Dacã în intersecție circulã și tramvaie, iar spațiul dintre șina din dreapta și trotuar nu permite circulația pe douã sau mai multe rânduri, toți conducãtorii de vehicule, indiferent de direcția de deplasare, vor circula pe un singur rând, lãsând liber traseul tramvaiului.</p><p>(4)&nbsp;&nbsp; În cazul în care tramvaiul este oprit într-o stație fãrã refugiu pentru pietoni, vehiculele trebuie sã opreascã în ordinea sosirii, în spatele acestuia, și sã își reia deplasarea numai dupã ce ușile tramvaiului au fost închise și s-au asigurat cã nu pun în pericol siguranța pietonilor angajați în traversarea drumului public.</p>


                    </div>","https://scoaladrpciv.ro/intrebari/categoria-b/pozitia-in-timpul-mersului-si-semnalele-conducatorilor-de-autovehicule"
"1790475810-428","https://scoaladrpciv.ro/intrebari/categoria-b","Avertizarea sonoră se folosește:","A - ori de câte ori este necesar, pentru evitarea unui pericol imediat;","","","B - la trecerea pe lângă bicicliști;","C - în localități, la apropierea de o trecere pentru pietoni.","https://scoaladrpciv.ro/intrebare/avertizarea-sonora-se-foloseste-e339","","<div class="""">
                        <h4>Articolul 113</h4><p>(1)&nbsp;&nbsp; Mijloacele de avertizare sonorã trebuie folosite de la o distanțã de cel puțin 25 m fațã de cei cãrora li se adreseazã, pe o durata de timp care sã asigure perceperea semnalului și fãrã sã îi determine pe aceștia la manevre ce pot pune în pericol siguranța circulației.</p><p>(2)&nbsp;&nbsp; Semnalizarea cu mijloacele de avertizare sonorã nu poate fi folositã în zonele de acțiune a indicatorului ""Claxonarea interzisã"".</p><p>(3)&nbsp;&nbsp; Se excepteazã de la prevederile alin. (2):</p><ul style=""list-style-type:circle;""><li>a)&nbsp;&nbsp; conducãtorii autovehiculelor cu regim de circulație prioritarã când se deplaseazã în acțiuni de intervenții sau în misiuni care au caracter de urgențã;</li><li><span style=""background-color:hsl(60, 75%, 60%);"">b)&nbsp;&nbsp; conducãtorii autovehiculelor care folosesc acest semnal pentru evitarea unui pericol imediat.</span></li></ul>


                    </div>","https://scoaladrpciv.ro/intrebari/categoria-b/pozitia-in-timpul-mersului-si-semnalele-conducatorilor-de-autovehicule"
"1790475813-429","https://scoaladrpciv.ro/intrebari/categoria-b","În situația dată, veți circula:","C - cu luminile de întâlnire.","","","A - fără lumini;","B - numai cu luminile de poziție;","https://scoaladrpciv.ro/intrebare/in-situatia-data-veti-circula-cd35","https://scoaladrpciv.ro/storage/questions/423.jpeg","<div class="""">
                        <h4>Articolul 114</h4>
<p>(1)&nbsp;&nbsp; Conducãtorii de autovehicule, tractoare agricole sau forestiere și tramvaie sunt obligați sã foloseascã instalațiile de iluminare și/sau semnalizare a acestora, dupã cum urmeazã:</p>
<ul style=""list-style-type: circle;"">
<li>a)&nbsp;&nbsp; luminile de poziție sau de staționare pe timpul imobilizãrii vehiculului pe partea carosabilã în afara localitãților, de la lãsarea serii și pânã în zorii zilei, ziua când plouã torențial, ninge abundent sau este ceațã densã ori în alte condiții care reduc vizibilitatea pe drumul public;</li>
<li><span style=""background-color: #f1c40f;"">b)&nbsp;&nbsp; luminile de întâlnire sau de drum, în mers, atât în localitãți, cât și în afara acestora, dupã gradul de iluminare a drumului public;</span></li>
<li>c)&nbsp; luminile de întâlnire și cele de ceațã pe timp de ceațã densã;</li>
<li>d)&nbsp;&nbsp; luminile de întâlnire ale autovehiculelor care însoțesc coloane militare sau cortegii, transportã grupuri organizate de persoane și cele care tracteazã alte vehicule sau care transporta mãrfuri ori produse periculoase, în timpul zilei;</li>
<li>e)&nbsp;&nbsp; luminile de întâlnire atunci când plouã torențial, ninge abundent ori în alte condiții care reduc vizibilitatea pe drum;</li>
<li>f)&nbsp;&nbsp; luminile pentru mersul înapoi atunci când vehiculul este manevrat cãtre înapoi;</li>
<li>g)&nbsp;&nbsp; luminile indicatoare de direcție pentru semnalizarea schimbãrii direcției de mers, inclusiv la punerea în mișcare a vehiculului de pe loc.</li>
</ul>
<h4>Articolul 44</h4>
<p>(1) În circulația pe drumurile publice conducătorii de vehicule pot folosi, în condițiile prevăzute de regulament, mijloacele de avertizare sonoră și luminoasă aflate în dotare și omologate.&nbsp;</p>
<p><span style=""background-color: #f1c40f;"">(2) În circulația pe toate categoriile de drumuri publice conducătorii de autovehicule și tractoare agricole sau forestiere sunt obligați să folosească și în timpul zilei luminile de întâlnire sau luminile pentru circulația diurnă.&nbsp;</span></p>
<p>(3) Conducătorii motocicletelor și mopedelor sunt obligați să folosească luminile de întâlnire pe toată durata deplasării acestora pe drumurile publice.&nbsp;</p>
<p>(4) În circulația pe drumurile publice se interzice deținerea la vedere, montarea și folosirea mijloacelor speciale de avertizare sonoră și luminoasă pe și în alte autovehicule decât cele prevăzute la art. 32 alin. (2), precum și deținerea, montarea sau folosirea pe autovehicule a sistemelor care perturbă buna funcționare a dispozitivelor de supraveghere a traficului.&nbsp;</p>
<p>(5) Conducătorii de autovehicule pot fi avertizați de poliția rutieră în legatură cu prezența în trafic a dispozitivelor de măsurare a vitezei, prin mass-media sau panouri de avertizare. Conducătorii de autovehicule pot folosi mijloace proprii de detectare a dispozitivelor de măsurare a vitezei.</p>


                    </div>","https://scoaladrpciv.ro/intrebari/categoria-b/pozitia-in-timpul-mersului-si-semnalele-conducatorilor-de-autovehicule"
"1790475815-430","https://scoaladrpciv.ro/intrebari/categoria-b","Este permisă staționarea vehiculelor pe timpul nopții pe partea carosabilă a unui drum comunal neiluminat?","A - da, dacă se aprind luminile de poziție sau de staționare;","","","B - nu, întrucât în toate cazurile se interzice pe timpul nopții staționarea pe partea carosabilă;","C - da, dacă în afara luminilor de poziție, prezența vehiculului este semnalizată și cu ajutorul triunghiurilor reflectorizante.","https://scoaladrpciv.ro/intrebare/este-permisa-stationarea-vehiculelor-pe-timpul-noptii-pe-partea-carosabila-a-unui-drum-comunal-neiluminat-1064","","<div class="""">
                        <p>Art. 114<br>(1) Conducătorii de autovehicule, tramvaie şi mopede sunt obligaţi să folosească instalaţiile de iluminare şi/sau semnalizare a acestora, după cum urmează:<br><span style=""background-color:hsl(60, 75%, 60%);"">a) luminile de poziţie sau de staţionare pe timpul imobilizării vehiculului pe partea carosabilă în afara localităţilor, de la lăsarea serii şi până în zorii zilei, ziua când plouă torenţial, ninge abundent sau este ceaţă densă ori în alte condiţii care reduc vizibilitatea pe drumul public;</span><br>b) luminile de întâlnire sau de drum, în mers, atât în localităţi, cât şi în afara acestora, după gradul de iluminare a drumului public;<br>c) luminile de întâlnire şi cele de ceaţă pe timp de ceaţă densă;<br>d) luminile de întâlnire ale autovehiculelor care însoţesc coloane militare sau cortegii, transportă grupuri organizate de persoane şi cele care tractează alte vehicule sau care transportă mărfuri ori produse periculoase, în timpul zilei;<br>e) luminile de întâlnire atunci când plouă torenţial, ninge abundent ori în alte condiţii care reduc vizibilitatea pe drum;<br>f) luminile pentru mersul înapoi atunci când vehiculul este manevrat către înapoi;<br>g) luminile indicatoare de direcţie pentru semnalizarea schimbării direcţiei de mers, inclusiv la punerea în mişcare a vehiculului de pe loc.&nbsp;<br>(2) Pe timpul nopţii, la apropierea a două vehicule care circulă din sensuri opuse, conducătorii acestora sunt obligaţi ca de la o distanţă de cel puţin 200 m să folosească luminile de întâlnire concomitent cu reducerea vitezei. Când conducătorul de autovehicul se apropie de un autovehicul care circulă în faţa sa, acesta este obligat sa folosească luminile de întâlnire de la o distanţă de cel puţin 100 m.&nbsp;<br>(3) Pe timpul nopţii sau în condiţii de vizibilitate redusă conducătorii de autovehicule şi tramvaie care se apropie de o intersecţie nedirijată prin semnale luminoase sau de către poliţişti sunt obligaţi să semnalizeze prin folosirea alternantă a luminilor de întâlnire cu cele de drum dacă nu încalcă astfel prevederile alin. (2).&nbsp;<br>(4) Pe timpul nopţii sau în condiţii de vizibilitate redusă autovehiculele sau remorcile cu defecţiuni la sistemul de iluminare şi semnalizare luminoasă nu pot fi conduse sau remorcate fără a avea în funcţiune pe partea stângă, în faţă o lumină de întâlnire şi în spate una de poziţie.&nbsp;<br>(5) Luminile de avarie se folosesc în următoarele situaţii:<br>a) când vehiculul este imobilizat involuntar pe partea carosabilă;<br>b) când vehiculul se deplasează foarte lent şi/sau constituie el însuşi un pericol pentru ceilalţi participanţi la trafic;<br>c) când autovehiculul sau tramvaiul este remorcat.&nbsp;<br>(6) În situaţiile prevăzute la alin. (5), conducătorii de autovehicule, tramvaie sau mopede trebuie să pună în funcţiune luminile de avarie, în mod succesiv, în ordinea opririi şi în cazul în care această manevră este impusă de blocarea circulaţiei pe sensul de mers.</p>


                    </div>","https://scoaladrpciv.ro/intrebari/categoria-b/pozitia-in-timpul-mersului-si-semnalele-conducatorilor-de-autovehicule"
"1790475817-431","https://scoaladrpciv.ro/intrebari/categoria-b","Aveți obligația de a opri imediat vehiculul la semnalele adresate de:","A - membrii patrulelor școlare de circulație, de la trecerile pentru pietoni din apropierea unităților de învățământ;","","","B - personalul autorizat din cadrul Ministerului Transporturilor;","C - lucrătorii ce își desfășoară activitatea în cadrul Administrației Drumurilor.","https://scoaladrpciv.ro/intrebare/aveti-obligatia-de-a-opri-imediat-vehiculul-la-semnalele-adresate-de-1e6b","","<div class="""">
                        <p>Art. 89<br>(1) Oprirea participanţilor la trafic este obligatorie şi la semnalele date de:<br>a) poliţiştii de frontieră;<br>b) îndrumătorii de circulaţie ai Ministerului Apărării;<br>c) agenţii de cale ferată, la trecerile la nivel;<br>d) personalul autorizat din zona lucrărilor pe drumurile publice;<br><span style=""background-color:hsl(60, 75%, 60%);"">e) membrii patrulelor şcolare de circulaţie, la trecerile pentru pietoni din apropierea unităţilor de învăţământ;</span><br>f) nevăzători, prin ridicarea bastonului alb, atunci când aceştia traversează strada.&nbsp;<br>(2) Persoanele prevăzute la alin. (1) lit. a)–d) pot efectua şi următoarele semnale:<br>a) balansarea braţului în plan vertical, cu palma mâinii orientată către sol sau cu un mijloc de semnalizare, care semnifică reducerea vitezei;<br>b) rotirea vioaie a braţului, care semnifică mărirea vitezei de deplasare a vehiculelor, inclusiv grăbirea traversării drumului de către pietoni.</p>


                    </div>","https://scoaladrpciv.ro/intrebari/categoria-b/pozitia-in-timpul-mersului-si-semnalele-conducatorilor-de-autovehicule"
"1790475822-432","https://scoaladrpciv.ro/intrebari/categoria-b","Câte corpuri de iluminat are semaforul care se adresează pietonilor și bicicliștilor?","A - două corpuri;","","","B - trei corpuri;","C - patru corpuri.","https://scoaladrpciv.ro/intrebare/cate-corpuri-de-iluminat-are-semaforul-care-se-adreseaza-pietonilor-si-biciclistilor-13cf","","<div class="""">
                        <h4>Articolul 47</h4><p>(1)&nbsp;&nbsp; Semnalele luminoase sunt lumini albe sau colorate diferit, emise succesiv, continuu sau intermitent, de unul sau mai multe corpuri de iluminat care compun un semafor.</p><p>(2)&nbsp;&nbsp; Dupã numãrul corpurilor de iluminat, semafoarele sunt:</p><p>a)&nbsp; cu un corp de iluminat, cu lumina intermitentã de avertizare;</p><p><span style=""background-color:hsl(60, 75%, 60%);"">b)&nbsp;&nbsp; cu douã corpuri de iluminat, pentru pietoni și conducãtori de biciclete sau trotinete electrice;</span></p><p>c)&nbsp; cu trei corpuri de iluminat, pentru vehicule;</p><p>d)&nbsp;&nbsp; cu patru sau mai multe corpuri de iluminat, pentru tramvaie.</p><p>(3)&nbsp;&nbsp; Semafoarele se monteazã în axul vertical al stâlpului sau pe consolã, pe portal ori suspendate pe cabluri, succesiunea culorilor lentilelor, de sus în jos, fiind urmãtoarea:</p><p>a)&nbsp;&nbsp; la semaforul cu trei culori ordinea semnalelor este: rosu, galben, verde;</p><p>b)&nbsp;&nbsp; la semaforul cu douã culori ordinea semnalelor este: rosu, verde;</p><p>c)&nbsp;&nbsp; la semaforul pentru tramvaie sunt dispuse trei pe orizontala la partea superioarã și unul la partea inferioarã, toate cu luminã albã.</p>


                    </div>","https://scoaladrpciv.ro/intrebari/categoria-b/semnale-luminoase"
"1790475825-433","https://scoaladrpciv.ro/intrebari/categoria-b","Cum veți proceda în situația dată?","B - opriți și așteptați apariția luminii de culoare verde;","","","A - reduceți viteza și traversați cu atenție;","C - acordați prioritate pietonilor, după care vă continuați deplasarea.","https://scoaladrpciv.ro/intrebare/cum-veti-proceda-in-situatia-data-464c","https://scoaladrpciv.ro/storage/questions/1153.jpeg","<div class="""">
                        <h4>Articolul 30</h4><p>(1)&nbsp; Mijloacele de semnalizare rutieră sunt:</p><ul><li>a)&nbsp; sistemele de semnalizare luminoasă sau sonoră;</li><li>&nbsp;b)&nbsp; indicatoarele;</li><li>&nbsp;c)&nbsp; marcajele;</li><li>&nbsp;d)&nbsp; alte dispozitive speciale.</li></ul><p>(2)&nbsp;&nbsp;&nbsp;Mijloacele de semnalizare rutieră se constituie într-un sistem unitar, se realizează și se instalează astfel încât să fie observate cu ușurință și de la o distanță adecvată, atât pe timp de zi, cât și pe timp de noapte, de cei cărora li se adresează și trebuie să fie în deplină concordanță între ele, precum și într-o stare tehnică de funcționare corespunzătoare.</p><p>(3)&nbsp; Semnalele luminoase pentru dirijarea circulației în intersecții au următoarele semnificații:</p><ul><li>&nbsp;a)&nbsp; semnalul de culoare verde permite trecerea;</li><li>&nbsp;b)&nbsp; semnalul de culoare roșie interzice trecerea;</li><li><span style=""background-color:hsl(60, 75%, 60%);"">&nbsp;c)&nbsp; semnalul de culoare galbenă împreună cu cel de culoare roșie interzic trecerea.</span></li></ul><h4>Articolul 52</h4><p>(1)&nbsp;&nbsp; Semnalul de culoare roșie interzice trecerea.</p><p>(2)&nbsp;&nbsp; La semnalul de culoare roșie vehiculul trebuie oprit înaintea marcajului pentru oprire sau, dupã caz, pentru trecerea pietonilor, iar în lipsa acestuia, în dreptul semaforului. Dacã semaforul este instalat deasupra ori de cealaltã parte a intersecției, în lipsa marcajului pentru oprire sau pentru trecerea pietonilor, vehiculul trebuie oprit înainte de marginea pãrții carosabile a drumului ce urmeazã a fi intersectat.</p><p><span style=""background-color:hsl(60, 75%, 60%);"">(3)&nbsp;&nbsp; Atunci când semnalul de culoare roșie funcționeazã concomitent cu cel de culoare galbenã, acesta anunțã apariția semnalului de culoare verde.</span></p>


                    </div>","https://scoaladrpciv.ro/intrebari/categoria-b/semnale-luminoase"
"1790475827-434","https://scoaladrpciv.ro/intrebari/categoria-b","Când semaforul este însoțit de lumina intermitentă de culoare verde, sub forma unei săgeți pe fond negru către dreapta, aveți următoarea obligație:","C - permite trecerea numai în direcţia indicată, oricare ar fi în acel moment semnalul în funcţiune al semaforului.","","","A - niciuna, indicatorul fiind de informare;","B - niciuna, întrucât indicatorul nu vi se adresează;","https://scoaladrpciv.ro/intrebare/cand-semaforul-este-insotit-de-lumina-intermitenta-de-culoare-verde-sub-forma-unei-sageti-pe-fond-negru-catre-dreapta-aveti-urmatoarea-obligatie-5629","","<div class="""">
                        <h4>Articolul 51</h4>
<p>(1)&nbsp;&nbsp; Semnalul de culoare verde permite trecerea.</p>
<p><span style=""background-color: hsl(60, 75%, 60%);"">(2)&nbsp;&nbsp; Când semaforul este însoțit de una sau mai multe lãmpi care emit luminã intermitentã de culoare verde sub forma uneia sau unor sãgeți pe fond negru cãtre dreapta, acestea permit trecerea numai în direcția indicatã, oricare ar fi în acel moment semnalul în funcțiune al semaforului.</span></p>
<p>&nbsp;</p>
<p><span style=""font-size: 19px;""><strong>Explicatie suplimentara</strong></span></p>
<p>Atunci cand exista un semafor <span style=""background-color: #fbeeb8;"">suplimentar </span>de lumina verde intermitenta sub forma unei sageti pe font negru catre dreapta, aceasta NU creeaza o obligativitate de circulatie in acea directie, acesta PERMITE circulatia in acea directie fara sa se mai astepte dupa culoare verde al semaforului principal, daca vehiculul este incadrat corect pe banda de mers.</p>
<p>Exemplu:<br>Pe un drum cu doua sau mai multe benzi pe sens, semaforul principal este pe culoare rosie si exista un astfel de semafor suplimentar iar un vehicul este incadrat pe banda din dreapta. Daca marcajul aplicat pe banda permite trecerea inainte sau la dreapta (o sageata inainte si una la dreapta), vehiculul NU este obligat sa vireze dreapta deoarece marcajul aplicat pe banda ii permite sa circule si inainte (deci trebuie sa astepte culoarea verde al semaforului (de obicei cel principal) care ii permite sa mearga inainte).<br>Daca banda incadrata era marcata cu un marcaj ce permite trecerea doar la dreapta (doar o sageata spre dreapta), doar in cazul acesta vehicului este obligat sa circule la dreapta, deoarece marcajul obliga astfel.</p>


                    </div>","https://scoaladrpciv.ro/intrebari/categoria-b/semnale-luminoase"
"1790475829-435","https://scoaladrpciv.ro/intrebari/categoria-b","Când deasupra fiecărei benzi de circulație se află în funcțiune câte un semafor, conducătorul trebuie:","C - să respecte semnificația semnalului luminos instalat deasupra benzii pe care se află.","","","A - să respecte semnificația semnalului luminos al semaforului instalat deasupra benzii din stânga;","B - să respecte semnificația semnalului luminos al semaforului instalat pe trotuar;","https://scoaladrpciv.ro/intrebare/cand-deasupra-fiecarei-benzi-de-circulatie-se-afla-in-functiune-cate-un-semafor-conducatorul-trebuie-3513","","<div class="""">
                        <h4>Articolul 48</h4><p>&nbsp;(1)&nbsp;&nbsp; Semafoarele care emit semnale luminoase pentru dirijarea circulației în intersecții se instaleazã obligatoriu înainte de intersecție, astfel încât sã fie vizibile de la o distanțã de cel puțin 50 m. Acestea pot fi repetate în mijlocul, deasupra ori de cealaltã parte a intersecției.</p><p><span style=""background-color:hsl(60, 75%, 60%);"">&nbsp;(2)&nbsp;&nbsp; Semnificația semnalelor luminoase pentru dirijarea circulației vehiculelor este valabilã pe întreaga lãțime a pãrții carosabile deschise circulației conducãtorilor cãrora li se adreseazã. Pe drumurile cu douã sau mai multe benzi pe sens, pentru direcții diferite, delimitate prin marcaje longitudinale, semafoarele se pot instala deasupra uneia sau unora dintre benzi, caz în care semnificația semnalelor luminoase se limiteazã la banda sau benzile astfel semnalizate.</span></p>


                    </div>","https://scoaladrpciv.ro/intrebari/categoria-b/semnale-luminoase"
"1790475832-436","https://scoaladrpciv.ro/intrebari/categoria-b","Lumina galbenă intermitentă instalată în zona trecerilor pentru pietoni vă obligă la:","C - reducerea vitezei și respectarea semnalizării și a regulilor de circulație aplicabile în acea zonă.","","","A - reducerea vitezei, având grijă să feriți pietonii care traversează;","B - reducerea vitezei și folosirea luminii farurilor, pentru avertizarea pietonilor care intenționează să se angajeze în traversare;","https://scoaladrpciv.ro/intrebare/lumina-galbena-intermitenta-instalata-in-zona-trecerilor-pentru-pietoni-va-obliga-la-cdc7","","<div class="""">
                        <p>Art. 53<br>(1) Când semnalul de culoare galbenă apare după semnalul de culoare verde, conducătorul vehiculului care se apropie de intersecţie nu trebuie să treacă de locurile prevăzute la art. 52 alin. (2), cu excepţia situaţiei în care, la apariţia semnalului, se află atât de aproape de acele locuri încât nu ar mai putea opri vehiculul în condiţii de siguranţă.&nbsp;<br><span style=""background-color:hsl(60, 75%, 60%);"">(2) Semnalul de culoare galbenă intermitent permite trecerea, conducătorul de vehicul fiind obligat să circule cu viteză redusă, să respecte semnificaţia semnalizării rutiere şi a regulilor de circulaţie aplicabile în acel loc.</span></p>


                    </div>","https://scoaladrpciv.ro/intrebari/categoria-b/semnale-luminoase"
"1790475834-437","https://scoaladrpciv.ro/intrebari/categoria-b","Semnalul verde al semaforului vă permite:","C - să circulați pe direcția înainte sau la dreapta.","","","A - să circulați pe direcția înainte sau la stânga;","B - să circulați în orice direcție;","https://scoaladrpciv.ro/intrebare/semnalul-verde-al-semaforului-va-permite-9f46","https://scoaladrpciv.ro/storage/questions/1024.jpeg","<div class="""">
                        <p>Art. 57<br>Conducătorul vehiculului care intră într-o intersecţie la culoarea verde a semaforului este obligat să respecte şi semnificaţia indicatoarelor instalate în interiorul acesteia.</p>


                    </div>","https://scoaladrpciv.ro/intrebari/categoria-b/semnale-luminoase"
"1790475836-438","https://scoaladrpciv.ro/intrebari/categoria-b","Dacă semnalul verde este însoțit de un indicator „Înainte sau la dreapta“, conducătorului de vehicul îi este permis să circule:","C - numai înainte sau la dreapta.","","","A - în toate direcțiile, deoarece semnalele luminoase primează asupra semnalizării rutiere;","B - numai la stânga;","https://scoaladrpciv.ro/intrebare/daca-semnalul-verde-este-insotit-de-un-indicator-inainte-sau-la-dreapta-conducatorului-de-vehicul-ii-este-permis-sa-circule-30bd","","<div class="""">
                        <p>Art. 57<br>Conducătorul vehiculului care intră într-o intersecţie la culoarea verde a semaforului este obligat să respecte şi semnificaţia indicatoarelor instalate în interiorul acesteia.</p>


                    </div>","https://scoaladrpciv.ro/intrebari/categoria-b/semnale-luminoase"
"1790475838-439","https://scoaladrpciv.ro/intrebari/categoria-b","În care dintre următoarele situații conducătorilor de vehicule le este interzis să execute virajul spre stânga la lumina de culoare verde a semaforului electric?","C - când întâlnesc indicatorul „Înainte sau la dreapta“.","","","A - când întâlnesc indicatorul „Înainte sau la stânga“;","B - când se află pe o stradă cu sens unic;","https://scoaladrpciv.ro/intrebare/in-care-dintre-urmatoarele-situatii-conducatorilor-de-vehicule-le-este-interzis-sa-execute-virajul-spre-stanga-la-lumina-de-culoare-verde-a-semaforului-electric-8e7b","","<div class="""">
                        <p>Art. 57<br>Conducătorul vehiculului care intră într-o intersecţie la culoarea verde a semaforului este obligat să respecte şi semnificaţia indicatoarelor instalate în interiorul acesteia.</p>


                    </div>","https://scoaladrpciv.ro/intrebari/categoria-b/semnale-luminoase"
"1790475841-440","https://scoaladrpciv.ro/intrebari/categoria-b","Semnalul de culoare galbenă al semaforului:","C - interzice intrarea în intersecție, dacă vehiculul poate fi oprit în condiții de siguranță.","","","A - permite intrarea în intersecție, dacă urmează după lumina verde;","B - permite schimbarea direcției de mers către dreapta;","https://scoaladrpciv.ro/intrebare/semnalul-de-culoare-galbena-al-semaforului-5b27","","<div class="""">
                        <h4>Articolul 53</h4><p><span style=""background-color:hsl(60,75%,60%);"">(1)&nbsp;&nbsp; Când semnalul de culoare galbenã apare dupã semnalul de culoare verde, conducãtorul vehiculului care se apropie de intersecție nu trebuie sã treacã de locurile prevãzute la art. 52 alin.(2), cu excepția situației în care, la apariția semnalului, se aflã atât de aproape de acele locuri încât nu ar mai putea opri vehiculul în condiții de siguranțã.</span></p><p>(2)&nbsp;&nbsp; Semnalul de culoare galbenã intermitent permite trecerea, conducãtorul de vehicul fiind obligat sã circule cu viteza redusã, sã respecte semnificația semnalizãrii rutiere și a regulilor de circulație aplicabile în acel loc.</p>


                    </div>","https://scoaladrpciv.ro/intrebari/categoria-b/semnale-luminoase"
"1790475843-441","https://scoaladrpciv.ro/intrebari/categoria-b","Care dintre autovehicule pot traversa intersecția din imagine?","A - niciunul;","","","B - autocamionul și autobuzul;","C - autoturismul galben și autoturismul roșu.","https://scoaladrpciv.ro/intrebare/care-dintre-autovehicule-pot-traversa-intersectia-din-imagine-47a5","https://scoaladrpciv.ro/storage/questions/859.jpeg","<div class="""">
                        <h4>Articolul 49</h4>
<p>Pe lãmpile de culoare roșie sau verde ale semafoarelor pot fi aplicate sãgeți de culoare neagrã care indicã direcțiile de deplasare corespunzãtoare acestora. În acest caz interdicția sau permisiunea de trecere impusã de semnalul luminos este limitatã la direcția sau direcțiile indicate prin aceste sãgeți. Aceeași semnificație o au și sãgețile aplicate pe panourile adiționale ce însoțesc, la partea inferioarã, semafoarele. Sãgeata pentru mersul înainte are vârful în sus.</p>


                    </div>","https://scoaladrpciv.ro/intrebari/categoria-b/semnale-luminoase"
"1790475845-442","https://scoaladrpciv.ro/intrebari/categoria-b","Semnalul roșu al semaforului:","B - obligă conducătorii vehiculelor, indiferent de direcția de deplasare, să oprească;","","","A - obligă conducătorii vehiculelor care circulă pe direcția înainte să oprească;","C - permite trecerea autovehiculelor care schimbă direcția de mers spre stânga.","https://scoaladrpciv.ro/intrebare/semnalul-rosu-al-semaforului-806b","","<div class="""">
                        <h4>Articolul 30</h4>
<p>(3)&nbsp; Semnalele luminoase pentru dirijarea circulației în intersecții au următoarele semnificații:</p>
<ul>
<li>&nbsp;a)&nbsp; semnalul de culoare verde permite trecerea;</li>
<li><span style=""background-color: #fbeeb8;"">&nbsp;b)&nbsp; semnalul de culoare roșie interzice trecerea;</span></li>
<li>&nbsp;c)&nbsp; semnalul de culoare galbenă împreună cu cel de culoare roșie interzic trecerea.</li>
</ul>
<h4>Regulament art. 52</h4>
<p>(1)&nbsp;&nbsp; Semnalul de culoare roșie interzice trecerea.</p>
<p>(2)&nbsp;&nbsp; La semnalul de culoare roșie vehiculul trebuie oprit înaintea marcajului pentru oprire sau, dupã caz, pentru trecerea pietonilor, iar în lipsa acestuia, în dreptul semaforului. Dacã semaforul este instalat deasupra ori de cealaltã parte a intersecției, în lipsa marcajului pentru oprire sau pentru trecerea pietonilor, vehiculul trebuie oprit înainte de marginea pãrții carosabile a drumului ce urmeazã a fi intersectat.</p>
<p>(3)&nbsp;&nbsp; Atunci când semnalul de culoare roșie funcționeazã concomitent cu cel de culoare galbenã, acesta anunțã apariția semnalului de culoare verde.</p>


                    </div>","https://scoaladrpciv.ro/intrebari/categoria-b/semnale-luminoase"
"1790475847-443","https://scoaladrpciv.ro/intrebari/categoria-b","În această situație trebuie să cedați trecerea vehiculului din dreapta?","C - nu, deoarece semaforul este pe culoarea verde.","","","A - da, deoarece se aplică regula priorității de dreapta;","B - da, deoarece vă intersectați cu un drum prioritar;","https://scoaladrpciv.ro/intrebare/in-aceasta-situatie-trebuie-sa-cedati-trecerea-vehiculului-din-dreapta-0635","https://scoaladrpciv.ro/storage/questions/779.jpeg","<div class="""">
                        <h4>Articolul 51</h4><p><span style=""background-color:hsl(60, 75%, 60%);"">(1)&nbsp;&nbsp; Semnalul de culoare verde permite trecerea.</span></p><p>(2)&nbsp;&nbsp; Când semaforul este însoțit de una sau mai multe lãmpi care emit luminã intermitentã de culoare verde sub forma uneia sau unor sãgeți pe fond negru cãtre dreapta, acestea permit trecerea numai în direcția indicatã, oricare ar fi în acel moment semnalul în funcțiune al semaforului.</p>


                    </div>","https://scoaladrpciv.ro/intrebari/categoria-b/semnale-luminoase"
"1790475850-444","https://scoaladrpciv.ro/intrebari/categoria-b","Cum este corect să procedați dacă semafoarele funcționează cu lumina galbenă intermitentă?","A - reduceți viteza și traversați intersecția;","","","B - reduceți viteza și cedați trecerea;","C - opriți și cedați trecerea.","https://scoaladrpciv.ro/intrebare/cum-este-corect-sa-procedati-daca-semafoarele-functioneaza-cu-lumina-galbena-intermitenta-8095","https://scoaladrpciv.ro/storage/questions/719.jpeg","<div class="""">
                        <p>Art. 53<br>(1) Când semnalul de culoare galbenă apare după semnalul de culoare verde, conducătorul vehiculului care se apropie de intersecţie nu trebuie să treacă de locurile prevăzute la art. 52 alin. (2), cu excepţia situaţiei în care, la apariţia semnalului, se află atât de aproape de acele locuri încât nu ar mai putea opri vehiculul în condiţii de siguranţă.&nbsp;<br><span style=""background-color:hsl(60, 75%, 60%);"">(2) Semnalul de culoare galbenă intermitent permite trecerea, conducătorul de vehicul fiind obligat să circule cu viteză redusă, să respecte semnificaţia semnalizării rutiere şi a regulilor de circulaţie aplicabile în acel loc.</span></p>


                    </div>","https://scoaladrpciv.ro/intrebari/categoria-b/semnale-luminoase"
"1790475852-445","https://scoaladrpciv.ro/intrebari/categoria-b","Semnalul verde al semaforului permite deplasarea:","A - pe oricare direcție, dacă printr-un mijloc de semnalizare nu se dispune altfel;","","","B - numai pe direcția înainte;","C - pe oricare direcție, dacă vehiculul se află pe banda din mijloc.","https://scoaladrpciv.ro/intrebare/semnalul-verde-al-semaforului-permite-deplasarea-274b","","<div class="""">
                        <p>Art. 30<br>(3) Semnalele luminoase pentru dirijarea circulatiei in intersectii au urmatoarele semnificatii:<br><span style=""background-color:hsl(60, 75%, 60%);"">a) semnalul de culoare verde permite trecerea;</span><br>b) semnalul de culoare rosie interzice trecerea;<br>c) semnalul de culoare galbena, impreuna cu cel de culoare rosie, interzic trecerea.<br><br>Art. 57<br><span style=""background-color:hsl(60, 75%, 60%);"">Conducătorul vehiculului care intră într-o intersecţie la culoarea verde a semaforului este obligat să respecte şi semnificaţia indicatoarelor instalate în interiorul acesteia.</span></p>


                    </div>","https://scoaladrpciv.ro/intrebari/categoria-b/semnale-luminoase"
"1790475854-446","https://scoaladrpciv.ro/intrebari/categoria-b","Cum veţi proceda la întâlnirea semnalului intermitent de culoare galbenă?","B - veţi circula cu viteză redusă;","C - veţi respecta semnificaţia semnalizării rutiere şi a regulilor de circulaţie aplicabile în acel loc.","","A - acest semnal nu vă permite trecerea;","","https://scoaladrpciv.ro/intrebare/cum-veti-proceda-la-intalnirea-semnalului-intermitent-de-culoare-galbena-dac4","","<div class="""">
                        <p>Art. 53<br>(1) Când semnalul de culoare galbenă apare după semnalul de culoare verde, conducătorul vehiculului care se apropie de intersecţie nu trebuie să treacă de locurile prevăzute la art. 52 alin. (2), cu excepţia situaţiei în care, la apariţia semnalului, se află atât de aproape de acele locuri încât nu ar mai putea opri vehiculul în condiţii de siguranţă.&nbsp;<br><span style=""background-color:hsl(60, 75%, 60%);"">(2) Semnalul de culoare galbenă intermitent permite trecerea, conducătorul de vehicul fiind obligat să circule cu viteză redusă, să respecte semnificaţia semnalizării rutiere şi a regulilor de circulaţie aplicabile în acel loc.</span></p>


                    </div>","https://scoaladrpciv.ro/intrebari/categoria-b/semnale-luminoase"
"1790475857-447","https://scoaladrpciv.ro/intrebari/categoria-b","Ce semnificație are lumina de culoare roșie a semaforului, atât pentru conducătorii de vehicule, cât și pentru pietoni?","A - îi obligă atât pe conducători, cât și pe pietoni să se oprească;","","","B - îi obligă pe conducători să oprească, iar pe pietoni să traverseze cu prudență;","C - permite vehiculelor să vireze la dreapta, cu respectarea priorității.","https://scoaladrpciv.ro/intrebare/ce-semnificatie-are-lumina-de-culoare-rosie-a-semaforului-atat-pentru-conducatorii-de-vehicule-cat-si-pentru-pietoni-676f","","<div class="""">
                        <p>(1) Semnalele speciale de avertizare luminoase sunt emise intermitent de dispozitive de iluminare montate pe autovehicule si au urmatoarele semnificatii:<br><span style=""background-color:hsl(60, 75%, 60%);"">a) lumina rosie obliga participantii la trafic sa opreasca in directia de mers cat mai aproape de marginea drumului;</span><br>b) lumina albastra obliga participantii la trafic sa acorde prioritate de trecere;<br>c) lumina galbena obliga participantii la trafic sa circule cu atentie.</p>


                    </div>","https://scoaladrpciv.ro/intrebari/categoria-b/semnale-luminoase"
"1790475859-448","https://scoaladrpciv.ro/intrebari/categoria-b","Semaforul de avertizare constituit dintr-un corp de iluminat de culoare galbenă intermitentă vă obligă:","B - să circulați cu viteză redusă;","","","A - să acordați prioritate de trecere;","C - să opriți în orice situație.","https://scoaladrpciv.ro/intrebare/semaforul-de-avertizare-constituit-dintr-un-corp-de-iluminat-de-culoare-galbena-intermitenta-va-obliga-e809","","<div class="""">
                        <h4>Articolul 53</h4><p>(1)&nbsp;&nbsp; Când semnalul de culoare galbenã apare dupã semnalul de culoare verde, conducãtorul vehiculului care se apropie de intersecție nu trebuie sã treacã de locurile prevãzute la art. 52 alin.(2), cu excepția situației în care, la apariția semnalului, se aflã atât de aproape de acele locuri încât nu ar mai putea opri vehiculul în condiții de siguranțã.</p><p><span style=""background-color:hsl(60, 75%, 60%);"">(2)&nbsp;&nbsp; Semnalul de culoare galbenã intermitent permite trecerea, conducãtorul de vehicul fiind obligat sã circule cu viteza redusã, sã respecte semnificația semnalizãrii rutiere și a regulilor de circulație aplicabile în acel loc.</span></p>


                    </div>","https://scoaladrpciv.ro/intrebari/categoria-b/semnale-luminoase"
"1790475861-449","https://scoaladrpciv.ro/intrebari/categoria-b","Ce obligații aveți dacă întâlniți un vehicul care semnalizează cu luminile speciale de avertizare de culoare albastră și semnalele sonore?","C - reduceți viteza, circulați cât mai aproape de bordură sau acostament și acordați prioritate vehiculului respectiv.","","","A - nicio obligație, deoarece semnalul albastru se adresează coloanelor în mișcare;","B - opriți cât mai aproape de marginea drumului;","https://scoaladrpciv.ro/intrebare/ce-obligatii-aveti-daca-intalniti-un-vehicul-care-semnalizeaza-cu-luminile-speciale-de-avertizare-de-culoare-albastra-si-semnalele-sonore-e366","","<div class="""">
                        <p>Art. 37<br>(1) Conducatorii de vehicule sunt obligati sa opreasca imediat, pe acostament sau, in lipsa acestuia, cat mai aproape de marginea drumului sau bordura trotuarului, in sensul de deplasare, la apropierea si la trecerea autovehiculelor cu regim de circulatie prioritara care au in functiune mijloacele speciale de avertizare luminoasa de culoare rosie si sonore.<br><span style=""background-color:hsl(60, 75%, 60%);"">(2) Conducatorii de vehicule sunt obligati sa reduca viteza, sa circule cat mai aproape de marginea drumului in sensul de deplasare si sa acorde prioritate la trecerea autovehiculelor cu regim de circulatie prioritara care au in functiune mijloacele speciale de avertizare luminoasa de culoare albastra si sonore.</span><br>(3) In situatiile prevazute la alin.(1) si (2), pietonilor le sunt interzise traversarea si circulatia pe carosabil pana la trecerea vehiculelor respective.</p>


                    </div>","https://scoaladrpciv.ro/intrebari/categoria-b/semnale-luminoase"
"1790475864-450","https://scoaladrpciv.ro/intrebari/categoria-b","Ce obligație aveți dacă întâlniți într-o intersecție indicatorul „Înainte sau la stânga“ și semaforul se află pe culoarea verde?","A - circulați înainte sau la stânga;","","","B - circulați numai înainte;","C - circulați în orice direcție, deoarece semnalul verde vă permite acest lucru.","https://scoaladrpciv.ro/intrebare/ce-obligatie-aveti-daca-intalniti-intr-o-intersectie-indicatorul-inainte-sau-la-stanga-si-semaforul-se-afla-pe-culoarea-verde-8647","","<div class="""">
                        <p>Art. 57<br>Conducătorul vehiculului care intră într-o intersecţie la culoarea verde a semaforului este obligat să respecte şi semnificaţia indicatoarelor instalate în interiorul acesteia.</p>


                    </div>","https://scoaladrpciv.ro/intrebari/categoria-b/semnale-luminoase"
"1790475866-451","https://scoaladrpciv.ro/intrebari/categoria-b","La trecerea autovehiculelor cu regim de circulaţie prioritar, care au în funcţiune mijloacele de avertizare sonoră şi luminoasă de culoare albastră, sunteţi obligat:","A - să reduceţi viteza;","B - să circulaţi cât mai aproape de marginea drumului în sensul de deplasare;","C - să acordaţi prioritate de trecere.","","","https://scoaladrpciv.ro/intrebare/la-trecerea-autovehiculelor-cu-regim-de-circulatie-prioritar-care-au-in-functiune-mijloacele-de-avertizare-sonora-si-luminoasa-de-culoare-albastra-sunteti-obligat-9895","","<div class="""">
                        <p>Art. 37<br>(1) Conducatorii de vehicule sunt obligati sa opreasca imediat, pe acostament sau, in lipsa acestuia, cat mai aproape de marginea drumului sau bordura trotuarului, in sensul de deplasare, la apropierea si la trecerea autovehiculelor cu regim de circulatie prioritara care au in functiune mijloacele speciale de avertizare luminoasa de culoare rosie si sonore.<br><span style=""background-color:hsl(60, 75%, 60%);"">(2) Conducatorii de vehicule sunt obligati sa reduca viteza, sa circule cat mai aproape de marginea drumului in sensul de deplasare si sa acorde prioritate la trecerea autovehiculelor cu regim de circulatie prioritara care au in functiune mijloacele speciale de avertizare luminoasa de culoare albastra si sonore.</span><br>(3) In situatiile prevazute la alin.(1) si (2), pietonilor le sunt interzise traversarea si circulatia pe carosabil pana la trecerea vehiculelor respective.</p>


                    </div>","https://scoaladrpciv.ro/intrebari/categoria-b/semnale-luminoase"
"1790475868-452","https://scoaladrpciv.ro/intrebari/categoria-b","Ce obligații aveți dacă întâlniți un vehicul cu semnalele speciale de avertizare luminoase de culoare albastră în funcțiune?","C - acordați prioritate vehiculului de mai sus.","","","A - nicio obligație, deoarece semnalul albastru se adresează coloanelor în mișcare;","B - opriți cât mai aproape de marginea drumului;","https://scoaladrpciv.ro/intrebare/ce-obligatii-aveti-daca-intalniti-un-vehicul-cu-semnalele-speciale-de-avertizare-luminoase-de-culoare-albastra-in-functiune-67af","","<div class="""">
                        <h4>Articolul 32</h4><p>(1)&nbsp;&nbsp;&nbsp; Semnalele speciale de avertizare luminoase sunt emise intermitent de dispozitivele de iluminare montate pe autovehicule și au următoarele semnificații:</p><ul><li>a)&nbsp;lumina roșie obligă participanții la trafic să oprească în direcția de mers cât mai aproape de marginea drumului;</li><li><span style=""background-color:hsl(60, 75%, 60%);"">b)&nbsp; lumina albastră obligă participanții la trafic să acorde prioritate de trecere;</span></li><li>c)&nbsp; lumina galbenă obligă participanții la trafic să circule cu atenție.</li></ul><p>(2)&nbsp; Sunt autorizate să utilizeze semnale speciale de avertizare luminoase:</p><ul><li>a)&nbsp; pentru lumina roșie - autovehiculele aparținând poliției și pompierilor;</li><li>b)&nbsp;&nbsp; pentru lumina albastră - autovehiculele aparținând poliției, jandarmeriei, poliției de frontieră, Autorității Vamale Române, Agenției Naționale de Administrare Fiscală, serviciului de ambulanță sau medicină legală, protecției civile, serviciilor publice Salvamont și Salvaspeo organizate de consiliile județene și consiliile locale, Ministerului Apărării Naționale care însoțesc coloane militare, unităților speciale ale Serviciului Român de Informații și ale Serviciului de Protecție și Pază, Administrației Naționale a Penitenciarelor din cadrul Ministerului Justiției, precum și autovehiculele de serviciu ale procurorilor din Ministerul Public, atunci când se deplasează în acțiuni de intervenție sau în misiuni care au caracter de urgență;</li><li>c) pentru lumina galbenă - autovehiculele cu mase și/sau dimensiuni de gabarit depășite ori care însoțesc asemenea vehicule, cele care transportă anumite mărfuri sau substanțe periculoase, cele destinate întreținerii, reparării ori verificării unor lucrări efectuate în partea carosabilă sau executării unor lucrări de drumuri, curățeniei străzilor, deszăpezirii sau tractării, transportului și depanării autovehiculelor ramase în pană sau avariate, precum și tractoarele care tractează utilajele agricole și tehnologice cu dimensiuni de gabarit depășite.</li></ul><p>(3)&nbsp;&nbsp;Autovehiculele prevăzute la alin. (2) lit. a) și b) trebuie să fie echipate și cu mijloace speciale sonore de avertizare.</p><p>(4)&nbsp; Pe autovehiculele aparținând poliției și pe cele prevăzute la alin. (2) lit. c) pot fi instalate și dispozitive luminoase cu mesaje variabile, destinate participanților la trafic.</p><p>(4^1) Pe autovehiculele Autorității Vamale Române, precum și ale Agenției Naționale de Administrare Fiscală, inscripționate vizibil cu denumirea și sigla instituției din care fac parte, pot fi instalate dispozitive luminoase cu mesaje variabile, de care se poate face uz pentru oprirea în trafic a autovehiculelor în scopul exercitării atribuțiilor de control specifice, potrivit legii.</p><p>(5)&nbsp;&nbsp;Mijloacele speciale de avertizare, luminoase sau sonore, se certifică sau se omologhează de autoritatea competentă, potrivit legii. Condițiile de utilizare a acestora se stabilesc prin regulament.</p>


                    </div>","https://scoaladrpciv.ro/intrebari/categoria-b/semnale-luminoase"
"1790475871-453","https://scoaladrpciv.ro/intrebari/categoria-b","Semnalul luminos intermitent de culoare albă, având cadența lentă, funcționează:","A - pe timpul cât semnalele luminoase de culoare roșie de la trecerea la nivel cu calea ferată sunt stinse;","","","B - pe timpul cât semnalele luminoase ale semaforului defect sunt stinse;","C - pe timpul cât barierele ori semibarierele sunt în curs de coborâre sau de ridicare.","https://scoaladrpciv.ro/intrebare/semnalul-luminos-intermitent-de-culoare-alba-avand-cadenta-lenta-functioneaza-0ba0","","<div class="""">
                        <p>Art. 69<br>(1) Trecerea la nivel cu calea ferată curentă fără bariere sau semibariere se semnalizează, după caz, cu indicatoarele „Trecere la nivel cu calea ferată simplă, fără bariere“ sau „Trecere la nivel cu calea ferată dublă, fără bariere“, însoţite de indicatorul „Oprire“.&nbsp;<br><span style=""background-color:hsl(60, 75%, 60%);"">(2) La trecerea la nivel cu calea ferată curentă prevăzută cu instalaţii de semnalizare automată fără bariere, interzicerea circulaţiei rutiere se realizează, optic, prin funcţionarea dispozitivelor cu lumini intermitent-alternative roşii şi stingerea semnalizării de control reprezentate de lumina intermitentă albă şi, acustic, prin emiterea de semnale sonore intermitente.</span></p>


                    </div>","https://scoaladrpciv.ro/intrebari/categoria-b/semnale-luminoase"
"1790475873-454","https://scoaladrpciv.ro/intrebari/categoria-b","Ce obligații vă revin atunci când, pe un drum public, întâlniți autovehicule aparținând Serviciului de Ambulanță sau Serviciului Român de Informații, care folosesc mijloacele de avertizare luminoasă și sonoră?","C - să reduceți viteza și să eliberați banda pe care vă deplasați sau să circulați cât mai aproape de bordură ori acostament.","","","A - să opriți imediat pe dreapta părții carosabile;","B - să circulați în regim normal, dar cu prudență și folosind luminile intermitente de avarie;","https://scoaladrpciv.ro/intrebare/ce-obligatii-va-revin-atunci-cand-pe-un-drum-public-intalniti-autovehicule-apartinand-serviciului-de-ambulanta-sau-serviciului-roman-de-informatii-care-folosesc-mijloacele-de-avertizare-luminoasa-si-sonora-875c","","<div class="""">
                        <h4>Articolul 32</h4><p>(1)&nbsp;&nbsp;&nbsp; Semnalele speciale de avertizare luminoase sunt emise intermitent de dispozitivele de iluminare montate pe autovehicule și au următoarele semnificații:</p><ul><li>a)&nbsp;lumina roșie obligă participanții la trafic să oprească în direcția de mers cât mai aproape de marginea drumului;</li><li><span style=""background-color:hsl(60, 75%, 60%);"">b)&nbsp; lumina albastră obligă participanții la trafic să acorde prioritate de trecere;</span></li><li>c)&nbsp; lumina galbenă obligă participanții la trafic să circule cu atenție.</li></ul><p>(2)&nbsp; Sunt autorizate să utilizeze semnale speciale de avertizare luminoase:</p><ul><li>a)&nbsp; pentru lumina roșie - autovehiculele aparținând poliției și pompierilor;</li><li><span style=""background-color:hsl(60, 75%, 60%);"">b)&nbsp;&nbsp; pentru lumina albastră - autovehiculele aparținând poliției, jandarmeriei, poliției de frontieră, Autorității Vamale Române, Agenției Naționale de Administrare Fiscală, serviciului de ambulanță sau medicină legală, protecției civile, serviciilor publice Salvamont și Salvaspeo organizate de consiliile județene și consiliile locale, Ministerului Apărării Naționale care însoțesc coloane militare, unităților speciale ale Serviciului Român de Informații și ale Serviciului de Protecție și Pază, Administrației Naționale a Penitenciarelor din cadrul Ministerului Justiției, precum și autovehiculele de serviciu ale procurorilor din Ministerul Public, atunci când se deplasează în acțiuni de intervenție sau în misiuni care au caracter de urgență;</span></li><li>c) pentru lumina galbenă - autovehiculele cu mase și/sau dimensiuni de gabarit depășite ori care însoțesc asemenea vehicule, cele care transportă anumite mărfuri sau substanțe periculoase, cele destinate întreținerii, reparării ori verificării unor lucrări efectuate în partea carosabilă sau executării unor lucrări de drumuri, curățeniei străzilor, deszăpezirii sau tractării, transportului și depanării autovehiculelor ramase în pană sau avariate, precum și tractoarele care tractează utilajele agricole și tehnologice cu dimensiuni de gabarit depășite.</li></ul><p>(3)&nbsp;&nbsp;Autovehiculele prevăzute la alin. (2) lit. a) și b) trebuie să fie echipate și cu mijloace speciale sonore de avertizare.</p><p>(4)&nbsp; Pe autovehiculele aparținând poliției și pe cele prevăzute la alin. (2) lit. c) pot fi instalate și dispozitive luminoase cu mesaje variabile, destinate participanților la trafic.</p><p>(4^1) Pe autovehiculele Autorității Vamale Române, precum și ale Agenției Naționale de Administrare Fiscală, inscripționate vizibil cu denumirea și sigla instituției din care fac parte, pot fi instalate dispozitive luminoase cu mesaje variabile, de care se poate face uz pentru oprirea în trafic a autovehiculelor în scopul exercitării atribuțiilor de control specifice, potrivit legii.</p><p>(5)&nbsp;&nbsp;Mijloacele speciale de avertizare, luminoase sau sonore, se certifică sau se omologhează de autoritatea competentă, potrivit legii. Condițiile de utilizare a acestora se stabilesc prin regulament.</p>


                    </div>","https://scoaladrpciv.ro/intrebari/categoria-b/semnale-luminoase"
"1790475875-455","https://scoaladrpciv.ro/intrebari/categoria-b","Ce obligații îi revin conducătorului de vehicul în momentul apropierii de o intersecție, dacă semnalul verde se schimbă cu cel galben?","C - să oprească autovehiculul în fața marcajului de oprire sau a marcajului pentru trecerea pietonilor ori în dreptul semaforului.","","","A - să grăbească traversarea;","B - să traverseze intersecția cu viteză redusă;","https://scoaladrpciv.ro/intrebare/ce-obligatii-ii-revin-conducatorului-de-vehicul-in-momentul-apropierii-de-o-intersectie-daca-semnalul-verde-se-schimba-cu-cel-galben-32d9","","<div class="""">
                        <h4>Articolul 53</h4><p><span style=""background-color:hsl(60, 75%, 60%);"">(1)&nbsp;&nbsp; Când semnalul de culoare galbenã apare dupã semnalul de culoare verde, conducãtorul vehiculului care se apropie de intersecție nu trebuie sã treacã de locurile prevãzute la art. 52 alin.(2), cu excepția situației în care, la apariția semnalului, se aflã atât de aproape de acele locuri încât nu ar mai putea opri vehiculul în condiții de siguranțã.</span></p><p>(2)&nbsp;&nbsp; Semnalul de culoare galbenã intermitent permite trecerea, conducãtorul de vehicul fiind obligat sã circule cu viteza redusã, sã respecte semnificația semnalizãrii rutiere și a regulilor de circulație aplicabile în acel loc.</p><h4>Articolul 52</h4><p>(1)&nbsp;&nbsp; Semnalul de culoare roșie interzice trecerea.</p><p><span style=""background-color:hsl(60, 75%, 60%);"">(2)&nbsp;&nbsp; La semnalul de culoare roșie vehiculul trebuie oprit înaintea marcajului pentru oprire sau, dupã caz, pentru trecerea pietonilor, iar în lipsa acestuia, în dreptul semaforului. Dacã semaforul este instalat deasupra ori de cealaltã parte a intersecției, în lipsa marcajului pentru oprire sau pentru trecerea pietonilor, vehiculul trebuie oprit înainte de marginea pãrții carosabile a drumului ce urmeazã a fi intersectat.</span></p><p>(3)&nbsp;&nbsp; Atunci când semnalul de culoare roșie funcționeazã concomitent cu cel de culoare galbenã, acesta anunțã apariția semnalului de culoare verde.</p><h4>&nbsp;</h4>


                    </div>","https://scoaladrpciv.ro/intrebari/categoria-b/semnale-luminoase"
"1790475877-456","https://scoaladrpciv.ro/intrebari/categoria-b","Semnalul galben intermitent al semaforului:","B - obligă conducătorii vehiculelor să reducă viteza și să circule respectând regulile de circulație aplicabile în acea intersecție;","","","A - anunță apariția semnalului roșu;","C - interzice intrarea în intersecție.","https://scoaladrpciv.ro/intrebare/semnalul-galben-intermitent-al-semaforului-675c","","<div class="""">
                        <p>Art. 53<br>(1) Când semnalul de culoare galbenă apare după semnalul de culoare verde, conducătorul vehiculului care se apropie de intersecţie nu trebuie să treacă de locurile prevăzute la art. 52 alin. (2), cu excepţia situaţiei în care, la apariţia semnalului, se află atât de aproape de acele locuri încât nu ar mai putea opri vehiculul în condiţii de siguranţă.&nbsp;<br><span style=""background-color:hsl(60, 75%, 60%);"">(2) Semnalul de culoare galbenă intermitent permite trecerea, conducătorul de vehicul fiind obligat să circule cu viteză redusă, să respecte semnificaţia semnalizării rutiere şi a regulilor de circulaţie aplicabile în acel loc.</span></p>


                    </div>","https://scoaladrpciv.ro/intrebari/categoria-b/semnale-luminoase"
"1790475880-457","https://scoaladrpciv.ro/intrebari/categoria-b","Care autovehicule pot fi echipate cu lumini speciale de avertizare de culoare albastră?","C - vehiculele aparținând poliției, jandarmeriei și poliției de frontieră.","","","A - legea nu prevede;","B - orice autovehicul pentru care se obține aprobarea poliției rutiere;","https://scoaladrpciv.ro/intrebare/care-autovehicule-pot-fi-echipate-cu-lumini-speciale-de-avertizare-de-culoare-albastra-462a","","<div class="""">
                        <h4>Articolul 32</h4><p>(1)&nbsp;&nbsp;&nbsp; Semnalele speciale de avertizare luminoase sunt emise intermitent de dispozitivele de iluminare montate pe autovehicule și au următoarele semnificații:</p><ul><li>a)&nbsp;lumina roșie obligă participanții la trafic să oprească în direcția de mers cât mai aproape de marginea drumului;</li><li>b)&nbsp; lumina albastră obligă participanții la trafic să acorde prioritate de trecere;</li><li>c)&nbsp; lumina galbenă obligă participanții la trafic să circule cu atenție.</li></ul><p>(2)&nbsp; Sunt autorizate să utilizeze semnale speciale de avertizare luminoase:</p><ul><li>a)&nbsp; pentru lumina roșie - autovehiculele aparținând poliției și pompierilor;</li><li><span style=""background-color:hsl(60, 75%, 60%);"">b)&nbsp;&nbsp; pentru lumina albastră - autovehiculele aparținând poliției, jandarmeriei, poliției de frontieră, Autorității Vamale Române, Agenției Naționale de Administrare Fiscală, serviciului de ambulanță sau medicină legală, protecției civile, serviciilor publice Salvamont și Salvaspeo organizate de consiliile județene și consiliile locale, Ministerului Apărării Naționale care însoțesc coloane militare, unităților speciale ale Serviciului Român de Informații și ale Serviciului de Protecție și Pază, Administrației Naționale a Penitenciarelor din cadrul Ministerului Justiției, precum și autovehiculele de serviciu ale procurorilor din Ministerul Public, atunci când se deplasează în acțiuni de intervenție sau în misiuni care au caracter de urgență;</span></li><li>c) pentru lumina galbenă - autovehiculele cu mase și/sau dimensiuni de gabarit depășite ori care însoțesc asemenea vehicule, cele care transportă anumite mărfuri sau substanțe periculoase, cele destinate întreținerii, reparării ori verificării unor lucrări efectuate în partea carosabilă sau executării unor lucrări de drumuri, curățeniei străzilor, deszăpezirii sau tractării, transportului și depanării autovehiculelor ramase în pană sau avariate, precum și tractoarele care tractează utilajele agricole și tehnologice cu dimensiuni de gabarit depășite.</li></ul><p>(3)&nbsp;&nbsp;Autovehiculele prevăzute la alin. (2) lit. a) și b) trebuie să fie echipate și cu mijloace speciale sonore de avertizare.</p><p>(4)&nbsp; Pe autovehiculele aparținând poliției și pe cele prevăzute la alin. (2) lit. c) pot fi instalate și dispozitive luminoase cu mesaje variabile, destinate participanților la trafic.</p><p>(4^1) Pe autovehiculele Autorității Vamale Române, precum și ale Agenției Naționale de Administrare Fiscală, inscripționate vizibil cu denumirea și sigla instituției din care fac parte, pot fi instalate dispozitive luminoase cu mesaje variabile, de care se poate face uz pentru oprirea în trafic a autovehiculelor în scopul exercitării atribuțiilor de control specifice, potrivit legii.</p><p>(5)&nbsp;&nbsp;Mijloacele speciale de avertizare, luminoase sau sonore, se certifică sau se omologhează de autoritatea competentă, potrivit legii. Condițiile de utilizare a acestora se stabilesc prin regulament.</p>


                    </div>","https://scoaladrpciv.ro/intrebari/categoria-b/semnale-luminoase"
"1790475882-458","https://scoaladrpciv.ro/intrebari/categoria-b","Ce obligații aveți la semnalul galben intermitent al semaforului electric?","C - reduceți viteza și circulați respectând regulile aplicabile în acea intersecție.","","","A - opriți, pentru că nu puteți intra în intersecție;","B - reduceți viteza și vă continuați deplasarea cu atenție, ocolind pietonii;","https://scoaladrpciv.ro/intrebare/ce-obligatii-aveti-la-semnalul-galben-intermitent-al-semaforului-electric-a18e","","<div class="""">
                        <p>Art. 53<br>(1) Când semnalul de culoare galbenă apare după semnalul de culoare verde, conducătorul vehiculului care se apropie de intersecţie nu trebuie să treacă de locurile prevăzute la art. 52 alin. (2), cu excepţia situaţiei în care, la apariţia semnalului, se află atât de aproape de acele locuri încât nu ar mai putea opri vehiculul în condiţii de siguranţă.&nbsp;<br><span style=""background-color:hsl(60, 75%, 60%);"">(2) Semnalul de culoare galbenă intermitent permite trecerea, conducătorul de vehicul fiind obligat să circule cu viteză redusă, să respecte semnificaţia semnalizării rutiere şi a regulilor de circulaţie aplicabile în acel loc.</span></p>


                    </div>","https://scoaladrpciv.ro/intrebari/categoria-b/semnale-luminoase"
"1790475884-459","https://scoaladrpciv.ro/intrebari/categoria-b","Dacă virați la stânga:","A - ați selectat corect banda de circulație, dar opriți, pentru că semaforul este pe culoarea roșie;","","","B - ați selectat bine banda de circulație, deci vă continuați deplasarea;","C - puteți vira numai la dreapta.","https://scoaladrpciv.ro/intrebare/daca-virati-la-stanga-6bd4","https://scoaladrpciv.ro/storage/questions/450.jpeg","<div class="""">
                        <h4>Articolul 107</h4><p>(1)&nbsp;&nbsp; La intersecțiile prevãzute cu indicatoare și/sau cu marcaje pentru semnalizarea direcției de mers, conducãtorii de vehicule trebuie sã se încadreze pe benzile corespunzãtoare direcției de mers voite cu cel puțin 50 m înainte de intersecție și sunt obligați sã respecte semnificația indicatoarelor și marcajelor.</p><p>(2)&nbsp;&nbsp; La intersecțiile fãrã marcaje de delimitare a benzilor, conducãtorii vehiculelor ocupa în mers, cu cel puțin 50 m înainte de intersecție, urmãtoarele poziții:</p><ul style=""list-style-type:circle;""><li>a)&nbsp;&nbsp; rândul de lângã bordurã sau acostament, cei care vor sã schimbe direcția de mers spre dreapta;</li><li>b)&nbsp;&nbsp; rândul de lângã axa drumului sau de lângã marcajul de separare a sensurilor, cei care vor sã schimbe direcția de mers spre stânga. Când circulația se desfãșoarã pe drumuri cu sens unic, conducãtorii de vehicule care intenționeazã sã vireze la stânga sunt obligați sã ocupe rândul de lângã bordura sau acostamentul din partea stânga;</li><li>c)&nbsp; oricare dintre rânduri, cei care vor sã meargã înainte.</li></ul><p>(3)&nbsp;&nbsp; Dacã în intersecție circulã și tramvaie, iar spațiul dintre șina din dreapta și trotuar nu permite circulația pe douã sau mai multe rânduri, toți conducãtorii de vehicule, indiferent de direcția de deplasare, vor circula pe un singur rând, lãsând liber traseul tramvaiului.</p><p>(4)&nbsp;&nbsp; În cazul în care tramvaiul este oprit într-o stație fãrã refugiu pentru pietoni, vehiculele trebuie sã opreascã în ordinea sosirii, în spatele acestuia, și sã își reia deplasarea numai dupã ce ușile tramvaiului au fost închise și s-au asigurat cã nu pun în pericol siguranța pietonilor angajați în traversarea drumului public.</p>


                    </div>","https://scoaladrpciv.ro/intrebari/categoria-b/semnale-luminoase"
"1790475887-460","https://scoaladrpciv.ro/intrebari/categoria-b","Ce vehicule au voie să pătrundă în intersecție la culoarea roșie a semaforului?","A - niciun vehicul, cu excepția celor destinate stingerii incendiilor, ale ambulanței și ale poliției, când se deplasează în acțiuni de intervenție sau în misiuni care impun urgență;","","","B - autovehiculele care virează la stânga;","C - autovehiculele poliției și cele care execută virajul la stânga.","https://scoaladrpciv.ro/intrebare/ce-vehicule-au-voie-sa-patrunda-in-intersectie-la-culoarea-rosie-a-semaforului-033f","","<div class="""">
                        <p>Art. 52.&nbsp;<br><span style=""background-color:hsl(60, 75%, 60%);"">(1) Semnalul de culoare roşie interzice trecerea.&nbsp;</span><br>(2) La semnalul de culoare roşie vehiculul trebuie oprit înaintea marcajului pentru oprire sau, după caz, pentru trecerea pietonilor, iar în lipsa acestuia, în dreptul semaforului. Dacă semaforul este instalat deasupra ori de cealaltă parte a intersecţiei, în lipsa marcajului pentru oprire sau pentru trecerea pietonilor, vehiculul trebuie oprit înainte de marginea părţii carosabile a drumului ce urmează a fi intersectat.&nbsp;<br>(3) Atunci când semnalul de culoare roşie funcţionează concomitent cu cel de culoare galbenă, acesta anunţă apariţia semnalului de culoare verde.&nbsp;<br><br>Art. 61<br><span style=""background-color:hsl(60, 75%, 60%);"">(1) Pentru a avea prioritate de trecere, autovehiculele prevazute la art.32 alin.(2) lit.a) si b), atunci cand se deplaseaza in actiuni de interventie sau in misiuni care au caracter de urgenta, trebuie sa aiba in functiune semnalele luminoase si sonore.</span><br>(2) Conducatorii autovehiculelor aflati in situatiile prevazute la alin.(1) pot incalca regimul legal de viteza sau alte reguli de circulatie, cu exceptia celor care reglementeaza trecerea la nivel cu calea ferata.<br>(3) Cand pe drumul public circulatia este dirijata de un politist rutier, conducatorii autovehiculelor prevazute la alin.(1) trebuie sa respecte semnalele, indicatiile si dispozitiile acestuia.<br><br>Art. 62<br><span style=""background-color:hsl(60, 75%, 60%);"">(1) La intrarea in intersectiile unde lumina rosie a semaforului este in functiune ori indicatoarele obliga la acordarea prioritatii de trecere, conducatorii autovehiculelor prevazute la art.61 alin.(1) trebuie sa reduca viteza si sa circule cu atentie sporita pentru evitarea producerii unor accidente de circulatie, in caz contrar urmand sa raspunda, potrivit legii.</span><br>(2) Cand doua autovehicule cu regim de circulatie prioritara, care se deplaseaza in misiune avand semnalele luminoase si sonore in functiune, se apropie de o intersectie, venind din directii diferite, vehiculul care circula din partea dreapta are prioritate.</p>


                    </div>","https://scoaladrpciv.ro/intrebari/categoria-b/semnale-luminoase"
"1790475889-461","https://scoaladrpciv.ro/intrebari/categoria-b","Dacă semaforul în funcțiune se află instalat de cealaltă parte a intersecției, conducătorul de vehicul:","C - este obligat să respecte semnificația semnalelor luminoase ale acestuia, dacă un alt semafor instalat la intrarea în intersecție are în funcțiune un semnal similar.","","","A - nu este obligat să respecte semnificația semnalelor luminoase, deoarece nu i se adresează;","B - este obligat să respecte semnificația semnalelor luminoase, doar dacă semaforul este însoțit de un semn adițional care indică direcțiile cărora li se adresează semnalele;","https://scoaladrpciv.ro/intrebare/daca-semaforul-in-functiune-se-afla-instalat-de-cealalta-parte-a-intersectiei-conducatorul-de-vehicul-765f","","<div class="""">
                        <h4>Articolul 48</h4>
<p><span style=""background-color: #fbeeb8;"">&nbsp;(1)&nbsp;&nbsp; Semafoarele care emit semnale luminoase pentru dirijarea circulației în intersecții se instaleazã obligatoriu înainte de intersecție, astfel încât sã fie vizibile de la o distanțã de cel puțin 50 m. Acestea pot fi repetate în mijlocul, deasupra ori de cealaltã parte a intersecției.</span></p>
<h4>Codul rutier Articolul 52</h4>
<p>(1)&nbsp;&nbsp; Semnalul de culoare roșie interzice trecerea.</p>
<p><span style=""background-color: hsl(60, 75%, 60%);"">(2)&nbsp;&nbsp; La semnalul de culoare roșie vehiculul trebuie oprit înaintea marcajului pentru oprire sau, dupã caz, pentru trecerea pietonilor, iar în lipsa acestuia, în dreptul semaforului. Dacã semaforul este instalat deasupra ori de cealaltã parte a intersecției, în lipsa marcajului pentru oprire sau pentru trecerea pietonilor, vehiculul trebuie oprit înainte de marginea pãrții carosabile a drumului ce urmeazã a fi intersectat.</span></p>
<p>(3)&nbsp;&nbsp; Atunci când semnalul de culoare roșie funcționeazã concomitent cu cel de culoare galbenã, acesta anunțã apariția semnalului de culoare verde.</p>


                    </div>","https://scoaladrpciv.ro/intrebari/categoria-b/semnale-luminoase"
"1790475894-462","https://scoaladrpciv.ro/intrebari/categoria-b","Care dintre vehicule trebuie să oprească la semnalul polițistului?","B - tramvaiele și autoturismul;","","","A - toate vehiculele;","C - bicicleta.","https://scoaladrpciv.ro/intrebare/care-dintre-vehicule-trebuie-sa-opreasca-la-semnalul-politistului-5ea7","https://scoaladrpciv.ro/storage/questions/1107.jpeg","<div class="""">
                        <h4>Articolul 88</h4><p>(1)&nbsp;&nbsp; Semnalele polițistului care dirijeazã circulația au urmãtoarele semnificații:</p><ul style=""list-style-type:circle;""><li>a)&nbsp;&nbsp; brațul ridicat vertical semnificã ""atenție, oprire"" pentru toți participanții la trafic care se apropie, cu excepția conducãtorilor de vehicule care nu ar mai putea opri în condiții de siguranțã. Dacã semnalul este dat într-o intersecție, aceasta nu impune oprirea conducãtorilor de vehicule care se aflã deja angajați în traversare;</li><li><span style=""background-color:hsl(60, 75%, 60%);"">b)&nbsp;&nbsp; brațul sau brațele întinse orizontal semnificã ""oprire"" pentru toți participanții la trafic care, indiferent de sensul lor de mers, circulã din direcția sau direcțiile intersectate de brațul sau brațele întinse. Dupã ce a dat acest semnal, polițistul poate cobori brațul sau brațele, poziția sã însemnând, de asemenea, ""oprire"" pentru participanții la trafic care vin din fațã ori din spate;</span></li><li>c)&nbsp;&nbsp; balansarea, pe timp de noapte, în plan vertical, a unui dispozitiv cu luminã roșie ori a bastonului fluorescent-reflectorizant semnificã ""oprire"" pentru participanții la trafic spre care este îndreptat;</li><li>d)&nbsp;&nbsp; balansarea pe verticalã a brațului, având palma orientatã cãtre sol, semnificã reducerea vitezei;</li><li>e)&nbsp;&nbsp; rotirea vioaie a brațului semnificã mãrirea vitezei de deplasare a vehiculelor sau grãbirea traversãrii drumului de cãtre pietoni.</li></ul><p>&nbsp;(2)&nbsp;&nbsp; Polițistul care dirijeazã circulația poate efectua semnal cu brațul ca vehiculul sã avanseze, sã depãșeascã, sã treacã prin fațã ori prin spatele sau, sã îl ocoleascã prin partea sã stânga sau dreapta, iar pietonii sã traverseze drumul ori sã se opreascã.</p><p>(3)&nbsp;&nbsp; La efectuarea comenzilor prevãzute la alin. (1) și (2), polițistul poate folosi și fluierul.</p>


                    </div>","https://scoaladrpciv.ro/intrebari/categoria-b/semnalele-politistilor"
"1790475896-463","https://scoaladrpciv.ro/intrebari/categoria-b","Semnalul polițistului indică:","B - măriți viteza;","","","A - reduceți viteza;","C - mergeți cu prudență.","https://scoaladrpciv.ro/intrebare/semnalul-politistului-indica-63a8","https://scoaladrpciv.ro/storage/questions/1079.jpeg","<div class="""">
                        <h4>Articolul 88</h4><p>(1)&nbsp;&nbsp; Semnalele polițistului care dirijeazã circulația au urmãtoarele semnificații:</p><ul style=""list-style-type:circle;""><li>a)&nbsp;&nbsp; brațul ridicat vertical semnificã ""atenție, oprire"" pentru toți participanții la trafic care se apropie, cu excepția conducãtorilor de vehicule care nu ar mai putea opri în condiții de siguranțã. Dacã semnalul este dat într-o intersecție, aceasta nu impune oprirea conducãtorilor de vehicule care se aflã deja angajați în traversare;</li><li>b)&nbsp;&nbsp; brațul sau brațele întinse orizontal semnificã ""oprire"" pentru toți participanții la trafic care, indiferent de sensul lor de mers, circulã din direcția sau direcțiile intersectate de brațul sau brațele întinse. Dupã ce a dat acest semnal, polițistul poate cobori brațul sau brațele, poziția sã însemnând, de asemenea, ""oprire"" pentru participanții la trafic care vin din fațã ori din spate;</li><li>c)&nbsp;&nbsp; balansarea, pe timp de noapte, în plan vertical, a unui dispozitiv cu luminã roșie ori a bastonului fluorescent-reflectorizant semnificã ""oprire"" pentru participanții la trafic spre care este îndreptat;</li><li>d)&nbsp;&nbsp; balansarea pe verticalã a brațului, având palma orientatã cãtre sol, semnificã reducerea vitezei;</li><li><span style=""background-color:hsl(60, 75%, 60%);"">e)&nbsp;&nbsp; rotirea vioaie a brațului semnificã mãrirea vitezei de deplasare a vehiculelor sau grãbirea traversãrii drumului de cãtre pietoni.</span></li></ul>


                    </div>","https://scoaladrpciv.ro/intrebari/categoria-b/semnalele-politistilor"
"1790475898-464","https://scoaladrpciv.ro/intrebari/categoria-b","Polițistul nu permite trecerea:","A - tramvaiului;","","","B - camionului;","C - autoturismului verde.","https://scoaladrpciv.ro/intrebare/politistul-nu-permite-trecerea-fe75","https://scoaladrpciv.ro/storage/questions/1076.jpeg","<div class="""">
                        <h4>Articolul 88</h4><p>(1)&nbsp;&nbsp; Semnalele polițistului care dirijeazã circulația au urmãtoarele semnificații:</p><ul style=""list-style-type:circle;""><li>a)&nbsp;&nbsp; brațul ridicat vertical semnificã ""atenție, oprire"" pentru toți participanții la trafic care se apropie, cu excepția conducãtorilor de vehicule care nu ar mai putea opri în condiții de siguranțã. Dacã semnalul este dat într-o intersecție, aceasta nu impune oprirea conducãtorilor de vehicule care se aflã deja angajați în traversare;</li><li><span style=""background-color:hsl(60, 75%, 60%);"">b)&nbsp;&nbsp; brațul sau brațele întinse orizontal semnificã ""oprire"" pentru toți participanții la trafic care, indiferent de sensul lor de mers, circulã din direcția sau direcțiile intersectate de brațul sau brațele întinse. Dupã ce a dat acest semnal, polițistul poate cobori brațul sau brațele, poziția sã însemnând, de asemenea, ""oprire"" pentru participanții la trafic care vin din fațã ori din spate;</span></li><li>c)&nbsp;&nbsp; balansarea, pe timp de noapte, în plan vertical, a unui dispozitiv cu luminã roșie ori a bastonului fluorescent-reflectorizant semnificã ""oprire"" pentru participanții la trafic spre care este îndreptat;</li><li>d)&nbsp;&nbsp; balansarea pe verticalã a brațului, având palma orientatã cãtre sol, semnificã reducerea vitezei;</li><li>e)&nbsp;&nbsp; rotirea vioaie a brațului semnificã mãrirea vitezei de deplasare a vehiculelor sau grãbirea traversãrii drumului de cãtre pietoni.</li></ul>


                    </div>","https://scoaladrpciv.ro/intrebari/categoria-b/semnalele-politistilor"
"1790475901-465","https://scoaladrpciv.ro/intrebari/categoria-b","Când polițistul se află cu spatele la vehiculul care se apropie și cu brațul stâng întins orizontal, conducătorul acestuia trebuie:","A - să continue deplasarea, deoarece semnalul de oprire nu i se adresează;","","","B - să schimbe direcția de mers spre stânga;","C - să oprească, deoarece semnalul i se adresează.","https://scoaladrpciv.ro/intrebare/cand-politistul-se-afla-cu-spatele-la-vehiculul-care-se-apropie-si-cu-bratul-stang-intins-orizontal-conducatorul-acestuia-trebuie-c634","","<div class="""">
                        <h4>Articolul 88</h4><p>(1)&nbsp;&nbsp; Semnalele polițistului care dirijeazã circulația au urmãtoarele semnificații:</p><ul style=""list-style-type:circle;""><li>a)&nbsp;&nbsp; brațul ridicat vertical semnificã ""atenție, oprire"" pentru toți participanții la trafic care se apropie, cu excepția conducãtorilor de vehicule care nu ar mai putea opri în condiții de siguranțã. Dacã semnalul este dat într-o intersecție, aceasta nu impune oprirea conducãtorilor de vehicule care se aflã deja angajați în traversare;</li><li><span style=""background-color:hsl(60, 75%, 60%);"">b)&nbsp;&nbsp; brațul sau brațele întinse orizontal semnificã ""oprire"" pentru toți participanții la trafic care, indiferent de sensul lor de mers, circulã din direcția sau direcțiile intersectate de brațul sau brațele întinse. Dupã ce a dat acest semnal, polițistul poate cobori brațul sau brațele, poziția sã însemnând, de asemenea, ""oprire"" pentru participanții la trafic care vin din fațã ori din spate;</span></li><li>c)&nbsp;&nbsp; balansarea, pe timp de noapte, în plan vertical, a unui dispozitiv cu luminã roșie ori a bastonului fluorescent-reflectorizant semnificã ""oprire"" pentru participanții la trafic spre care este îndreptat;</li><li>d)&nbsp;&nbsp; balansarea pe verticalã a brațului, având palma orientatã cãtre sol, semnificã reducerea vitezei;</li><li>e)&nbsp;&nbsp; rotirea vioaie a brațului semnificã mãrirea vitezei de deplasare a vehiculelor sau grãbirea traversãrii drumului de cãtre pietoni.</li></ul><p>&nbsp;(2)&nbsp;&nbsp; Polițistul care dirijeazã circulația poate efectua semnal cu brațul ca vehiculul sã avanseze, sã depãșeascã, sã treacã prin fațã ori prin spatele sau, sã îl ocoleascã prin partea sã stânga sau dreapta, iar pietonii sã traverseze drumul ori sã se opreascã.</p><p>(3)&nbsp;&nbsp; La efectuarea comenzilor prevãzute la alin. (1) și (2), polițistul poate folosi și fluierul.</p>


                    </div>","https://scoaladrpciv.ro/intrebari/categoria-b/semnalele-politistilor"
"1790475903-466","https://scoaladrpciv.ro/intrebari/categoria-b","Cum procedați în situația în care semnalul roșu al semaforului este în funcțiune, iar polițistul vă adresează semnalul de a trece?","C - respectați semnalul polițistului.","","","A - așteptați apariția semnalului de culoare verde, care vă permite să circulați cu autovehiculul prin intersecție;","B - atrageți atenția polițistului că există neconcordanță între semnalul său și cel al semaforului;","https://scoaladrpciv.ro/intrebare/cum-procedati-in-situatia-in-care-semnalul-rosu-al-semaforului-este-in-functiune-iar-politistul-va-adreseaza-semnalul-de-a-trece-5cbf","","<div class="""">
                        <h4>Articolul 31</h4><p>Participanții la trafic trebuie să respecte regulile de circulație, semnalele, indicațiile și dispozițiile polițistului rutier, precum și semnificația diferitelor tipuri de mijloace de semnalizare rutieră, în următoarea ordine de prioritate:</p><ul><li>a)&nbsp; semnalele, indicațiile și dispozițiile polițistului rutier;</li><li>b)&nbsp;&nbsp; semnalele speciale de avertizare, luminoase sau sonore ale autovehiculelor, prevăzute la art. 32 alin. (2) lit. a) și b);</li><li>c)&nbsp;&nbsp;semnalizarea temporară și/sau indicatoarele electronice, care modifică regimul normal de desfășurare a circulației;</li><li>d)&nbsp; semnalele luminoase sau sonore;</li><li>e)&nbsp; indicatoarele;</li><li>f)&nbsp; marcajele;</li><li>g)&nbsp; regulile de circulație.</li></ul>


                    </div>","https://scoaladrpciv.ro/intrebari/categoria-b/semnalele-politistilor"
"1790475905-467","https://scoaladrpciv.ro/intrebari/categoria-b","Când este obligat conducătorul unui vehicul să oprească?","B - la semnalul patrulelor școlare de circulație la trecerile pentru pietoni din apropierea unităților școlare;","","","A - la semnalul conducătorului grupurilor organizate;","C - când se apropie de o intersecție sau când este semnalizat cu farurile de un alt participant la trafic.","https://scoaladrpciv.ro/intrebare/cand-este-obligat-conducatorul-unui-vehicul-sa-opreasca-3667","","<div class="""">
                        <h4>Articolul 89</h4><p>(1)&nbsp;&nbsp; Oprirea participanților la trafic este obligatorie și la semnalele date de:</p><ul style=""list-style-type:circle;""><li>a)&nbsp; polițiștii de frontierã;</li><li>b)&nbsp;&nbsp; îndrumãtorii de circulație ai Ministerului Apãrãrii;</li><li>&nbsp;c)&nbsp; agenții de cale feratã, la trecerile la nivel;</li><li>&nbsp;d)&nbsp;&nbsp; personalul autorizat din zona lucrãrilor pe drumurile publice;</li><li><span style=""background-color:hsl(60, 75%, 60%);"">&nbsp;e)&nbsp;&nbsp; membrii patrulelor școlare de circulație, la trecerile pentru pietoni din apropierea unitãților de învãțãmânt;</span></li><li>&nbsp;f)&nbsp;&nbsp; nevãzãtori, prin ridicarea bastonului alb, atunci când aceștia traverseazã strada.</li></ul><p>(2)&nbsp;&nbsp; Persoanele prevãzute la alin. (1) lit. a)-d) pot efectua și urmãtoarele semnale:</p><ul style=""list-style-type:circle;""><li>a)&nbsp;&nbsp; balansarea brațului în plan vertical, cu palma mâinii orientatã cãtre sol sau cu un mijloc de semnalizare, care semnificã reducerea vitezei;</li><li>b)&nbsp;&nbsp; rotirea vioaie a brațului, care semnificã mãrirea vitezei de deplasare a vehiculelor, inclusiv grãbirea traversãrii drumului de cãtre pietoni.</li></ul>


                    </div>","https://scoaladrpciv.ro/intrebari/categoria-b/semnalele-politistilor"
"1790475908-468","https://scoaladrpciv.ro/intrebari/categoria-b","Cum trebuie să procedați în această situație?","B - opriți și așteptați următorul semnal al polițistului;","","","A - reduceți viteza și vă continuați deplasarea;","C - circulați obligatoriu pe direcția indicată de brațul polițistului.","https://scoaladrpciv.ro/intrebare/cum-trebuie-sa-procedati-in-aceasta-situatie-f0b9","https://scoaladrpciv.ro/storage/questions/945.jpeg","<div class="""">
                        <h4>Articolul 88</h4><p>(1)&nbsp;&nbsp; Semnalele polițistului care dirijeazã circulația au urmãtoarele semnificații:</p><ul style=""list-style-type:circle;""><li>a)&nbsp;&nbsp; brațul ridicat vertical semnificã ""atenție, oprire"" pentru toți participanții la trafic care se apropie, cu excepția conducãtorilor de vehicule care nu ar mai putea opri în condiții de siguranțã. Dacã semnalul este dat într-o intersecție, aceasta nu impune oprirea conducãtorilor de vehicule care se aflã deja angajați în traversare;</li><li><span style=""background-color:hsl(60, 75%, 60%);"">b)&nbsp;&nbsp; brațul sau brațele întinse orizontal semnificã ""oprire"" pentru toți participanții la trafic care, indiferent de sensul lor de mers, circulã din direcția sau direcțiile intersectate de brațul sau brațele întinse. Dupã ce a dat acest semnal, polițistul poate cobori brațul sau brațele, poziția sã însemnând, de asemenea, ""oprire"" pentru participanții la trafic care vin din fațã ori din spate;</span></li><li>c)&nbsp;&nbsp; balansarea, pe timp de noapte, în plan vertical, a unui dispozitiv cu luminã roșie ori a bastonului fluorescent-reflectorizant semnificã ""oprire"" pentru participanții la trafic spre care este îndreptat;</li><li>d)&nbsp;&nbsp; balansarea pe verticalã a brațului, având palma orientatã cãtre sol, semnificã reducerea vitezei;</li><li>e)&nbsp;&nbsp; rotirea vioaie a brațului semnificã mãrirea vitezei de deplasare a vehiculelor sau grãbirea traversãrii drumului de cãtre pietoni.</li></ul><p>&nbsp;(2)&nbsp;&nbsp; Polițistul care dirijeazã circulația poate efectua semnal cu brațul ca vehiculul sã avanseze, sã depãșeascã, sã treacã prin fațã ori prin spatele sau, sã îl ocoleascã prin partea sã stânga sau dreapta, iar pietonii sã traverseze drumul ori sã se opreascã.</p><p>(3)&nbsp;&nbsp; La efectuarea comenzilor prevãzute la alin. (1) și (2), polițistul poate folosi și fluierul.</p>


                    </div>","https://scoaladrpciv.ro/intrebari/categoria-b/semnalele-politistilor"
"1790475910-469","https://scoaladrpciv.ro/intrebari/categoria-b","Semnalul polițistului rutier aflat într-un autovehicul al poliției, efectuat cu brațul, cu sau fără baston reflectorizant, scos pe partea laterală dreaptă a vehiculului, semnifică:","A - oprire pentru conducătorii vehiculelor care circulă în spatele autovehiculului poliției;","","","B - reducerea vitezei de către cei care circulă în spatele autovehiculului poliției;","C - semnalul se adresează celor care circulă din sens opus.","https://scoaladrpciv.ro/intrebare/semnalul-politistului-rutier-aflat-intr-un-autovehicul-al-politiei-efectuat-cu-bratul-cu-sau-fara-baston-reflectorizant-scos-pe-partea-laterala-dreapta-a-vehiculului-semnifica-91b4","","<div class="""">
                        <h4>Articolul 92</h4><p>(1)&nbsp;&nbsp; Polițistul rutier aflat într-un autovehicul al poliției poate utiliza și dispozitive luminoase cu mesaje variabile pentru a transmite o dispoziție sau o indicație participanților la trafic. Aceste semnale pot fi adresate concomitent cu transmiterea unui apel prin amplificatorul de voce.</p><p><span style=""background-color:hsl(60, 75%, 60%);"">(2)&nbsp;&nbsp; Polițistul rutier aflat într-un autovehicul al poliției poate executa semnale cu brațul, cu sau fãrã baston reflectorizant, scos pe partea lateralã dreapta a vehiculului. Acest semnal semnificã oprire pentru conducãtorii vehiculelor care circulã în spatele autovehiculului poliției. Același semnal efectuat pe partea stânga a autovehiculului semnificã oprire pentru conducãtorii vehiculelor care circulã pe banda din partea stânga în același sens de mers ori în sens opus celui al autovehiculului poliției.</span></p>


                    </div>","https://scoaladrpciv.ro/intrebari/categoria-b/semnalele-politistilor"
"1790475912-470","https://scoaladrpciv.ro/intrebari/categoria-b","Sunteți obligat să opriți vehiculul pe care îl conduceți:","A - la semnalul polițistului care dirijează circulația;","","","B - la semnalul polițistului, dar numai dacă acesta corespunde semnalului de culoare roșie al semaforului;","C - la semnalul pietonilor care traversează strada pe la colțul intersecției fără marcaje.","https://scoaladrpciv.ro/intrebare/sunteti-obligat-sa-opriti-vehiculul-pe-care-il-conduceti-2f2c","","<div class="""">
                        <h4>Articolul 88</h4><p>(1)&nbsp;&nbsp; Semnalele polițistului care dirijeazã circulația au urmãtoarele semnificații:</p><ul style=""list-style-type:circle;""><li>a)&nbsp;&nbsp; brațul ridicat vertical semnificã ""atenție, oprire"" pentru toți participanții la trafic care se apropie, cu excepția conducãtorilor de vehicule care nu ar mai putea opri în condiții de siguranțã. Dacã semnalul este dat într-o intersecție, aceasta nu impune oprirea conducãtorilor de vehicule care se aflã deja angajați în traversare;</li><li>b)&nbsp;&nbsp; brațul sau brațele întinse orizontal semnificã ""oprire"" pentru toți participanții la trafic care, indiferent de sensul lor de mers, circulã din direcția sau direcțiile intersectate de brațul sau brațele întinse. Dupã ce a dat acest semnal, polițistul poate cobori brațul sau brațele, poziția sã însemnând, de asemenea, ""oprire"" pentru participanții la trafic care vin din fațã ori din spate;</li><li>c)&nbsp;&nbsp; balansarea, pe timp de noapte, în plan vertical, a unui dispozitiv cu luminã roșie ori a bastonului fluorescent-reflectorizant semnificã ""oprire"" pentru participanții la trafic spre care este îndreptat;</li><li>d)&nbsp;&nbsp; balansarea pe verticalã a brațului, având palma orientatã cãtre sol, semnificã reducerea vitezei;</li><li>e)&nbsp;&nbsp; rotirea vioaie a brațului semnificã mãrirea vitezei de deplasare a vehiculelor sau grãbirea traversãrii drumului de cãtre pietoni.</li></ul><p>&nbsp;(2)&nbsp;&nbsp; Polițistul care dirijeazã circulația poate efectua semnal cu brațul ca vehiculul sã avanseze, sã depãșeascã, sã treacã prin fațã ori prin spatele sau, sã îl ocoleascã prin partea sã stânga sau dreapta, iar pietonii sã traverseze drumul ori sã se opreascã.</p><p>(3)&nbsp;&nbsp; La efectuarea comenzilor prevãzute la alin. (1) și (2), polițistul poate folosi și fluierul.</p>


                    </div>","https://scoaladrpciv.ro/intrebari/categoria-b/semnalele-politistilor"
"1790475914-471","https://scoaladrpciv.ro/intrebari/categoria-b","Ce trebuie să facă conducătorul auto în situația prezentată?","A - să reducă viteza;","","","B - să oprească;","C - să nu depășească motocicleta de poliție.","https://scoaladrpciv.ro/intrebare/ce-trebuie-sa-faca-conducatorul-auto-in-situatia-prezentata-be3f","https://scoaladrpciv.ro/storage/questions/871.jpeg","<div class="""">
                        <h4>Articolul 88</h4><p>(1)&nbsp;&nbsp; Semnalele polițistului care dirijeazã circulația au urmãtoarele semnificații:</p><ul style=""list-style-type:circle;""><li>a)&nbsp;&nbsp; brațul ridicat vertical semnificã ""atenție, oprire"" pentru toți participanții la trafic care se apropie, cu excepția conducãtorilor de vehicule care nu ar mai putea opri în condiții de siguranțã. Dacã semnalul este dat într-o intersecție, aceasta nu impune oprirea conducãtorilor de vehicule care se aflã deja angajați în traversare;</li><li>b)&nbsp;&nbsp; brațul sau brațele întinse orizontal semnificã ""oprire"" pentru toți participanții la trafic care, indiferent de sensul lor de mers, circulã din direcția sau direcțiile intersectate de brațul sau brațele întinse. Dupã ce a dat acest semnal, polițistul poate cobori brațul sau brațele, poziția sã însemnând, de asemenea, ""oprire"" pentru participanții la trafic care vin din fațã ori din spate;</li><li>c)&nbsp;&nbsp; balansarea, pe timp de noapte, în plan vertical, a unui dispozitiv cu luminã roșie ori a bastonului fluorescent-reflectorizant semnificã ""oprire"" pentru participanții la trafic spre care este îndreptat;</li><li><span style=""background-color:hsl(60, 75%, 60%);"">d)&nbsp;&nbsp; balansarea pe verticalã a brațului, având palma orientatã cãtre sol, semnificã reducerea vitezei;</span></li><li>e)&nbsp;&nbsp; rotirea vioaie a brațului semnificã mãrirea vitezei de deplasare a vehiculelor sau grãbirea traversãrii drumului de cãtre pietoni.</li></ul><p>&nbsp;(2)&nbsp;&nbsp; Polițistul care dirijeazã circulația poate efectua semnal cu brațul ca vehiculul sã avanseze, sã depãșeascã, sã treacã prin fațã ori prin spatele sau, sã îl ocoleascã prin partea sã stânga sau dreapta, iar pietonii sã traverseze drumul ori sã se opreascã.</p><p>(3)&nbsp;&nbsp; La efectuarea comenzilor prevãzute la alin. (1) și (2), polițistul poate folosi și fluierul.</p>


                    </div>","https://scoaladrpciv.ro/intrebari/categoria-b/semnalele-politistilor"
"1790475917-472","https://scoaladrpciv.ro/intrebari/categoria-b","Aveți obligația de a opri imediat vehiculul la semnalele adresate de:","A - îndrumătorii de circulație ai Ministerului Apărării;","","","B - un conducător auto rămas în pană, pentru a-l remorca;","C - polițiștii comunitari.","https://scoaladrpciv.ro/intrebare/aveti-obligatia-de-a-opri-imediat-vehiculul-la-semnalele-adresate-de-5377","","<div class="""">
                        <h4>Articolul 89</h4><p>(1)&nbsp;&nbsp; Oprirea participanților la trafic este obligatorie și la semnalele date de:</p><ul style=""list-style-type:circle;""><li>a)&nbsp; polițiștii de frontierã;</li><li><span style=""background-color:hsl(60, 75%, 60%);"">b)&nbsp;&nbsp; îndrumãtorii de circulație ai Ministerului Apãrãrii;</span></li><li>&nbsp;c)&nbsp; agenții de cale feratã, la trecerile la nivel;</li><li>&nbsp;d)&nbsp;&nbsp; personalul autorizat din zona lucrãrilor pe drumurile publice;</li><li>&nbsp;e)&nbsp;&nbsp; membrii patrulelor școlare de circulație, la trecerile pentru pietoni din apropierea unitãților de învãțãmânt;</li><li>&nbsp;f)&nbsp;&nbsp; nevãzãtori, prin ridicarea bastonului alb, atunci când aceștia traverseazã strada.</li></ul><p>(2)&nbsp;&nbsp; Persoanele prevãzute la alin. (1) lit. a)-d) pot efectua și urmãtoarele semnale:</p><ul style=""list-style-type:circle;""><li>a)&nbsp;&nbsp; balansarea brațului în plan vertical, cu palma mâinii orientatã cãtre sol sau cu un mijloc de semnalizare, care semnificã reducerea vitezei;</li><li>b)&nbsp;&nbsp; rotirea vioaie a brațului, care semnificã mãrirea vitezei de deplasare a vehiculelor, inclusiv grãbirea traversãrii drumului de cãtre pietoni.</li></ul>


                    </div>","https://scoaladrpciv.ro/intrebari/categoria-b/semnalele-politistilor"
"1790475919-473","https://scoaladrpciv.ro/intrebari/categoria-b","Ce indică semnalul agentului de circulație?","B - oprire;","","","A - reduceți viteza;","C - măriți viteza.","https://scoaladrpciv.ro/intrebare/ce-indica-semnalul-agentului-de-circulatie-2508","https://scoaladrpciv.ro/storage/questions/844.jpeg","<div class="""">
                        <h4>Articolul 88</h4><p>(1)&nbsp;&nbsp; Semnalele polițistului care dirijeazã circulația au urmãtoarele semnificații:</p><ul style=""list-style-type:circle;""><li><span style=""background-color:hsl(60, 75%, 60%);"">a)&nbsp;&nbsp; brațul ridicat vertical semnificã ""atenție, oprire"" pentru toți participanții la trafic care se apropie, cu excepția conducãtorilor de vehicule care nu ar mai putea opri în condiții de siguranțã. Dacã semnalul este dat într-o intersecție, aceasta nu impune oprirea conducãtorilor de vehicule care se aflã deja angajați în traversare;</span></li><li>b)&nbsp;&nbsp; brațul sau brațele întinse orizontal semnificã ""oprire"" pentru toți participanții la trafic care, indiferent de sensul lor de mers, circulã din direcția sau direcțiile intersectate de brațul sau brațele întinse. Dupã ce a dat acest semnal, polițistul poate cobori brațul sau brațele, poziția sã însemnând, de asemenea, ""oprire"" pentru participanții la trafic care vin din fațã ori din spate;</li><li>c)&nbsp;&nbsp; balansarea, pe timp de noapte, în plan vertical, a unui dispozitiv cu luminã roșie ori a bastonului fluorescent-reflectorizant semnificã ""oprire"" pentru participanții la trafic spre care este îndreptat;</li><li>d)&nbsp;&nbsp; balansarea pe verticalã a brațului, având palma orientatã cãtre sol, semnificã reducerea vitezei;</li><li>e)&nbsp;&nbsp; rotirea vioaie a brațului semnificã mãrirea vitezei de deplasare a vehiculelor sau grãbirea traversãrii drumului de cãtre pietoni.</li></ul><p>&nbsp;(2)&nbsp;&nbsp; Polițistul care dirijeazã circulația poate efectua semnal cu brațul ca vehiculul sã avanseze, sã depãșeascã, sã treacã prin fațã ori prin spatele sau, sã îl ocoleascã prin partea sã stânga sau dreapta, iar pietonii sã traverseze drumul ori sã se opreascã.</p><p>(3)&nbsp;&nbsp; La efectuarea comenzilor prevãzute la alin. (1) și (2), polițistul poate folosi și fluierul.</p>


                    </div>","https://scoaladrpciv.ro/intrebari/categoria-b/semnalele-politistilor"
"1790475921-474","https://scoaladrpciv.ro/intrebari/categoria-b","Care dintre autovehicule au dreptul să intre în intersecție?","C - autoturismul și motocicleta.","","","A - autocamionul și motocicleta;","B - autoturismul și autocamionul;","https://scoaladrpciv.ro/intrebare/care-dintre-autovehicule-au-dreptul-sa-intre-in-intersectie-0c17","https://scoaladrpciv.ro/storage/questions/829.jpeg","<div class="""">
                        <h4>Articolul 88</h4><p>(1)&nbsp;&nbsp; Semnalele polițistului care dirijeazã circulația au urmãtoarele semnificații:</p><ul style=""list-style-type:circle;""><li>a)&nbsp;&nbsp; brațul ridicat vertical semnificã ""atenție, oprire"" pentru toți participanții la trafic care se apropie, cu excepția conducãtorilor de vehicule care nu ar mai putea opri în condiții de siguranțã. Dacã semnalul este dat într-o intersecție, aceasta nu impune oprirea conducãtorilor de vehicule care se aflã deja angajați în traversare;</li><li><span style=""background-color:hsl(60, 75%, 60%);"">b)&nbsp;&nbsp; brațul sau brațele întinse orizontal semnificã ""oprire"" pentru toți participanții la trafic care, indiferent de sensul lor de mers, circulã din direcția sau direcțiile intersectate de brațul sau brațele întinse. Dupã ce a dat acest semnal, polițistul poate cobori brațul sau brațele, poziția sã însemnând, de asemenea, ""oprire"" pentru participanții la trafic care vin din fațã ori din spate;</span></li><li>c)&nbsp;&nbsp; balansarea, pe timp de noapte, în plan vertical, a unui dispozitiv cu luminã roșie ori a bastonului fluorescent-reflectorizant semnificã ""oprire"" pentru participanții la trafic spre care este îndreptat;</li><li>d)&nbsp;&nbsp; balansarea pe verticalã a brațului, având palma orientatã cãtre sol, semnificã reducerea vitezei;</li><li>e)&nbsp;&nbsp; rotirea vioaie a brațului semnificã mãrirea vitezei de deplasare a vehiculelor sau grãbirea traversãrii drumului de cãtre pietoni.</li></ul><p>&nbsp;(2)&nbsp;&nbsp; Polițistul care dirijeazã circulația poate efectua semnal cu brațul ca vehiculul sã avanseze, sã depãșeascã, sã treacã prin fațã ori prin spatele sau, sã îl ocoleascã prin partea sã stânga sau dreapta, iar pietonii sã traverseze drumul ori sã se opreascã.</p><p>(3)&nbsp;&nbsp; La efectuarea comenzilor prevãzute la alin. (1) și (2), polițistul poate folosi și fluierul.</p>


                    </div>","https://scoaladrpciv.ro/intrebari/categoria-b/semnalele-politistilor"
"1790475923-475","https://scoaladrpciv.ro/intrebari/categoria-b","Ce autovehicule pot pătrunde în intersecţie?","B - motocicleta şi autocamionul;","","","A - troleibuzul şi motocicleta;","C - troleibuzul.","https://scoaladrpciv.ro/intrebare/ce-autovehicule-pot-patrunde-in-intersectie-d2ff","https://scoaladrpciv.ro/storage/questions/811.jpeg","<div class="""">
                        <h4>Articolul 88</h4>
<p>(1)&nbsp;&nbsp; Semnalele polițistului care dirijeazã circulația au urmãtoarele semnificații:</p>
<ul style=""list-style-type: circle;"">
<li>a)&nbsp;&nbsp; brațul ridicat vertical semnificã ""atenție, oprire"" pentru toți participanții la trafic care se apropie, cu excepția conducãtorilor de vehicule care nu ar mai putea opri în condiții de siguranțã. Dacã semnalul este dat într-o intersecție, aceasta nu impune oprirea conducãtorilor de vehicule care se aflã deja angajați în traversare;</li>
<li><span style=""background-color: hsl(60, 75%, 60%);"">b)&nbsp;&nbsp; brațul sau brațele întinse orizontal semnificã ""oprire"" pentru toți participanții la trafic care, indiferent de sensul lor de mers, circulã din direcția sau direcțiile intersectate de brațul sau brațele întinse. Dupã ce a dat acest semnal, polițistul poate cobori brațul sau brațele, poziția sã însemnând, de asemenea, ""oprire"" pentru participanții la trafic care vin din fațã ori din spate;</span></li>
<li>c)&nbsp;&nbsp; balansarea, pe timp de noapte, în plan vertical, a unui dispozitiv cu luminã roșie ori a bastonului fluorescent-reflectorizant semnificã ""oprire"" pentru participanții la trafic spre care este îndreptat;</li>
<li>d)&nbsp;&nbsp; balansarea pe verticalã a brațului, având palma orientatã cãtre sol, semnificã reducerea vitezei;</li>
<li>e)&nbsp;&nbsp; rotirea vioaie a brațului semnificã mãrirea vitezei de deplasare a vehiculelor sau grãbirea traversãrii drumului de cãtre pietoni.</li>
</ul>
<p>&nbsp;(2)&nbsp;&nbsp; Polițistul care dirijeazã circulația poate efectua semnal cu brațul ca vehiculul sã avanseze, sã depãșeascã, sã treacã prin fațã ori prin spatele sau, sã îl ocoleascã prin partea sã stânga sau dreapta, iar pietonii sã traverseze drumul ori sã se opreascã.</p>
<p>(3)&nbsp;&nbsp; La efectuarea comenzilor prevãzute la alin. (1) și (2), polițistul poate folosi și fluierul.</p>
<p>&nbsp;</p>
<h4>Articolul 31</h4>
<p>Participanții la trafic trebuie să respecte regulile de circulație, semnalele, indicațiile și dispozițiile polițistului rutier, precum și semnificația diferitelor tipuri de mijloace de semnalizare rutieră, în următoarea ordine de prioritate:</p>
<ul>
<li>a)&nbsp; semnalele, indicațiile și dispozițiile polițistului rutier;</li>
<li>b)&nbsp;&nbsp; semnalele speciale de avertizare, luminoase sau sonore ale autovehiculelor, prevăzute la art. 32 alin. (2) lit. a) și b);</li>
<li>c)&nbsp;&nbsp;semnalizarea temporară și/sau indicatoarele electronice, care modifică regimul normal de desfășurare a circulației;</li>
<li>d)&nbsp; semnalele luminoase sau sonore;</li>
<li>e)&nbsp; indicatoarele;</li>
<li>f)&nbsp; marcajele;</li>
<li>g)&nbsp; regulile de circulație.</li>
</ul>


                    </div>","https://scoaladrpciv.ro/intrebari/categoria-b/semnalele-politistilor"
"1790475926-476","https://scoaladrpciv.ro/intrebari/categoria-b","Ce comportament este corect în situaţia prezentată, dacă vă aflaţi la volanul autoturismului verde?","B - opriţi şi nu intraţi în intersecţie;","","","A - intraţi cu atenţie în intersecţie şi viraţi numai la stânga;","C - aveţi voie să viraţi la dreapta.","https://scoaladrpciv.ro/intrebare/ce-comportament-este-corect-in-situatia-prezentata-daca-va-aflati-la-volanul-autoturismului-verde-e6d9","https://scoaladrpciv.ro/storage/questions/762.jpeg","<div class="""">
                        <h4>Articolul 88</h4><p>(1)&nbsp;&nbsp; Semnalele polițistului care dirijeazã circulația au urmãtoarele semnificații:</p><ul style=""list-style-type:circle;""><li>a)&nbsp;&nbsp; brațul ridicat vertical semnificã ""atenție, oprire"" pentru toți participanții la trafic care se apropie, cu excepția conducãtorilor de vehicule care nu ar mai putea opri în condiții de siguranțã. Dacã semnalul este dat într-o intersecție, aceasta nu impune oprirea conducãtorilor de vehicule care se aflã deja angajați în traversare;</li><li><span style=""background-color:hsl(60, 75%, 60%);"">b)&nbsp;&nbsp; brațul sau brațele întinse orizontal semnificã ""oprire"" pentru toți participanții la trafic care, indiferent de sensul lor de mers, circulã din direcția sau direcțiile intersectate de brațul sau brațele întinse. Dupã ce a dat acest semnal, polițistul poate cobori brațul sau brațele, poziția sã însemnând, de asemenea, ""oprire"" pentru participanții la trafic care vin din fațã ori din spate;</span></li><li>c)&nbsp;&nbsp; balansarea, pe timp de noapte, în plan vertical, a unui dispozitiv cu luminã roșie ori a bastonului fluorescent-reflectorizant semnificã ""oprire"" pentru participanții la trafic spre care este îndreptat;</li><li>d)&nbsp;&nbsp; balansarea pe verticalã a brațului, având palma orientatã cãtre sol, semnificã reducerea vitezei;</li><li>e)&nbsp;&nbsp; rotirea vioaie a brațului semnificã mãrirea vitezei de deplasare a vehiculelor sau grãbirea traversãrii drumului de cãtre pietoni.</li></ul><p>&nbsp;(2)&nbsp;&nbsp; Polițistul care dirijeazã circulația poate efectua semnal cu brațul ca vehiculul sã avanseze, sã depãșeascã, sã treacã prin fațã ori prin spatele sau, sã îl ocoleascã prin partea sã stânga sau dreapta, iar pietonii sã traverseze drumul ori sã se opreascã.</p><p>(3)&nbsp;&nbsp; La efectuarea comenzilor prevãzute la alin. (1) și (2), polițistul poate folosi și fluierul.</p>


                    </div>","https://scoaladrpciv.ro/intrebari/categoria-b/semnalele-politistilor"
"1790475928-477","https://scoaladrpciv.ro/intrebari/categoria-b","Scoaterea, pe partea laterală din dreapta, a bastonului reflectorizant de către polițistul care însoțește o coloană oficială de autovehicule obligă conducătorii care circulă în spatele acesteia:","B - să oprească cât mai aproape de marginea drumului, iar acolo unde este posibil, să scoată vehiculul în afara părții carosabile;","","","A - să reducă imediat viteza și să circule cât mai aproape de marginea drumului;","C - să reducă viteza și să iasă în afara drumului imediat ce este posibil, prin viraj la dreapta.","https://scoaladrpciv.ro/intrebare/scoaterea-pe-partea-laterala-din-dreapta-a-bastonului-reflectorizant-de-catre-politistul-care-insoteste-o-coloana-oficiala-de-autovehicule-obliga-conducatorii-care-circula-in-spatele-acesteia-60af","","<div class="""">
                        <p>Balansarea bastonului reflectorizant sau a braţului semnifică oprire:&nbsp;<br><strong>a) dat din partea dreapta a vehiculului poliţiei - pentru cei din spate;</strong><br>b) dat din partea stânga a vehiculului poliţiei - pentru cei din faţă sau cei care circulă pe bandă/benzile din stânga în acelaşi sens.</p>


                    </div>","https://scoaladrpciv.ro/intrebari/categoria-b/semnalele-politistilor"
"1790475930-478","https://scoaladrpciv.ro/intrebari/categoria-b","Dacă polițistul se află în intersecție cu fața către conducătorul vehiculului și îi adresează acestuia un alt semnal decât poziția sa, care înseamnă „Oprire“, conducătorul trebuie:","A - să respecte semnalul polițistului;","","","B - să continue mersul, deoarece semnele polițistului sunt contradictorii;","C - să oprească și să aștepte semnalul pentru continuarea deplasării.","https://scoaladrpciv.ro/intrebare/daca-politistul-se-afla-in-intersectie-cu-fata-catre-conducatorul-vehiculului-si-ii-adreseaza-acestuia-un-alt-semnal-decat-pozitia-sa-care-inseamna-oprire-conducatorul-trebuie-7ad8","","<div class="""">
                        <h4>Articolul 88</h4><p>(1)&nbsp;&nbsp; Semnalele polițistului care dirijeazã circulația au urmãtoarele semnificații:</p><ul style=""list-style-type:circle;""><li>a)&nbsp;&nbsp; brațul ridicat vertical semnificã ""atenție, oprire"" pentru toți participanții la trafic care se apropie, cu excepția conducãtorilor de vehicule care nu ar mai putea opri în condiții de siguranțã. Dacã semnalul este dat într-o intersecție, aceasta nu impune oprirea conducãtorilor de vehicule care se aflã deja angajați în traversare;</li><li>b)&nbsp;&nbsp; brațul sau brațele întinse orizontal semnificã ""oprire"" pentru toți participanții la trafic care, indiferent de sensul lor de mers, circulã din direcția sau direcțiile intersectate de brațul sau brațele întinse. Dupã ce a dat acest semnal, polițistul poate cobori brațul sau brațele, poziția sã însemnând, de asemenea, ""oprire"" pentru participanții la trafic care vin din fațã ori din spate;</li><li>c)&nbsp;&nbsp; balansarea, pe timp de noapte, în plan vertical, a unui dispozitiv cu luminã roșie ori a bastonului fluorescent-reflectorizant semnificã ""oprire"" pentru participanții la trafic spre care este îndreptat;</li><li>d)&nbsp;&nbsp; balansarea pe verticalã a brațului, având palma orientatã cãtre sol, semnificã reducerea vitezei;</li><li>e)&nbsp;&nbsp; rotirea vioaie a brațului semnificã mãrirea vitezei de deplasare a vehiculelor sau grãbirea traversãrii drumului de cãtre pietoni.</li></ul><p><span style=""background-color:hsl(60, 75%, 60%);"">&nbsp;(2)&nbsp;&nbsp; Polițistul care dirijeazã circulația poate efectua semnal cu brațul ca vehiculul sã avanseze, sã depãșeascã, sã treacã prin fațã ori prin spatele sau, sã îl ocoleascã prin partea sã stânga sau dreapta, iar pietonii sã traverseze drumul ori sã se opreascã.</span></p><p>(3)&nbsp;&nbsp; La efectuarea comenzilor prevãzute la alin. (1) și (2), polițistul poate folosi și fluierul.</p>


                    </div>","https://scoaladrpciv.ro/intrebari/categoria-b/semnalele-politistilor"
"1790475932-479","https://scoaladrpciv.ro/intrebari/categoria-b","Aveți obligația de a opri imediat vehiculul la semnalele adresate de:","A - polițiștii de frontieră;","","","B - polițiștii comunitari;","C - personalul autorizat din cadrul serviciului de examinări.","https://scoaladrpciv.ro/intrebare/aveti-obligatia-de-a-opri-imediat-vehiculul-la-semnalele-adresate-de-a8c1","","<div class="""">
                        <h4>Articolul 89</h4><p>(1)&nbsp;&nbsp; Oprirea participanților la trafic este obligatorie și la semnalele date de:</p><ul style=""list-style-type:circle;""><li><span style=""background-color:hsl(60, 75%, 60%);"">a)&nbsp; polițiștii de frontierã;</span></li><li>b)&nbsp;&nbsp; îndrumãtorii de circulație ai Ministerului Apãrãrii;</li><li>&nbsp;c)&nbsp; agenții de cale feratã, la trecerile la nivel;</li><li>&nbsp;d)&nbsp;&nbsp; personalul autorizat din zona lucrãrilor pe drumurile publice;</li><li>&nbsp;e)&nbsp;&nbsp; membrii patrulelor școlare de circulație, la trecerile pentru pietoni din apropierea unitãților de învãțãmânt;</li><li>&nbsp;f)&nbsp;&nbsp; nevãzãtori, prin ridicarea bastonului alb, atunci când aceștia traverseazã strada.</li></ul><p>(2)&nbsp;&nbsp; Persoanele prevãzute la alin. (1) lit. a)-d) pot efectua și urmãtoarele semnale:</p><ul style=""list-style-type:circle;""><li>a)&nbsp;&nbsp; balansarea brațului în plan vertical, cu palma mâinii orientatã cãtre sol sau cu un mijloc de semnalizare, care semnificã reducerea vitezei;</li><li>b)&nbsp;&nbsp; rotirea vioaie a brațului, care semnificã mãrirea vitezei de deplasare a vehiculelor, inclusiv grãbirea traversãrii drumului de cãtre pietoni.</li></ul>


                    </div>","https://scoaladrpciv.ro/intrebari/categoria-b/semnalele-politistilor"
"1790475935-480","https://scoaladrpciv.ro/intrebari/categoria-b","În situația în care polițistul se află cu fața la un autovehicul care se apropie, având brațul drept întins orizontal, conducătorul auto trebuie:","B - să continue deplasarea, deoarece semnalul nu i se adresează;","","","A - să oprească, deoarece semnalul i se adresează;","C - să schimbe direcția de mers spre stânga.","https://scoaladrpciv.ro/intrebare/in-situatia-in-care-politistul-se-afla-cu-fata-la-un-autovehicul-care-se-apropie-avand-bratul-drept-intins-orizontal-conducatorul-auto-trebuie-3133","","<div class="""">
                        <p>In situatia de fata nu ne este prezentata o imagine sau nu se descrie locul unde este pozitionat politistul, se considera ca politistul se afla in mijlocul drumului sau in centrul intersectiei, iar atunci cand circulatia este dirijata de un politist si acesta se afla cu fata catre dvs si cu bratul drept ridicat va puteti continua deplasarea deoarece bratul drept al acestuia ridicat orizontal nu se intersecteaza cu directia dvs de mers.&nbsp;<br>Cei care circula in spatele lui vor trebui sa opreasca deoarece bratul ridicat (drept) se intersecteaza cu directia lor de mers.&nbsp;<br>Daca in schimb bratul politistului ridicat orizontal era cel stang, dvs trebuia sa va optiti si cei din spate puteau continua.&nbsp;<br>Daca ambele brate erau ridicare orizontal, se vor oprii participantii la trafic conform <strong>Art. 88, al 1, lit. b.</strong></p>
<h4>&nbsp;</h4>
<h4>Articolul 88</h4>
<p>(1)&nbsp;&nbsp; Semnalele polițistului care dirijeazã circulația au urmãtoarele semnificații:</p>
<ul style=""list-style-type: circle;"">
<li>a)&nbsp;&nbsp; brațul ridicat vertical semnificã ""atenție, oprire"" pentru toți participanții la trafic care se apropie, cu excepția conducãtorilor de vehicule care nu ar mai putea opri în condiții de siguranțã. Dacã semnalul este dat într-o intersecție, aceasta nu impune oprirea conducãtorilor de vehicule care se aflã deja angajați în traversare;</li>
<li><span style=""background-color: hsl(60, 75%, 60%);"">b)&nbsp;&nbsp; brațul sau brațele întinse orizontal semnificã ""oprire"" pentru toți participanții la trafic care, indiferent de sensul lor de mers, circulã din direcția sau direcțiile intersectate de brațul sau brațele întinse. Dupã ce a dat acest semnal, polițistul poate cobori brațul sau brațele, poziția sã însemnând, de asemenea, ""oprire"" pentru participanții la trafic care vin din fațã ori din spate;</span></li>
<li>c)&nbsp;&nbsp; balansarea, pe timp de noapte, în plan vertical, a unui dispozitiv cu luminã roșie ori a bastonului fluorescent-reflectorizant semnificã ""oprire"" pentru participanții la trafic spre care este îndreptat;</li>
<li>d)&nbsp;&nbsp; balansarea pe verticalã a brațului, având palma orientatã cãtre sol, semnificã reducerea vitezei;</li>
<li>e)&nbsp;&nbsp; rotirea vioaie a brațului semnificã mãrirea vitezei de deplasare a vehiculelor sau grãbirea traversãrii drumului de cãtre pietoni.</li>
</ul>
<p>&nbsp;(2)&nbsp;&nbsp; Polițistul care dirijeazã circulația poate efectua semnal cu brațul ca vehiculul sã avanseze, sã depãșeascã, sã treacã prin fațã ori prin spatele sau, sã îl ocoleascã prin partea sã stânga sau dreapta, iar pietonii sã traverseze drumul ori sã se opreascã.</p>
<p>(3)&nbsp;&nbsp; La efectuarea comenzilor prevãzute la alin. (1) și (2), polițistul poate folosi și fluierul.</p>


                    </div>","https://scoaladrpciv.ro/intrebari/categoria-b/semnalele-politistilor"
"1790475937-481","https://scoaladrpciv.ro/intrebari/categoria-b","Ce obligații aveți la semnalul membrilor patrulelor școlare de circulație, la trecerile pentru pietoni din apropierea unităților de învățământ?","C - să opriți.","","","A - să reduceți viteza și să circulați cu atenție;","B - să treceți pe banda de lângă axul drumului;","https://scoaladrpciv.ro/intrebare/ce-obligatii-aveti-la-semnalul-membrilor-patrulelor-scolare-de-circulatie-la-trecerile-pentru-pietoni-din-apropierea-unitatilor-de-invatamant-e242","","<div class="""">
                        <h4>Articolul 89</h4><p>(1)&nbsp;&nbsp; Oprirea participanților la trafic este obligatorie și la semnalele date de:</p><ul style=""list-style-type:circle;""><li>a)&nbsp; polițiștii de frontierã;</li><li>b)&nbsp;&nbsp; îndrumãtorii de circulație ai Ministerului Apãrãrii;</li><li>&nbsp;c)&nbsp; agenții de cale feratã, la trecerile la nivel;</li><li>&nbsp;d)&nbsp;&nbsp; personalul autorizat din zona lucrãrilor pe drumurile publice;</li><li><span style=""background-color:hsl(60, 75%, 60%);"">&nbsp;e)&nbsp;&nbsp; membrii patrulelor școlare de circulație, la trecerile pentru pietoni din apropierea unitãților de învãțãmânt;</span></li><li>&nbsp;f)&nbsp;&nbsp; nevãzãtori, prin ridicarea bastonului alb, atunci când aceștia traverseazã strada.</li></ul><p>(2)&nbsp;&nbsp; Persoanele prevãzute la alin. (1) lit. a)-d) pot efectua și urmãtoarele semnale:</p><ul style=""list-style-type:circle;""><li>a)&nbsp;&nbsp; balansarea brațului în plan vertical, cu palma mâinii orientatã cãtre sol sau cu un mijloc de semnalizare, care semnificã reducerea vitezei;</li><li>b)&nbsp;&nbsp; rotirea vioaie a brațului, care semnificã mãrirea vitezei de deplasare a vehiculelor, inclusiv grãbirea traversãrii drumului de cãtre pietoni.</li></ul>


                    </div>","https://scoaladrpciv.ro/intrebari/categoria-b/semnalele-politistilor"
"1790475939-482","https://scoaladrpciv.ro/intrebari/categoria-b","Cum procedați la semnalul polițistului cu brațul ridicat vertical?","A - opriți, indiferent din ce direcție vă apropiați, și așteptați următorul său semnal;","","","B - reduceți viteza și circulați în direcția permisă de poziția brațului;","C - reduceți viteza și îl ocoliți.","https://scoaladrpciv.ro/intrebare/cum-procedati-la-semnalul-politistului-cu-bratul-ridicat-vertical-25e7","","<div class="""">
                        <h4>Articolul 88</h4><p>(1)&nbsp;&nbsp; Semnalele polițistului care dirijeazã circulația au urmãtoarele semnificații:</p><ul style=""list-style-type:circle;""><li><span style=""background-color:hsl(60, 75%, 60%);"">a)&nbsp;&nbsp; brațul ridicat vertical semnificã ""atenție, oprire"" pentru toți participanții la trafic care se apropie, cu excepția conducãtorilor de vehicule care nu ar mai putea opri în condiții de siguranțã. Dacã semnalul este dat într-o intersecție, aceasta nu impune oprirea conducãtorilor de vehicule care se aflã deja angajați în traversare;</span></li><li>b)&nbsp;&nbsp; brațul sau brațele întinse orizontal semnificã ""oprire"" pentru toți participanții la trafic care, indiferent de sensul lor de mers, circulã din direcția sau direcțiile intersectate de brațul sau brațele întinse. Dupã ce a dat acest semnal, polițistul poate cobori brațul sau brațele, poziția sã însemnând, de asemenea, ""oprire"" pentru participanții la trafic care vin din fațã ori din spate;</li><li>c)&nbsp;&nbsp; balansarea, pe timp de noapte, în plan vertical, a unui dispozitiv cu luminã roșie ori a bastonului fluorescent-reflectorizant semnificã ""oprire"" pentru participanții la trafic spre care este îndreptat;</li><li>d)&nbsp;&nbsp; balansarea pe verticalã a brațului, având palma orientatã cãtre sol, semnificã reducerea vitezei;</li><li>e)&nbsp;&nbsp; rotirea vioaie a brațului semnificã mãrirea vitezei de deplasare a vehiculelor sau grãbirea traversãrii drumului de cãtre pietoni.</li></ul><p>&nbsp;(2)&nbsp;&nbsp; Polițistul care dirijeazã circulația poate efectua semnal cu brațul ca vehiculul sã avanseze, sã depãșeascã, sã treacã prin fațã ori prin spatele sau, sã îl ocoleascã prin partea sã stânga sau dreapta, iar pietonii sã traverseze drumul ori sã se opreascã.</p><p>(3)&nbsp;&nbsp; La efectuarea comenzilor prevãzute la alin. (1) și (2), polițistul poate folosi și fluierul.</p>


                    </div>","https://scoaladrpciv.ro/intrebari/categoria-b/semnalele-politistilor"
"1790475942-483","https://scoaladrpciv.ro/intrebari/categoria-b","Ce obligații revin conducătorilor de vehicule la trecerea autovehiculelor cu regim de circulație prioritară, care au în funcțiune mijloacele speciale de avertizare luminoasă de culoare roșie și pe cele de avertizare sonoră:","A - să oprească imediat pe acostament sau, în lipsa acestuia, cât mai aproape de marginea drumului sau de bordura trotuarului, în sensul de deplasare;","","","B - să reducă viteza și să circule cât mai aproape de marginea drumului în sensul de deplasare;","C - să scoată vehiculul în afara drumului, indiferent prin ce mijloace.","https://scoaladrpciv.ro/intrebare/ce-obligatii-revin-conducatorilor-de-vehicule-la-trecerea-autovehiculelor-cu-regim-de-circulatie-prioritara-care-au-in-functiune-mijloacele-speciale-de-avertizare-luminoasa-de-culoare-rosie-si-pe-cele-de-avertizare-sonora-7dc9","","<div class="""">
                        <h4>Articolul 32</h4>
<p>(1)&nbsp;&nbsp;&nbsp; Semnalele speciale de avertizare luminoase sunt emise intermitent de dispozitivele de iluminare montate pe autovehicule și au următoarele semnificații:</p>
<ul>
<li><span style=""background-color: hsl(60, 75%, 60%);"">a)&nbsp;lumina roșie obligă participanții la trafic să oprească în direcția de mers cât mai aproape de marginea drumului;</span></li>
<li>b)&nbsp; lumina albastră obligă participanții la trafic să acorde prioritate de trecere;</li>
<li>c)&nbsp; lumina galbenă obligă participanții la trafic să circule cu atenție.</li>
</ul>
<p>(2)&nbsp; Sunt autorizate să utilizeze semnale speciale de avertizare luminoase:</p>
<ul>
<li><span style=""background-color: #f1c40f;"">a)&nbsp; pentru lumina roșie - autovehiculele aparținând poliției și pompierilor;</span></li>
<li>b)&nbsp;&nbsp; pentru lumina albastră - autovehiculele aparținând poliției, jandarmeriei, poliției de frontieră, Autorității Vamale Române, Agenției Naționale de Administrare Fiscală, serviciului de ambulanță sau medicină legală, protecției civile, serviciilor publice Salvamont și Salvaspeo organizate de consiliile județene și consiliile locale, Ministerului Apărării Naționale care însoțesc coloane militare, unităților speciale ale Serviciului Român de Informații și ale Serviciului de Protecție și Pază, Administrației Naționale a Penitenciarelor din cadrul Ministerului Justiției, precum și autovehiculele de serviciu ale procurorilor din Ministerul Public, atunci când se deplasează în acțiuni de intervenție sau în misiuni care au caracter de urgență;</li>
<li>c) pentru lumina galbenă - autovehiculele cu mase și/sau dimensiuni de gabarit depășite ori care însoțesc asemenea vehicule, cele care transportă anumite mărfuri sau substanțe periculoase, cele destinate întreținerii, reparării ori verificării unor lucrări efectuate în partea carosabilă sau executării unor lucrări de drumuri, curățeniei străzilor, deszăpezirii sau tractării, transportului și depanării autovehiculelor ramase în pană sau avariate, precum și tractoarele care tractează utilajele agricole și tehnologice cu dimensiuni de gabarit depășite.</li>
</ul>
<p>(3)&nbsp;&nbsp;Autovehiculele prevăzute la alin. (2) lit. a) și b) trebuie să fie echipate și cu mijloace speciale sonore de avertizare.</p>
<p>(4)&nbsp; Pe autovehiculele aparținând poliției și pe cele prevăzute la alin. (2) lit. c) pot fi instalate și dispozitive luminoase cu mesaje variabile, destinate participanților la trafic.</p>
<p>(4^1) Pe autovehiculele Autorității Vamale Române, precum și ale Agenției Naționale de Administrare Fiscală, inscripționate vizibil cu denumirea și sigla instituției din care fac parte, pot fi instalate dispozitive luminoase cu mesaje variabile, de care se poate face uz pentru oprirea în trafic a autovehiculelor în scopul exercitării atribuțiilor de control specifice, potrivit legii.</p>
<p>(5)&nbsp;&nbsp;Mijloacele speciale de avertizare, luminoase sau sonore, se certifică sau se omologhează de autoritatea competentă, potrivit legii. Condițiile de utilizare a acestora se stabilesc prin regulament.</p>


                    </div>","https://scoaladrpciv.ro/intrebari/categoria-b/semnalele-politistilor"
"1790475944-484","https://scoaladrpciv.ro/intrebari/categoria-b","Viteza se reduce la semnalul:","A - personalului autorizat din zona lucrărilor drumului public;","B - agentului de cale ferată;","C - poliţistului de frontieră.","","","https://scoaladrpciv.ro/intrebare/viteza-se-reduce-la-semnalul-a27d","","<div class="""">
                        <h4>Articolul 89</h4><p>(1)&nbsp;&nbsp; Oprirea participanților la trafic este obligatorie și la semnalele date de:</p><ul style=""list-style-type:circle;""><li><span style=""background-color:hsl(60, 75%, 60%);"">a)&nbsp; polițiștii de frontierã;</span></li><li>b)&nbsp;&nbsp; îndrumãtorii de circulație ai Ministerului Apãrãrii;</li><li><span style=""background-color:hsl(60, 75%, 60%);"">&nbsp;c)&nbsp; agenții de cale feratã, la trecerile la nivel;</span></li><li><span style=""background-color:hsl(60, 75%, 60%);"">&nbsp;d)&nbsp;&nbsp; personalul autorizat din zona lucrãrilor pe drumurile publice;</span></li><li>&nbsp;e)&nbsp;&nbsp; membrii patrulelor școlare de circulație, la trecerile pentru pietoni din apropierea unitãților de învãțãmânt;</li><li>&nbsp;f)&nbsp;&nbsp; nevãzãtori, prin ridicarea bastonului alb, atunci când aceștia traverseazã strada.</li></ul><p>(2)&nbsp;&nbsp; Persoanele prevãzute la alin. (1) lit. a)-d) pot efectua și urmãtoarele semnale:</p><ul style=""list-style-type:circle;""><li>a)&nbsp;&nbsp; balansarea brațului în plan vertical, cu palma mâinii orientatã cãtre sol sau cu un mijloc de semnalizare, care semnificã reducerea vitezei;</li><li>b)&nbsp;&nbsp; rotirea vioaie a brațului, care semnificã mãrirea vitezei de deplasare a vehiculelor, inclusiv grãbirea traversãrii drumului de cãtre pietoni.</li></ul>


                    </div>","https://scoaladrpciv.ro/intrebari/categoria-b/semnalele-politistilor"
"1790475946-485","https://scoaladrpciv.ro/intrebari/categoria-b","Brațele întinse orizontal, ale polițistului care dirijează circulația, semnifică:","A - oprire pentru toți participanții la trafic care, indiferent de sensul lor de mers, circulă din direcția sau direcțiile intersectate de brațele întinse ale acestuia;","","","B - oprire pentru toți participanții la trafic care circulă numai din spatele acestuia;","C - oprire pentru toți participanții la trafic care circulă numai din fața acestuia.","https://scoaladrpciv.ro/intrebare/bratele-intinse-orizontal-ale-politistului-care-dirijeaza-circulatia-semnifica-e2b0","","<div class="""">
                        <h4>Articolul 88</h4><p>(1)&nbsp;&nbsp; Semnalele polițistului care dirijeazã circulația au urmãtoarele semnificații:</p><ul style=""list-style-type:circle;""><li>a)&nbsp;&nbsp; brațul ridicat vertical semnificã ""atenție, oprire"" pentru toți participanții la trafic care se apropie, cu excepția conducãtorilor de vehicule care nu ar mai putea opri în condiții de siguranțã. Dacã semnalul este dat într-o intersecție, aceasta nu impune oprirea conducãtorilor de vehicule care se aflã deja angajați în traversare;</li><li><span style=""background-color:hsl(60, 75%, 60%);"">b)&nbsp;&nbsp; brațul sau brațele întinse orizontal semnificã ""oprire"" pentru toți participanții la trafic care, indiferent de sensul lor de mers, circulã din direcția sau direcțiile intersectate de brațul sau brațele întinse. Dupã ce a dat acest semnal, polițistul poate cobori brațul sau brațele, poziția sã însemnând, de asemenea, ""oprire"" pentru participanții la trafic care vin din fațã ori din spate;</span></li><li>c)&nbsp;&nbsp; balansarea, pe timp de noapte, în plan vertical, a unui dispozitiv cu luminã roșie ori a bastonului fluorescent-reflectorizant semnificã ""oprire"" pentru participanții la trafic spre care este îndreptat;</li><li>d)&nbsp;&nbsp; balansarea pe verticalã a brațului, având palma orientatã cãtre sol, semnificã reducerea vitezei;</li><li>e)&nbsp;&nbsp; rotirea vioaie a brațului semnificã mãrirea vitezei de deplasare a vehiculelor sau grãbirea traversãrii drumului de cãtre pietoni.</li></ul><p>&nbsp;(2)&nbsp;&nbsp; Polițistul care dirijeazã circulația poate efectua semnal cu brațul ca vehiculul sã avanseze, sã depãșeascã, sã treacã prin fațã ori prin spatele sau, sã îl ocoleascã prin partea sã stânga sau dreapta, iar pietonii sã traverseze drumul ori sã se opreascã.</p><p>(3)&nbsp;&nbsp; La efectuarea comenzilor prevãzute la alin. (1) și (2), polițistul poate folosi și fluierul.</p>


                    </div>","https://scoaladrpciv.ro/intrebari/categoria-b/semnalele-politistilor"
"1790475948-486","https://scoaladrpciv.ro/intrebari/categoria-b","Ce semnificație are, după coborârea brațelor, poziția corpului unui polițist care dirijează circulația, pentru participanții la trafic care circulă din fața și spatele său?","C - oprire.","","","A - nicio semnificație;","B - permisiunea de a circula;","https://scoaladrpciv.ro/intrebare/ce-semnificatie-are-dupa-coborarea-bratelor-pozitia-corpului-unui-politist-care-dirijeaza-circulatia-pentru-participantii-la-trafic-care-circula-din-fata-si-spatele-sau-a7d0","","<div class="""">
                        <h4>Articolul 88</h4><p>(1)&nbsp;&nbsp; Semnalele polițistului care dirijeazã circulația au urmãtoarele semnificații:</p><ul style=""list-style-type:circle;""><li>a)&nbsp;&nbsp; brațul ridicat vertical semnificã ""atenție, oprire"" pentru toți participanții la trafic care se apropie, cu excepția conducãtorilor de vehicule care nu ar mai putea opri în condiții de siguranțã. Dacã semnalul este dat într-o intersecție, aceasta nu impune oprirea conducãtorilor de vehicule care se aflã deja angajați în traversare;</li><li><span style=""background-color:hsl(60, 75%, 60%);"">b)&nbsp;&nbsp; brațul sau brațele întinse orizontal semnificã ""oprire"" pentru toți participanții la trafic care, indiferent de sensul lor de mers, circulã din direcția sau direcțiile intersectate de brațul sau brațele întinse. Dupã ce a dat acest semnal, polițistul poate cobori brațul sau brațele, poziția sã însemnând, de asemenea, ""oprire"" pentru participanții la trafic care vin din fațã ori din spate;</span></li><li>c)&nbsp;&nbsp; balansarea, pe timp de noapte, în plan vertical, a unui dispozitiv cu luminã roșie ori a bastonului fluorescent-reflectorizant semnificã ""oprire"" pentru participanții la trafic spre care este îndreptat;</li><li>d)&nbsp;&nbsp; balansarea pe verticalã a brațului, având palma orientatã cãtre sol, semnificã reducerea vitezei;</li><li>e)&nbsp;&nbsp; rotirea vioaie a brațului semnificã mãrirea vitezei de deplasare a vehiculelor sau grãbirea traversãrii drumului de cãtre pietoni.</li></ul><p>&nbsp;(2)&nbsp;&nbsp; Polițistul care dirijeazã circulația poate efectua semnal cu brațul ca vehiculul sã avanseze, sã depãșeascã, sã treacã prin fațã ori prin spatele sau, sã îl ocoleascã prin partea sã stânga sau dreapta, iar pietonii sã traverseze drumul ori sã se opreascã.</p><p>(3)&nbsp;&nbsp; La efectuarea comenzilor prevãzute la alin. (1) și (2), polițistul poate folosi și fluierul.</p>


                    </div>","https://scoaladrpciv.ro/intrebari/categoria-b/semnalele-politistilor"
"1790475951-487","https://scoaladrpciv.ro/intrebari/categoria-b","Ce obligații are conducătorul unui vehicul care circulă în zona de frontieră?","A - să oprească imediat vehiculul la semnalele regulamentare ale polițiștilor de frontieră aflați în zona de competență;","","","B - să reducă viteza sub limita legală;","C - să circule cu faza de întâlnire în funcțiune, deoarece se află în zona de frontieră.","https://scoaladrpciv.ro/intrebare/ce-obligatii-are-conducatorul-unui-vehicul-care-circula-in-zona-de-frontiera-1727","","<div class="""">
                        <h4>Articolul 89</h4><p>(1)&nbsp;&nbsp; Oprirea participanților la trafic este obligatorie și la semnalele date de:</p><ul style=""list-style-type:circle;""><li><span style=""background-color:hsl(60, 75%, 60%);"">a)&nbsp; polițiștii de frontierã;</span></li><li>b)&nbsp;&nbsp; îndrumãtorii de circulație ai Ministerului Apãrãrii;</li><li>&nbsp;c)&nbsp; agenții de cale feratã, la trecerile la nivel;</li><li>&nbsp;d)&nbsp;&nbsp; personalul autorizat din zona lucrãrilor pe drumurile publice;</li><li>&nbsp;e)&nbsp;&nbsp; membrii patrulelor școlare de circulație, la trecerile pentru pietoni din apropierea unitãților de învãțãmânt;</li><li>&nbsp;f)&nbsp;&nbsp; nevãzãtori, prin ridicarea bastonului alb, atunci când aceștia traverseazã strada.</li></ul><p>(2)&nbsp;&nbsp; Persoanele prevãzute la alin. (1) lit. a)-d) pot efectua și urmãtoarele semnale:</p><ul style=""list-style-type:circle;""><li>a)&nbsp;&nbsp; balansarea brațului în plan vertical, cu palma mâinii orientatã cãtre sol sau cu un mijloc de semnalizare, care semnificã reducerea vitezei;</li><li>b)&nbsp;&nbsp; rotirea vioaie a brațului, care semnificã mãrirea vitezei de deplasare a vehiculelor, inclusiv grãbirea traversãrii drumului de cãtre pietoni.</li></ul>


                    </div>","https://scoaladrpciv.ro/intrebari/categoria-b/semnalele-politistilor"
"1790475953-488","https://scoaladrpciv.ro/intrebari/categoria-b","Aveți obligația de a opri imediat vehiculul la semnalele adresate de:","C - personalul autorizat din zona lucrărilor pe drumurile publice.","","","A - polițiștii comunitari;","B - personalul autorizat din cadrul serviciului examinări;","https://scoaladrpciv.ro/intrebare/aveti-obligatia-de-a-opri-imediat-vehiculul-la-semnalele-adresate-de-11e3","","<div class="""">
                        <h4>Articolul 89</h4><p>(1)&nbsp;&nbsp; Oprirea participanților la trafic este obligatorie și la semnalele date de:</p><ul style=""list-style-type:circle;""><li>a)&nbsp; polițiștii de frontierã;</li><li>b)&nbsp;&nbsp; îndrumãtorii de circulație ai Ministerului Apãrãrii;</li><li>&nbsp;c)&nbsp; agenții de cale feratã, la trecerile la nivel;</li><li><span style=""background-color:hsl(60, 75%, 60%);"">&nbsp;d)&nbsp;&nbsp; personalul autorizat din zona lucrãrilor pe drumurile publice;</span></li><li>&nbsp;e)&nbsp;&nbsp; membrii patrulelor școlare de circulație, la trecerile pentru pietoni din apropierea unitãților de învãțãmânt;</li><li>&nbsp;f)&nbsp;&nbsp; nevãzãtori, prin ridicarea bastonului alb, atunci când aceștia traverseazã strada.</li></ul><p>(2)&nbsp;&nbsp; Persoanele prevãzute la alin. (1) lit. a)-d) pot efectua și urmãtoarele semnale:</p><ul style=""list-style-type:circle;""><li>a)&nbsp;&nbsp; balansarea brațului în plan vertical, cu palma mâinii orientatã cãtre sol sau cu un mijloc de semnalizare, care semnificã reducerea vitezei;</li><li>b)&nbsp;&nbsp; rotirea vioaie a brațului, care semnificã mãrirea vitezei de deplasare a vehiculelor, inclusiv grãbirea traversãrii drumului de cãtre pietoni.</li></ul>


                    </div>","https://scoaladrpciv.ro/intrebari/categoria-b/semnalele-politistilor"
"1790475955-489","https://scoaladrpciv.ro/intrebari/categoria-b","În fața dvs. s-a produs un accident rutier care este cercetat de poliție, iar circulația se desfășoară anevoios, pe un singur sens. Cum veți proceda?","A - vă continuați drumul cu atenție, respectând indicațiile polițistului rutier;","","","B - vă continuați drumul cu viteză sporită, pentru a nu bloca traficul rutier;","C - reduceți viteza și opriți în locul accidentului, pentru a vedea ce s-a întâmplat.","https://scoaladrpciv.ro/intrebare/in-fata-dvs-s-a-produs-un-accident-rutier-care-este-cercetat-de-politie-iar-circulatia-se-desfasoara-anevoios-pe-un-singur-sens-cum-veti-proceda-a1a2","","<div class="""">
                        <h4>Articolul 31</h4>
<p>Participanții la trafic trebuie să respecte regulile de circulație, semnalele, indicațiile și dispozițiile polițistului rutier, precum și semnificația diferitelor tipuri de mijloace de semnalizare rutieră, în următoarea ordine de prioritate:</p>
<ul>
<li>a)&nbsp; semnalele, indicațiile și dispozițiile polițistului rutier;</li>
<li>b)&nbsp;&nbsp; semnalele speciale de avertizare, luminoase sau sonore ale autovehiculelor, prevăzute la art. 32 alin. (2) lit. a) și b);</li>
<li>c)&nbsp;&nbsp;semnalizarea temporară și/sau indicatoarele electronice, care modifică regimul normal de desfășurare a circulației;</li>
<li>d)&nbsp; semnalele luminoase sau sonore;</li>
<li>e)&nbsp; indicatoarele;</li>
<li>f)&nbsp; marcajele;</li>
<li>g)&nbsp; regulile de circulație.</li>
</ul>


                    </div>","https://scoaladrpciv.ro/intrebari/categoria-b/semnalele-politistilor"
"1790475958-490","https://scoaladrpciv.ro/intrebari/categoria-b","Semnalul polițistului indică:","B - oprire;","","","A - circulația pe direcția înainte nu este posibilă;","C - circulația prin intersecție se va face cu viteză redusă.","https://scoaladrpciv.ro/intrebare/semnalul-politistului-indica-7109","https://scoaladrpciv.ro/storage/questions/497.jpeg","<div class="""">
                        <h4>Articolul 88</h4><p>(1)&nbsp;&nbsp; Semnalele polițistului care dirijeazã circulația au urmãtoarele semnificații:</p><ul style=""list-style-type:circle;""><li>a)&nbsp;&nbsp; brațul ridicat vertical semnificã ""atenție, oprire"" pentru toți participanții la trafic care se apropie, cu excepția conducãtorilor de vehicule care nu ar mai putea opri în condiții de siguranțã. Dacã semnalul este dat într-o intersecție, aceasta nu impune oprirea conducãtorilor de vehicule care se aflã deja angajați în traversare;</li><li><span style=""background-color:hsl(60, 75%, 60%);"">b)&nbsp;&nbsp; brațul sau brațele întinse orizontal semnificã ""oprire"" pentru toți participanții la trafic care, indiferent de sensul lor de mers, circulã din direcția sau direcțiile intersectate de brațul sau brațele întinse. Dupã ce a dat acest semnal, polițistul poate cobori brațul sau brațele, poziția sã însemnând, de asemenea, ""oprire"" pentru participanții la trafic care vin din fațã ori din spate;</span></li><li>c)&nbsp;&nbsp; balansarea, pe timp de noapte, în plan vertical, a unui dispozitiv cu luminã roșie ori a bastonului fluorescent-reflectorizant semnificã ""oprire"" pentru participanții la trafic spre care este îndreptat;</li><li>d)&nbsp;&nbsp; balansarea pe verticalã a brațului, având palma orientatã cãtre sol, semnificã reducerea vitezei;</li><li>e)&nbsp;&nbsp; rotirea vioaie a brațului semnificã mãrirea vitezei de deplasare a vehiculelor sau grãbirea traversãrii drumului de cãtre pietoni.</li></ul><p>&nbsp;(2)&nbsp;&nbsp; Polițistul care dirijeazã circulația poate efectua semnal cu brațul ca vehiculul sã avanseze, sã depãșeascã, sã treacã prin fațã ori prin spatele sau, sã îl ocoleascã prin partea sã stânga sau dreapta, iar pietonii sã traverseze drumul ori sã se opreascã.</p><p>(3)&nbsp;&nbsp; La efectuarea comenzilor prevãzute la alin. (1) și (2), polițistul poate folosi și fluierul.</p>


                    </div>","https://scoaladrpciv.ro/intrebari/categoria-b/semnalele-politistilor"
"1790475960-491","https://scoaladrpciv.ro/intrebari/categoria-b","La semnalul dat de personalul autorizat din zona lucrărilor pe drumurile publice, prin rotirea vioaie a brațului, aveți obligația:","A - să măriți viteza de deplasare a vehiculului;","","","B - să ocoliți obstacolul creat în carosabil, circulând în sens giratoriu;","C - să ocoliți obstacolul indicat de acesta.","https://scoaladrpciv.ro/intrebare/la-semnalul-dat-de-personalul-autorizat-din-zona-lucrarilor-pe-drumurile-publice-prin-rotirea-vioaie-a-bratului-aveti-obligatia-e590","","<div class="""">
                        <h4>Articolul 89</h4><p>(1)&nbsp;&nbsp; Oprirea participanților la trafic este obligatorie și la semnalele date de:</p><ul style=""list-style-type:circle;""><li>a)&nbsp; polițiștii de frontierã;</li><li>b)&nbsp;&nbsp; îndrumãtorii de circulație ai Ministerului Apãrãrii;</li><li>&nbsp;c)&nbsp; agenții de cale feratã, la trecerile la nivel;</li><li>&nbsp;d)&nbsp;&nbsp; personalul autorizat din zona lucrãrilor pe drumurile publice;</li><li>&nbsp;e)&nbsp;&nbsp; membrii patrulelor școlare de circulație, la trecerile pentru pietoni din apropierea unitãților de învãțãmânt;</li><li>&nbsp;f)&nbsp;&nbsp; nevãzãtori, prin ridicarea bastonului alb, atunci când aceștia traverseazã strada.</li></ul><p>(2)&nbsp;&nbsp; Persoanele prevãzute la alin. (1) lit. a)-d) pot efectua și urmãtoarele semnale:</p><ul style=""list-style-type:circle;""><li>a)&nbsp;&nbsp; balansarea brațului în plan vertical, cu palma mâinii orientatã cãtre sol sau cu un mijloc de semnalizare, care semnificã reducerea vitezei;</li><li><span style=""background-color:hsl(60, 75%, 60%);"">b)&nbsp;&nbsp; rotirea vioaie a brațului, care semnificã mãrirea vitezei de deplasare a vehiculelor, inclusiv grãbirea traversãrii drumului de cãtre pietoni.</span></li></ul>


                    </div>","https://scoaladrpciv.ro/intrebari/categoria-b/semnalele-politistilor"
"1790475965-492","https://scoaladrpciv.ro/intrebari/categoria-b","Indicatorul interzice:","C - întoarcerea.","","","A - depășirea;","B - virajul la stânga sau la dreapta;","https://scoaladrpciv.ro/intrebare/indicatorul-interzice-ccd5","https://scoaladrpciv.ro/storage/questions/556.jpeg","<div class="""">
                        <p>Are rolul de a interzice întoarcerea în zona respectivă, deoarece dacă s-ar execută această manevră ceilalți participanți la trafic ar putea fi puși în pericol.</p>


                    </div>","https://scoaladrpciv.ro/intrebari/categoria-b/indicatoare-si-marcaje"
"1790475967-493","https://scoaladrpciv.ro/intrebari/categoria-b","Pe ce bandă de circulaţie vă încadraţi pentru a vira la stânga, într-o intersecţie semnalizată cu astfel de marcaje?","C - pe banda de circulaţie nr. 4.","","","A - pe banda de circulaţie nr.1;","B - pe benzile de circulaţie nr. 2 si 3;","https://scoaladrpciv.ro/intrebare/pe-ce-banda-de-circulatie-va-incadrati-pentru-a-vira-la-stanga-intr-o-intersectie-semnalizata-cu-astfel-de-marcaje-9fba","https://scoaladrpciv.ro/storage/questions/555.jpeg","<div class="""">
                        <p>Benzile de circulatie se numerotează de la acostament spre axul drumului (banda 1 este banda cea mai apropiată de acostament). În cazul de față, pentru a vira la stânga, vom ocupa banda de circulație nr. 4.</p>


                    </div>","https://scoaladrpciv.ro/intrebari/categoria-b/indicatoare-si-marcaje"
"1790475969-494","https://scoaladrpciv.ro/intrebari/categoria-b","Ce semnificaţie are marcajul longitudinal aplicat sub forma unei linii continue pe axul drumurilor publice?","B - nu permite încălcarea lui de către conducătorii de vehicule;","","","A - ajută conducătorii auto să se orienteze pe timp de noapte;","C - permite depăşirea vehiculelor.","https://scoaladrpciv.ro/intrebare/ce-semnificatie-are-marcajul-longitudinal-aplicat-sub-forma-unei-linii-continue-pe-axul-drumurilor-publice-59e5","","<div class="""">
                        <h4>Articolul 77</h4><p>(1)&nbsp;&nbsp; Administratorul drumului public este obligat sã aplice marcaje cu linii continue sau discontinue, dupã caz, atât pentru separarea sensurilor și benzilor de circulație, cât și pentru delimitarea pãrții carosabile.</p><p><span style=""background-color:hsl(60, 75%, 60%);"">(2)&nbsp;&nbsp; Marcajul longitudinal format dintr-o linie continuã simplã sau dublã interzice încãlcarea acestuia.</span></p><p>(3)&nbsp;&nbsp; Marcajul format dintr-o linie continuã aplicatã pe bordura trotuarului sau la marginea pãrții carosabile interzice staționarea vehiculelor pe acea parte a drumului. Când o asemenea linie însoțește un indicator de interzicere a staționãrii, aceasta precizeazã lungimea sectorului de drum pe care este valabilã interzicerea.</p><p>(4)&nbsp;&nbsp; Marcajul longitudinal format din linii continue care delimiteazã banda pe care este aplicat și un marcaj simbolizând o anumitã categorie sau anumite categorii de vehicule semnificã faptul cã banda este rezervatã circulației acelei sau acelor categorii de vehicule.</p>


                    </div>","https://scoaladrpciv.ro/intrebari/categoria-b/indicatoare-si-marcaje"
"1790475972-495","https://scoaladrpciv.ro/intrebari/categoria-b","Autoturismul alb din dreapta dvs. a oprit regulamentar?","B - nu, deoarece se află în zona de acțiune a indicatorului „Oprirea interzisă“;","","","A - da, deoarece semnul adițional indică sfârșitul zonei unde oprirea este interzisă;","C - nu, deoarece indicatorul „Oprirea interzisă“ nu permite oprirea la o distanță mai mică de 100 m de acesta.","https://scoaladrpciv.ro/intrebare/autoturismul-alb-din-dreapta-dvs-a-oprit-regulamentar-c52a","https://scoaladrpciv.ro/storage/questions/527.jpeg","<div class="""">
                        <h4>Articolul 142</h4><p>Se interzice oprirea voluntarã a vehiculelor:</p><p><span style=""background-color:hsl(60, 75%, 60%);"">a)&nbsp; în zona de acțiune a indicatorului ""Oprirea interzisã"";</span></p><p>&nbsp;b)&nbsp;&nbsp; pe trecerile la nivel cu calea feratã curentã și la o distanțã mai mica de 50 m înainte și dupã acestea;</p><p>&nbsp;c)&nbsp; pe poduri, pe și sub pasaje denivelate, precum și pe viaducte;</p><p>d)&nbsp;&nbsp; în curbe și în alte locuri cu vizibilitate redusã sub 50 m;</p><p>e)&nbsp;&nbsp; pe trecerile pentru pietoni ori la mai puțin de 25 m înainte și dupã acestea;;</p><p>&nbsp;f)&nbsp;&nbsp; în intersecții, inclusiv cele cu circulație în sens giratoriu, precum și în zona de preselecție unde sunt aplicate marcaje continue, iar în lipsa acestora, la o distanțã mai mica de 25 m de coltul intersecției;</p><p>g)&nbsp;&nbsp; în stațiile mijloacelor de transport public de persoane, precum și la mai puțin de 25 m înainte și dupã acestea;</p><p>h)&nbsp;&nbsp; în dreptul altui vehicul oprit pe partea carosabilã, dacã prin aceasta se stânjenește circulația a douã vehicule venind din sensuri opuse, precum și în dreptul marcajului continuu, în cazul în care conducãtorii celorlalte vehicule care circulã în același sens ar fi obligați, din aceastã cauzã, sã treacã peste acest marcaj;</p><p>i)&nbsp;&nbsp; în locul în care se împiedicã vizibilitatea asupra unui indicator sau semnal luminos;</p><p>j)&nbsp;&nbsp; pe sectoarele de drum unde sunt instalate indicatoarele cu semnificațiile ""Drum îngustat"", ""Prioritate pentru circulația din sens invers"" sau ""Prioritate fațã de circulația din sens invers"";</p><p>k)&nbsp;&nbsp; pe pistele obligatorii pentru pietoni sau pentru pietoni și biciclete ori pe benzile rezervate unor anumite categorii de vehicule, semnalizate ca atare;</p><p>l)&nbsp;&nbsp; pe platforma caii ferate industriale sau de tramvai ori la mai puțin de 50 m de acestea, dacã circulația vehiculelor pe sine ar putea fi stânjenitã sau împiedicatã;</p><p>m)&nbsp;&nbsp; pe partea carosabilã a autostrãzilor, a drumurilor expres și a celor naționale europene (E);</p><p>n)&nbsp;&nbsp; pe trotuar, cu excepția situației în care administratorul drumului public a executat amenajãri care respectã prevederile art. 144 alin.(2) și (3);</p><p>o)&nbsp;&nbsp; pe pistele pentru biciclete;</p><p>p)&nbsp;&nbsp; în locurile unde este interzisã depãșirea.</p>


                    </div>","https://scoaladrpciv.ro/intrebari/categoria-b/indicatoare-si-marcaje"
"1790475974-496","https://scoaladrpciv.ro/intrebari/categoria-b","Semnificaţia unui indicator rutier, instalat deasupra unei benzi de circulaţie, este valabilă:","B - numai pentru banda deasupra căreia este instalat;","","","A - numai pentru circulaţia rutieră care se desfăşoară în tunele;","C - pentru toată lăţimea părţii carosabile.","https://scoaladrpciv.ro/intrebare/semnificatia-unui-indicator-rutier-instalat-deasupra-unei-benzi-de-circulatie-este-valabila-f334","","<div class="""">
                        <p>Art. 66<br>(1) Semnificaţia unui indicator este valabilă pe întreaga lăţime a părţii carosabile deschise circulaţiei conducătorilor cărora li se adresează.&nbsp;<br><span style=""background-color:hsl(60, 75%, 60%);"">(2) Când indicatorul este instalat deasupra benzii sau benzilor, semnificaţia lui este valabilă numai pentru banda ori benzile astfel semnalizate.&nbsp;</span><br>(3) Semnificaţia indicatorului de avertizare începe din locul unde este amplasat. În cazul indicatoarelor care avertizează sectoare periculoase, zona de acţiune a indicatoarelor este reglementată prin plăcuţe adiţionale.&nbsp;<br>(4) Indicatoarele de avertizare se instalează înaintea locului periculos, la o distanţă de maximum 50 m în localităţi, între 100 m şi 250 m în afara localităţilor, respectiv între 500 m şi 1.000 m pe autostrăzi şi drumuri expres. Când condiţiile din teren impun amplasarea la o distanţă mai mare, sub indicator se instalează un panou adiţional „Distanţa între indicator şi începutul locului periculos“.&nbsp;<br>(5) Pe autostrăzi şi drumuri expres, în toate cazurile, sub indicator este obligatoriu să se instaleze un panou adiţional „Distanţa între indicator şi începutul locului periculos“. În situaţia în care lungimea sectorului periculos depăşeşte 1.000 m, sub indicator se montează panoul adiţional „Lungimea sectorului periculos la care se referă indicatorul“.&nbsp;<br>(6) Semnificaţia indicatoarelor de interzicere sau de restricţie începe din dreptul acestora. În lipsa unei semnalizări care să precizeze lungimea sectorului pe care se aplică reglementarea ori a unor indicatoare care să anunţe sfârşitul interdicţiei sau al restricţiei, semnificaţia acestor indicatoare încetează în intersecţia cea mai apropiată. Când indicatoarele de interzicere sau restricţie sunt instalate împreună cu indicatorul ce anunţă intrarea într-o localitate, semnificaţia lor este valabilă pe drumul respectiv până la întâlnirea indicatorului „Ieşire din localitate“, cu excepţia locurilor unde alte indicatoare dispun altfel.</p>


                    </div>","https://scoaladrpciv.ro/intrebari/categoria-b/indicatoare-si-marcaje"
"1790475976-497","https://scoaladrpciv.ro/intrebari/categoria-b","Ce obligaţii aveţi la întâlnirea indicatorului „Biciclişti“?","B - să circulaţi cu atenţie şi, dacă este cazul, acordaţi prioritate de trecere bicicliştilor care circulă pe pista special destinată;","","","A - să reduceţi viteza la maximum 30 km/h;","C - nu aveţi nicio obligaţie, bicicliştii vă vor acorda prioritate.","https://scoaladrpciv.ro/intrebare/ce-obligatii-aveti-la-intalnirea-indicatorului-biciclisti-1d2c","","<div class="""">
                        <h4>Articolul 135</h4><p>Conducãtorul de vehicul este obligat sã acorde prioritate de trecere și în urmãtoarele situații:</p><p>a)&nbsp;&nbsp; la intersecția nedirijatã atunci când pãtrunde pe un drum național venind de pe un drum județean, comunal sau local;</p><p>b)&nbsp;&nbsp; la intersecția nedirijatã atunci când pãtrunde pe un drum județean venind de pe un drum comunal sau local;</p><p>c)&nbsp;&nbsp; la intersecția nedirijatã atunci când pãtrunde pe un drum comunal venind de pe un drum local;</p><p>d)&nbsp;&nbsp; când urmeazã sã pãtrundã într-o intersecție cu circulație în sens giratoriu fațã de cel care circulã în interiorul acesteia;</p><p>e)&nbsp;&nbsp; când circulã în panta fațã de cel care urca, dacã pe sensul de mers al celui care urca se aflã un obstacol imobil. În aceastã situație manevra nu este consideratã depãșire în sensul prevederilor art. 120 lit. j);</p><p>f)&nbsp;&nbsp; când se pune în mișcare sau la pãtrunderea pe drumul public venind de pe o proprietate alãturatã acestuia fațã de vehiculul care circulã pe drumul public, indiferent de direcția de deplasare;</p><p><span style=""background-color:hsl(60, 75%, 60%);"">g)&nbsp;&nbsp; când efectueazã un viraj spre stânga sau spre dreapta și se intersecteazã cu un conducãtor de bicicletã sau trotinetã electricã care circulã pe o pistã pentru biciclete, semnalizatã ca atare;</span></p><p>h)&nbsp;&nbsp; pietonului care traverseazã drumul public, prin loc special amenajat, marcat și semnalizat corespunzãtor ori la culoarea verde a semaforului destinat lui, atunci când acesta se aflã pe sensul de mers al vehiculului.</p>


                    </div>","https://scoaladrpciv.ro/intrebari/categoria-b/indicatoare-si-marcaje"
"1790475979-498","https://scoaladrpciv.ro/intrebari/categoria-b","Unde veți parca vehiculul la întâlnirea acestui indicator?","A - pe direcția indicată, în parcarea special amenajată;","","","B - pe trotuar, perpendicular pe acesta;","C - pe trotuar, în lungul acestuia.","https://scoaladrpciv.ro/intrebare/unde-veti-parca-vehiculul-la-intalnirea-acestui-indicator-3cd6","https://scoaladrpciv.ro/storage/questions/518.jpeg","<div class="""">
                        


                    </div>","https://scoaladrpciv.ro/intrebari/categoria-b/indicatoare-si-marcaje"
"1790475981-499","https://scoaladrpciv.ro/intrebari/categoria-b","Ce semnifică indicatorul?","B - interval obligatoriu între autovehicule;","","","A - drum aglomerat;","C - distanță obligatorie de oprire.","https://scoaladrpciv.ro/intrebare/ce-semnifica-indicatorul-4c3a","https://scoaladrpciv.ro/storage/questions/517.jpeg","<div class="""">
                        <p>Se instalează pe sectorul de drum unde trebuie păstrată o distanţă minimă între autovehicule. Poate fi însoţit de un panou adiţional pe care este înscrisă lungimea sectorului de drum pe care se impune restricţia.</p>


                    </div>","https://scoaladrpciv.ro/intrebari/categoria-b/indicatoare-si-marcaje"
"1790475983-500","https://scoaladrpciv.ro/intrebari/categoria-b","Indicatorul pe care îl întâlniţi vă informează că urmează:","C - un loc special amenajat, unde puteţi face o pauză pentru odihnă.","","","A - o ieşire de pe autostradă;","B - o staţie de taxare pentru circulaţia pe autostrăzi;","https://scoaladrpciv.ro/intrebare/indicatorul-pe-care-il-intalniti-va-informeaza-ca-urmeaza-df34","https://scoaladrpciv.ro/storage/questions/510.jpeg","<div class="""">
                        


                    </div>","https://scoaladrpciv.ro/intrebari/categoria-b/indicatoare-si-marcaje"
"1790475985-501","https://scoaladrpciv.ro/intrebari/categoria-b","Marcajul longitudinal continuu, aplicat pe axul drumului, permite încălcarea lui:","C - nu, în nicio situaţie.","","","A - numai de către conducătorii de motociclete şi mopede;","B - numai de către vehiculele cu gabarit depăşit;","https://scoaladrpciv.ro/intrebare/marcajul-longitudinal-continuu-aplicat-pe-axul-drumului-permite-incalcarea-lui-6058","","<div class="""">
                        <p>Art. 77<br>(1) Administratorul drumului public este obligat să aplice marcaje cu linii continue sau discontinue, după caz, atât pentru separarea sensurilor şi benzilor de circulaţie, cât şi pentru delimitarea părţii carosabile.&nbsp;<br><span style=""background-color:hsl(60,75%,60%);"">(2) Marcajul longitudinal format dintr-o linie continuă simplă sau dublă interzice încălcarea acestuia.&nbsp;</span><br>(3) Marcajul format dintr-o linie continuă aplicată pe bordura trotuarului sau la marginea părţii carosabile interzice staţionarea vehiculelor pe acea parte a drumului. Când o asemenea linie însoţeşte un indicator de interzicere a staţionării, aceasta precizează lungimea sectorului de drum pe care este valabilă interzicerea.&nbsp;<br>(4) Marcajul longitudinal format din linii continue care delimitează banda pe care este aplicat şi un marcaj simbolizând o anumită categorie sau anumite categorii de vehicule semnifică faptul că banda este rezervată circulaţiei acelei sau acelor categorii de vehicule.</p>


                    </div>","https://scoaladrpciv.ro/intrebari/categoria-b/indicatoare-si-marcaje"
"1790475988-502","https://scoaladrpciv.ro/intrebari/categoria-b","Ce semnificație are indicatorul din imagine?","C - accesul interzis vehiculelor care transportă substanțe de natură să polueze apele.","","","A - trecere cu bacul peste o apă;","B - drum denivelat;","https://scoaladrpciv.ro/intrebare/ce-semnificatie-are-indicatorul-din-imagine-60eb","https://scoaladrpciv.ro/storage/questions/501.jpeg","<div class="""">
                        


                    </div>","https://scoaladrpciv.ro/intrebari/categoria-b/indicatoare-si-marcaje"
"1790475990-503","https://scoaladrpciv.ro/intrebari/categoria-b","Indicatorul vă avertizează că:","A - drumul se intersectează cu o trecere la nivel cu linii de tramvai;","","","B - urmează o staţie de tramvai prevăzută cu refugiu pentru pietoni;","C - urmează o trecere la nivel cu o cale ferată fără bariere sau semibariere, cu semnalizare automată.","https://scoaladrpciv.ro/intrebare/indicatorul-va-avertizeaza-ca-bd77","https://scoaladrpciv.ro/storage/questions/500.jpeg","<div class="""">
                        


                    </div>","https://scoaladrpciv.ro/intrebari/categoria-b/indicatoare-si-marcaje"
"1790475992-504","https://scoaladrpciv.ro/intrebari/categoria-b","În această situație opriți:","A - la linia transversală;","","","B - în dreptul semaforului;","C - pe trecerea pentru pietoni.","https://scoaladrpciv.ro/intrebare/in-aceasta-situatie-opriti-4725","https://scoaladrpciv.ro/storage/questions/498.jpeg","<div class="""">
                        <h4>Articolul 81</h4><p><span style=""background-color:hsl(60, 75%, 60%);"">(1)&nbsp;&nbsp; Marcajul transversal constând dintr-o linie continuã, aplicatã pe lãțimea uneia sau mai multor benzi, indicã linia înaintea cãreia vehiculul trebuie oprit la întâlnirea indicatorului ""Oprire"". Un asemenea marcaj poate fi folosit pentru a indicã linia de oprire impusã printr-un semnal luminos, printr-o comandã a agentului care dirijeazã circulația, de prezența unei treceri la nivel cu o cale feratã, cu o linie de tramvai sau a unei treceri pentru pietoni. Înaintea marcajului ce însoțește indicatorul ""Oprire"" se poate aplica pe partea carosabilã inscripția ""Stop"".</span></p><p>(2)&nbsp;&nbsp; Marcajul transversal constând dintr-o linie discontinuã, aplicatã pe lãțimea uneia sau mai multor benzi, indicã linia care nu trebuie depãșitã atunci când se impune cedarea trecerii. Înaintea unei asemenea linii se poate aplica pe partea carosabilã un marcaj sub forma de triunghi având o latura paralelã cu linia discontinuã, iar vârful îndreptat spre vehiculul care se apropie.</p><p>(3)&nbsp;&nbsp; Marcajul transversal constând din linii paralele cu axul drumului indicã locul pe unde pietonii trebuie sã traverseze drumul. Aceste linii au lãțimea mai mare decât a oricãror alte marcaje.</p><p>(4)&nbsp;&nbsp; Marcajul transversal constând din linii discontinue paralele, aplicate perpendicular sau oblic fațã de axul drumului, indicã locul destinat traversãrii pãrții carosabile de cãtre conducãtori de biciclete sau trotinete electrice.</p>


                    </div>","https://scoaladrpciv.ro/intrebari/categoria-b/indicatoare-si-marcaje"
"1790475995-505","https://scoaladrpciv.ro/intrebari/categoria-b","Care dintre indicatoare obligă la schimbarea direcției de mers pe prima stradă la dreapta?","B - indicatorul 2;","","","A - indicatorul 1;","C - ambele indicatoare.","https://scoaladrpciv.ro/intrebare/care-dintre-indicatoare-obliga-la-schimbarea-directiei-de-mers-pe-prima-strada-la-dreapta-b34f","https://scoaladrpciv.ro/storage/questions/495.jpeg","<div class="""">
                        <p>Indicatorul 1 - se amplasează înaintea unui obstacol aflat pe partea carosabilă, pe care conducătorul auto trebuie să îl ocolească prin dreapta.<br>Indicatorul 2 - <strong>obligă la schimbarea direcției de mers pe prima stradă la dreapta, după locul în care este instalat</strong></p>


                    </div>","https://scoaladrpciv.ro/intrebari/categoria-b/indicatoare-si-marcaje"
"1790475997-506","https://scoaladrpciv.ro/intrebari/categoria-b","Ce vehicule aveți permisiunea de a depăși în situația dată?","A - vehiculele cu tracțiune animală, bicicletele și motocicletele fără ataș;","","","B - autoturismele, motocicletele fără ataș și vehiculele cu tracțiune animală;","C - autovehiculele, cu excepția motocicletelor fără ataș.","https://scoaladrpciv.ro/intrebare/ce-vehicule-aveti-permisiunea-de-a-depasi-in-situatia-data-f06b","https://scoaladrpciv.ro/storage/questions/494.jpeg","<div class="""">
                        <p>Conducătorul auto care întâlnește acest indicator nu are voie să depășească niciun vehicul cu motor, cu excepția motocicletelor fără ataș, însă are voie să depășească vehicule simple (biciclete, vehicule cu tracțiune animală, vehicule împinse sau trase cu mână).<br>Raza de acțiune a indicatorului se termină la întâlnirea indicatorului ""Sfârșitul interzicerii de a depăși"" sau ""Sfârșitul tuturor restricțiilor"", dacă pe acel sector de drum a mai fost stabilită vre-o restricție. De asemenea, zona de acțiune a indicatorului mai poate fi limitată și de colțul primei intersecții pe sensul de mers (unde îi încetează practic acțiunea). În zona să de acțiune este interzisă și oprirea (deci și staționarea, întoarcerea și mersul înapoi).</p>


                    </div>","https://scoaladrpciv.ro/intrebari/categoria-b/indicatoare-si-marcaje"
"1790475999-507","https://scoaladrpciv.ro/intrebari/categoria-b","Indicatorul din imagine semnifică:","A - „Circulație în ambele sensuri“;","","","B - „Circulația interzisă în ambele sensuri“;","C - „Prioritate pentru circulația din sens invers“.","https://scoaladrpciv.ro/intrebare/indicatorul-din-imagine-semnifica-2d56","https://scoaladrpciv.ro/storage/questions/493.jpeg","<div class="""">
                        <p>Este întâlnit la ieşirea de pe un drum public cu sens unic. Are rolul de a atenţiona conducătorul auto că pe sectorul de drum următor se va circula în ambele sensuri.</p>


                    </div>","https://scoaladrpciv.ro/intrebari/categoria-b/indicatoare-si-marcaje"
"1790476001-508","https://scoaladrpciv.ro/intrebari/categoria-b","Care dintre indicatoare anunță sfârșitul drumului cu prioritate?","C - indicatorul 1.","","","A - niciunul;","B - ambele;","https://scoaladrpciv.ro/intrebare/care-dintre-indicatoare-anunta-sfarsitul-drumului-cu-prioritate-edd9","https://scoaladrpciv.ro/storage/questions/479.jpeg","<div class="""">
                        <p>Indicatoul 1 - sfârșitul drumului cu prioritate<br>Indicatorul 2 - sfârșitul tuturor restricțiilor</p>


                    </div>","https://scoaladrpciv.ro/intrebari/categoria-b/indicatoare-si-marcaje"
"1790476004-509","https://scoaladrpciv.ro/intrebari/categoria-b","Care dintre cele două indicatoare obligă la schimbarea direcției de mers spre dreapta, după depășirea locului unde este instalat?","A - indicatorul 2;","","","B - indicatorul 1;","C - ambele indicatoare.","https://scoaladrpciv.ro/intrebare/care-dintre-cele-doua-indicatoare-obliga-la-schimbarea-directiei-de-mers-spre-dreapta-dupa-depasirea-locului-unde-este-instalat-5417","https://scoaladrpciv.ro/storage/questions/467.jpeg","<div class="""">
                        <p>Indicatorul 1 obligă la schimbarea direcției de mers spre dreapta <strong>înaintea</strong> locului în care este instalat.<br>Indicatorul 2 obligă la schimbarea direcției de mers spre dreapta <strong>după</strong> locul in care este instalat.</p>


                    </div>","https://scoaladrpciv.ro/intrebari/categoria-b/indicatoare-si-marcaje"
"1790476006-510","https://scoaladrpciv.ro/intrebari/categoria-b","Sfârșitul zonei în care oprirea a fost interzisă este anunțată de:","C - indicatorul 2, însoțit de panoul adițional.","","","A - ambele indicatoare;","B - indicatorul 1;","https://scoaladrpciv.ro/intrebare/sfarsitul-zonei-in-care-oprirea-a-fost-interzisa-este-anuntata-de-9bda","https://scoaladrpciv.ro/storage/questions/466.jpeg","<div class="""">
                        <p>Indicatorul 2, ""Oprirea interzisă"", însoțit de panoul adițional respectiv, marcheaza sfârșitul zonei de interdicție a opririi.</p>


                    </div>","https://scoaladrpciv.ro/intrebari/categoria-b/indicatoare-si-marcaje"
"1790476008-511","https://scoaladrpciv.ro/intrebari/categoria-b","Marcajul aplicat pe marginea din dreapta a părţii carosabile, format dintr-o linie în zig-zag, semnifică:","A - interzicerea staţionării;","","","B - interzicerea opririi;","C - alte pericole.","https://scoaladrpciv.ro/intrebare/marcajul-aplicat-pe-marginea-din-dreapta-a-partii-carosabile-format-dintr-o-linie-in-zig-zag-semnifica-17f1","","<div class="""">
                        <h4>Articolul 83</h4><p>(1)&nbsp;&nbsp; Marcajele, cum sunt: sãgețile, inscripțiile, liniile paralele sau oblice, pot fi folosite pentru a repeta semnificația indicatoarelor sau pentru a da participanților la trafic indicații care nu le pot fi furnizate, în mod adecvat, prin indicatoare.</p><p>(2)&nbsp;&nbsp; Marcajul sub forma unei sau unor sãgeți, aplicat pe banda ori pe benzile delimitate prin linii continue, obliga la urmarea direcției sau direcțiilor astfel indicate. Sãgeata de repliere care este oblicã fațã de axul drumului, aplicatã pe o bandã sau intercalatã într-un marcaj longitudinal format din linii discontinue, semnalizeazã obligația ca vehiculul care nu se aflã pe bandã indicatã de sãgeata sã fie condus pe acea bandã.</p><p><span style=""background-color:hsl(60, 75%, 60%);"">(3)&nbsp;&nbsp; Marcajul format dintr-o linie în zig-zag semnificã interzicerea staționãrii vehiculelor pe partea drumului pe care este aplicat. O astfel de linie completatã cu înscrisul ""Bus"" sau ""Taxi"" poate fi folositã pentru semnalizarea stațiilor de autobuze și troleibuze, respectiv de taximetre.</span></p><p>(4)&nbsp;&nbsp; Marcajul aplicat în afara benzilor, format din linii paralele, înconjurate sau nu cu o linie de contur, delimiteazã spațiul interzis circulației.</p><p>(5)&nbsp;&nbsp; Marcajele se pot aplica și pe ziduri de sprijin, parapete de protecție sau alte amenajãri rutiere laterale drumului, pentru a le face mai vizibile conducãtorilor de vehicule.</p><p>(6)&nbsp;&nbsp; Marcajele sunt de regula de culoare albã, cu excepția celor ce se aplicã pe elementele laterale drumului, care sunt de culoare albã, neagrã sau galbenã și neagrã, precum și a celor provizorii, folosite la organizarea circulației în zona lucrãrilor, care sunt de culoare galbenã. În zonele periculoase sau unde staționarea vehiculelor este limitatã în timp, marcajele pot fi și de alte culori.</p>


                    </div>","https://scoaladrpciv.ro/intrebari/categoria-b/indicatoare-si-marcaje"
"1790476011-512","https://scoaladrpciv.ro/intrebari/categoria-b","Puteţi trece cu autovehiculul peste o linie continuă dacă:","A - linia continuă este însoţită de una discontinuă, iar aceasta din urmă este mai apropiată de sensul dvs. de deplasare;","","","B - aceasta este aplicată pe drumuri cu mai mult de o bandă pe sensul de mers;","C - aceasta separă sensurile de circulaţie.","https://scoaladrpciv.ro/intrebare/puteti-trece-cu-autovehiculul-peste-o-linie-continua-daca-016b","","<div class="""">
                        <h4>Articolul 79</h4><p>(1)&nbsp;&nbsp; Marcajul cu linie discontinuã poate fi simplu sau dublu și se folosește în urmãtoarele situații:</p><p>a) marcajul cu linie discontinuã simplã:</p><ul style=""list-style-type:circle;""><li>1.&nbsp;&nbsp; pentru separarea sensurilor de circulație, pe drumurile cu douã benzi și circulație în ambele sensuri;</li><li>&nbsp;2.&nbsp;&nbsp; pentru separarea benzilor de circulație pe același sens, pe drumurile cu cel puțin douã benzi pe sens;</li><li>&nbsp;3.&nbsp;&nbsp; pentru marcarea trecerii de la o linie discontinuã la una continuã. În localitãți acest marcaj nu este obligatoriu;</li><li>&nbsp;4.&nbsp;&nbsp; pentru a separa, pe autostrãzi, benzile de accelerare sau de decelerare de benzile curente de circulație;</li><li>&nbsp;5.&nbsp;&nbsp; pentru marcaje de ghidare în intersecții;</li></ul><p>&nbsp;b)&nbsp;&nbsp; marcajul cu linie discontinuã dublã, pentru delimitarea benzilor reversibile. Pe asemenea benzi marcajul este însoțit de dispozitive luminoase speciale prevãzute la art. 56.</p><p>&nbsp;(2) Linia continuã se folosește în urmãtoarele situații:</p><ul style=""list-style-type:circle;""><li>&nbsp;a)&nbsp;&nbsp; linia continuã simplã, pentru separarea sensurilor de circulație, a benzilor de același sens la apropierea de intersecții și în zone periculoase;</li><li>&nbsp;b)&nbsp;&nbsp; linia continuã dublã, pentru separarea sensurilor de circulație cu minimum douã benzi pe fiecare sens, precum și la drumuri cu o bandã pe sens sau în alte situații stabilite de administratorul drumului respectiv, cu acordul poliției rutiere.</li></ul><p><span style=""background-color:hsl(60, 75%, 60%);"">&nbsp;(3)&nbsp;&nbsp; În cazul marcajului longitudinal format dintr-o linie continuã și una discontinuã alãturate, conducãtorul de vehicul trebuie sã respecte semnificația liniei celei mai apropiate în sensul de mers.</span></p><p>&nbsp;(4)&nbsp;&nbsp; Pe drumurile cu circulație în ambele sensuri prevãzute cu o singurã bandã pe sens, pe distanța cuprinsã între indicatoarele de avertizare ""Copii"", aferente celor douã sensuri, marcajul de separare a sensurilor se executã cu linie continuã.</p>


                    </div>","https://scoaladrpciv.ro/intrebari/categoria-b/indicatoare-si-marcaje"
"1790476013-513","https://scoaladrpciv.ro/intrebari/categoria-b","Ce obligaţii aveți la întâlnirea indicatorului „Animale“?","B - circulaţi cu atenţie şi, dacă se impune, reduceţi viteza;","","","A - să reduceţi viteza numai la semnalul celor care însoţesc animale;","C - nu aveţi nicio obligaţie, deoarece indicatorul se adresează persoanelor care însoţesc animale.","https://scoaladrpciv.ro/intrebare/ce-obligatii-aveti-la-intalnirea-indicatorului-animale-7be2","","<div class="""">
                        <p>Indicatorul ""Animale"" se amplasează la 100-200 m de sectorul de drum periculos, unde există riscul ca animalele să traverseze sau să circule pe drumul public. La întâlnirea acestui indicator, conducătorul auto este obligat să <strong>reducă viteza și să circule cu atenție sporită</strong>. La trecerea pe lângă animale care sunt conduse pe partea carosabila sau pe acostament, conducătorul auto este obligat să reducă viteza la max. 30 km/h în localitate și max. 50 km/h în afara localității.</p>


                    </div>","https://scoaladrpciv.ro/intrebari/categoria-b/indicatoare-si-marcaje"
"1790476015-514","https://scoaladrpciv.ro/intrebari/categoria-b","Cum procedați la întâlnirea panoului și a indicatorului?","A - opriți, vă asigurați și acordați prioritate tuturor vehiculelor;","","","B - acordați prioritate vehiculelor care circulă din stânga;","C - acordați prioritate numai vehiculelor de transport public de persoane.","https://scoaladrpciv.ro/intrebare/cum-procedati-la-intalnirea-panoului-si-a-indicatorului-5b32","https://scoaladrpciv.ro/storage/questions/449.jpeg","<div class="""">
                        <p>Conducatorul de vehicul care întalnește indicatorul STOP este obligat să oprească în locul cu vizibilitate maximă, fără a depăși colțul intersecției, și să acorde prioritate tuturor vehiculelor care circulă pe drumul prioritar. Panoul adițional indică drumul prioritar. Pe lângă acordarea priorității vehiculelor aflate pe drumul prioritar, va trebui să acordăm și prioritate de dreapta vehiculelor care vin din partea dreaptă.</p>


                    </div>","https://scoaladrpciv.ro/intrebari/categoria-b/indicatoare-si-marcaje"
"1790476017-515","https://scoaladrpciv.ro/intrebari/categoria-b","Indicatorul precizează:","C - pe banda din stânga, pot circula cei care se deplasează cel puţin cu viteza menţionată.","","","A - pe banda din stânga, vehiculele vor circula cu cel mult viteza indicată;","B - pe banda din dreapta, se poate circula fără restricţie de viteză;","https://scoaladrpciv.ro/intrebare/indicatorul-precizeaza-f468","https://scoaladrpciv.ro/storage/questions/444.jpeg","<div class="""">
                        <p>Vehiculele care se deplasează cu viteze mai mici de 50 km/h vor circula pe prima bandă, pe banda a doua este obligatorie deplasarea cu o viteza mai mare de 50 km/h.<br>&nbsp;</p>


                    </div>","https://scoaladrpciv.ro/intrebari/categoria-b/indicatoare-si-marcaje"
"1790476020-516","https://scoaladrpciv.ro/intrebari/categoria-b","Ce obligaţii aveţi la întâlnirea indicatorului?","A - să circulaţi cu atenţie mărită, pentru a evita pericolele asupra cărora sunteţi avertizat;","","","B - să circulaţi cu viteză redusă, deoarece urmează o intersecţie periculoasă;","C - să circulaţi cu lanţuri antiderapante, în condiţii meteo nefavorabile.","https://scoaladrpciv.ro/intrebare/ce-obligatii-aveti-la-intalnirea-indicatorului-cde5","https://scoaladrpciv.ro/storage/questions/442.jpeg","<div class="""">
                        


                    </div>","https://scoaladrpciv.ro/intrebari/categoria-b/indicatoare-si-marcaje"
"1790476022-517","https://scoaladrpciv.ro/intrebari/categoria-b","La întâlnirea cărui indicator conducătorul auto nu are prioritate de trecere?","A - „Prioritate pentru circulaţia din sens invers”;","","","B - „Prioritate faţă de circulaţia din sens invers”;","C - „Drum cu prioritate”.","https://scoaladrpciv.ro/intrebare/la-intalnirea-carui-indicator-conducatorul-auto-nu-are-prioritate-de-trecere-951b","","<div class="""">
                        Circulând în sensul săgeții roșii, conducătorul auto pierde prioritatea de trecere față de toate vehiculele care vor circula din sens opus. Toate manevrele fiind interzise.


                    </div>","https://scoaladrpciv.ro/intrebari/categoria-b/indicatoare-si-marcaje"
"1790476024-518","https://scoaladrpciv.ro/intrebari/categoria-b","Puteţi depăşi în această situaţie, dacă vă aflaţi la volanul autoturismului?","B - da, manevra este regulamentară;","","","A - nu, deoarece treceţi de axul drumului;","C - nu, deoarece marcajul orizontal interzice manevra.","https://scoaladrpciv.ro/intrebare/puteti-depasi-in-aceasta-situatie-daca-va-aflati-la-volanul-autoturismului-af6e","https://scoaladrpciv.ro/storage/questions/424.jpeg","<div class="""">
                        <h4>Articolul 79</h4><p>(1)&nbsp;&nbsp; Marcajul cu linie discontinuã poate fi simplu sau dublu și se folosește în urmãtoarele situații:</p><p>a) marcajul cu linie discontinuã simplã:</p><ul style=""list-style-type:circle;""><li>1.&nbsp;&nbsp; pentru separarea sensurilor de circulație, pe drumurile cu douã benzi și circulație în ambele sensuri;</li><li>&nbsp;2.&nbsp;&nbsp; pentru separarea benzilor de circulație pe același sens, pe drumurile cu cel puțin douã benzi pe sens;</li><li>&nbsp;3.&nbsp;&nbsp; pentru marcarea trecerii de la o linie discontinuã la una continuã. În localitãți acest marcaj nu este obligatoriu;</li><li>&nbsp;4.&nbsp;&nbsp; pentru a separa, pe autostrãzi, benzile de accelerare sau de decelerare de benzile curente de circulație;</li><li>&nbsp;5.&nbsp;&nbsp; pentru marcaje de ghidare în intersecții;</li></ul><p>&nbsp;b)&nbsp;&nbsp; marcajul cu linie discontinuã dublã, pentru delimitarea benzilor reversibile. Pe asemenea benzi marcajul este însoțit de dispozitive luminoase speciale prevãzute la art. 56.</p><p>&nbsp;(2) Linia continuã se folosește în urmãtoarele situații:</p><ul style=""list-style-type:circle;""><li>&nbsp;a)&nbsp;&nbsp; linia continuã simplã, pentru separarea sensurilor de circulație, a benzilor de același sens la apropierea de intersecții și în zone periculoase;</li><li>&nbsp;b)&nbsp;&nbsp; linia continuã dublã, pentru separarea sensurilor de circulație cu minimum douã benzi pe fiecare sens, precum și la drumuri cu o bandã pe sens sau în alte situații stabilite de administratorul drumului respectiv, cu acordul poliției rutiere.</li></ul><p><span style=""background-color:hsl(60,75%,60%);"">&nbsp;(3)&nbsp;&nbsp; În cazul marcajului longitudinal format dintr-o linie continuã și una discontinuã alãturate, conducãtorul de vehicul trebuie sã respecte semnificația liniei celei mai apropiate în sensul de mers.</span></p><p>&nbsp;(4)&nbsp;&nbsp; Pe drumurile cu circulație în ambele sensuri prevãzute cu o singurã bandã pe sens, pe distanța cuprinsã între indicatoarele de avertizare ""Copii"", aferente celor douã sensuri, marcajul de separare a sensurilor se executã cu linie continuã.</p>


                    </div>","https://scoaladrpciv.ro/intrebari/categoria-b/indicatoare-si-marcaje"
"1790476027-519","https://scoaladrpciv.ro/intrebari/categoria-b","Acest indicator vă avertizează că urmează:","A - alte pericole;","","","B - un drum fără marcaje;","C - un drum cu marcaje.","https://scoaladrpciv.ro/intrebare/acest-indicator-va-avertizeaza-ca-urmeaza-c6c8","https://scoaladrpciv.ro/storage/questions/420.jpeg","<div class="""">
                        


                    </div>","https://scoaladrpciv.ro/intrebari/categoria-b/indicatoare-si-marcaje"
"1790476029-520","https://scoaladrpciv.ro/intrebari/categoria-b","Indicatorul vă obligă:","A - să circulaţi înainte sau la dreapta în prima intersecţie;","","","B - să viraţi la stânga, deoarece accesul în celelalte direcţii este interzis;","C - să urmaţi traseul ocolitor, presemnalizat la dreapta.","https://scoaladrpciv.ro/intrebare/indicatorul-va-obliga-624d","https://scoaladrpciv.ro/storage/questions/419.jpeg","<div class="""">
                        <p>Indicatorul rutier îi obligă pe conducătorii auto să circule în prima intersecție pe direcția înainte sau la dreapta. Conducătorilor auto le este interzisă manevra de întoarcere și virajul la stânga.</p>


                    </div>","https://scoaladrpciv.ro/intrebari/categoria-b/indicatoare-si-marcaje"
"1790476031-521","https://scoaladrpciv.ro/intrebari/categoria-b","Vă este permisă trecerea peste marcajul longitudinal din imagine?","A - da, deoarece linia discontinuă este cea mai apropiată de vehiculul pe care îl conduceți;","","","B - nu, deoarece este un marcaj dublu;","C - nu, deoarece în acest caz depășirea este interzisă.","https://scoaladrpciv.ro/intrebare/va-este-permisa-trecerea-peste-marcajul-longitudinal-din-imagine-4acf","https://scoaladrpciv.ro/storage/questions/399.jpeg","<div class="""">
                        <p>Art. 79<br>(1) Marcajul cu linie discontinuă poate fi simplu sau dublu şi se foloseşte în următoarele situaţii:<br>a) marcajul cu linie discontinuă simplă:<br>1. pentru separarea sensurilor de circulaţie, pe drumurile cu două benzi şi circulaţie în ambele sensuri;<br>2. pentru separarea benzilor de circulaţie pe acelaşi sens, pe drumurile cu cel puţin două benzi pe sens;<br>3. pentru marcarea trecerii de la o linie discontinuă la una continuă. În localităţi acest marcaj nu este obligatoriu;<br>4. pentru a separa, pe autostrăzi, benzile de accelerare sau de decelerare de benzile curente de circulaţie;<br>5. pentru marcaje de ghidare în intersecţii;<br>b) marcajul cu linie discontinuă dublă, pentru delimitarea benzilor reversibile. Pe asemenea benzi marcajul este însoţit de dispozitive luminoase speciale prevăzute la art. 56.&nbsp;<br>(2) Linia continuă se foloseşte în următoarele situaţii:<br>a) linia continuă simplă, pentru separarea sensurilor de circulaţie, a benzilor de acelaşi sens la apropierea de intersecţii şi în zone periculoase;<br>b) linia continuă dublă, pentru separarea sensurilor de circulaţie cu minimum două benzi pe fiecare sens, precum şi la drumuri cu o bandă pe sens sau în alte situaţii stabilite de administratorul drumului respectiv, cu acordul poliţiei rutiere.&nbsp;<br><span style=""background-color:hsl(60, 75%, 60%);"">(3) În cazul marcajului longitudinal format dintr-o linie continuă şi una discontinuă alăturate, conducătorul de vehicul trebuie să respecte semnificaţia liniei celei mai apropiate în sensul de mers.&nbsp;</span><br>(4) Pe drumurile cu circulaţie în ambele sensuri prevăzute cu o singură bandă pe sens, pe distanţa cuprinsă între indicatoarele de avertizare „Copii“, aferente celor două sensuri, marcajul de separare a sensurilor se execută cu linie continuă.</p>


                    </div>","https://scoaladrpciv.ro/intrebari/categoria-b/indicatoare-si-marcaje"
