web_scraper_order,web_scraper_start_url,data,raspuns_corect_1,raspuns_corect_2,raspuns_corect_3,raspuns_1,raspuns_2,data3,image,explicatie,categorii
"1790501869-1","https://scoaladrpciv.ro/intrebari/categoria-a","Pentru a conduce ecologic un autovehicul, este necesar:","A - să verificați o dată pe lună, la rece, presiunea din pneuri;","B - să schimbați între ele pneurile, la aproximativ 10 000 km;","","C - să înlocuiți pneurile la fiecare 1000 km.","","https://scoaladrpciv.ro/intrebare/pentru-a-conduce-ecologic-un-autovehicul-este-necesar-64c3","","","https://scoaladrpciv.ro/intrebari/categoria-a/conducerea-ecologica"
"1790501871-2","https://scoaladrpciv.ro/intrebari/categoria-a","Cum este indicat să demarați, astfel încât să reduceți consumul de carburant?","A - folosiți ultima treaptă de viteză atunci când este posibil, chiar și când circulați prin localități;","B - schimbați cât mai repede vitezele până ajungeți la treapta de viteză optimă;","","C - circulați cu treptele de viteză inferioare pentru a nu forța motorul, obținând astfel o putere mai mare.","","https://scoaladrpciv.ro/intrebare/cum-este-indicat-sa-demarati-astfel-incat-sa-reduceti-consumul-de-carburant-a3d2","","","https://scoaladrpciv.ro/intrebari/categoria-a/conducerea-ecologica"
"1790501874-3","https://scoaladrpciv.ro/intrebari/categoria-a","Ce se înţelege prin conducere ecologică a unui autovehicul?","C - un ansamblu de măsuri prin care se realizează economie de energie şi protecţia mediului.","","","A - obligaţia de a folosi în permanenţă carburant biodegradabil;","B - deplasări urbane cu bicicleta, pe jos sau cu alte mijloace care nu poluează atmosfera;","https://scoaladrpciv.ro/intrebare/ce-se-intelege-prin-conducere-ecologica-a-unui-autovehicul-9e0b","","<div class="""">
                        


                    </div>","https://scoaladrpciv.ro/intrebari/categoria-a/conducerea-ecologica"
"1790501877-4","https://scoaladrpciv.ro/intrebari/categoria-a","Cum trebuie să conduceţi, astfel încât să reduceţi poluarea?","B - porniţi motorul fără să acţionaţi pedala de acceleraţie şi demaraţi fără să staţionaţi aşteptând încălzirea motorului;","","","A - porniţi motorul acţionând pedala de acceleraţie la un sfert din cursă şi aşteptaţi ca acesta să se încălzească, pentru a reduce ulterior consumul de carburant;","C - apăsaţi până la capăt pedala de acceleraţie, porniţi motorul şi demaraţi cu o viteză cât mai mare.","https://scoaladrpciv.ro/intrebare/cum-trebuie-sa-conduceti-astfel-incat-sa-reduceti-poluarea-ee28","","<div class="""">
                        


                    </div>","https://scoaladrpciv.ro/intrebari/categoria-a/conducerea-ecologica"
"1790501879-5","https://scoaladrpciv.ro/intrebari/categoria-a","Conduita ecologică în conducerea unei motociclete înseamnă:","C - să fiţi calm şi să anticipaţi situaţiile astfel încât să evitaţi accelerarea şi frânarea bruscă.","","","A - să nu poluaţi fonic mediul înconjurător, folosind sistemul de sonorizare la putere maximă;","B - să întreţineţi în permanenţă autovehiculul curat, prin spălare şi degresare zilnică;","https://scoaladrpciv.ro/intrebare/conduita-ecologica-in-conducerea-unei-motociclete-inseamna-bab9","","<div class="""">
                        


                    </div>","https://scoaladrpciv.ro/intrebari/categoria-a/conducerea-ecologica"
"1790501882-6","https://scoaladrpciv.ro/intrebari/categoria-a","Când se recomandă să opriţi motorul pentru a reduce consumul de combustibil?","A - în cazul unei opriri lungi la o trecere la nivel cu calea ferată;","B - la culoarea roşie a unui semafor care, de regulă, durează foarte mult;","","C - la semnalul poliţistului rutier făcut în acest sens.","","https://scoaladrpciv.ro/intrebare/cand-se-recomanda-sa-opriti-motorul-pentru-a-reduce-consumul-de-combustibil-8270","","<div class="""">
                        


                    </div>","https://scoaladrpciv.ro/intrebari/categoria-a/conducerea-ecologica"
"1790501886-7","https://scoaladrpciv.ro/intrebari/categoria-a","Pentru a conduce ecologic un autovehicul, se recomandă:","B - menţinerea unei viteze constante, de preferinţă medie;","","","A - folosirea motorului la relanti, în cazul în care staţionaţi mai mult timp în acelaşi loc;","C - oprirea motorului în timp ce coborâţi o pantă, pentru a economisi carburant.","https://scoaladrpciv.ro/intrebare/pentru-a-conduce-ecologic-un-autovehicul-se-recomanda-4d59","","<div class="""">
                        


                    </div>","https://scoaladrpciv.ro/intrebari/categoria-a/conducerea-ecologica"
"1790501889-8","https://scoaladrpciv.ro/intrebari/categoria-a","Comportamentul ecologic în conducerea unui autovehiculul presupune:","A - planificarea traseului pentru a economisi timp şi combustibil;","B - evitarea zonelor cu circulaţie densă, cu lucrări pe carosabil sau cu teren accidentat;","","C - viteză şi acceleraţie mai mari, pentru a scurta timpul de deplasare.","","https://scoaladrpciv.ro/intrebare/comportamentul-ecologic-in-conducerea-unui-autovehiculul-presupune-6d7d","","<div class="""">
                        


                    </div>","https://scoaladrpciv.ro/intrebari/categoria-a/conducerea-ecologica"
"1790501892-9","https://scoaladrpciv.ro/intrebari/categoria-a","Principala cauză a exploziilor de pneuri în timpul mersului este:","A - umflarea insuficientă a acestora;","","","B - modelul profilului;","C - uzura moderată.","https://scoaladrpciv.ro/intrebare/principala-cauza-a-exploziilor-de-pneuri-in-timpul-mersului-este-a885","","<div class="""">
                        <p>Umflarea insuficienta a pneurilor determina deformarea anvelopei in timpul mersului ceea ce duce la uzura si incalzirea excesiva al peretilor acesteia ceea ce ridica riscul de explozie .</p>


                    </div>","https://scoaladrpciv.ro/intrebari/categoria-a/conducerea-ecologica"
"1790501894-10","https://scoaladrpciv.ro/intrebari/categoria-a","În care dintre situaţii consumul de carburant al unui motor creşte?","A - atunci când motorul nu atinge temperatura de funcţionare;","B - atunci când fumul de eşapament este de culoare neagră;","C - atunci când motorul funcţionează cu întreruperi.","","","https://scoaladrpciv.ro/intrebare/in-care-dintre-situatii-consumul-de-carburant-al-unui-motor-creste-2383","","<div class="""">
                        


                    </div>","https://scoaladrpciv.ro/intrebari/categoria-a/conducerea-ecologica"
"1790501899-11","https://scoaladrpciv.ro/intrebari/categoria-a","O persoană grav rănită, victima unui accident de circulaţie, va fi ridicată:","C - cu atenţie, menţinându-se în acelaşi plan capul, gâtul şi toracele.","","","A - mai întâi de cap, apoi de torace şi picioare;","B - de umeri şi de picioare de către două persoane;","https://scoaladrpciv.ro/intrebare/o-persoana-grav-ranita-victima-unui-accident-de-circulatie-va-fi-ridicata-6029","","<div class="""">
                        


                    </div>","https://scoaladrpciv.ro/intrebari/categoria-a/masuri-de-prim-ajutor"
"1790501901-12","https://scoaladrpciv.ro/intrebari/categoria-a","Când gura unui rănit rămâne încleştată, respiraţia artificială se poate face:","B - prin nările victimei;","","","A - prin gura închisă a victimei;","C - în acest caz nu se mai face respiraţie artificială.","https://scoaladrpciv.ro/intrebare/cand-gura-unui-ranit-ramane-inclestata-respiratia-artificiala-se-poate-face-a525","","<div class="""">
                        


                    </div>","https://scoaladrpciv.ro/intrebari/categoria-a/masuri-de-prim-ajutor"
"1790501904-13","https://scoaladrpciv.ro/intrebari/categoria-a","Oprirea hemoragiei se face prin legarea strânsă a braţului:","B - deasupra rănii;","","","A - în dreptul rănii;","C - sub rană.","https://scoaladrpciv.ro/intrebare/oprirea-hemoragiei-se-face-prin-legarea-stransa-a-bratului-a5f7","","<div class="""">
                        


                    </div>","https://scoaladrpciv.ro/intrebari/categoria-a/masuri-de-prim-ajutor"
"1790501907-14","https://scoaladrpciv.ro/intrebari/categoria-a","Cum trebuie aşezată într-un mijloc de transport o persoană rănită, care prezintă leziuni ale coloanei vertebrale?","C - persoana nu trebuie mişcată până la sosirea ambulanţei.","","","A - în poziţie şezândă;","B - orizontal, cu faţa în sus;","https://scoaladrpciv.ro/intrebare/cum-trebuie-asezata-intr-un-mijloc-de-transport-o-persoana-ranita-care-prezinta-leziuni-ale-coloanei-vertebrale-3398","","<div class="""">
                        


                    </div>","https://scoaladrpciv.ro/intrebari/categoria-a/masuri-de-prim-ajutor"
"1790501910-15","https://scoaladrpciv.ro/intrebari/categoria-a","Ce tip de hemoragie este mai periculoasă?","B - cea care determină o pierdere rapidă a sângelui;","","","A - cea care determină o sângerare lentă şi continuă;","C - orice mică sângerare vizibilă.","https://scoaladrpciv.ro/intrebare/ce-tip-de-hemoragie-este-mai-periculoasa-fd97","","<div class="""">
                        


                    </div>","https://scoaladrpciv.ro/intrebari/categoria-a/masuri-de-prim-ajutor"
"1790501913-16","https://scoaladrpciv.ro/intrebari/categoria-a","În rănile cu hemoragie se va avea în vedere, în faza iniţială:","C - oprirea hemoragiei.","","","A - curăţarea şi pansarea rănii;","B - pansarea rănii;","https://scoaladrpciv.ro/intrebare/in-ranile-cu-hemoragie-se-va-avea-in-vedere-in-faza-initiala-b163","","<div class="""">
                        


                    </div>","https://scoaladrpciv.ro/intrebari/categoria-a/masuri-de-prim-ajutor"
"1790501916-17","https://scoaladrpciv.ro/intrebari/categoria-a","Persoanele accidentate, cu arsuri multiple pe corp şi membre, trebuie să fie:","B - transportate urgent la o unitate medicală;","","","A - dezbrăcate rapid de haine, după stingerea flăcărilor;","C - spălate, bandajate şi apoi transportate la cea mai apropiată unitate sanitară.","https://scoaladrpciv.ro/intrebare/persoanele-accidentate-cu-arsuri-multiple-pe-corp-si-membre-trebuie-sa-fie-f583","","<div class="""">
                        


                    </div>","https://scoaladrpciv.ro/intrebari/categoria-a/masuri-de-prim-ajutor"
"1790501918-18","https://scoaladrpciv.ro/intrebari/categoria-a","În cazul unui accident de circulaţie cu victime şi cu deformarea accentuată a caroseriei sau a blocării uşilor, ocupanţii vehiculelor pot fi imobilizaţi. Cum se acţionează în astfel de situaţii?","B - se apelează la serviciile specializate ale unităţilor pentru situaţii de urgenţă, care intervin cu utilaje de descarcerare;","","","A - se extrag victimele rapid şi ferm;","C - se cere ajutorul celor din jur şi se scot rapid victimele dintre fiarele contorsionate.","https://scoaladrpciv.ro/intrebare/in-cazul-unui-accident-de-circulatie-cu-victime-si-cu-deformarea-accentuata-a-caroseriei-sau-a-blocarii-usilor-ocupantii-vehiculelor-pot-fi-imobilizati-cum-se-actioneaza-in-astfel-de-situatii-1888","","<div class="""">
                        


                    </div>","https://scoaladrpciv.ro/intrebari/categoria-a/masuri-de-prim-ajutor"
"1790501920-19","https://scoaladrpciv.ro/intrebari/categoria-a","Transportarea victimelor la spital se poate realiza cu:","A - o ambulanţă special dotată în acest sens;","B - o ambulanţă însoţită de un medic;","C - vehiculul care a provocat accidentul, dacă starea victimei permite acest lucru.","","","https://scoaladrpciv.ro/intrebare/transportarea-victimelor-la-spital-se-poate-realiza-cu-48eb","","<div class="""">
                        <p>Transportarea victimelor la spital se face cu o ambulanţă special dotată în acest sens, cu sau fără medic. Dacă, în lipsa altor mijloace de transport și dacă starea victimei permite, conducătorul vehiculului transportă el însuşi, cu vehiculul care a provocat accidentul, persoanele rănite la cel mai apropiat spital.<br><br><span style=""background-color:hsl(60,75%,60%);"">Pentru varianta C se aplica Codul Penal, Articolul 338, al 3. lit b.</span><br><br><span style=""color:rgb(34,34,34);""><strong>(3)</strong></span><span style=""color:rgb(68,68,68);""> Nu constituie infracţiune părăsirea locului accidentului când:</span></p><ul><li>a) în urma accidentului s-au produs doar pagube materiale;</li><li><span style=""background-color:hsl(60,75%,60%);"">b) conducătorul vehiculului, în lipsa altor mijloace de transport, transportă el însuşi persoanele rănite la cea mai apropiată unitate sanitară în măsură să acorde asistenţă medicală necesară şi la care a declarat datele personale de identitate şi numărul de înmatriculare sau înregistrare a vehiculului condus, consemnate într-un registru special, dacă se înapoiază imediat la locul accidentului;</span></li><li>c) conducătorul autovehiculului cu regim de circulaţie prioritară anunţă de îndată poliţia, iar după terminarea misiunii se prezintă la sediul unităţii de poliţie pe a cărei rază de competenţă s-a produs accidentul, în vederea întocmirii documentelor de constatare;</li><li>d) victima părăseşte locul faptei, iar conducătorul de vehicul anunţă imediat evenimentul la cea mai apropiată unitate de poliţie.</li></ul>


                    </div>","https://scoaladrpciv.ro/intrebari/categoria-a/masuri-de-prim-ajutor"
"1790501923-20","https://scoaladrpciv.ro/intrebari/categoria-a","Substanţele antiseptice se folosesc pentru:","A - dezinfectarea rănilor;","","","B - calmarea durerilor;","C - oprirea hemoragiei.","https://scoaladrpciv.ro/intrebare/substantele-antiseptice-se-folosesc-pentru-5de7","","<div class="""">
                        


                    </div>","https://scoaladrpciv.ro/intrebari/categoria-a/masuri-de-prim-ajutor"
"1790501925-21","https://scoaladrpciv.ro/intrebari/categoria-a","În cazul persoanelor accidentate, care prezintă fracturi de coloană, este recomandabil să se folosească:","B - mijloacele de transport cu platformă, respectiv furgonete, camioane, dacă ambulanţa nu se poate deplasa la locul accidentului;","","","A - orice mijloc de transport, dacă se deplasează în direcţia unei unităţi sanitare;","C - autoturismele, întrucât asigură confort şi rapiditate în deplasare.","https://scoaladrpciv.ro/intrebare/in-cazul-persoanelor-accidentate-care-prezinta-fracturi-de-coloana-este-recomandabil-sa-se-foloseasca-9a49","","<div class="""">
                        


                    </div>","https://scoaladrpciv.ro/intrebari/categoria-a/masuri-de-prim-ajutor"
"1790501927-22","https://scoaladrpciv.ro/intrebari/categoria-a","Victima care a pierdut mult sânge trebuie să fie aşezată:","C - cu picioarele situate mai sus decât nivelul corpului.","","","A - cu faţa în sus;","B - cu faţa în jos;","https://scoaladrpciv.ro/intrebare/victima-care-a-pierdut-mult-sange-trebuie-sa-fie-asezata-1c59","","<div class="""">
                        


                    </div>","https://scoaladrpciv.ro/intrebari/categoria-a/masuri-de-prim-ajutor"
"1790501929-23","https://scoaladrpciv.ro/intrebari/categoria-a","Imobilizarea unui braţ fracturat se face:","C - cuprinzând osul fracturat şi cele două articulaţii, respectiv cea superioară şi inferioară.","","","A - în dreptul osului fracturat;","B - cuprinzând osul fracturat şi articulaţia superioară;","https://scoaladrpciv.ro/intrebare/imobilizarea-unui-brat-fracturat-se-face-98a2","","<div class="""">
                        


                    </div>","https://scoaladrpciv.ro/intrebari/categoria-a/masuri-de-prim-ajutor"
"1790501932-24","https://scoaladrpciv.ro/intrebari/categoria-a","Ce simptome ale stopului cardiac prezintă o persoană, victimă a unui accident de circulaţie?","B - lipsa pulsului;","","","A - leziuni profunde în zona toracelui;","C - apariţia hemoragiei pe gură.","https://scoaladrpciv.ro/intrebare/ce-simptome-ale-stopului-cardiac-prezinta-o-persoana-victima-a-unui-accident-de-circulatie-49ef","","<div class="""">
                        


                    </div>","https://scoaladrpciv.ro/intrebari/categoria-a/masuri-de-prim-ajutor"
"1790501934-25","https://scoaladrpciv.ro/intrebari/categoria-a","Dezinfecţia plăgilor ce necesită a fi pansate se face cu:","A - apă oxigenată sau iod;","","","B - ser fiziologic;","C - apă potabilă.","https://scoaladrpciv.ro/intrebare/dezinfectia-plagilor-ce-necesita-a-fi-pansate-se-face-cu-bf74","","<div class="""">
                        


                    </div>","https://scoaladrpciv.ro/intrebari/categoria-a/masuri-de-prim-ajutor"
"1790501936-26","https://scoaladrpciv.ro/intrebari/categoria-a","În cazul unei fracturi de claviculă (umărul se află într-o poziţie atârnândă, uşor înainte şi în jos), se procedează astfel:","A - se aşază braţul într-o eşarfă;","","","B - se aduce umărul în poziţie normală;","C - se lasă braţul liber.","https://scoaladrpciv.ro/intrebare/in-cazul-unei-fracturi-de-clavicula-umarul-se-afla-intr-o-pozitie-atarnanda-usor-inainte-si-in-jos-se-procedeaza-astfel-c017","","<div class="""">
                        


                    </div>","https://scoaladrpciv.ro/intrebari/categoria-a/masuri-de-prim-ajutor"
"1790501939-27","https://scoaladrpciv.ro/intrebari/categoria-a","Ce funcţii poate avea un bandaj de tifon aplicat pe o rană deschisă?","A - oprește hemoragia;","C - previne infecția.","","B - reduce tensiunea arterială;","","https://scoaladrpciv.ro/intrebare/ce-functii-poate-avea-un-bandaj-de-tifon-aplicat-pe-o-rana-deschisa-712f","","<div class="""">
                        


                    </div>","https://scoaladrpciv.ro/intrebari/categoria-a/masuri-de-prim-ajutor"
"1790501941-28","https://scoaladrpciv.ro/intrebari/categoria-a","Imobilizarea membrului inferior fracturat al unei victime într-un accident de circulaţie se face:","B - prin folosirea atelelor;","","","A - prin bandajarea strânsă a locului fracturii;","C - prin folosirea pansamentului compresiv.","https://scoaladrpciv.ro/intrebare/imobilizarea-membrului-inferior-fracturat-al-unei-victime-intr-un-accident-de-circulatie-se-face-1496","","<div class="""">
                        


                    </div>","https://scoaladrpciv.ro/intrebari/categoria-a/masuri-de-prim-ajutor"
"1790501943-29","https://scoaladrpciv.ro/intrebari/categoria-a","Cum trebuie scoase dintr-un autovehicul persoanele rănite?","A - prin ridicare;","","","B - prin tragere;","C - prin împingere.","https://scoaladrpciv.ro/intrebare/cum-trebuie-scoase-dintr-un-autovehicul-persoanele-ranite-9bdb","","<div class="""">
                        


                    </div>","https://scoaladrpciv.ro/intrebari/categoria-a/masuri-de-prim-ajutor"
"1790501945-30","https://scoaladrpciv.ro/intrebari/categoria-a","Atunci când victimei unui accident de circulaţie i s-au oprit bătăile inimii (stop cardiac), masajul cardiac se execută:","A - prin apăsarea ritmică cu podul palmelor suprapuse a toracelui victimei, în dreptul inimii;","","","B - prin lovirea cu palmele a obrajilor victimei;","C - prin încrucişarea ritmică a braţelor victimei simultan cu respiraţia artificială.","https://scoaladrpciv.ro/intrebare/atunci-cand-victimei-unui-accident-de-circulatie-i-s-au-oprit-bataile-inimii-stop-cardiac-masajul-cardiac-se-executa-c0bb","","<div class="""">
                        


                    </div>","https://scoaladrpciv.ro/intrebari/categoria-a/masuri-de-prim-ajutor"
"1790501948-31","https://scoaladrpciv.ro/intrebari/categoria-a","Cum se imobilizează fractura labei piciorului?","B - cu atele sau cu un bandaj gros, de la degete până la genunchi;","","","A - se suspendă piciorul într-o chingă rigidă;","C - cu o faşă de la gleznă până la şold.","https://scoaladrpciv.ro/intrebare/cum-se-imobilizeaza-fractura-labei-piciorului-1945","","<div class="""">
                        


                    </div>","https://scoaladrpciv.ro/intrebari/categoria-a/masuri-de-prim-ajutor"
"1790501950-32","https://scoaladrpciv.ro/intrebari/categoria-a","O hemoragie produsă la unul dintre membrele unei persoane rănite se va opri prin:","C - acţiunea compresivă asupra vasului lezat sau aplicarea garoului.","","","A - dezinfectarea rănii, pansarea şi aplicarea atelelor;","B - ridicarea membrului accidentat în poziţie verticală;","https://scoaladrpciv.ro/intrebare/o-hemoragie-produsa-la-unul-dintre-membrele-unei-persoane-ranite-se-va-opri-prin-6f72","","<div class="""">
                        


                    </div>","https://scoaladrpciv.ro/intrebari/categoria-a/masuri-de-prim-ajutor"
"1790501952-33","https://scoaladrpciv.ro/intrebari/categoria-a","Cum trebuie să fie atelele pentru imobilizarea unei fracturi?","A - suficient de lungi pentru a acoperi în întregime atât zona de deasupra, cât şi cea de sub fractură;","B - rigide;","C - uşoare.","","","https://scoaladrpciv.ro/intrebare/cum-trebuie-sa-fie-atelele-pentru-imobilizarea-unei-fracturi-f376","","<div class="""">
                        


                    </div>","https://scoaladrpciv.ro/intrebari/categoria-a/masuri-de-prim-ajutor"
"1790501954-34","https://scoaladrpciv.ro/intrebari/categoria-a","În cazul unui accidentat care nu respiră, pulsul este verificat:","C - pe partea laterală a epiglotei (Mărul lui Adam), în scobitura dintre trahee şi muşchii gâtului.","","","A - sub mandibulă;","B - lângă ureche;","https://scoaladrpciv.ro/intrebare/in-cazul-unui-accidentat-care-nu-respira-pulsul-este-verificat-a100","","<div class="""">
                        


                    </div>","https://scoaladrpciv.ro/intrebari/categoria-a/masuri-de-prim-ajutor"
"1790501959-35","https://scoaladrpciv.ro/intrebari/categoria-a","Prin comportament agresiv al conducătorului auto pe drumurile publice se înțelege efectuarea uneia dintre următoarele manevre:","B - Folosirea repetată a semnalelor sonore și/sau luminoase de natură a obliga în mod nejustificat conducătorul de vehicul care circulă în fața sa, să elibereze banda de circulație;","C - Conducătorul mopedului sau motocicletei având în contact cu partea carosabilă numai una dintre roți.","","A - Conducerea vehiculului sub limita legală de viteză;","","https://scoaladrpciv.ro/intrebare/prin-comportament-agresiv-al-conducatorului-auto-pe-drumurile-publice-se-intelege-efectuarea-uneia-dintre-urmatoarele-manevre-9881","","<div class="""">
                        <h4>Articolul 54^1</h4>
<p>(1)&nbsp;&nbsp;&nbsp;Se interzice conducătorilor de vehicule să adopte un comportament agresiv în conducerea acestora pe drumurile publice.</p>
<p>(2)&nbsp;&nbsp;Prin comportament agresiv se înțelege efectuarea, pe drumul public, de către conducătorul de vehicul, a uneia dintre următoarele manevre:</p>
<ul>
<li>a)&nbsp;&nbsp;&nbsp;deplasarea succesivă de pe o bandă de circulație pe alta sau de pe un rând pe altul, alternând din stânga în dreapta, în scopul depășirii unui șir de vehicule care circulă în același sens;</li>
<li>b)&nbsp; întoarcerea vehiculului prin folosirea frânei de ajutor;</li>
<li>c)&nbsp; pornirea vehiculului de pe loc prin patinarea excesivă, în gol, a roților motoare;</li>
<li>d)&nbsp;circulația cu vehiculul la o distanță foarte redusă față de un alt vehicul, înaintea sau în spatele acestuia, cât și în lateral, ori reducerea bruscă a vitezei de deplasare fără motiv întemeiat, de natură a intimida conducătorul acestuia;</li>
<li><span style=""background-color: #fbeeb8;"">e)&nbsp;&nbsp;&nbsp; folosirea repetată a semnalelor sonore și/sau luminoase de natură a obliga nejustificat conducătorul de vehicul care circulă în fața sa să elibereze banda de circulație;</span></li>
<li><span style=""background-color: #fbeeb8;"">f)&nbsp;&nbsp;&nbsp; conducerea mopedului sau motocicletei având în contact cu partea carosabilă numai una dintre roți;</span></li>
<li>g)&nbsp;&nbsp;&nbsp;mersul cu spatele cu vehiculul în scopul intimidării celorlalți participanți la trafic care circulă în spatele acestuia;</li>
<li>h)&nbsp;&nbsp; realizarea intenționată a unui derapaj controlat al vehiculului în vederea întoarcerii sau rotirii acestuia;</li>
<li>i)&nbsp;&nbsp;&nbsp;conducerea intenționată a unui vehicul prin accelerarea repetată a motorului, de natură a stânjeni persoanele aflate în zona drumului public.</li>
</ul>


                    </div>","https://scoaladrpciv.ro/intrebari/categoria-a/conducerea-preventiva"
"1790501961-36","https://scoaladrpciv.ro/intrebari/categoria-a","Prin comportament agresiv al conducătorului auto pe drumurile publice se înțelege efectuarea uneia dintre următoarele manevre:","B - Mersul cu spatele cu vehiculul în scopul intimidării celorlalți participanți la trafic care circulă în spatele acestuia;","C - Realizarea intenționată a unui derapaj controlat al vehiculului în vederea întoarcerii sau rotirii acestuia.","","A - Conducerea mopedului sau motocicletei fără a purta cască de protecție;","","https://scoaladrpciv.ro/intrebare/prin-comportament-agresiv-al-conducatorului-auto-pe-drumurile-publice-se-intelege-efectuarea-uneia-dintre-urmatoarele-manevre-5e8e","","<div class="""">
                        <h4>Articolul 54^1</h4>
<p>(1)&nbsp;&nbsp;&nbsp;Se interzice conducătorilor de vehicule să adopte un comportament agresiv în conducerea acestora pe drumurile publice.</p>
<p>(2)&nbsp;&nbsp;Prin comportament agresiv se înțelege efectuarea, pe drumul public, de către conducătorul de vehicul, a uneia dintre următoarele manevre:</p>
<ul>
<li>a)&nbsp;&nbsp;&nbsp;deplasarea succesivă de pe o bandă de circulație pe alta sau de pe un rând pe altul, alternând din stânga în dreapta, în scopul depășirii unui șir de vehicule care circulă în același sens;</li>
<li>b)&nbsp; întoarcerea vehiculului prin folosirea frânei de ajutor;</li>
<li>c)&nbsp; pornirea vehiculului de pe loc prin patinarea excesivă, în gol, a roților motoare;</li>
<li>d)&nbsp;circulația cu vehiculul la o distanță foarte redusă față de un alt vehicul, înaintea sau în spatele acestuia, cât și în lateral, ori reducerea bruscă a vitezei de deplasare fără motiv întemeiat, de natură a intimida conducătorul acestuia;</li>
<li>e)&nbsp;&nbsp;&nbsp; folosirea repetată a semnalelor sonore și/sau luminoase de natură a obliga nejustificat conducătorul de vehicul care circulă în fața sa să elibereze banda de circulație;</li>
<li>f)&nbsp;&nbsp;&nbsp; conducerea mopedului sau motocicletei având în contact cu partea carosabilă numai una dintre roți;</li>
<li><span style=""background-color: #fbeeb8;"">g)&nbsp;&nbsp;&nbsp;mersul cu spatele cu vehiculul în scopul intimidării celorlalți participanți la trafic care circulă în spatele acestuia;</span></li>
<li><span style=""background-color: #fbeeb8;"">h)&nbsp;&nbsp; realizarea intenționată a unui derapaj controlat al vehiculului în vederea întoarcerii sau rotirii acestuia;</span></li>
<li>i)&nbsp;&nbsp;&nbsp;conducerea intenționată a unui vehicul prin accelerarea repetată a motorului, de natură a stânjeni persoanele aflate în zona drumului public.</li>
</ul>


                    </div>","https://scoaladrpciv.ro/intrebari/categoria-a/conducerea-preventiva"
"1790501964-37","https://scoaladrpciv.ro/intrebari/categoria-a","Prin comportament agresiv se înțelege:","B - folosirea repetată a semnalelor sonore și/sau luminoase de natură a obliga nejustificat conducătorul de vehicul care circulă în fața sa să elibereze banda de circulație;","C - conducerea mopedului sau motocicletei având în contact cu partea carosabilă numai una dintre roți.","","A - nerespectarea semnificației indicatoarelor și marcajelor de obligare;","","https://scoaladrpciv.ro/intrebare/prin-comportament-agresiv-se-intelege-7320","","<div class="""">
                        <h4>Articolul 54^1</h4>
<p>(1)&nbsp;&nbsp;&nbsp;Se interzice conducătorilor de vehicule să adopte un comportament agresiv în conducerea acestora pe drumurile publice.</p>
<p>(2)&nbsp;&nbsp;Prin comportament agresiv se înțelege efectuarea, pe drumul public, de către conducătorul de vehicul, a uneia dintre următoarele manevre:</p>
<ul>
<li>a)&nbsp;&nbsp;&nbsp;deplasarea succesivă de pe o bandă de circulație pe alta sau de pe un rând pe altul, alternând din stânga în dreapta, în scopul depășirii unui șir de vehicule care circulă în același sens;</li>
<li>b)&nbsp; întoarcerea vehiculului prin folosirea frânei de ajutor;</li>
<li>c)&nbsp; pornirea vehiculului de pe loc prin patinarea excesivă, în gol, a roților motoare;</li>
<li>d)&nbsp;circulația cu vehiculul la o distanță foarte redusă față de un alt vehicul, înaintea sau în spatele acestuia, cât și în lateral, ori reducerea bruscă a vitezei de deplasare fără motiv întemeiat, de natură a intimida conducătorul acestuia;</li>
<li><span style=""background-color: #fbeeb8;"">e)&nbsp;&nbsp;&nbsp; folosirea repetată a semnalelor sonore și/sau luminoase de natură a obliga nejustificat conducătorul de vehicul care circulă în fața sa să elibereze banda de circulație;</span></li>
<li><span style=""background-color: #fbeeb8;"">f)&nbsp;&nbsp;&nbsp; conducerea mopedului sau motocicletei având în contact cu partea carosabilă numai una dintre roți;</span></li>
<li>g)&nbsp;&nbsp;&nbsp;mersul cu spatele cu vehiculul în scopul intimidării celorlalți participanți la trafic care circulă în spatele acestuia;</li>
<li>h)&nbsp;&nbsp; realizarea intenționată a unui derapaj controlat al vehiculului în vederea întoarcerii sau rotirii acestuia;</li>
<li>i)&nbsp;&nbsp;&nbsp;conducerea intenționată a unui vehicul prin accelerarea repetată a motorului, de natură a stânjeni persoanele aflate în zona drumului public.</li>
</ul>


                    </div>","https://scoaladrpciv.ro/intrebari/categoria-a/conducerea-preventiva"
"1790501966-38","https://scoaladrpciv.ro/intrebari/categoria-a","Care dintre următoarele manevre, efectuate pe drumul public de către conducătorul de vehicul, sunt considerate a fi comportament agresiv?","A - deplasarea succesivă de pe o bandă de circulație pe alta sau de pe un rând pe altul, alternând din stânga în dreapta, în scopul depășirii unui șir de vehicule care circulă în același sens;","C - realizarea intenționată a unui derapaj controlat al vehiculului în vederea întoarcerii sau rotirii acestuia.","","B - depășirea pe partea dreaptă a vehiculului care a semnalizat intenția și s-a încadrat corespunzător părăsirii sensului de mers spre stânga;","","https://scoaladrpciv.ro/intrebare/care-dintre-urmatoarele-manevre-efectuate-pe-drumul-public-de-catre-conducatorul-de-vehicul-sunt-considerate-a-fi-comportament-agresiv-6611","","<div class="""">
                        <h4>Articolul 54^1</h4>
<p>(1)&nbsp;&nbsp;&nbsp;Se interzice conducătorilor de vehicule să adopte un comportament agresiv în conducerea acestora pe drumurile publice.</p>
<p>(2)&nbsp;&nbsp;Prin comportament agresiv se înțelege efectuarea, pe drumul public, de către conducătorul de vehicul, a uneia dintre următoarele manevre:</p>
<ul>
<li><span style=""background-color: #fbeeb8;"">a)&nbsp;&nbsp;&nbsp;deplasarea succesivă de pe o bandă de circulație pe alta sau de pe un rând pe altul, alternând din stânga în dreapta, în scopul depășirii unui șir de vehicule care circulă în același sens;</span></li>
<li>b)&nbsp; întoarcerea vehiculului prin folosirea frânei de ajutor;</li>
<li>c)&nbsp; pornirea vehiculului de pe loc prin patinarea excesivă, în gol, a roților motoare;</li>
<li>d)&nbsp;circulația cu vehiculul la o distanță foarte redusă față de un alt vehicul, înaintea sau în spatele acestuia, cât și în lateral, ori reducerea bruscă a vitezei de deplasare fără motiv întemeiat, de natură a intimida conducătorul acestuia;</li>
<li>e)&nbsp;&nbsp;&nbsp; folosirea repetată a semnalelor sonore și/sau luminoase de natură a obliga nejustificat conducătorul de vehicul care circulă în fața sa să elibereze banda de circulație;</li>
<li>f)&nbsp;&nbsp;&nbsp; conducerea mopedului sau motocicletei având în contact cu partea carosabilă numai una dintre roți;</li>
<li>g)&nbsp;&nbsp;&nbsp;mersul cu spatele cu vehiculul în scopul intimidării celorlalți participanți la trafic care circulă în spatele acestuia;</li>
<li><span style=""background-color: #fbeeb8;"">h)&nbsp;&nbsp; realizarea intenționată a unui derapaj controlat al vehiculului în vederea întoarcerii sau rotirii acestuia;</span></li>
<li>i)&nbsp;&nbsp;&nbsp;conducerea intenționată a unui vehicul prin accelerarea repetată a motorului, de natură a stânjeni persoanele aflate în zona drumului public.</li>
</ul>


                    </div>","https://scoaladrpciv.ro/intrebari/categoria-a/conducerea-preventiva"
"1790501968-39","https://scoaladrpciv.ro/intrebari/categoria-a","Ce trebuie să aveţi în vedere atunci când circulaţi pe lângă un şir de autovehicule staţionate?","A - o portieră poate fi deschisă în orice moment de către unul dintre ocupanţii autovehiculelor;","","","B - respectaţi viteza legală, deoarece conducătorii autovehiculelor sunt obligaţi să se asigure când deschid o portieră;","C - claxonaţi, pentru a-i avertiza pe ceilalţi conducători că vă deplasaţi în zona respectivă.","https://scoaladrpciv.ro/intrebare/ce-trebuie-sa-aveti-in-vedere-atunci-cand-circulati-pe-langa-un-sir-de-autovehicule-stationate-2c90","","<div class="""">
                        


                    </div>","https://scoaladrpciv.ro/intrebari/categoria-a/conducerea-preventiva"
"1790501971-40","https://scoaladrpciv.ro/intrebari/categoria-a","Pe o trecere de pietoni, câţiva copii au trecut deja de axul drumului. Ce se recomandă să aveţi în vedere?","B - copiii pot avea reacţii imprevizibile; circulaţi cu atenţie sporită;","","","A - deoarece aceştia au depăşit sensul dvs. de mers, acceleraţi şi vă continuaţi drumul;","C - copiii nu au voie să alerge pe trecerea de pietoni.","https://scoaladrpciv.ro/intrebare/pe-o-trecere-de-pietoni-cativa-copii-au-trecut-deja-de-axul-drumului-ce-se-recomanda-sa-aveti-in-vedere-a413","","<div class="""">
                        


                    </div>","https://scoaladrpciv.ro/intrebari/categoria-a/conducerea-preventiva"
"1790501973-41","https://scoaladrpciv.ro/intrebari/categoria-a","Atunci când conduceţi motocicleta în spatele altui vehicul, se recomandă:","B - să păstraţi o distanţă suficientă faţă de cel dinainte;","","","A - să acţionaţi preventiv frâna de mână;","C - să folosiţi claxonul, pentru a-l determina pe cel din faţă să elibereze banda de circulaţie.","https://scoaladrpciv.ro/intrebare/atunci-cand-conduceti-motocicleta-in-spatele-altui-vehicul-se-recomanda-221c","","<div class="""">
                        


                    </div>","https://scoaladrpciv.ro/intrebari/categoria-a/conducerea-preventiva"
"1790501975-42","https://scoaladrpciv.ro/intrebari/categoria-a","Cum trebuie să procedaţi atunci când un autobuz şcolar opreşte, cu luminile intermitente de avertizare aprinse?","C - circulaţi cu atenţie sporită.","","","A - nu aveţi nicio obligaţie, deoarece semnalizarea nu vi se adresează;","B - opriţi până când acesta îşi începe din nou deplasarea;","https://scoaladrpciv.ro/intrebare/cum-trebuie-sa-procedati-atunci-cand-un-autobuz-scolar-opreste-cu-luminile-intermitente-de-avertizare-aprinse-6da0","","<div class="""">
                        


                    </div>","https://scoaladrpciv.ro/intrebari/categoria-a/conducerea-preventiva"
"1790501977-43","https://scoaladrpciv.ro/intrebari/categoria-a","Distanţa de frânare a motocicletei dvs. depinde de:","A - viteza de deplasare;","","","B - grosimea discurilor de frână;","C - marca pneurilor pe care le folosiţi.","https://scoaladrpciv.ro/intrebare/distanta-de-franare-a-motocicletei-dvs-depinde-de-e08c","","<div class="""">
                        


                    </div>","https://scoaladrpciv.ro/intrebari/categoria-a/conducerea-preventiva"
"1790501980-44","https://scoaladrpciv.ro/intrebari/categoria-a","Un biciclist circulă printre vehiculele staţionate pe partea dreaptă a carosabilului. Ce trebuie să aveţi în vedere atunci când vă apropiaţi cu motocicleta de acesta?","B - biciclistul poate să se angajeze pe carosabil fără să se asigure;","","","A - biciclistul va opri;","C - biciclistul se va comporta corect şi va circula pe trotuar.","https://scoaladrpciv.ro/intrebare/un-biciclist-circula-printre-vehiculele-stationate-pe-partea-dreapta-a-carosabilului-ce-trebuie-sa-aveti-in-vedere-atunci-cand-va-apropiati-cu-motocicleta-de-acesta-fa0a","","<div class="""">
                        


                    </div>","https://scoaladrpciv.ro/intrebari/categoria-a/conducerea-preventiva"
"1790501982-45","https://scoaladrpciv.ro/intrebari/categoria-a","Acvaplanarea poate fi evitată dacă:","B - pneurile nu sunt uzate, iar viteza este redusă;","","","A - motocicleta are sistem de frânare automată;","C - motocicleta este supraîncărcată.","https://scoaladrpciv.ro/intrebare/acvaplanarea-poate-fi-evitata-daca-73a6","","<div class="""">
                        


                    </div>","https://scoaladrpciv.ro/intrebari/categoria-a/conducerea-preventiva"
"1790501984-46","https://scoaladrpciv.ro/intrebari/categoria-a","Câţiva copii traversează strada jucându-se cu o minge. Cum este recomandat să vă comportaţi?","A - reduceţi viteza, deoarece comportamentul copiilor poate fi imprevizibil;","","","B - circulaţi fără restricţii, deoarece copiii vor urca pe trotuar;","C - acceleraţi, pentru a părăsi cât mai repede zona.","https://scoaladrpciv.ro/intrebare/cativa-copii-traverseaza-strada-jucandu-se-cu-o-minge-cum-este-recomandat-sa-va-comportati-1894","","<div class="""">
                        


                    </div>","https://scoaladrpciv.ro/intrebari/categoria-a/conducerea-preventiva"
"1790501986-47","https://scoaladrpciv.ro/intrebari/categoria-a","Cum vă comportaţi, atunci când circulaţi cu motocicleta pe timp de noapte şi simţiţi că daţi semne de oboseală?","B - faceţi pauze pentru odihnă;","","","A - vă impuneţi să rămâneţi treaz până la destinaţie;","C - consumaţi multă cafea.","https://scoaladrpciv.ro/intrebare/cum-va-comportati-atunci-cand-circulati-cu-motocicleta-pe-timp-de-noapte-si-simtiti-ca-dati-semne-de-oboseala-ce4f","","<div class="""">
                        


                    </div>","https://scoaladrpciv.ro/intrebari/categoria-a/conducerea-preventiva"
"1790501989-48","https://scoaladrpciv.ro/intrebari/categoria-a","Cum trebuie să procedaţi atunci când intraţi, pe timp de zi, într-un tunel iluminat necorespunzător?","B - circulaţi cu luminile de întâlnire;","","","A - claxonaţi;","C - aprindeţi lumina intermitentă de avertizare.","https://scoaladrpciv.ro/intrebare/cum-trebuie-sa-procedati-atunci-cand-intrati-pe-timp-de-zi-intr-un-tunel-iluminat-necorespunzator-e2a1","","<div class="""">
                        <h4>Articolul 114</h4><p><span style=""background-color:hsl(60,75%,60%);"">(7)&nbsp;&nbsp; Când circulã prin tunel conducãtorul de vehicul este obligat sã foloseascã luminile de întâlnire.</span></p>


                    </div>","https://scoaladrpciv.ro/intrebari/categoria-a/conducerea-preventiva"
"1790501991-49","https://scoaladrpciv.ro/intrebari/categoria-a","Urmează o curbă cu vizibilitatea de aproximativ 100 m. Ce trebuie să aveţi în vedere?","B - în curbă poate exista un autovehicul staţionat neregulamentar, pe care îl puteţi observa târziu;","","","A - puteţi circula fără să reduceţi viteza, deoarece Regulamentul nu vă impune restricţii;","C - în această curbă trebuie să circulaţi cu maxim 20 km/h.","https://scoaladrpciv.ro/intrebare/urmeaza-o-curba-cu-vizibilitatea-de-aproximativ-100-m-ce-trebuie-sa-aveti-in-vedere-c3b6","","<div class="""">
                        


                    </div>","https://scoaladrpciv.ro/intrebari/categoria-a/conducerea-preventiva"
"1790501996-50","https://scoaladrpciv.ro/intrebari/categoria-a","Pe drumurile publice prevăzute cu minimum 3 benzi pe sens, atunci când conducătorii a două vehicule circulă în aceeași direcție, dar pe benzi diferite, și intenționează să se înscrie pe banda liberă dintre ei, această bandă va fi ocupată de:","A - vehiculul care circulă pe banda din stânga, față de cel care circulă pe banda din dreapta;","","","B - vehiculul care circulă pe banda din dreapta, față de cel care circulă pe banda din stânga;","C - vehiculul care circulă cu viteza maximă admisă pe sectorul de drum respectiv.","https://scoaladrpciv.ro/intrebare/pe-drumurile-publice-prevazute-cu-minimum-3-benzi-pe-sens-atunci-cand-conducatorii-a-doua-vehicule-circula-in-aceeasi-directie-dar-pe-benzi-diferite-si-intentioneaza-sa-se-inscrie-pe-banda-libera-dintre-ei-aceasta-banda-va-fi-ocupata-de-41fc","","<div class="""">
                        <h4>Articolul 106</h4>
<p>(1)&nbsp;&nbsp; Pe un drum public prevãzut cu minimum 3 benzi pe sens, când conducãtorii a douã autovehicule circulã în aceeași direcție, dar pe benzi diferite, și intenționeazã sã se înscrie pe banda liberã dintre ei, cel care circulã pe banda din dreapta este obligat sã permitã celui care vine din stânga sã ocupe acea bandã.</p>


                    </div>","https://scoaladrpciv.ro/intrebari/categoria-a/reguli-generale"
"1790501998-51","https://scoaladrpciv.ro/intrebari/categoria-a","Ce obligaţie îi revine deţinătorului unei motociclete pe care a împrumutat-o unei persoane spre a fi condusă pe drumurile publice?","C - să comunice datele de identitate ale acestei persoane, la solicitarea poliţiei.","","","A - să instruiască acea persoană cu privire la folosirea motocicletei;","B - niciuna, deoarece persoana respectivă răspunde pentru faptele sale;","https://scoaladrpciv.ro/intrebare/ce-obligatie-ii-revine-detinatorului-unei-motociclete-pe-care-a-imprumutat-o-unei-persoane-spre-a-fi-condusa-pe-drumurile-publice-3707","","<div class="""">
                        Art. 39<br>Proprietarul sau detinatorul unui vehicul este obligat sa comunice politiei rutiere, la cererea acesteia si in termenul solicitat, identitatea persoanei careia i-a incredintat vehiculul pentru a fi condus pe drumurile publice.


                    </div>","https://scoaladrpciv.ro/intrebari/categoria-a/reguli-generale"
"1790502000-52","https://scoaladrpciv.ro/intrebari/categoria-a","Este obligatorie dotarea autovehiculelor cu trusă medicală de prim ajutor?","C - da, pentru toate autovehiculele care circulă pe drumurile publice, cu excepția celor din categoriile AM, A1, A2 și A.","","","A - da, numai la autovehiculele cu o greutate mai mare de 3,5 t;","B - nu, fiind doar o recomandare legală;","https://scoaladrpciv.ro/intrebare/este-obligatorie-dotarea-autovehiculelor-cu-trusa-medicala-de-prim-ajutor-3a08","","<div class="""">
                        <p>Art. 8<br>Pentru a fi conduse pe drumurile publice, autovehiculele, cu excepția celor din categoriile AM, A1, A2 și A, tractoarele agricole sau forestiere și tramvaiele trebuie să fie dotate cu trusă medicală de prim ajutor, două triunghiuri reflectorizante și un stingător de incendiu, omologate.&nbsp;</p>


                    </div>","https://scoaladrpciv.ro/intrebari/categoria-a/reguli-generale"
"1790502003-53","https://scoaladrpciv.ro/intrebari/categoria-a","La semnalul roşu al semaforului au dreptul de a intra în intersecţie:","A - autovehiculele destinate stingerii incendiilor, ale salvării şi ale poliţiei, când sunt în misiune;","","","B - autovehiculele cu gabarit depăşit;","C - motocicletele care circulă la dreapta.","https://scoaladrpciv.ro/intrebare/la-semnalul-rosu-al-semaforului-au-dreptul-de-a-intra-in-intersectie-6fcb","","<div class="""">
                        


                    </div>","https://scoaladrpciv.ro/intrebari/categoria-a/reguli-generale"
"1790502005-54","https://scoaladrpciv.ro/intrebari/categoria-a","Semnalul agentului de cale ferată, aflat la o trecere la nivel cu o cale ferată industrială, îi obligă pe conducătorii de motociclete:","B - să grăbească traversarea sau să oprească;","","","A - să sporească atenţia;","C - să se asigure şi să oprească, dacă observă că se apropie vreun tren.","https://scoaladrpciv.ro/intrebare/semnalul-agentului-de-cale-ferata-aflat-la-o-trecere-la-nivel-cu-o-cale-ferata-industriala-ii-obliga-pe-conducatorii-de-motociclete-78a3","","<div class="""">
                        Art. 89<br>(1) Oprirea participanţilor la trafic este obligatorie şi la semnalele date de:<br>a) poliţiştii de frontieră;<br>b) îndrumătorii de circulaţie ai Ministerului Apărării;<br>c) agenţii de cale ferată, la trecerile la nivel;<br>d) personalul autorizat din zona lucrărilor pe drumurile publice;<br>e) membrii patrulelor şcolare de circulaţie, la trecerile pentru pietoni din apropierea unităţilor de învăţământ;<br>f) nevăzători, prin ridicarea bastonului alb, atunci când aceştia traversează strada. <br>(2) Persoanele prevăzute la alin. (1) lit. a)–d) pot efectua şi următoarele semnale:<br>a) balansarea braţului în plan vertical, cu palma mâinii orientată către sol sau cu un mijloc de semnalizare, care semnifică reducerea vitezei;<br>b) rotirea vioaie a braţului, care semnifică mărirea vitezei de deplasare a vehiculelor, inclusiv grăbirea traversării drumului de către pietoni.


                    </div>","https://scoaladrpciv.ro/intrebari/categoria-a/reguli-generale"
"1790502009-55","https://scoaladrpciv.ro/intrebari/categoria-a","La ieşirea dintr-o curte, pe un drum public, motociclistul are obligaţia:","A - să cedeze trecerea tuturor vehiculelor care circulă în acel moment pe drumul public;","","","B - să cedeze trecerea numai autovehiculelor;","C - să cedeze trecerea numai autovehiculelor care vin din dreapta.","https://scoaladrpciv.ro/intrebare/la-iesirea-dintr-o-curte-pe-un-drum-public-motociclistul-are-obligatia-0a02","","<div class="""">
                        Art. 134<br>La ieşirea din zonele rezidenţiale sau pietonale, conducătorii de vehicule sunt obligaţi să acorde prioritate de trecere tuturor vehiculelor cu care se intersectează. 


                    </div>","https://scoaladrpciv.ro/intrebari/categoria-a/reguli-generale"
"1790502014-56","https://scoaladrpciv.ro/intrebari/categoria-a","Semnificaţia indicatoarelor „Oprire“ şi „Cedează trecerea“, instalate în intersecţiile semaforizate, trebuie respectată:","B - atunci când semafoarele nu funcţionează;","","","A - atunci când traficul este redus;","C - atunci când indicatoarele sunt instalate împreună cu semaforul pe acelaşi suport.","https://scoaladrpciv.ro/intrebare/semnificatia-indicatoarelor-oprire-si-cedeaza-trecerea-instalate-in-intersectiile-semaforizate-trebuie-respectata-0e58","","<div class="""">
                        Art. 31<br>Participantii la trafic trebuie sa respecte regulile de circulatie, semnalele, indicatiile si dispozitiile politistului rutier, precum si semnificatia diferitelor tipuri de mijloace de semnalizare rutiera, in urmatoarea ordine de prioritate:<br>a) semnalele, indicatiile si dispozitiile politistului rutier;<br>b) semnalele speciale de avertizare, luminoase sau sonore ale autovehiculelor, prevazute la art.32 alin.(2) lit.a) si b);<br>c) semnalizarea temporara care modifica regimul normal de desfasurare a circulatiei;<br><b>d) semnalele luminoase sau sonore;</b><br><b>e) indicatoarele;</b><br>f) marcajele;<br>g) regulile de circulatie.


                    </div>","https://scoaladrpciv.ro/intrebari/categoria-a/reguli-generale"
"1790502018-57","https://scoaladrpciv.ro/intrebari/categoria-a","Permisul de conducere valabil pentru categoria A vă permite să conduceţi:","A - motociclete cu sau fără ataş;","","","B - autoturisme de mic litraj;","C - motociclete şi autoturisme.","https://scoaladrpciv.ro/intrebare/permisul-de-conducere-valabil-pentru-categoria-a-va-permite-sa-conduceti-a0eb","","<div class="""">
                        <p>Art. 30<br>Permisul de conducere se eliberează pentru una sau mai multe dintre următoarele categorii şi subcategorii de vehicule:<br><span style=""background-color:hsl(60, 75%, 60%);"">a) CATEGORIA A: motocicleta cu sau fără ataş;</span><br>b) CATEGORIA B:<br>1. autovehiculul a cărui masă totală maximă autorizată nu depăşeşte 3.500 kg şi al cărui număr de locuri pe scaune, în afara conducătorului, nu este mai mare de 8;<br>2. ansamblul format dintr-un autovehicul trăgător din categoria B şi o remorcă a cărei masă totală maximă autorizată nu depăşeşte 750 kg;<br>3. ansamblul de vehicule a cărui masă totală maximă autorizată nu depăşeşte 3.500 kg, format dintr-un autovehicul trăgător din categoria B şi o remorcă, a cărei masă totală maximă autorizată nu depăşeşte masa proprie a autovehiculului trăgător;<br>c) CATEGORIA BE: ansamblul format dintr-un autovehicul trăgător din categoria B şi o remorcă a cărei masă totală maximă autorizată depăşeşte 750 kg, iar masa totală maximă autorizată a întregului ansamblu depăşeşte 3.500 kg;<br>d) CATEGORIA C:<br>1. autovehiculul, altul decât cel din categoria D, a cărui masă totală maximă autorizată este mai mare de 3.500 kg;<br>2. ansamblul format dintr-un autovehicul din categoria C şi o remorcă a cărei masă totală maximă autorizată nu depăşeşte 750 kg;<br>e) CATEGORIA CE: ansamblul de vehicule constând dintr-un autovehicul trăgător din categoria C şi o remorcă a cărei masă totală maximă autorizată este mai mare de 750 kg;<br>f) CATEGORIA D: autovehiculul destinat transportului de persoane având mai mult de 8 locuri pe scaune, în afara locului conducătorului.&nbsp;<br>Autovehiculului din această categorie i se poate ataşa o remorcă a cărei masă totală maximă autorizată nu depăşeşte 750 kg;<br>g) CATEGORIA DE: ansamblul de vehicule constând dintr-un autovehicul trăgător din categoria D şi o remorcă a cărei masă totală maximă autorizată este mai mare de 750 kg. Remorca nu trebuie să fie destinată transportului de persoane;<br>h) CATEGORIA Tr: tractor, maşini şi utilaje autopropulsate agricole, forestiere sau pentru lucrări;<br>i) CATEGORIA Tb: troleibuz;<br>j) CATEGORIA Tv: tramvai;<br>k) SUBCATEGORIA A1: motocicletă cu o capacitate care nu depăşeşte 125 cm3 şi o putere care nu depăşeşte 11 kW;<br>l) SUBCATEGORIA B1: autovehiculul cu trei sau patru roţi având masa proprie peste 400 kg, dar nu mai mare de 550 kg, şi echipat cu un motor cu ardere internă cu capacitate cilindrică mai mare de 45 cm3 sau cu orice alt motor cu o putere echivalentă ori cu viteza prin construcţie mai mare de 50 km/h;<br>m) SUBCATEGORIA C1: autovehiculul, altul decât cel din categoria D, a cărui masă totală maximă autorizată este de peste 3.500 kg, dar nu mai mare de 7.500 kg. Autovehiculului din această categorie i se poate ataşa o remorcă a cărei masă totală maximă autorizată nu depăşeşte 750 kg;<br>n) SUBCATEGORIA C1E: ansamblul de vehicule constând dintr-un autovehicul trăgător din subcategoria C1 şi o remorcă a cărei masă totală maximă autorizată este mai mare de 750 kg, cu condiţia ca masa totală maximă autorizată a ansamblului să nu depăşească 12.000 kg, iar masa totală maximă autorizată a remorcii să nu depăşească masa proprie a autovehiculului trăgător;<br>o) SUBCATEGORIA D1:<br>1. autovehiculul destinat transportului de persoane având cel puţin 9 locuri pe scaune, dar nu mai mult de 16, în afara locului conducătorului;<br>2. ansamblul de vehicule format dintr-un autovehicul trăgător din subcategoria D1 şi o remorcă a cărei masă totală maximă autorizată nu depăşeşte 750 kg;<br>p) SUBCATEGORIA D1E: ansamblul de vehicule constând dintr-un autovehicul trăgător din subcategoria D1 şi o remorcă a cărei masă totală maximă autorizată este mai mare de 750 kg, cu condiţia ca masa totală maximă autorizată a ansamblului să nu depăşească 12.000 kg, iar masa totală maximă autorizată a remorcii să nu depăşească masa proprie a autovehiculului trăgător. Remorca nu trebuie să fie destinată transportului de persoane.</p>


                    </div>","https://scoaladrpciv.ro/intrebari/categoria-a/reguli-generale"
"1790502020-58","https://scoaladrpciv.ro/intrebari/categoria-a","Cum procedaţi la apropierea de o intersecţie în care semnalul luminos ori un indicator de prioritate permite intrarea, dar în care riscaţi să rămâneţi imobilizat din cauza aglomerării circulaţiei?","A - vă este interzisă intrarea în intersecţie;","","","B - vă continuaţi deplasarea, deoarece aveţi prioritate;","C - nu vă revine nicio obligaţie.","https://scoaladrpciv.ro/intrebare/cum-procedati-la-apropierea-de-o-intersectie-in-care-semnalul-luminos-ori-un-indicator-de-prioritate-permite-intrarea-dar-in-care-riscati-sa-ramaneti-imobilizat-din-cauza-aglomerarii-circulatiei-94d9","","<div class="""">
                        Art. 57<br>(1) La intersectiile cu circulatie nedirijata, conducatorul de vehicul este obligat sa cedeze trecerea tuturor vehiculelor care vin din partea dreapta.<br>(2) La intersectiile cu circulatie dirijata prin indicatoare, semafoare sau de catre politistul rutier, conducatorul de vehicul este obligat sa respecte semnificatia sau indicatiile acestuia.<br>(3) Patrunderea unui vehicul intr-o intersectie este interzisa daca prin aceasta se produce blocarea intersectiei.<br>(4) In intersectiile cu sens giratoriu, semnalizate ca atare, vehiculele care circula in interiorul acestora au prioritate fata de cele care urmeaza sa patrunda in intersectie.


                    </div>","https://scoaladrpciv.ro/intrebari/categoria-a/reguli-generale"
"1790502023-59","https://scoaladrpciv.ro/intrebari/categoria-a","Conducând motocicleta, vă este permis să tractaţi alte vehicule?","B - da, o remorcă uşoară cu o singură axă;","","","A - nu;","C - acest aspect nu este reglementat legal.","https://scoaladrpciv.ro/intrebare/conducand-motocicleta-va-este-permis-sa-tractati-alte-vehicule-16c7","","<div class="""">
                        Art. 153<br>(1) Un autovehicul poate tracta pe drumul public o singură remorcă. Se exceptează tractorul rutier care poate tracta două remorci, precum şi autovehiculele amenajate pentru formarea unui autotren de transport persoane în localităţile turistice, cu condiţia ca acesta să nu fie mai lung de 25 m şi să nu circule cu viteză mai mare de 25 km/h. <br>(2) Motocicleta fără ataş, precum şi bicicleta pot tracta o remorcă uşoară având o singură axă. 


                    </div>","https://scoaladrpciv.ro/intrebari/categoria-a/reguli-generale"
"1790502025-60","https://scoaladrpciv.ro/intrebari/categoria-a","Care dintre tipurile de semnalizare de mai jos vor fi respectate cu prioritate?","C - semnalele şi indicaţiile poliţistului.","","","A - semnalele luminoase;","B - semnalizarea temporară, care modifică regimul normal de desfăşurare a circulaţiei;","https://scoaladrpciv.ro/intrebare/care-dintre-tipurile-de-semnalizare-de-mai-jos-vor-fi-respectate-cu-prioritate-efc5","","<div class="""">
                        Art. 31<br>Participantii la trafic trebuie sa respecte regulile de circulatie, semnalele, indicatiile si dispozitiile politistului rutier, precum si semnificatia diferitelor tipuri de mijloace de semnalizare rutiera, in urmatoarea ordine de prioritate:<br><b>a) semnalele, indicatiile si dispozitiile politistului rutier;</b><br>b) semnalele speciale de avertizare, luminoase sau sonore ale autovehiculelor, prevazute la art.32 alin.(2) lit.a) si b);<br>c) semnalizarea temporara care modifica regimul normal de desfasurare a circulatiei;<br>d) semnalele luminoase sau sonore;<br>e) indicatoarele;<br>f) marcajele;<br>g) regulile de circulatie.


                    </div>","https://scoaladrpciv.ro/intrebari/categoria-a/reguli-generale"
"1790502027-61","https://scoaladrpciv.ro/intrebari/categoria-a","Dacă circulaţi pe autostradă cu motocicleta având în spatele dvs. un pasager, trebuie să vă asiguraţi că:","A - acesta poartă cască de protecţie;","B - viteza şi manevrele pe care le faceţi nu trebuie să îl dezechilibreze;","","C - nu aveţi nicio obligaţie; pasagerul trebuie să îşi ia toate măsurile de precauţie.","","https://scoaladrpciv.ro/intrebare/daca-circulati-pe-autostrada-cu-motocicleta-avand-in-spatele-dvs-un-pasager-trebuie-sa-va-asigurati-ca-3352","","<div class="""">
                        Art. 36<br>(1) Conducatorii de autovehicule si persoanele care ocupa locuri prevazute prin constructie cu centuri sau dispozitive de siguranta omologate trebuie sa le poarte in timpul circulatiei pe drumurile publice, cu exceptia cazurilor prevazute in regulament.<br>(2) Pe timpul deplasarii pe drumurile publice, conducatorii motocicletelor, mopedelor si persoanele transportate pe acestea au obligatia sa poarte casca de protectie omologata.<br>(3) Conducatorilor de vehicule le este interzisa folosirea telefoanelor mobile atunci cand acestia se afla in timpul mersului, cu exceptia celor prevazute cu dispozitive tip ""maini libere"".


                    </div>","https://scoaladrpciv.ro/intrebari/categoria-a/reguli-generale"
"1790502029-62","https://scoaladrpciv.ro/intrebari/categoria-a","Conducătorul unei motociclete este obligat să oprească:","B - la semnalul nevăzătorilor care traversează strada;","","","A - la apropierea de o intersecţie;","C - la semnalul conducătorului coloanei de pietoni.","https://scoaladrpciv.ro/intrebare/conducatorul-unei-motociclete-este-obligat-sa-opreasca-6ead","","<div class="""">
                        Art. 89<br>(1) Oprirea participanţilor la trafic este obligatorie şi la semnalele date de:<br>a) poliţiştii de frontieră;<br>b) îndrumătorii de circulaţie ai Ministerului Apărării;<br>c) agenţii de cale ferată, la trecerile la nivel;<br>d) personalul autorizat din zona lucrărilor pe drumurile publice;<br>e) membrii patrulelor şcolare de circulaţie, la trecerile pentru pietoni din apropierea unităţilor de învăţământ;<br>f) nevăzători, prin ridicarea bastonului alb, atunci când aceştia traversează strada. <br>(2) Persoanele prevăzute la alin. (1) lit. a)–d) pot efectua şi următoarele semnale:<br>a) balansarea braţului în plan vertical, cu palma mâinii orientată către sol sau cu un mijloc de semnalizare, care semnifică reducerea vitezei;<br>b) rotirea vioaie a braţului, care semnifică mărirea vitezei de deplasare a vehiculelor, inclusiv grăbirea traversării drumului de către pietoni. 


                    </div>","https://scoaladrpciv.ro/intrebari/categoria-a/reguli-generale"
"1790502032-63","https://scoaladrpciv.ro/intrebari/categoria-a","Care este definiţia legală a motocicletei?","B - un autovehicul cu 2 roţi, cu sau fără ataş, echipat cu un motor a cărui capacitate cilindrică este mai mare de 50 cm3 şi/sau a cărui viteză maximă, prin construcţie, depăşeşte 45 km/h;","","","A - un vehicul cu 2, 3 sau 4 roţi, a cărui viteză nu depăşeşte 45 km/h, dotat cu un motor a cărui capacitate cilindrică nu depăşeşte 50 cm3;","C - un vehicul cu 2 roţi, a cărui viteză depăşeşte 80 km/h şi a cărui capacitate cilindrică este mai mare de 125 cm3 sau care are o putere mai mare de 4 kW, în cazul celor dotate cu motor electric.","https://scoaladrpciv.ro/intrebare/care-este-definitia-legala-a-motocicletei-1179","","<div class="""">
                        <p>Art. 6<br>In sensul prezentei ordonante de urgenta, expresiile si termenii de mai jos au urmatorul inteles:<br>1. acordare a prioritatii - obligatia oricarui participant la trafic de a nu-si continua deplasarea sau de a nu efectua orice alta manevra, daca prin acestea ii obliga pe ceilalti participanti la trafic care au prioritate de trecere sa-si modifice brusc directia sau viteza de deplasare ori sa opreasca;<br>2. acostament - fasia laterala cuprinsa intre limita partii carosabile si marginea platformei drumului;<br>3. amenajari rutiere - totalitatea constructiilor, dispozitivelor si oricaror mijloace tehnice, altele decat cele destinate semnalizarii, amplasate pe drumul public in scopul asigurarii securitatii rutiere;<br>4. ansamblu de vehicule - vehiculul cu motor cuplat cu unul sau doua vehicule, care circula pe drum ca o unitate;<br>5. autostrada - drumul national de mare capacitate si viteza, semnalizat special, rezervat exclusiv circulatiei autovehiculelor, cu sau fara remorci, care nu serveste proprietatii riverane, prevazut cu doua cai unidirectionale, separate printr-o zona mediana sau, in mod exceptional, prin alte modalitati, cu exceptia unor locuri speciale sau cu caracter temporar, avand cel putin doua benzi de circulatie pe sens si banda de urgenta, intersectii denivelate si accese limitate, intrarea si iesirea fiind permise numai prin locuri special amenajate;<br>6. autovehicul - vehiculul echipat cu motor in scopul deplasarii pe drum. Troleibuzele si tractoarele rutiere sunt considerate autovehicule. Mopedele, vehiculele care se deplaseaza pe sine, denumite tramvaie, tractoarele folosite in exploatarile agricole si forestiere, precum si vehiculele pentru efectuarea de servicii sau lucrari, care se deplaseaza numai ocazional pe drumul public, nu sunt considerate autovehicule;<br>7. banda de circulatie - subdiviziunea longitudinala a partii carosabile, materializata prin marcaje rutiere sau alte mijloace, daca are o latime corespunzatoare pentru circulatia intr-un sens a unui sir de vehicule, altele decat vehiculele care se deplaseaza pe doua roti;<br>8. banda de urgenta - subdiviziunea longitudinala suplimentara, situata la extremitatea din partea dreapta a autostrazii, in sensul de circulatie, destinata exclusiv stationarii autovehiculelor in cazuri justificate, precum si circulatiei autovehiculelor cu regim prioritar care se deplaseaza la interventii sau in misiuni cu caracter de urgenta;<br>9. banda reversibila - banda de circulatie, marcata si semnalizata, situata langa axa drumului, destinata circulatiei autovehiculelor intr-un sens sau in altul, in functie de intensitatea traficului;<br>10. bicicleta - vehiculul prevazut cu doua roti, propulsat exclusiv prin forta musculara, cu ajutorul pedalelor sau manivelelor;<br>11. coloana oficiala - unul sau mai multe vehicule care circula pe drumul public si sunt insotite de unul sau mai multe autovehicule ale politiei rutiere, care au in functiune semnale speciale de avertizare sonore si luminoase de culoare rosie;<br>12. conducator - persoana care conduce pe drum un grup de persoane, un vehicul sau animale de tractiune, animale izolate sau in turma, de povara ori de calarie;<br>13. conducator de autovehicul sau tramvai, atestat profesional - persoana fizica posesoare a unui permis de conducere si a unui certificat de atestare profesionala, care conduce un autovehicul de o anumita categorie, cu sau fara remorca, pentru transportul de marfuri, persoane sau alte servicii;<br>14. drum public - orice cale de comunicatie terestra, cu exceptia cailor ferate, special amenajata pentru traficul pietonal sau rutier, deschisa circulatiei publice; drumurile care sunt inchise circulatiei publice sunt semnalizate la intrare cu inscriptii vizibile;<br>15. unitati de asistenta medicala ambulatorie de specialitate autorizate in acest sens - unitatile sanitare cu personal calificat si dotare corespunzatoare pentru examinarea medicala ambulatorie a candidatilor la obtinerea permisului de conducere si a conducatorilor de autovehicule sau tramvai, autorizate de catre autoritatile de sanatate publica judetene sau a municipiului Bucuresti, dupa caz;<br>16. intersectie - orice incrucisare, jonctiune sau bifurcare de drumuri la nivel, inclusiv spatiile formate de acestea;<br>17. localitate - catunul, satul, comuna, orasul si municipiul ale caror intrari si iesiri sunt semnalizate in conformitate cu prevederile legale;<br>18. masa totala maxima autorizata - masa maxima a unui vehicul incarcat, declarata admisibila in urma omologarii de catre autoritatea competenta;<br>19. mijloc tehnic certificat - dispozitivul care dovedeste consumul de produse ori substante stupefiante sau al medicamentelor cu efecte similare acestora sau prezenta in aerul expirat a alcoolului;<br>20. mijloc tehnic omologat si verificat metrologic - dispozitivul care stabileste concentratia de alcool in aerul expirat ori destinat masurarii vitezei sau prin care se probeaza incalcari ale unor reguli de circulatie;<br>21. moped - vehiculul, cu doua, trei sau patru roti, a carui viteza maxima prin constructie nu depaseste 45 km/h si care este echipat cu un motor cu ardere interna, cu aprindere prin scanteie, cu o capacitate cilindrica ce nu depaseste 50 cm3 sau cu un alt motor cu ardere interna ori, dupa caz, electric, a carui putere nominala este de cel mult 4 kw;<br><span style=""background-color: #f1c40f;"">22. motocicleta - autovehiculul cu doua roti, cu sau fara atas, echipat cu un motor care are o capacitate cilindrica mai mare de 50 cm3 si/sau a carui viteza maxima, prin constructie, depaseste 45 km/h;</span><br>23. parte carosabila - portiunea din platforma drumului destinata circulatiei vehiculelor; un drum poate cuprinde mai multe parti carosabile complet separate una de cealalta printr-o zona despartitoare sau prin diferenta de nivel;<br>24. participant la trafic - persoana fizica ce utilizeaza, la un moment dat, drumul public;<br>25. pista pentru biciclete - subdiviziunea partii carosabile, a trotuarului ori a acostamentului sau pista separata de drum, special amenajata, semnalizata si marcata corespunzator, destinata numai circulatiei bicicletelor si mopedelor;<br>26. prioritate de trecere - dreptul unui participant la trafic de a trece inaintea celorlalti participanti la trafic cu care se intersecteaza, in conformitate cu prevederile legale privind circulatia pe drumurile publice;<br>27. remorca - vehiculul fara motor destinat a fi tractat de un autovehicul sau de un tractor;<br>28. remorca usoara - remorca a carei masa totala maxima autorizata nu depaseste 750 kg;<br>29. semiremorca - remorca a carei masa totala maxima autorizata este preluata in parte de catre un autovehicul sau de catre un tractor;<br>30. tractor - vehiculul cu motor, pe roti sau pe senile, conceput special pentru a trage sau a impinge anumite utilaje sau remorci folosite in exploatarile agricole ori forestiere sau pentru alte lucrari, care se deplaseaza numai ocazional pe drumul public;<br>31. tractor rutier - tractorul pe roti, cu cel putin doua axe, utilizat pentru executarea de lucrari, precum si pentru tractarea unor remorci folosite pentru transportul de persoane sau bunuri si care se deplaseaza, de regula, pe drumul public;<br>32. trecere la nivel - incrucisarea la nivel dintre un drum public si o cale ferata sau linie de tramvai, care dispune de o platforma independenta;<br>33. trotuar - spatiul longitudinal situat in partea laterala a drumului, separat in mod vizibil de partea carosabila prin diferenta sau fara diferenta de nivel, destinat circulatiei pietonilor;<br>34. detinator - persoana fizica sau juridica care foloseste un vehicul in baza unui contract de leasing sau contract de inchiriere;<br>35. vehicul - sistemul mecanic care se deplaseaza pe drum, cu sau fara mijloace de autopropulsare, utilizat in mod curent pentru transportul de persoane si/sau bunuri ori pentru efectuarea de servicii sau lucrari;<br>36. vehicul cu mase sau dimensiuni de gabarit depasite - vehiculul care, datorita dimensiunilor sale ori marfurilor transportate, depaseste masele totale maxime admise sau dimensiunile de gabarit admise, prevazute in reglementarile legale;<br>37. vehicul in circulatie internationala sau in trafic international - vehiculul care, prin deplasarea sa, depaseste cel putin o frontiera de stat;<br>38. zona drumului public - cuprinde suprafata de teren ocupata de elementele constructive ale drumului, zona de protectie si zona de siguranta. Limitele zonelor drumurilor se stabilesc in conformitate cu prevederile legale;<br>39. zona pietonala - perimetrul care cuprinde una sau mai multe strazi rezervate circulatiei pietonilor, unde accesul vehiculelor este supus unor reguli speciale de circulatie, avand intrarile si iesirile semnalizate in conformitate cu prevederile legale;<br>40. zona rezidentiala - perimetrul dintr-o localitate unde se aplica reguli speciale de circulatie, avand intrarile si iesirile semnalizate in conformitate cu prevederile legale.</p>


                    </div>","https://scoaladrpciv.ro/intrebari/categoria-a/reguli-generale"
"1790502034-64","https://scoaladrpciv.ro/intrebari/categoria-a","Cum veţi proceda dacă la intrarea într-o intersecţie semaforul este pe semnalul verde, dar aceasta este blocată din cauza aglomeraţiei?","C - opriţi şi aşteptaţi deblocarea, după care pătrundeţi în intersecţie pe semnalul verde al semaforului.","","","A - vă continuaţi deplasarea, deoarece semnalul verde vă permite acest lucru;","B - claxonaţi şi găsiţi o modalitate de a avansa printre celelalte vehicule;","https://scoaladrpciv.ro/intrebare/cum-veti-proceda-daca-la-intrarea-intr-o-intersectie-semaforul-este-pe-semnalul-verde-dar-aceasta-este-blocata-din-cauza-aglomeratiei-f268","","<div class="""">
                        <p>Art. 57<br>(1) La intersectiile cu circulatie nedirijata, conducatorul de vehicul este obligat sa cedeze trecerea tuturor vehiculelor care vin din partea dreapta.<br>(2) La intersectiile cu circulatie dirijata prin indicatoare, semafoare sau de catre politistul rutier, conducatorul de vehicul este obligat sa respecte semnificatia sau indicatiile acestuia.<br><span style=""background-color:hsl(60,75%,60%);"">(3) Patrunderea unui vehicul intr-o intersectie este interzisa daca prin aceasta se produce blocarea intersectiei.</span><br>(4) In intersectiile cu sens giratoriu, semnalizate ca atare, vehiculele care circula in interiorul acestora au prioritate fata de cele care urmeaza sa patrunda in intersectie.</p>


                    </div>","https://scoaladrpciv.ro/intrebari/categoria-a/reguli-generale"
"1790502039-65","https://scoaladrpciv.ro/intrebari/categoria-a","Pentru care dintre faptele de mai jos se aplică amenda prevăzută în clasa a III-a de sancțiuni și suspendarea dreptului de a conduce pentru o perioada de 60 de zile?","C - adoptarea unui comportament agresiv în conducerea vehiculelor pe drumurile publice, dacă prin aceasta s-a produs un accident de circulație din care au rezultat avarierea unui vehicul sau alte pagube materiale.","","","A - implicarea într-un accident de circulație din care au rezultat numai avarierea unui vehicul sau alte pagube materiale;","B - depășirea coloanelor de vehicule oprite la culoarea roșie a semaforului;","https://scoaladrpciv.ro/intrebare/pentru-care-dintre-faptele-de-mai-jos-se-aplica-amenda-prevazuta-in-clasa-a-iii-a-de-sanctiuni-si-suspendarea-dreptului-de-a-conduce-pentru-o-perioada-de-60-de-zile-acc7","","<div class="""">
                        <p><strong>Articolul 101</strong></p>
<p>(3)&nbsp;&nbsp;Constituie contravenție și se sancționează cu amenda prevăzută în clasa a III-a de sancțiuni și cu aplicarea sancțiunii contravenționale complementare a suspendării dreptului de a conduce pentru o perioada de 60 de zile săvârșirea de către conducătorul de autovehicul, tractor agricol sau forestier ori tramvai a următoarelor fapte:</p>
<ul>
<li>a)&nbsp;&nbsp;nerespectarea regulilor privind trecerea la culoarea roșie a semaforului, dacă prin aceasta s-a produs un accident de circulație din care a/au rezultat numai avarierea unui vehicul sau alte pagube materiale;</li>
<li>b)&nbsp;&nbsp;nerespectarea interdicției temporare de circulație instituite pe un anumit segment de drum public;</li>
<li>c)&nbsp;&nbsp;nerespectarea regulilor de circulație la trecerea unei coloane oficiale sau intercalarea într- o astfel de coloana;</li>
<li>d)&nbsp;&nbsp;circulația pe sens opus, cu excepția cazurilor în care se efectuează regulamentar manevra de depășire.</li>
<li>e)&nbsp;&nbsp;&nbsp;neacordarea priorității de trecere pietonilor angajați în traversarea regulamentară a drumului public prin locurile special amenajate și semnalizate, aflați pe sensul de deplasare a autovehiculului, tractorului agricol sau forestier ori tramvaiului;</li>
<li>f)&nbsp; neacordarea priorității de trecere vehiculelor care au acest drept;</li>
<li>g)&nbsp; nerespectarea regulilor privind depășirea;</li>
<li><span style=""background-color: #fbeeb8;"">h)&nbsp;adoptarea unui comportament agresiv în conducerea vehiculelor pe drumurile publice, dacă prin aceasta s-a produs un accident de circulație din care au rezultat avarierea unui vehicul sau alte pagube materiale.</span></li>
</ul>


                    </div>","https://scoaladrpciv.ro/intrebari/categoria-a/sanctiuni-si-contraventii"
"1790502041-66","https://scoaladrpciv.ro/intrebari/categoria-a","Care dintre faptele de mai jos constituie infracțiune și se pedepsește ca atare?","A - conducerea pe drumul public a unui autovehicul neînmatriculat;","C - conducerea pe drumul public a unui autovehicul cu număr de înmatriculare fals.","","B - conducerea pe drumul public a unui autovehicul fără certificat de înmatriculare;","","https://scoaladrpciv.ro/intrebare/care-dintre-faptele-de-mai-jos-constituie-infractiune-si-se-pedepseste-ca-atare-e0fb","","<div class="""">
                        <p class=""a_l p_0 s_1"" data-niv=""5""><strong>Articolul 334</strong></p>
<p class=""a_l p_0 s_1"" data-niv=""5"">(1)&nbsp;Punerea în circulaţie sau conducerea pe drumurile publice a unui autovehicul sau a unui tramvai neînmatriculat sau neînregistrat, potrivit legii, se pedepseşte cu închisoare de la unu la 3 ani sau cu amendă.</p>
<p class=""a_l p_0 s_1"" data-niv=""5"">(2)&nbsp;Punerea în circulaţie sau conducerea pe drumurile publice a unui autovehicul sau a unui tramvai cu număr fals de înmatriculare sau înregistrare se pedepseşte cu închisoare de la unu la 5 ani sau cu amendă.</p>


                    </div>","https://scoaladrpciv.ro/intrebari/categoria-a/sanctiuni-si-contraventii"
"1790502043-67","https://scoaladrpciv.ro/intrebari/categoria-a","Cum se sancționează depășirea cu mai mult de 70 km/h a vitezei maxime admise pe sectorul de drum respectiv și pentru categoria din care face parte autovehiculul condus?","B - cu amendă contravențională și suspendarea exercitării dreptului de a conduce pentru o perioadă de 120 de zile;","","","A - cu amendă contravențională și puncte de penalizare;","C - cu anularea permisului de conducere.","https://scoaladrpciv.ro/intrebare/cum-se-sanctioneaza-depasirea-cu-mai-mult-de-70-kmh-a-vitezei-maxime-admise-pe-sectorul-de-drum-respectiv-si-pentru-categoria-din-care-face-parte-autovehiculul-condus-d599","","<div class="""">
                        <h4>Articolul 102</h4><p>(4)&nbsp;&nbsp;Constituie contravenție și se sancționează cu amenda prevăzută în clasa a IV-a de sancțiuni și cu aplicarea sancțiunii complementare a suspendării exercitării dreptului de a conduce pentru o perioadă de 120 de zile săvârșirea de către conducătorul de autovehicul ori de tractor agricol sau forestier a următoarelor fapte:</p><ul><li><span style=""background-color:hsl(60, 75%, 60%);"">a)&nbsp;&nbsp;&nbsp;&nbsp;depășirea cu mai mult de 70 km/h a vitezei maxime admise pe sectorul de drum respectiv și pentru categoria din care face parte autovehiculul condus, constatată, potrivit legii, cu mijloace tehnice omologate și verificate metrologic;</span></li><li>b)&nbsp; neoprirea la trecerea la nivel cu calea ferată când barierele sau semibarierele sunt coborâte ori în curs de coborâre sau când semnalele cu lumini roșii și/sau sonore sunt în funcțiune;</li><li>c)&nbsp;&nbsp;efectuarea, de către conducătorul de autovehicul, pe autostradă sau pe drumul expres, a manevrei de întoarcere sau de mers înapoi, a circulației în sens contrar sensului de circulație, a circulației sau traversării de pe un sens de circulație pe celălalt prin zonele interzise, respectiv prin zona mediană sau racordurile dintre cele două părți carosabile.</li></ul>


                    </div>","https://scoaladrpciv.ro/intrebari/categoria-a/sanctiuni-si-contraventii"
"1790502046-68","https://scoaladrpciv.ro/intrebari/categoria-a","Pentru care dintre faptele de mai jos se suspendă dreptul de a conduce pentru o perioadă de 120 de zile?","A - efectuarea manevrei de întoarcere, de mers înapoi sau circulația în sens contrar sensului de circulație, pe autostradă sau pe drumul expres;","B - circulația sau traversarea de pe un sens de circulație pe celălalt, pe autostradă sau pe drumul expres, prin zonele interzise, respectiv prin zona mediană sau racordurile dintre cele două părți carosabile;","","C - depășirea coloanelor de vehicule oprite la culoarea roșie a semaforului sau la trecerile la nivel cu calea ferată.","","https://scoaladrpciv.ro/intrebare/pentru-care-dintre-faptele-de-mai-jos-se-suspenda-dreptul-de-a-conduce-pentru-o-perioada-de-120-de-zile-acea","","<div class="""">
                        <h4>Articolul 102</h4><p>(4)&nbsp;&nbsp;Constituie contravenție și se sancționează cu amenda prevăzută în clasa a IV-a de sancțiuni și cu aplicarea sancțiunii complementare a suspendării exercitării dreptului de a conduce pentru o perioadă de 120 de zile săvârșirea de către conducătorul de autovehicul ori de tractor agricol sau forestier a următoarelor fapte:</p><ul><li>a)&nbsp;&nbsp;&nbsp;&nbsp;depășirea cu mai mult de 70 km/h a vitezei maxime admise pe sectorul de drum respectiv și pentru categoria din care face parte autovehiculul condus, constatată, potrivit legii, cu mijloace tehnice omologate și verificate metrologic;</li><li>b)&nbsp; neoprirea la trecerea la nivel cu calea ferată când barierele sau semibarierele sunt coborâte ori în curs de coborâre sau când semnalele cu lumini roșii și/sau sonore sunt în funcțiune;</li><li><span style=""background-color:hsl(60,75%,60%);"">c)&nbsp;&nbsp;efectuarea, de către conducătorul de autovehicul, pe autostradă sau pe drumul expres, a manevrei de întoarcere sau de mers înapoi, a circulației în sens contrar sensului de circulație, a circulației sau traversării de pe un sens de circulație pe celălalt prin zonele interzise, respectiv prin zona mediană sau racordurile dintre cele două părți carosabile.</span></li></ul>


                    </div>","https://scoaladrpciv.ro/intrebari/categoria-a/sanctiuni-si-contraventii"
"1790502048-69","https://scoaladrpciv.ro/intrebari/categoria-a","Suspendarea exercitării dreptului de a conduce pentru o perioadă de 120 de zile se aplică pentru:","A - neoprirea la trecerea la nivel cu calea ferată când barierele sau semibarierele sunt coborâte ori în curs de coborâre sau când semnalele cu lumini roșii și/sau sonore sunt în funcțiune;","C - depășirea cu mai mult de 70 km/h a vitezei maxime admise pe sectorul de drum respectiv și pentru categoria din care face parte autovehiculul condus.","","B - nerespectarea semnificației culorii galbene a semaforului;","","https://scoaladrpciv.ro/intrebare/suspendarea-exercitarii-dreptului-de-a-conduce-pentru-o-perioada-de-120-de-zile-se-aplica-pentru-455c","","<div class="""">
                        <h4>Articolul 102</h4><p>(4)&nbsp;&nbsp;Constituie contravenție și se sancționează cu amenda prevăzută în clasa a IV-a de sancțiuni și cu aplicarea sancțiunii complementare a suspendării exercitării dreptului de a conduce pentru o perioadă de 120 de zile săvârșirea de către conducătorul de autovehicul ori de tractor agricol sau forestier a următoarelor fapte:</p><ul><li><span style=""background-color:hsl(60,75%,60%);"">a)&nbsp;&nbsp;&nbsp;&nbsp;depășirea cu mai mult de 70 km/h a vitezei maxime admise pe sectorul de drum respectiv și pentru categoria din care face parte autovehiculul condus, constatată, potrivit legii, cu mijloace tehnice omologate și verificate metrologic;</span></li><li><span style=""background-color:hsl(60,75%,60%);"">b)&nbsp; neoprirea la trecerea la nivel cu calea ferată când barierele sau semibarierele sunt coborâte ori în curs de coborâre sau când semnalele cu lumini roșii și/sau sonore sunt în funcțiune;</span></li><li>c)&nbsp;&nbsp;efectuarea, de către conducătorul de autovehicul, pe autostradă sau pe drumul expres, a manevrei de întoarcere sau de mers înapoi, a circulației în sens contrar sensului de circulație, a circulației sau traversării de pe un sens de circulație pe celălalt prin zonele interzise, respectiv prin zona mediană sau racordurile dintre cele două părți carosabile.</li></ul>


                    </div>","https://scoaladrpciv.ro/intrebari/categoria-a/sanctiuni-si-contraventii"
"1790502050-70","https://scoaladrpciv.ro/intrebari/categoria-a","Cum se sancționează efectuarea manevrei de întoarcere, de mers înapoi sau circulația în sens contrar sensului de circulație, pe autostradă sau pe drumul expres?","C - cu amendă contravențională și suspendarea exercitării dreptului de a conduce pentru o perioadă de 120 de zile.","","","A - cu suspendarea exercitării dreptului de a conduce pentru o perioadă de 30 de zile;","B - cu amendă contravențională și puncte de penalizare:","https://scoaladrpciv.ro/intrebare/cum-se-sanctioneaza-efectuarea-manevrei-de-intoarcere-de-mers-inapoi-sau-circulatia-in-sens-contrar-sensului-de-circulatie-pe-autostrada-sau-pe-drumul-expres-ed58","","<div class="""">
                        <h4>Articolul 102</h4><p>(4)&nbsp;&nbsp;Constituie contravenție și se sancționează cu amenda prevăzută în clasa a IV-a de sancțiuni și cu aplicarea sancțiunii complementare a suspendării exercitării dreptului de a conduce pentru o perioadă de 120 de zile săvârșirea de către conducătorul de autovehicul ori de tractor agricol sau forestier a următoarelor fapte:</p><ul><li>a)&nbsp;&nbsp;&nbsp;&nbsp;depășirea cu mai mult de 70 km/h a vitezei maxime admise pe sectorul de drum respectiv și pentru categoria din care face parte autovehiculul condus, constatată, potrivit legii, cu mijloace tehnice omologate și verificate metrologic;</li><li>b)&nbsp; neoprirea la trecerea la nivel cu calea ferată când barierele sau semibarierele sunt coborâte ori în curs de coborâre sau când semnalele cu lumini roșii și/sau sonore sunt în funcțiune;</li><li><span style=""background-color:hsl(60, 75%, 60%);"">c)&nbsp;&nbsp;efectuarea, de către conducătorul de autovehicul, pe autostradă sau pe drumul expres, a manevrei de întoarcere sau de mers înapoi, a circulației în sens contrar sensului de circulație, a circulației sau traversării de pe un sens de circulație pe celălalt prin zonele interzise, respectiv prin zona mediană sau racordurile dintre cele două părți carosabile.</span></li></ul>


                    </div>","https://scoaladrpciv.ro/intrebari/categoria-a/sanctiuni-si-contraventii"
"1790502053-71","https://scoaladrpciv.ro/intrebari/categoria-a","Cum se sancționează adoptarea unui comportament agresiv în conducerea vehiculelor pe drumurile publice, dacă prin aceasta s-a produs un accident de circulație din care au rezultat avarierea unui vehicul sau alte pagube materiale?","A - amendă contravențională și suspendarea exercitării dreptului de a conduce pentru o perioadă de 60 de zile;","","","B - anularea permisului de conducere;","C - suspendarea exercitării dreptului de a conduce pentru o perioadă de 120 de zile.","https://scoaladrpciv.ro/intrebare/cum-se-sanctioneaza-adoptarea-unui-comportament-agresiv-in-conducerea-vehiculelor-pe-drumurile-publice-daca-prin-aceasta-s-a-produs-un-accident-de-circulatie-din-care-au-rezultat-avarierea-unui-vehicul-sau-alte-pagube-materiale-8588","","<div class="""">
                        <h4>Articolul 101</h4><p><br>(3)&nbsp;&nbsp;Constituie contravenție și se sancționează cu amenda prevăzută în clasa a III-a de sancțiuni și cu aplicarea sancțiunii contravenționale complementare a suspendării dreptului de a conduce pentru<strong> </strong><span style=""background-color:hsl(60, 75%, 60%);""><strong>o perioada de 60 de zile</strong></span> săvârșirea de către conducătorul de autovehicul, tractor agricol sau forestier ori tramvai a următoarelor fapte:</p><p>a)&nbsp;&nbsp;nerespectarea regulilor privind trecerea la culoarea roșie a semaforului, dacă prin aceasta s-a produs un accident de circulație din care a/au rezultat numai avarierea unui vehicul sau alte pagube materiale;</p><p>b)&nbsp;&nbsp;nerespectarea interdicției temporare de circulație instituite pe un anumit segment de drum public;</p><p>c)&nbsp;&nbsp;nerespectarea regulilor de circulație la trecerea unei coloane oficiale sau intercalarea într- o astfel de coloana;</p><p>d)&nbsp;&nbsp;circulația pe sens opus, cu excepția cazurilor în care se efectuează regulamentar manevra de depășire.</p><p>e)&nbsp;&nbsp;&nbsp;neacordarea priorității de trecere pietonilor angajați în traversarea regulamentară a drumului public prin locurile special amenajate și semnalizate, aflați pe sensul de deplasare a autovehiculului, tractorului agricol sau forestier ori tramvaiului;</p><p>f)&nbsp; neacordarea priorității de trecere vehiculelor care au acest drept;</p><p>g)&nbsp; nerespectarea regulilor privind depășirea;</p><p style=""text-align:justify;""><span style=""background-color:hsl(60,75%,60%);"">h)&nbsp;adoptarea unui comportament agresiv în conducerea vehiculelor pe drumurile publice, dacă prin aceasta s-a produs un accident de circulație din care au rezultat avarierea unui vehicul sau alte pagube materiale.</span></p>


                    </div>","https://scoaladrpciv.ro/intrebari/categoria-a/sanctiuni-si-contraventii"
"1790502055-72","https://scoaladrpciv.ro/intrebari/categoria-a","Cum se sancționează adoptarea unui comportament agresiv în conducerea vehiculelor pe drumurile publice?","C - amendă contravențională și suspendarea exercitării dreptului de a conduce pentru o perioadă de 30 de zile.","","","A - doar cu amendă contravențională;","B - amendă contravențională și puncte de penalizare;","https://scoaladrpciv.ro/intrebare/cum-se-sanctioneaza-adoptarea-unui-comportament-agresiv-in-conducerea-vehiculelor-pe-drumurile-publice-e7b4","","","https://scoaladrpciv.ro/intrebari/categoria-a/sanctiuni-si-contraventii"
"1790502057-73","https://scoaladrpciv.ro/intrebari/categoria-a","În ce situaţie se reţine permisul de conducere?","C - pentru depăşirea cu mai mult de 50 km/h a vitezei maxime admise.","","","A - pentru neefectuarea examenului medical;","B - pentru încălcarea semnificaţiei luminii de culoare galbenă a semaforului;","https://scoaladrpciv.ro/intrebare/in-ce-situatie-se-retine-permisul-de-conducere-203a","","","https://scoaladrpciv.ro/intrebari/categoria-a/sanctiuni-si-contraventii"
"1790502059-74","https://scoaladrpciv.ro/intrebari/categoria-a","Care dintre faptele de mai jos se consideră infracţiune şi se pedepseşte ca atare?","C - repararea motocicletei ce prezintă urme de accident, fără autorizaţia poliţiei.","","","A - sustragerea de la obligaţia de a supune motocicleta inspecţiei tehnice periodice;","B - părăsirea locului accidentului care a avut ca urmare avarii;","https://scoaladrpciv.ro/intrebare/care-dintre-faptele-de-mai-jos-se-considera-infractiune-si-se-pedepseste-ca-atare-2315","","<div class="""">
                        <p><strong><span style=""background-color: #e03e2d; color: #ffffff;"">Pentru varianta A</span></strong><br>Sustragerea de la obligatia de a supune autovehiculul inspecției tehnice periodice (ITP) nu reprezinta infractiune. Pentru aceasta se retine certificatul de inmatriculare sau inregistrare si se va elibera o dovada cu drept de circulatie de 15 zile timp in care se va putea efectua inspectia tehnica periodica.<br><br></p>
<p><strong><span style=""background-color: #e03e2d; color: #ffffff;"">Pentru varianta B<br></span></strong>Daca accidentul este fara victime si a rezultat doar avarierea vehiculelor sau pagube materiale, atunci se poate parasi locul accidentului.<br><br></p>
<p><span style=""background-color: #2dc26b;""><strong><span style=""color: #ffffff;"">Pentru varianta C</span></strong></span></p>
<h4>Articolul 80^1</h4>
<p>În situațiile prevăzute la art. 79 și 80, repararea vehiculelor se face pe baza documentului de constatare eliberat de unitatea de poliție sau, după caz, de societățile din domeniul asigurărilor*).</p>
<h4>Codul penal 340</h4>
<p><span style=""background-color: #ffffff; color: #222222;""><strong>4)</strong></span><span style=""background-color: #ffffff; color: #444444;""> Repararea autovehiculelor, remorcilor, tramvaielor sau mopedelor având urme de accident, fără a fi îndeplinite condiţiile prevăzute de lege, se pedepseşte cu închisoare de la 3 luni la 2 ani sau cu amendă.</span></p>


                    </div>","https://scoaladrpciv.ro/intrebari/categoria-a/sanctiuni-si-contraventii"
"1790502062-75","https://scoaladrpciv.ro/intrebari/categoria-a","Care sunt sancţiunile contravenţionale principale?","B - amenda şi avertismentul;","","","A - amenda penală;","C - amenda, punctele de penalizare, precum şi suspendarea exercitării dreptului de a conduce autovehicule.","https://scoaladrpciv.ro/intrebare/care-sunt-sanctiunile-contraventionale-principale-efa5","","<div class="""">
                        Art. 95<br>(1) Incalcarea dispozitiilor prezentei ordonante de urgenta, altele decat cele care intrunesc elementele constitutive ale unei infractiuni, constituie contraventie si se sanctioneaza cu <b>avertisment ori cu amenda ca sanctiune principala</b> si, dupa caz, cu una dintre sanctiunile contraventionale complementare prevazute la art.96 alin.(2).<br>(2) Avertismentul consta in atentionarea verbala sau scrisa a contravenientului, insotita de recomandarea de a respecta dispozitiile legale.<br>(3) Avertismentul se aplica in cazul in care prin incalcarea normei rutiere nu se pune in pericol siguranta circulatiei.<br>(4) Sanctiunile contraventionale prevazute la alin.(1) se stabilesc si se aplica contravenientilor, persoane fizice ori juridice.


                    </div>","https://scoaladrpciv.ro/intrebari/categoria-a/sanctiuni-si-contraventii"
"1790502064-76","https://scoaladrpciv.ro/intrebari/categoria-a","Pentru care dintre faptele de mai jos se aplică măsura reţinerii permisului de conducere?","A - pentru nerespectarea semnalelor, indicaţiilor şi dispoziţiilor poliţistului rutier aflat în exercitarea atribuţiilor de serviciu;","","","B - pentru nerespectarea dispoziţiilor legale referitoare la oprire şi staţionare;","C - pentru încălcarea normelor legale referitoare la semnalizarea vehiculelor.","https://scoaladrpciv.ro/intrebare/pentru-care-dintre-faptele-de-mai-jos-se-aplica-masura-retinerii-permisului-de-conducere-4448","","<div class="""">
                        Art. 111<br>(1) Permisul de conducere sau dovada inlocuitoare a acestuia se retine in urmatoarele cazuri:<br>a) la cumularea a cel putin 15 puncte de penalizare;<br>b) cand titularul acestuia a savarsit una dintre infractiunile prevazute la art.85, art.86 alin.(2), art.87 alin.(1), (2), (4) si (5), art.89 alin.(1), art.90 alin.(1) si art.92 alin.(3) si (5);<br>c) la savarsirea uneia dintre contraventiile prevazute la art.100 alin.(3), art.101 alin.(3), art.102 alin.(3) si art. 115 alin.(1);<br>d) cand titularul acestuia a fost declarat inapt pentru a conduce autovehicule sau tramvaie;<br>e) cand prezinta modificari, stersaturi sau adaugari, este deteriorat ori se afla in mod nejustificat asupra altei persoane;<br>f) cand perioada de valabilitate a expirat.<br>(2) La retinerea permisului de conducere, in cazurile prevazute la alin.(1), titularului acestuia i se elibereaza o dovada inlocuitoare cu sau fara drept de circulatie.<br>(3) In situatiile prevazute la alin.(1) lit.b) si art.102 alin.(3), dovada inlocuitoare a permisului de conducere se elibereaza fara drept de circulatie.<br>(4) Permisul de conducere al conducatorului de autovehicul sau tramvai, implicat intr-un accident de circulatie din care a rezultat uciderea sau vatamarea corporala grava a unei persoane, se retine de catre politia rutiera daca autorul accidentului a incalcat o regula de circulatie dintre cele prevazute la art.102 alin.(3), eliberandu-se dovada inlocuitoare fara drept de circulatie. Daca regula de circulatie incalcata este una dintre cele prevazute la art.100 alin.(3) si art.101 alin.(3), dovada inlocuitoare a permisului de conducere se elibereaza cu drept de circulatie pentru o perioada de 15 zile.<br>(5) In situatiile prevazute la art.85, art.86 alin.(2), art.90 alin.(1), art.100 alin.(3) si art.101 alin.(3), dovada inlocuitoare a permisului de conducere se elibereaza cu drept de circulatie pentru o perioada de 15 zile.<br>(6) Pentru cazurile prevazute la alin.(4) teza a II-a si alin.(5), dreptul de circulatie se poate prelungi, din 30 in 30 de zile, pe toata perioada urmaririi penale de catre seful politiei rutiere pe raza careia s-a comis fapta, la propunerea procurorului care efectueaza urmarirea penala sau care exercita supravegherea cercetarii penale ori la propunerea instantei de judecata care solutioneaza cauza penala ori plangerea introdusa impotriva procesului-verbal de constatare a contraventiei, pana la ramanerea definitiva si irevocabila a hotararii judecatoresti.<br>(7) Decizia sefului politiei rutiere privind prelungirea dreptului de circulatie poate fi atacata la instanta de contencios administrativ competenta, de orice persoana interesata. Procedura prealabila nu este obligatorie.<br><br>Art. 100<br>(3) Constituie contraventie si se sanctioneaza cu amenda prevazuta in clasa a II-a de sanctiuni si cu aplicarea sanctiunii contraventionale complementare a suspendarii exercitarii dreptului de a conduce pentru o perioada de 30 de zile savarsirea de catre conducatorul de autovehicul sau tramvai a urmatoarelor fapte:<br>a) depasirea coloanelor de vehicule oprite la culoarea rosie a semaforului sau la trecerile la nivel cu calea ferata;<br>b) neacordarea prioritatii de trecere pietonilor angajati in traversarea regulamentara a drumului public prin locurile special amenajate si semnalizate, aflati pe sensul de deplasare a autovehiculului sau tramvaiului;<br>c) neacordarea prioritatii de trecere vehiculelor care au acest drept;<br>d) nerespectarea semnificatiei culorii rosii a semaforului;<br>e) nerespectarea regulilor privind depasirea;<br>f) nerespectarea semnalelor, indicatiilor si dispozitiilor politistului rutier aflat in exercitarea atributiilor de serviciu;<br>g) nerespectarea prevederilor art.79 alin.(2).


                    </div>","https://scoaladrpciv.ro/intrebari/categoria-a/sanctiuni-si-contraventii"
"1790502066-77","https://scoaladrpciv.ro/intrebari/categoria-a","Cum se sancţionează nerespectarea semnalelor poliţiştilor la trecerea coloanelor oficiale sau intercalarea într-o astfel de coloană?","B - se suspendă exercitarea dreptului de a conduce autovehicule şi se aplică amendă contravenţională;","","","A - cu amendă penală;","C - cu amendă contravenţională şi puncte de penalizare.","https://scoaladrpciv.ro/intrebare/cum-se-sanctioneaza-nerespectarea-semnalelor-politistilor-la-trecerea-coloanelor-oficiale-sau-intercalarea-intr-o-astfel-de-coloana-a040","","<div class="""">
                        Art. 101<br>(1) Constituie contraventii si se sanctioneaza cu amenda prevazuta in clasa a III-a de sanctiuni urmatoarele fapte savarsite de persoane fizice:<br>1. conducerea unui autovehicul cu permis de conducere a carui valabilitate a expirat;<br>2. conducerea unui autovehicul de catre o persoana care nu a preschimbat permisul de conducere national romanesc la schimbarea domiciliului sau resedintei, in termenul prevazut de lege;<br>3. conducerea unui autovehicul de catre o persoana cu domiciliul in Romania care nu a preschimbat permisul de conducere obtinut in alt stat, in termenul prevazut de lege;<br>4. neindeplinirea obligatiilor de preschimbare a certificatului de inmatriculare sau de inregistrare a autovehiculului ori remorcii in cazurile prevazute de lege;<br>5. nepastrarea distantei laterale suficiente fata de vehiculul care circula din sens opus;<br>6. nerespectarea de catre conducatorul de vehicul a semnificatiei indicatoarelor si marcajelor de interzicere sau restrictie ori a celor temporare, cu exceptia celor care interzic accesul sau depasirea care se incadreaza in alta clasa de sanctiuni;<br>7. nerespectarea obligatiei de a permite parasirea intersectiei conducatorului vehiculului ramas in interiorul acesteia;<br>8. nerespectarea normelor privind circulatia bicicletelor si mopedelor;<br>9. nereducerea vitezei in cazurile prevazute de regulament;<br>10. montarea la autovehicul, remorca sau tramvai a luminilor de alta culoare sau intensitate, a altor lumini ori dispozitive de avertizare sonora sau accesorii ori modificari neomologate;<br>11. circulatia cu un autovehicul, remorca sau tramvai cu defectiuni la sistemul de iluminare sau de avertizare sonora ori cand acestea lipsesc;<br>12. nerespectarea regulilor in cazul imobilizarii involuntare in pasaje subterane si tuneluri;<br>13. nerespectarea regulilor privind transportul persoanelor si al obiectelor in sau pe vehicule;<br>14. pornirea de pe loc a autovehiculului sau tramvaiului cu usile deschise, circulatia cu usile deschise ori deschiderea acestora in timpul mersului; deschiderea usilor autovehiculului atunci cand acesta este oprit sau stationat, fara asigurarea ca nu se pune in pericol siguranta deplasarii celorlalti participanti la trafic;<br>15. oprirea autovehiculelor destinate transportului public de persoane in alte locuri decat in statiile semnalizate ca atare;<br>16. nerespectarea regulilor privind circulatia pe benzi;<br>17. conducerea pe drumurile publice a vehiculelor cu doua roti, fara a se asigura contactul cu partea carosabila pe ambele roti.<br>(2) Amenda contraventionala prevazuta la alin.(1) se aplica si conducatorului de autovehicul sau tramvai care savarseste o fapta pentru care se aplica 4 puncte de penalizare, conform art.108 alin.(1) lit.c).<br>(3) Constituie contraventie si se sanctioneaza cu amenda prevazuta in clasa a III-a de sanctiuni si cu aplicarea sanctiunii contraventionale complementare a suspendarii dreptului de a conduce pentru o perioada de 60 de zile savarsirea de catre conducatorul de autovehicul sau tramvai a urmatoarelor fapte:<br>a) nerespectarea regulilor privind prioritatea de trecere, depasirea sau trecerea la culoarea rosie a semaforului, daca prin aceasta s-a produs un accident de circulatie din care a rezultat avarierea unui vehicul sau alte pagube materiale;<br>b) nerespectarea interdictiei temporare de circulatie instituite pe un anumit segment de drum public;<br>c) nerespectarea regulilor de circulatie la trecerea unei coloane oficiale sau intercalarea intr-o astfel de coloana;<br>d) circulatia pe sens opus, cu exceptia cazurilor in care se efectueaza regulamentar manevra de depasire.


                    </div>","https://scoaladrpciv.ro/intrebari/categoria-a/sanctiuni-si-contraventii"
"1790502069-78","https://scoaladrpciv.ro/intrebari/categoria-a","Conduceţi motocicleta pe drumurile publice şi refuzaţi recoltarea unor probe biologice în vederea stabilirii alcoolemiei. Veţi fi pedepsit penal?","A - da;","","","B - numai dacă sunteţi implicat într-un accident de circulaţie;","C - nu.","https://scoaladrpciv.ro/intrebare/conduceti-motocicleta-pe-drumurile-publice-si-refuzati-recoltarea-unor-probe-biologice-in-vederea-stabilirii-alcoolemiei-veti-fi-pedepsit-penal-d357","","<div class="""">
                        Art. 87<br>(1) Conducerea pe drumurile publice a unui autovehicul sau tramvai de catre o persoana care are o imbibatie alcoolica de peste 0,80 g/l alcool pur in sange se pedepseste cu inchisoare de la unu la 5 ani.<br>(2) Cu pedeapsa prevazuta la alin.(1) se sanctioneaza si persoana care conduce un autovehicul sau un tramvai si care se afla sub influenta unor substante ori produse stupefiante sau medicamente cu efecte similare acestora.<br>(3) Substantele sau produsele stupefiante, precum si medicamentele cu efecte similare acestora se stabilesc de catre Ministerul Sanatatii, iar lista acestora se publica in Monitorul Oficial al Romaniei, Partea I.<br>(4) Daca persoana aflata in una dintre situatiile prevazute la alin.(1) sau (2) efectueaza transport public de persoane, transport de substante sau produse periculoase ori se afla in procesul de instruire practica a unei persoane pentru obtinerea permisului de conducere sau in timpul desfasurarii probelor practice ale examenului pentru obtinerea permisului de conducere, pedeapsa este inchisoare de la 2 la 7 ani.<br>(5) Refuzul, impotrivirea sau sustragerea conducatorului unui autovehicul sau al unui tramvai ori a instructorului auto, aflat in procesul de instruire, sau a examinatorului autoritatii competente, aflat in timpul desfasurarii probelor practice ale examenului pentru obtinerea permisului de conducere, de a se supune recoltarii probelor biologice sau testarii aerului expirat, in vederea stabilirii alcoolemiei ori a prezentei de produse sau substante stupefiante ori a medicamentelor cu efecte similare acestora, se pedepseste cu inchisoare de la 2 la 7 ani.


                    </div>","https://scoaladrpciv.ro/intrebari/categoria-a/sanctiuni-si-contraventii"
"1790502071-79","https://scoaladrpciv.ro/intrebari/categoria-a","Cum se sancţionează depăşirea pe partea dreaptă a sensului de mers, fără semnalizare şi încadrare corespunzătoare direcţiei de deplasare?","C - cu amendă contravenţională şi suspendarea exercitării dreptului de a conduce autovehiculul.","","","A - cu amendă contravenţională şi puncte de penalizare;","B - cu amendă contravenţională;","https://scoaladrpciv.ro/intrebare/cum-se-sanctioneaza-depasirea-pe-partea-dreapta-a-sensului-de-mers-fara-semnalizare-si-incadrare-corespunzatoare-directiei-de-deplasare-24f1","","<div class="""">
                        Art. 100<br>(1) Constituie contraventii si se sanctioneaza cu amenda prevazuta in clasa a II-a de sanctiuni urmatoarele fapte savarsite de persoane fizice:<br>1. nerespectarea semnalelor politistilor de frontiera in punctele de trecere a frontierei de stat a Romaniei, ale indrumatorilor de circulatie ai Ministerului Apararii Nationale, ale agentilor de cale ferata, ale persoanelor desemnate pentru dirijarea circulatiei, pe sectoarele de drum pe care se executa lucrari de reabilitare a acestora, precum si cele ale patrulelor scolare de circulatie si ale nevazatorilor;<br>2. nerespectarea regulilor de utilizare a mijloacelor de avertizare sonora de catre conducatorii de vehicule, cu exceptia celor care conduc autovehicule prevazute la art.32 alin.(2) lit.a) si b);<br>3. nerespectarea semnificatiei indicatoarelor si marcajelor de obligare;<br>4. neindeplinirea obligatiei de a solicita autoritatii competente, in termenul prevazut de lege, eliberarea unui duplicat al permisului de conducere sau al certificatului de inmatriculare ori de inregistrare, in cazul in care acestea au fost declarate furate, pierdute, deteriorate sau nu mai corespund din punct de vedere al formei si continutului celor in vigoare;<br>5. lipsa dotarilor specifice la autovehiculele destinate invatarii conducerii auto, prevazute in reglementarile in vigoare;<br>6. conducerea unui autovehicul care are montate anvelope cu alte dimensiuni sau caracteristici decat cele prevazute in certificatul de inmatriculare sau inregistrare ori sunt uzate peste limita admisa;<br>7. conducerea unui autovehicul care, in mers sau stationare, polueaza fonic sau emana noxe peste limita legal admisa;<br>8. nerespectarea traseelor stabilite de politia rutiera pentru pregatirea practica sau sustinerea examenului pentru obtinerea permisului de conducere;<br>9. nerespectarea obligatiei de a circula pe un singur sir, indiferent de directia de deplasare, intr-o intersectie in care circula si tramvaie si de a lasa liber traseul tramvaiului atunci cand spatiul dintre sina din dreapta si trotuar nu permite circulatia pe doua siruri;<br>10. efectuarea de catre conducatorul unui vehicul a unor activitati de natura a-i distrage atentia de la conducere ori folosirea instalatiilor de sonorizare la un nivel de zgomot care afecteaza deplasarea in siguranta a lui si a celorlalti participanti la trafic;<br>11. nerespectarea obligatiei ce revine conducatorului de motocicleta sau moped de a avea in functiune, in timpul zilei, luminile de intalnire in circulatia pe drumurile publice;<br>12. neutilizarea echipamentului de protectie-avertizare fluorescent-reflectorizant de catre persoana care executa lucrari in zona drumului public sau de catre agentul de cale ferata care asigura trecerea la nivel;<br>13. conducerea unui autovehicul care nu este dotat cu trusa medicala, triunghiuri reflectorizante si stingator pentru incendii, omologate.<br>(2) Amenda contraventionala prevazuta la alin.(1) se aplica si conducatorului de autovehicul sau tramvai care savarseste o fapta pentru care se aplica 3 puncte de penalizare, conform art.108 alin.(1) lit.b).<br>(3) Constituie contraventie si se sanctioneaza cu amenda prevazuta in clasa a II-a de sanctiuni si cu aplicarea sanctiunii contraventionale complementare a suspendarii exercitarii dreptului de a conduce pentru o perioada de 30 de zile savarsirea de catre conducatorul de autovehicul sau tramvai a urmatoarelor fapte:<br>a) depasirea coloanelor de vehicule oprite la culoarea rosie a semaforului sau la trecerile la nivel cu calea ferata;<br>b) neacordarea prioritatii de trecere pietonilor angajati in traversarea regulamentara a drumului public prin locurile special amenajate si semnalizate, aflati pe sensul de deplasare a autovehiculului sau tramvaiului;<br>c) neacordarea prioritatii de trecere vehiculelor care au acest drept;<br>d) nerespectarea semnificatiei culorii rosii a semaforului;<br>e) nerespectarea regulilor privind depasirea;<br>f) nerespectarea semnalelor, indicatiilor si dispozitiilor politistului rutier aflat in exercitarea atributiilor de serviciu;<br>g) nerespectarea prevederilor art.79 alin.(2).<br>


                    </div>","https://scoaladrpciv.ro/intrebari/categoria-a/sanctiuni-si-contraventii"
"1790502073-80","https://scoaladrpciv.ro/intrebari/categoria-a","Se aplică puncte de penalizare pentru:","A - nerespectarea semnificaţiei indicatorului „Oprire”, instalat la trecerea la nivel cu o cale ferată;","B - depăşirea cu 31-40 km/h a vitezei maxime admise pe sectorul de drum respectiv pentru categoria din care face parte autovehiculul condus;","C - depăşirea cu 10-20 km/h a vitezei maxime admise pe sectorul de drum respectiv pentru categoria din care face parte autovehiculul condus.","","","https://scoaladrpciv.ro/intrebare/se-aplica-puncte-de-penalizare-pentru-96ca","","<div class="""">
                        Art. 108<br>(1) Savarsirea de catre conducatorul de autovehicul sau tramvai a uneia sau mai multor contraventii atrage, pe langa sanctiunea amenzii, si aplicarea unui numar de puncte de penalizare, dupa cum urmeaza:<br>a) 2 puncte de penalizare pentru savarsirea urmatoarelor fapte:<br>1. folosirea incorecta a luminilor de drum la intalnirea cu un autovehicul care circula din sens opus;<br>2. folosirea telefoanelor mobile in timpul conducerii, cu exceptia celor prevazute cu dispozitive de tip ?maini libere?;<br>3. nerespectarea obligatiei de a purta, in timpul circulatiei pe drumurile publice, centura de siguranta ori castile de protectie omologate, dupa caz;<br>4. depasirea cu 10-20 km/h a vitezei maxime admise pe sectorul de drum respectiv pentru categoria din care face parte autovehiculul condus, constatata, potrivit legii, cu mijloace tehnice omologate si verificate metrologic;<br>5. circulatia pe un sector de drum pe care accesul este interzis;<br>6. nerespectarea regulilor privind manevra de intoarcere, mersul inapoi, schimbarea benzii de circulatie sau a directiei de mers;<br>7. nerespectarea obligatiei de a folosi luminile de intalnire si pe timpul zilei, pe autostrazi, drumuri expres si pe drumuri nationale europene (E);<br>8. stationarea neregulamentara;<br>9. refuzul inmanarii actului de identitate, permisului de conducere, certificatului de inmatriculare sau de inregistrare, al celorlalte documente prevazute de lege, la cererea politistului rutier, precum si refuzul de a permite verificarea vehiculului;<br>b) 3 puncte de penalizare pentru savarsirea urmatoarelor fapte:<br>1. oprirea nejustificata sau circulatia pe banda de urgenta a autostrazilor sau oprirea pe partea carosabila a drumurilor expres sau a drumurilor nationale europene (E);<br>2. depasirea cu 21-30 km/h a vitezei maxime admise pe sectorul de drum respectiv pentru categoria din care face parte autovehiculul condus, constatata, potrivit legii, cu mijloace tehnice omologate si verificate metrologic;<br>3. nerespectarea regulilor privind manevra de intoarcere, mersul inapoi, schimbarea benzii de circulatie sau a directiei de mers, daca prin aceasta s-a produs un accident din care au rezultat avarierea unui vehicul sau alte pagube materiale;<br>4. nepastrarea unei distante corespunzatoare fata de vehiculul care il precede, daca prin aceasta s-a produs un accident din care au rezultat avarierea unui vehicul sau alte pagube materiale;<br>5. nerespectarea semnificatiei indicatorului ''ocolire'', instalat pe refugiul statiilor de tramvai;<br>6. patrunderea intr-o intersectie atunci cand circulatia in interiorul acesteia este blocata;<br>c) 4 puncte de penalizare pentru savarsirea urmatoarelor fapte:<br>1. nerespectarea obligatiilor care ii revin in cazul vehiculelor ramase in pana sau avariate;<br>2. nerespectarea semnificatiei indicatorului ''STOP'';<br>3. depasirea cu 31-40 km/h a vitezei maxime admise pe sectorul de drum respectiv pentru categoria din care face parte autovehiculul condus, constatata, potrivit legii, cu mijloace tehnice omologate si verificate metrologic;<br>4. circulatia in timpul noptii sau ziua, pe timp de ceata, ninsoare abundenta sau ploaie torentiala, cu un autovehicul fara lumini sau fara semnalizare corespunzatoare;<br>5. conducerea unui autovehicul sau tractarea unei remorci atunci cand dovada inlocuitoare a certificatului de inmatriculare sau de inregistrare este eliberata fara drept de circulatie sau durata acesteia a expirat;<br>d) 6 puncte de penalizare pentru savarsirea urmatoarelor fapte:<br>1. refuzul de a permite imobilizarea vehiculului sau verificarea tehnica a acestuia;<br>2. nerespectarea semnificatiei semnalelor regulamentare ale agentilor de cale ferata care dirijeaza circulatia la trecerile la nivel cu calea ferata;<br>3. depasirea cu 41-50 km/h a vitezei maxime admise pe sectorul de drum respectiv pentru categoria din care face parte autovehiculul condus, constatata, potrivit legii, cu mijloace tehnice omologate si verificate metrologic;<br>4. conducerea unui vehicul inmatriculat sau inregistrat care nu are montata una din placutele cu numarul de inmatriculare sau de inregistrare;<br>5. circulatia sau stationarea pe spatiul interzis care separa sensurile de circulatie pe autostrada;<br>6. stationarea ori parcarea autovehiculelor pe autostrada in alte locuri decat cele special amenajate si semnalizate;<br>7. executarea pe autostrada a manevrei de intoarcere sau de mers inapoi, circulatia sau traversarea de pe un sens de circulatie pe celalalt prin zonele interzise, respectiv zona mediana sau racordurile dintre cele doua parti carosabile;<br>8. nerespectarea semnificatiei indicatoarelor Trecere la nivel cu o cale ferata simpla, fara bariere, Trecere la nivel cu o cale ferata dubla, fara bariere sau Oprire, instalate la trecerea la nivel cu o cale ferata;<br>9. schimbarea directiei de mers prin viraj spre stanga, daca prin aceasta se incalca marcajul longitudinal continuu care separa sensurile de circulatie;<br>10. patrunderea intr-o intersectie dirijata prin semafoare, daca prin aceasta se produce blocarea circulatiei in interiorul intersectiei.<br>(2) Procedura de inregistrare a punctelor de penalizare se stabileste prin regulament.


                    </div>","https://scoaladrpciv.ro/intrebari/categoria-a/sanctiuni-si-contraventii"
"1790502075-81","https://scoaladrpciv.ro/intrebari/categoria-a","Cum se sancţionează nerespectarea de către conducători a obligaţiei de a opri la semnalele agenţilor de cale ferată?","C - cu amendă contravenţională şi puncte de penalizare.","","","A - cu amendă contravenţională;","B - cu reţinerea permisului de conducere;","https://scoaladrpciv.ro/intrebare/cum-se-sanctioneaza-nerespectarea-de-catre-conducatori-a-obligatiei-de-a-opri-la-semnalele-agentilor-de-cale-ferata-f443","","<div class="""">
                        <h3>Articolul 102</h3>
<p>(2) <span style=""background-color: #f1c40f;"">Amenda contravențională</span> prevăzută la alin. (1) se aplică și conducătorului de autovehicul, tractor agricol sau forestier ori tramvai care săvârșește o faptă pentru care se aplică 6 puncte de penalizare, <span style=""background-color: #f1c40f;"">conform art. 108 alin. (1) lit. d).</span></p>
<p>&nbsp;</p>
<h3>Articolul 108</h3>
<p>d) 6 puncte de penalizare pentru savarsirea urmatoarelor fapte:<br>1. refuzul de a permite imobilizarea vehiculului sau verificarea tehnica a acestuia;<br><span style=""background-color: #f1c40f;"">2. nerespectarea semnificatiei semnalelor regulamentare ale agentilor de cale ferata care dirijeaza circulatia la trecerile la nivel cu calea ferata;</span><br>3. depasirea cu 41-50 km/h a vitezei maxime admise pe sectorul de drum respectiv pentru categoria din care face parte autovehiculul condus, constatata, potrivit legii, cu mijloace tehnice omologate si verificate metrologic;<br>4. conducerea unui vehicul inmatriculat sau inregistrat care nu are montata una din placutele cu numarul de inmatriculare sau de inregistrare;<br>5. circulatia sau stationarea pe spatiul interzis care separa sensurile de circulatie pe autostrada;<br>6. stationarea ori parcarea autovehiculelor pe autostrada in alte locuri decat cele special amenajate si semnalizate;<br>7. executarea pe autostrada a manevrei de intoarcere sau de mers inapoi, circulatia sau traversarea de pe un sens de circulatie pe celalalt prin zonele interzise, respectiv zona mediana sau racordurile dintre cele doua parti carosabile;<br>8. nerespectarea semnificatiei indicatoarelor Trecere la nivel cu o cale ferata simpla, fara bariere, Trecere la nivel cu o cale ferata dubla, fara bariere sau Oprire, instalate la trecerea la nivel cu o cale ferata;<br>9. schimbarea directiei de mers prin viraj spre stanga, daca prin aceasta se incalca marcajul longitudinal continuu care separa sensurile de circulatie;<br>10. patrunderea intr-o intersectie dirijata prin semafoare, daca prin aceasta se produce blocarea circulatiei in interiorul intersectiei.</p>


                    </div>","https://scoaladrpciv.ro/intrebari/categoria-a/sanctiuni-si-contraventii"
"1790502078-82","https://scoaladrpciv.ro/intrebari/categoria-a","Se aplică puncte de penalizare pentru:","A - circulaţia sau staţionarea pe spaţiul interzis care separă sensurile de circulaţie pe autostradă;","","","B - conducerea unei motociclete cu permisul de conducere deteriorat;","C - circulaţia cu viteză redusă.","https://scoaladrpciv.ro/intrebare/se-aplica-puncte-de-penalizare-pentru-b235","","<div class="""">
                        Art. 108<br>(1) Savarsirea de catre conducatorul de autovehicul sau tramvai a uneia sau mai multor contraventii atrage, pe langa sanctiunea amenzii, si aplicarea unui numar de puncte de penalizare, dupa cum urmeaza:<br>a) 2 puncte de penalizare pentru savarsirea urmatoarelor fapte:<br>1. folosirea incorecta a luminilor de drum la intalnirea cu un autovehicul care circula din sens opus;<br>2. folosirea telefoanelor mobile in timpul conducerii, cu exceptia celor prevazute cu dispozitive de tip ?maini libere?;<br>3. nerespectarea obligatiei de a purta, in timpul circulatiei pe drumurile publice, centura de siguranta ori castile de protectie omologate, dupa caz;<br>4. depasirea cu 10-20 km/h a vitezei maxime admise pe sectorul de drum respectiv pentru categoria din care face parte autovehiculul condus, constatata, potrivit legii, cu mijloace tehnice omologate si verificate metrologic;<br>5. circulatia pe un sector de drum pe care accesul este interzis;<br>6. nerespectarea regulilor privind manevra de intoarcere, mersul inapoi, schimbarea benzii de circulatie sau a directiei de mers;<br>7. nerespectarea obligatiei de a folosi luminile de intalnire si pe timpul zilei, pe autostrazi, drumuri expres si pe drumuri nationale europene (E);<br>8. stationarea neregulamentara;<br>9. refuzul inmanarii actului de identitate, permisului de conducere, certificatului de inmatriculare sau de inregistrare, al celorlalte documente prevazute de lege, la cererea politistului rutier, precum si refuzul de a permite verificarea vehiculului;<br>b) 3 puncte de penalizare pentru savarsirea urmatoarelor fapte:<br>1. oprirea nejustificata sau circulatia pe banda de urgenta a autostrazilor sau oprirea pe partea carosabila a drumurilor expres sau a drumurilor nationale europene (E);<br>2. depasirea cu 21-30 km/h a vitezei maxime admise pe sectorul de drum respectiv pentru categoria din care face parte autovehiculul condus, constatata, potrivit legii, cu mijloace tehnice omologate si verificate metrologic;<br>3. nerespectarea regulilor privind manevra de intoarcere, mersul inapoi, schimbarea benzii de circulatie sau a directiei de mers, daca prin aceasta s-a produs un accident din care au rezultat avarierea unui vehicul sau alte pagube materiale;<br>4. nepastrarea unei distante corespunzatoare fata de vehiculul care il precede, daca prin aceasta s-a produs un accident din care au rezultat avarierea unui vehicul sau alte pagube materiale;<br>5. nerespectarea semnificatiei indicatorului ''ocolire'', instalat pe refugiul statiilor de tramvai;<br>6. patrunderea intr-o intersectie atunci cand circulatia in interiorul acesteia este blocata;<br>c) 4 puncte de penalizare pentru savarsirea urmatoarelor fapte:<br>1. nerespectarea obligatiilor care ii revin in cazul vehiculelor ramase in pana sau avariate;<br>2. nerespectarea semnificatiei indicatorului ''STOP'';<br>3. depasirea cu 31-40 km/h a vitezei maxime admise pe sectorul de drum respectiv pentru categoria din care face parte autovehiculul condus, constatata, potrivit legii, cu mijloace tehnice omologate si verificate metrologic;<br>4. circulatia in timpul noptii sau ziua, pe timp de ceata, ninsoare abundenta sau ploaie torentiala, cu un autovehicul fara lumini sau fara semnalizare corespunzatoare;<br>5. conducerea unui autovehicul sau tractarea unei remorci atunci cand dovada inlocuitoare a certificatului de inmatriculare sau de inregistrare este eliberata fara drept de circulatie sau durata acesteia a expirat;<br>d) 6 puncte de penalizare pentru savarsirea urmatoarelor fapte:<br>1. refuzul de a permite imobilizarea vehiculului sau verificarea tehnica a acestuia;<br>2. nerespectarea semnificatiei semnalelor regulamentare ale agentilor de cale ferata care dirijeaza circulatia la trecerile la nivel cu calea ferata;<br>3. depasirea cu 41-50 km/h a vitezei maxime admise pe sectorul de drum respectiv pentru categoria din care face parte autovehiculul condus, constatata, potrivit legii, cu mijloace tehnice omologate si verificate metrologic;<br>4. conducerea unui vehicul inmatriculat sau inregistrat care nu are montata una din placutele cu numarul de inmatriculare sau de inregistrare;<br>5. circulatia sau stationarea pe spatiul interzis care separa sensurile de circulatie pe autostrada;<br>6. stationarea ori parcarea autovehiculelor pe autostrada in alte locuri decat cele special amenajate si semnalizate;<br>7. executarea pe autostrada a manevrei de intoarcere sau de mers inapoi, circulatia sau traversarea de pe un sens de circulatie pe celalalt prin zonele interzise, respectiv zona mediana sau racordurile dintre cele doua parti carosabile;<br>8. nerespectarea semnificatiei indicatoarelor Trecere la nivel cu o cale ferata simpla, fara bariere, Trecere la nivel cu o cale ferata dubla, fara bariere sau Oprire, instalate la trecerea la nivel cu o cale ferata;<br>9. schimbarea directiei de mers prin viraj spre stanga, daca prin aceasta se incalca marcajul longitudinal continuu care separa sensurile de circulatie;<br>10. patrunderea intr-o intersectie dirijata prin semafoare, daca prin aceasta se produce blocarea circulatiei in interiorul intersectiei.<br>(2) Procedura de inregistrare a punctelor de penalizare se stabileste prin regulament.


                    </div>","https://scoaladrpciv.ro/intrebari/categoria-a/sanctiuni-si-contraventii"
"1790502080-83","https://scoaladrpciv.ro/intrebari/categoria-a","Cum se sancţionează neacordarea priorităţii de către conducătorii de motociclete pietonilor angajaţi în traversarea drumurilor publice, atunci când au acest drept?","B - prin amendă contravenţională şi suspendarea exercitării dreptului de a conduce autovehicule;","","","A - prin anularea permisului de conducere;","C - prin amendă contravenţională şi puncte de penalizare.","https://scoaladrpciv.ro/intrebare/cum-se-sanctioneaza-neacordarea-prioritatii-de-catre-conducatorii-de-motociclete-pietonilor-angajati-in-traversarea-drumurilor-publice-atunci-cand-au-acest-drept-eb0a","","<div class="""">
                        Art. 100<br>(1) Constituie contraventii si se sanctioneaza cu amenda prevazuta in clasa a II-a de sanctiuni urmatoarele fapte savarsite de persoane fizice:<br>1. nerespectarea semnalelor politistilor de frontiera in punctele de trecere a frontierei de stat a Romaniei, ale indrumatorilor de circulatie ai Ministerului Apararii Nationale, ale agentilor de cale ferata, ale persoanelor desemnate pentru dirijarea circulatiei, pe sectoarele de drum pe care se executa lucrari de reabilitare a acestora, precum si cele ale patrulelor scolare de circulatie si ale nevazatorilor;<br>2. nerespectarea regulilor de utilizare a mijloacelor de avertizare sonora de catre conducatorii de vehicule, cu exceptia celor care conduc autovehicule prevazute la art.32 alin.(2) lit.a) si b);<br>3. nerespectarea semnificatiei indicatoarelor si marcajelor de obligare;<br>4. neindeplinirea obligatiei de a solicita autoritatii competente, in termenul prevazut de lege, eliberarea unui duplicat al permisului de conducere sau al certificatului de inmatriculare ori de inregistrare, in cazul in care acestea au fost declarate furate, pierdute, deteriorate sau nu mai corespund din punct de vedere al formei si continutului celor in vigoare;<br>5. lipsa dotarilor specifice la autovehiculele destinate invatarii conducerii auto, prevazute in reglementarile in vigoare;<br>6. conducerea unui autovehicul care are montate anvelope cu alte dimensiuni sau caracteristici decat cele prevazute in certificatul de inmatriculare sau inregistrare ori sunt uzate peste limita admisa;<br>7. conducerea unui autovehicul care, in mers sau stationare, polueaza fonic sau emana noxe peste limita legal admisa;<br>8. nerespectarea traseelor stabilite de politia rutiera pentru pregatirea practica sau sustinerea examenului pentru obtinerea permisului de conducere;<br>9. nerespectarea obligatiei de a circula pe un singur sir, indiferent de directia de deplasare, intr-o intersectie in care circula si tramvaie si de a lasa liber traseul tramvaiului atunci cand spatiul dintre sina din dreapta si trotuar nu permite circulatia pe doua siruri;<br>10. efectuarea de catre conducatorul unui vehicul a unor activitati de natura a-i distrage atentia de la conducere ori folosirea instalatiilor de sonorizare la un nivel de zgomot care afecteaza deplasarea in siguranta a lui si a celorlalti participanti la trafic;<br>11. nerespectarea obligatiei ce revine conducatorului de motocicleta sau moped de a avea in functiune, in timpul zilei, luminile de intalnire in circulatia pe drumurile publice;<br>12. neutilizarea echipamentului de protectie-avertizare fluorescent-reflectorizant de catre persoana care executa lucrari in zona drumului public sau de catre agentul de cale ferata care asigura trecerea la nivel;<br>13. conducerea unui autovehicul care nu este dotat cu trusa medicala, triunghiuri reflectorizante si stingator pentru incendii, omologate.<br>(2) Amenda contraventionala prevazuta la alin.(1) se aplica si conducatorului de autovehicul sau tramvai care savarseste o fapta pentru care se aplica 3 puncte de penalizare, conform art.108 alin.(1) lit.b).<br>(3) Constituie contraventie si se sanctioneaza cu amenda prevazuta in clasa a II-a de sanctiuni si cu aplicarea sanctiunii contraventionale complementare a suspendarii exercitarii dreptului de a conduce pentru o perioada de 30 de zile savarsirea de catre conducatorul de autovehicul sau tramvai a urmatoarelor fapte:<br>a) depasirea coloanelor de vehicule oprite la culoarea rosie a semaforului sau la trecerile la nivel cu calea ferata;<br>b) neacordarea prioritatii de trecere pietonilor angajati in traversarea regulamentara a drumului public prin locurile special amenajate si semnalizate, aflati pe sensul de deplasare a autovehiculului sau tramvaiului;<br>c) neacordarea prioritatii de trecere vehiculelor care au acest drept;<br>d) nerespectarea semnificatiei culorii rosii a semaforului;<br>e) nerespectarea regulilor privind depasirea;<br>f) nerespectarea semnalelor, indicatiilor si dispozitiilor politistului rutier aflat in exercitarea atributiilor de serviciu;<br>g) nerespectarea prevederilor art.79 alin.(2).


                    </div>","https://scoaladrpciv.ro/intrebari/categoria-a/sanctiuni-si-contraventii"
"1790502086-84","https://scoaladrpciv.ro/intrebari/categoria-a","Vă este permis să conduceţi motocicleta pe drumurile publice fără să asiguraţi contactul cu partea carosabilă pe ambele roţi?","B - nu;","","","A - da;","C - acest aspect nu este reglementat legal.","https://scoaladrpciv.ro/intrebare/va-este-permis-sa-conduceti-motocicleta-pe-drumurile-publice-fara-sa-asigurati-contactul-cu-partea-carosabila-pe-ambele-roti-ae4d","","<div class="""">
                        <p>Art. 101<br>(1) Constituie contraventii si se sanctioneaza cu amenda prevazuta in clasa a III-a de sanctiuni urmatoarele fapte savarsite de persoane fizice:<br>1. conducerea unui autovehicul cu permis de conducere a carui valabilitate a expirat;<br>2. conducerea unui autovehicul de catre o persoana care nu a preschimbat permisul de conducere national romanesc la schimbarea domiciliului sau resedintei, in termenul prevazut de lege;<br>3. conducerea unui autovehicul de catre o persoana cu domiciliul in Romania care nu a preschimbat permisul de conducere obtinut in alt stat, in termenul prevazut de lege;<br>4. neindeplinirea obligatiilor de preschimbare a certificatului de inmatriculare sau de inregistrare a autovehiculului ori remorcii in cazurile prevazute de lege;<br>5. nepastrarea distantei laterale suficiente fata de vehiculul care circula din sens opus;<br>6. nerespectarea de catre conducatorul de vehicul a semnificatiei indicatoarelor si marcajelor de interzicere sau restrictie ori a celor temporare, cu exceptia celor care interzic accesul sau depasirea care se incadreaza in alta clasa de sanctiuni;<br>7. nerespectarea obligatiei de a permite parasirea intersectiei conducatorului vehiculului ramas in interiorul acesteia;<br>8. nerespectarea normelor privind circulatia bicicletelor si mopedelor;<br>9. nereducerea vitezei in cazurile prevazute de regulament;<br>10. montarea la autovehicul, remorca sau tramvai a luminilor de alta culoare sau intensitate, a altor lumini ori dispozitive de avertizare sonora sau accesorii ori modificari neomologate;<br>11. circulatia cu un autovehicul, remorca sau tramvai cu defectiuni la sistemul de iluminare sau de avertizare sonora ori cand acestea lipsesc;<br>12. nerespectarea regulilor in cazul imobilizarii involuntare in pasaje subterane si tuneluri;<br>13. nerespectarea regulilor privind transportul persoanelor si al obiectelor in sau pe vehicule;<br>14. pornirea de pe loc a autovehiculului sau tramvaiului cu usile deschise, circulatia cu usile deschise ori deschiderea acestora in timpul mersului; deschiderea usilor autovehiculului atunci cand acesta este oprit sau stationat, fara asigurarea ca nu se pune in pericol siguranta deplasarii celorlalti participanti la trafic;<br>15. oprirea autovehiculelor destinate transportului public de persoane in alte locuri decat in statiile semnalizate ca atare;<br>16. nerespectarea regulilor privind circulatia pe benzi;<br><span style=""background-color:hsl(60, 75%, 60%);"">17. conducerea pe drumurile publice a vehiculelor cu doua roti, fara a se asigura contactul cu partea carosabila pe ambele roti.</span><br>(2) Amenda contraventionala prevazuta la alin.(1) se aplica si conducatorului de autovehicul sau tramvai care savarseste o fapta pentru care se aplica 4 puncte de penalizare, conform art.108 alin.(1) lit.c).<br>(3) Constituie contraventie si se sanctioneaza cu amenda prevazuta in clasa a III-a de sanctiuni si cu aplicarea sanctiunii contraventionale complementare a suspendarii dreptului de a conduce pentru o perioada de 60 de zile savarsirea de catre conducatorul de autovehicul sau tramvai a urmatoarelor fapte:<br>a) nerespectarea regulilor privind prioritatea de trecere, depasirea sau trecerea la culoarea rosie a semaforului, daca prin aceasta s-a produs un accident de circulatie din care a rezultat avarierea unui vehicul sau alte pagube materiale;<br>b) nerespectarea interdictiei temporare de circulatie instituite pe un anumit segment de drum public;<br>c) nerespectarea regulilor de circulatie la trecerea unei coloane oficiale sau intercalarea intr-o astfel de coloana;<br>d) circulatia pe sens opus, cu exceptia cazurilor in care se efectueaza regulamentar manevra de depasire.</p>


                    </div>","https://scoaladrpciv.ro/intrebari/categoria-a/sanctiuni-si-contraventii"
"1790502088-85","https://scoaladrpciv.ro/intrebari/categoria-a","Se pedepsesc penal următoarele acţiuni:","A - instalarea de mijloace de semnalizare rutieră sau modificarea poziţiei acestora fără autorizaţie legală;","B - organizarea sau participarea la concursuri neautorizate cu vehicule sau animale, pe drumurile publice;","C - blocarea cu intenţie a drumului public, dacă se pune în pericol siguranţa circulaţiei.","","","https://scoaladrpciv.ro/intrebare/se-pedepsesc-penal-urmatoarele-actiuni-9cc1","","<div class="""">
                        Art. 92<br>(1) Fapta savarsita cu intentie de a sustrage, distruge, degrada ori de a aduce in stare de neintrebuintare indicatoarele, semafoarele, amenajarile rutiere sau crearea de obstacole pe partea carosabila se pedepseste cu inchisoare de la 6 luni la 2 ani sau cu amenda.<br>(2) Cu pedeapsa prevazuta la alin.(1) se sanctioneaza instalarea de mijloace de semnalizare rutiera sau modificarea pozitiilor acestora, fara autorizatie eliberata de autoritatile competente, de natura sa induca in eroare participantii la trafic.<br>(3) Organizarea sau participarea, in calitate de conducator de vehicul sau de animale, la intreceri neautorizate pe drumurile publice, se pedepseste cu inchisoare de la 3 luni la 2 ani sau cu amenda.<br>(4) Cu pedeapsa prevazuta la alin.(3) se sanctioneaza blocarea cu intentie a drumului public, daca se pune in pericol siguranta circulatiei ori se aduce atingere dreptului la libera circulatie a celorlalti participanti la trafic.<br>(5) Lasarea fara supraveghere pe partea carosabila a drumurilor publice a unui vehicul care transporta produse sau substante periculoase se pedepseste cu inchisoare de la 3 la 7 ani.


                    </div>","https://scoaladrpciv.ro/intrebari/categoria-a/sanctiuni-si-contraventii"
"1790502091-86","https://scoaladrpciv.ro/intrebari/categoria-a","În ce situaţie se reţine permisul de conducere?","A - în cazul încălcării obligaţiilor privind semnificaţia luminilor roşii la trecerea la nivel cu calea ferată prevăzută cu bariere;","","","B - în cazul reparării motocicletei fără autorizaţia poliţiei;","C - atunci când motocicleta nu este dotată cu oglinzi retrovizoare.","https://scoaladrpciv.ro/intrebare/in-ce-situatie-se-retine-permisul-de-conducere-e56e","","<div class="""">
                        Art. 100<br>(1) Constituie contraventii si se sanctioneaza cu amenda prevazuta in clasa a II-a de sanctiuni urmatoarele fapte savarsite de persoane fizice:<br>1. nerespectarea semnalelor politistilor de frontiera in punctele de trecere a frontierei de stat a Romaniei, ale indrumatorilor de circulatie ai Ministerului Apararii Nationale, ale agentilor de cale ferata, ale persoanelor desemnate pentru dirijarea circulatiei, pe sectoarele de drum pe care se executa lucrari de reabilitare a acestora, precum si cele ale patrulelor scolare de circulatie si ale nevazatorilor;<br>2. nerespectarea regulilor de utilizare a mijloacelor de avertizare sonora de catre conducatorii de vehicule, cu exceptia celor care conduc autovehicule prevazute la art.32 alin.(2) lit.a) si b);<br>3. nerespectarea semnificatiei indicatoarelor si marcajelor de obligare;<br>4. neindeplinirea obligatiei de a solicita autoritatii competente, in termenul prevazut de lege, eliberarea unui duplicat al permisului de conducere sau al certificatului de inmatriculare ori de inregistrare, in cazul in care acestea au fost declarate furate, pierdute, deteriorate sau nu mai corespund din punct de vedere al formei si continutului celor in vigoare;<br>5. lipsa dotarilor specifice la autovehiculele destinate invatarii conducerii auto, prevazute in reglementarile in vigoare;<br>6. conducerea unui autovehicul care are montate anvelope cu alte dimensiuni sau caracteristici decat cele prevazute in certificatul de inmatriculare sau inregistrare ori sunt uzate peste limita admisa;<br>7. conducerea unui autovehicul care, in mers sau stationare, polueaza fonic sau emana noxe peste limita legal admisa;<br>8. nerespectarea traseelor stabilite de politia rutiera pentru pregatirea practica sau sustinerea examenului pentru obtinerea permisului de conducere;<br>9. nerespectarea obligatiei de a circula pe un singur sir, indiferent de directia de deplasare, intr-o intersectie in care circula si tramvaie si de a lasa liber traseul tramvaiului atunci cand spatiul dintre sina din dreapta si trotuar nu permite circulatia pe doua siruri;<br>10. efectuarea de catre conducatorul unui vehicul a unor activitati de natura a-i distrage atentia de la conducere ori folosirea instalatiilor de sonorizare la un nivel de zgomot care afecteaza deplasarea in siguranta a lui si a celorlalti participanti la trafic;<br>11. nerespectarea obligatiei ce revine conducatorului de motocicleta sau moped de a avea in functiune, in timpul zilei, luminile de intalnire in circulatia pe drumurile publice;<br>12. neutilizarea echipamentului de protectie-avertizare fluorescent-reflectorizant de catre persoana care executa lucrari in zona drumului public sau de catre agentul de cale ferata care asigura trecerea la nivel;<br>13. conducerea unui autovehicul care nu este dotat cu trusa medicala, triunghiuri reflectorizante si stingator pentru incendii, omologate.<br>(2) Amenda contraventionala prevazuta la alin.(1) se aplica si conducatorului de autovehicul sau tramvai care savarseste o fapta pentru care se aplica 3 puncte de penalizare, conform art.108 alin.(1) lit.b).<br>(3) Constituie contraventie si se sanctioneaza cu amenda prevazuta in clasa a II-a de sanctiuni si cu aplicarea sanctiunii contraventionale complementare a suspendarii exercitarii dreptului de a conduce pentru o perioada de 30 de zile savarsirea de catre conducatorul de autovehicul sau tramvai a urmatoarelor fapte:<br>a) depasirea coloanelor de vehicule oprite la culoarea rosie a semaforului sau la trecerile la nivel cu calea ferata;<br>b) neacordarea prioritatii de trecere pietonilor angajati in traversarea regulamentara a drumului public prin locurile special amenajate si semnalizate, aflati pe sensul de deplasare a autovehiculului sau tramvaiului;<br>c) neacordarea prioritatii de trecere vehiculelor care au acest drept;<br>d) nerespectarea semnificatiei culorii rosii a semaforului;<br>e) nerespectarea regulilor privind depasirea;<br>f) nerespectarea semnalelor, indicatiilor si dispozitiilor politistului rutier aflat in exercitarea atributiilor de serviciu;<br>g) nerespectarea prevederilor art.79 alin.(2).


                    </div>","https://scoaladrpciv.ro/intrebari/categoria-a/sanctiuni-si-contraventii"
"1790502093-87","https://scoaladrpciv.ro/intrebari/categoria-a","Pentru care dintre faptele de mai jos se aplică măsura reţinerii permisului de conducere?","A - pentru neoprirea la semnalul regulamentar al poliţistului;","B - pentru nerespectarea dispoziţiilor legale referitoare la depăşire;","","C - pentru nerespectarea normelor privind folosirea luminilor pe timp de noapte.","","https://scoaladrpciv.ro/intrebare/pentru-care-dintre-faptele-de-mai-jos-se-aplica-masura-retinerii-permisului-de-conducere-41d9","","<div class="""">
                        <h4>Articolul 100</h4><p><br>(3)&nbsp;&nbsp;&nbsp;Constituie contravenție și se sancționează cu amenda prevăzută în clasa a II-a de sancțiuni și cu aplicarea sancțiunii contravenționale complementare a suspendării exercitării dreptului de a conduce pentru o perioadă de 30 de zile săvârșirea de către conducătorul de autovehicul, tractor agricol sau forestier ori tramvai a următoarelor fapte:</p><ul><li>a)&nbsp; depășirea coloanelor de vehicule oprite la culoarea roșie a semaforului sau la trecerile la nivel cu calea ferată;</li><li>b)&nbsp; abrogată.</li><li>c)&nbsp; abrogată.</li><li>d)&nbsp; nerespectarea semnificației culorii roșii a semaforului;</li><li>e)&nbsp; abrogată.</li><li><span style=""background-color:hsl(60, 75%, 60%);"">f)&nbsp;&nbsp;nerespectarea semnalelor, indicațiilor și dispozițiilor polițistului rutier aflat în exercitarea atribuțiilor de serviciu;</span></li><li>g)&nbsp;&nbsp;neprezentarea la unitatea de poliție competentă pe raza căreia s-a produs un accident de circulație din care au rezultat numai pagube materiale, cu excepția cazurilor prevăzute la art. 79 alin. (2).</li><li>h)&nbsp;&nbsp;folosirea telefoanelor mobile atunci când conducătorii de vehicule se află în timpul deplasării pe drumurile publice, cu excepția celor prevăzute cu dispozitive tip «mâini libere», concomitent cu încălcarea unei reguli pentru circulația vehiculelor.</li><li>i)&nbsp; adoptarea unui comportament agresiv în conducerea vehiculelor pe drumurile publice.<br>&nbsp;</li></ul><h4>Articolul 101</h4><p><br>(3)&nbsp;&nbsp;Constituie contravenție și se sancționează cu amenda prevăzută în clasa a III-a de sancțiuni și cu aplicarea sancțiunii contravenționale complementare a suspendării dreptului de a conduce pentru o perioada de 60 de zile săvârșirea de către conducătorul de autovehicul, tractor agricol sau forestier ori tramvai a următoarelor fapte:</p><ul><li>a)&nbsp;&nbsp;nerespectarea regulilor privind trecerea la culoarea roșie a semaforului, dacă prin aceasta s-a produs un accident de circulație din care a/au rezultat numai avarierea unui vehicul sau alte pagube materiale;</li><li>b)&nbsp;&nbsp;nerespectarea interdicției temporare de circulație instituite pe un anumit segment de drum public;</li><li>c)&nbsp;&nbsp;nerespectarea regulilor de circulație la trecerea unei coloane oficiale sau intercalarea într- o astfel de coloana;</li><li>d)&nbsp;&nbsp;circulația pe sens opus, cu excepția cazurilor în care se efectuează regulamentar manevra de depășire.</li><li>e)&nbsp;&nbsp;&nbsp;neacordarea priorității de trecere pietonilor angajați în traversarea regulamentară a drumului public prin locurile special amenajate și semnalizate, aflați pe sensul de deplasare a autovehiculului, tractorului agricol sau forestier ori tramvaiului;</li><li>f)&nbsp; neacordarea priorității de trecere vehiculelor care au acest drept;</li><li><span style=""background-color:hsl(60, 75%, 60%);"">g)&nbsp; nerespectarea regulilor privind depășirea;</span></li><li>h)&nbsp;adoptarea unui comportament agresiv în conducerea vehiculelor pe drumurile publice, dacă prin aceasta s-a produs un accident de circulație din care au rezultat avarierea unui vehicul sau alte pagube materiale.</li></ul>


                    </div>","https://scoaladrpciv.ro/intrebari/categoria-a/sanctiuni-si-contraventii"
"1790502095-88","https://scoaladrpciv.ro/intrebari/categoria-a","În care dintre situaţii se reţine certificatul de înmatriculare sau înregistrare?","A - când inspecţia tehnică periodică a expirat;","B - dacă zgomotul în mers sau staţionare depăşeşte limita legală admisă;","C - când motorul emite noxe poluante peste limitele legale admise.","","","https://scoaladrpciv.ro/intrebare/in-care-dintre-situatii-se-retine-certificatul-de-inmatriculare-sau-inregistrare-2eed","","<div class="""">
                        Art. 112<br>(1) Certificatul de inmatriculare sau de inregistrare ori dovada inlocuitoare a acestuia se retine de catre politia rutiera in urmatoarele cazuri:<br>a) vehiculul nu are efectuata inspectia tehnica periodica valabila;<br>b) nu sunt respectate normele tehnice constructive referitoare la transportul produselor periculoase;<br>c) vehiculul circula noaptea fara faruri sau lampi de semnalizare, dispozitivele de iluminare si semnalizare luminoase, mijloacele fluorescent-reflectorizante, prevazute in normele tehnice in vigoare;<br>d) vehiculul circula cu defectiuni majore la sistemele de iluminare-semnalizare sau cu alte dispozitive decat cele omologate;<br>e) sistemul de franare de serviciu este defect;<br>f) sistemul de franare de ajutor sau de stationare este defect;<br>g) mecanismul de directie prezinta uzuri peste limitele admise;<br>h) anvelopele au alte dimensiuni sau caracteristici decat cele prevazute in cartea de identitate a vehiculului, prezinta taieturi sau rupturi ale cordului ori sunt uzate peste limita legal admisa;<br>i) zgomotul in mers sau stationare depaseste limita legal admisa pentru tipul respectiv de vehicul;<br>j) motorul emite noxe poluante peste limitele legal admise;<br>k) elementele dispozitivului de cuplare pentru remorcare prezinta uzuri pronuntate ori nu sunt compatibile, fiind de natura sa provoace desprinderea remorcii sau dezechilibrarea ansamblului;<br>l) autovehiculul sau tramvaiul are aplicate pe parbriz, luneta sau geamurile laterale afise sau reclame publicitare, folii neomologate si/sau nemarcate corespunzator ori accesorii care restrang sau estompeaza vizibilitatea in timpul mersului, atat din interior, cat si din exterior;<br>m) autovehiculul are aplicat pe partea frontala si/sau posterioara a acestuia afise, inscrisuri sau reclame care diminueaza eficacitatea dispozitivelor de iluminare si semnalizare luminoasa ori citirea numarului de inmatriculare;<br>n) autovehiculul prezinta scurgeri semnificative de carburant sau lubrifiant;<br>o) placutele cu numerele de inmatriculare sau de inregistrare nu sunt conforme cu standardul sau au aplicate dispozitive de iluminare, altele decat cele omologate;<br>p) datele din certificatul de inmatriculare sau de inregistrare nu concorda cu caracteristicile tehnice ale vehiculului;<br>r) vehiculul nu a fost radiat din circulatie in cazurile prevazute in prezenta ordonanta de urgenta;<br>s) vehiculul nu este asigurat de raspundere civila in caz de pagube produse tertilor prin accidente de circulatie, conform legii;<br>t) detinatorul vehiculului nu a preschimbat certificatul de inmatriculare sau de inregistrare, in conformitate cu prevederile legale;<br>u) vehiculul nu are montata una dintre placutele cu numarul de inmatriculare sau de inregistrare;<br>v) vehiculul are lipsa elemente ale caroseriei ori aceasta este intr-o stare avansata de degradare;<br>x) lipsa dotarilor obligatorii pe autovehicule destinate invatarii conducerii autovehiculelor in procesul instruirii persoanelor in vederea obtinerii permisului de conducere, prevazute de reglementarile in vigoare.<br>(2) In situatiile prevazute la alin.(1) lit.b), c), e), g), k), o), p), r) si s), la retinerea certificatului de inmatriculare sau de inregistrare, politistul rutier elibereaza conducatorului de vehicul o dovada inlocuitoare fara drept de circulatie, iar in cazurile prevazute la alin.(1) lit. a), d), f), h), i), j), l), m), n), t) u), v) si x), o dovada inlocuitoare cu drept de circulatie pentru 15 zile.<br>(3) In situatiile prevazute la alin.(1) lit.b), o), p), r) si s), odata cu retinerea certificatului de inmatriculare, politistul rutier retrage si numerele de inmatriculare sau de inregistrare.<br>(4) Certificatul de inmatriculare sau de inregistrare si placutele cu numarul de inmatriculare sau de inregistrare, cu exceptia celor care nu corespund standardelor, se restituie proprietarului sau utilizatorului vehiculului de catre politia rutiera, la prezentarea de catre acesta a dovezii incetarii motivului pentru care documentul a fost retinut, in conditiile prevazute in regulament.


                    </div>","https://scoaladrpciv.ro/intrebari/categoria-a/sanctiuni-si-contraventii"
"1790502097-89","https://scoaladrpciv.ro/intrebari/categoria-a","Ce măsuri vor fi luate în cazul conducerii pe drumurile publice a unei motociclete cu defecţiuni grave la mecanismul de direcţie?","A - amendă contravenţională, reţinerea certificatului de înmatriculare, precum şi reţinerea permisului de conducere în vederea suspendării exercitării dreptului de a conduce autovehicule;","","","B - amendă contravenţională;","C - amendă contravenţională şi reţinerea certificatului de înmatriculare.","https://scoaladrpciv.ro/intrebare/ce-masuri-vor-fi-luate-in-cazul-conducerii-pe-drumurile-publice-a-unei-motociclete-cu-defectiuni-grave-la-mecanismul-de-directie-7ec5","","<div class="""">
                        Art. 102<br>(1) Constituie contraventii si se sanctioneaza cu amenda prevazuta in clasa a IV-a de sanctiuni urmatoarele fapte savarsite de persoane fizice:<br>1. conducerea pe drumurile publice a unui vehicul care nu corespunde din punct de vedere tehnic sau al carui termen de valabilitate a inspectiei tehnice periodice a expirat;<br>2. conducerea pe drumurile publice a unui vehicul fara a avea montata una dintre placutele cu numarul de inmatriculare sau de inregistrare ori daca placutele cu numarul de inmatriculare ori de inregistrare nu sunt fixate in locurile special destinate;<br>3. conducerea unui vehicul cu tractiune animala neinregistrat;<br>4. neefectuarea radierii vehiculelor din evidenta, in cazurile si termenele prevazute de lege;<br>5. conducerea unui autovehicul destinat transportului public de persoane sau de marfuri fara a detine atestatul profesional;<br>6. neefectuarea verificarii medicale periodice;<br>7. neindeplinirea de catre medicul de familie a obligatiilor prevazute la art.22 alin.(5) in cazul implicarii, cu vinovatie, a conducatorului de vehicul aflat in evidenta sa intr-un accident de circulatie in urma caruia au rezultat numai pagube materiale;<br>8. detinerea simultana a doua permise de conducere nationale, dintre care unul eliberat de o autoritate competenta straina;<br>9. lipirea de afise, inscriptii sau inscrisuri pe indicatoarele sau dispozitivele ce servesc la semnalizarea rutiera, inclusiv pe suporturile acestora;<br>10. detinerea, montarea sau folosirea in circulatia pe drumurile publice a mijloacelor speciale de avertizare sonora sau luminoasa pe vehiculele care nu au acest drept;<br>11. detinerea, montarea sau folosirea in circulatia pe drumurile publice a dispozitivelor care perturba functionarea normala a dispozitivelor de masurare a vitezei;<br>12. folosirea nejustificata a mijloacelor speciale de avertizare luminoase sau sonore de catre conducatorii autovehiculelor care au regim de circulatie prioritara;<br>13. nerespectarea semnalelor regulamentare ale agentilor de cale ferata la trecerea la nivel;<br>14. necomunicarea de catre proprietarul sau utilizatorul unui vehicul, la solicitarea politiei rutiere, a identitatii persoanei careia i-a incredintat vehiculul spre a fi condus;<br>15. neindeplinirea obligatiilor ce ii revin conducatorului de vehicule care efectueaza transport public de persoane sau de marfuri;<br>16. nerespectarea obligatiilor ce revin conducatorilor de vehicule cu tractiune animala;<br>17. nerespectarea dispozitiilor art.74 privind circulatia pe autostrazi;<br>18. neindeplinirea obligatiilor prevazute la art.79 alin.(2) in cazul implicarii conducatorului de autovehicul intr-un accident de circulatie din care au rezultat numai pagube materiale;<br>19. efectuarea transportului de marfuri sau persoane cu autovehicule si remorci care circula in baza autorizatiei pentru proba;<br>20. conducerea unui autovehicul care circula in baza autorizatiei pentru probe in afara judetului sau a municipiului Bucuresti in raza caruia isi are sediul titularul autorizatiei;<br>21. nerespectarea semnificatiei luminii rosii a dispozitivelor instalate pentru semnalizarea benzilor cu circulatie reversibila;<br>22. savarsirea de catre conducatorii de vehicule sau pasagerii acestora de gesturi obscene, proferarea de injurii, adresarea de expresii jignitoare sau vulgare participantilor la trafic;<br>23. aruncarea, lasarea ori abandonarea pe drumul public de obiecte, materiale, substante sau vehicule, dupa caz;<br>24. nerespectarea regulilor privind remorcarea vehiculelor;<br>25. neprezentarea, in mod nejustificat, in termenul stabilit la unitatea de politie rutiera la care a fost invitat pentru solutionarea oricarei probleme legate de calitatea de participant la trafic sau de proprietar ori utilizator de vehicul;<br>26. patrunderea pe drumurile publice modernizate cu un vehicul care are pe roti sau pe caroserie noroi ce se depune pe partea carosabila ori din care cad sau se scurg produse, substante sau materiale ce pun in pericol siguranta circulatiei;<br>27. transportul copiilor in varsta de pana la 12 ani sau al animalelor pe locurile din fata ale vehiculelor;<br>28. conducerea autovehiculului cu masa maxima autorizata mai mare de 3,5 tone pe drumurile acoperite cu gheata, zapada sau polei, fara a avea montate pe roti lanturi sau alte echipamente antiderapante omologate;<br>29. neaplicarea, in partea din spate a unui autovehicul inmatriculat intr-un stat care nu este semnatar al Conventiei asupra circulatiei rutiere, a semnului distinctiv al statului care a efectuat inmatricularea;<br>30. stationarea neregulamentara pe drumurile publice in conditii de vizibilitate redusa;<br>31. lovirea, deteriorarea sau ocolirea portilor de gabarit instalate inaintea trecerii la nivel cu calea ferata;<br>32. lovirea si/sau deteriorarea pasajelor superioare de pe drumurile publice, prin nerespectarea gabaritului de libera trecere semnalizat corespunzator;<br>33. montarea pe autovehicul a unui sistem antifurt sonor a carui durata a semnalului depaseste mai mult de un minut consecutiv, iar intensitatea semnalului depaseste pragul fonic prevazut de lege;<br>34. neaplicarea, in partea din spate a vehiculului care efectueaza transport public de persoane sau de marfuri, a indicatorului cu limitele de viteza admise pentru categoria din care face parte vehiculul condus;<br>35. aplicarea tratamentelor chimice sau a foliilor, pe parbriz, luneta sau pe geamurile laterale, cu exceptia celor omologate si/sau certificate de catre autoritatea competenta si care sunt marcate corespunzator;<br>36. aplicarea de afise, reclame publicitare, inscrisuri sau accesorii pe parbriz, luneta sau geamurile laterale care restrang sau estompeaza vizibilitatea sub limita legal admisa ori impiedica sau diminueaza eficacitatea dispozitivelor de iluminare si semnalizare luminoasa ori citirea numarului de inmatriculare;<br>37. incalcarea obligatiilor referitoare la circulatia pe drumurile publice a vehiculelor care transporta produse sau marfuri periculoase ori a vehiculelor cu masa si/sau gabaritul depasit.<br>38. nerespectarea obligatiei de comunicare prevazute de art. 801 sau comunicarea de date inexacte sau incomplete<br>(2) Amenda contraventionala prevazuta la alin.(1) se aplica si conducatorului de autovehicul sau tramvai care savarseste o fapta pentru care se aplica 6 puncte de penalizare, conform art.108 alin.(1) lit.d).<br>(3) Constituie contraventie si se sanctioneaza cu amenda prevazuta in clasa a IV-a de sanctiuni si cu aplicarea sanctiunii complementare a suspendarii exercitarii dreptului de a conduce pentru o perioada de 90 de zile savarsirea de catre conducatorul de autovehicul sau tramvai a urmatoarelor fapte:<br>a) conducerea sub influenta bauturilor alcoolice, daca fapta nu constituie, potrivit legii, infractiune;<br>b) conducerea vehiculului cu defectiuni grave la sistemul de franare sau la mecanismul de directie, constatate de politia rutiera impreuna cu specialistii Registrului Auto Roman;<br>c) neoprirea la trecerea la nivel cu calea ferata cand barierele sau semibarierele sunt coborate ori in curs de coborare sau cand semnalele cu lumini rosii si/sau sonore sunt in functiune;<br>d) nerespectarea dispozitiilor prevazute la art.35 alin.(3);<br>e) depasirea cu mai mult de 50 km/h a vitezei maxime admise pe sectorul de drum respectiv si pentru categoria din care face parte autovehiculul condus, constatata, potrivit legii, cu mijloace tehnice omologate si verificate metrologic.<br><br>Art. 112<br>(1) Certificatul de inmatriculare sau de inregistrare ori dovada inlocuitoare a acestuia se retine de catre politia rutiera in urmatoarele cazuri:<br>a) vehiculul nu are efectuata inspectia tehnica periodica valabila;<br>b) nu sunt respectate normele tehnice constructive referitoare la transportul produselor periculoase;<br>c) vehiculul circula noaptea fara faruri sau lampi de semnalizare, dispozitivele de iluminare si semnalizare luminoase, mijloacele fluorescent-reflectorizante, prevazute in normele tehnice in vigoare;<br>d) vehiculul circula cu defectiuni majore la sistemele de iluminare-semnalizare sau cu alte dispozitive decat cele omologate;<br>e) sistemul de franare de serviciu este defect;<br>f) sistemul de franare de ajutor sau de stationare este defect;<br>g) mecanismul de directie prezinta uzuri peste limitele admise;<br>h) anvelopele au alte dimensiuni sau caracteristici decat cele prevazute in cartea de identitate a vehiculului, prezinta taieturi sau rupturi ale cordului ori sunt uzate peste limita legal admisa;<br>i) zgomotul in mers sau stationare depaseste limita legal admisa pentru tipul respectiv de vehicul;<br>j) motorul emite noxe poluante peste limitele legal admise;<br>k) elementele dispozitivului de cuplare pentru remorcare prezinta uzuri pronuntate ori nu sunt compatibile, fiind de natura sa provoace desprinderea remorcii sau dezechilibrarea ansamblului;<br>l) autovehiculul sau tramvaiul are aplicate pe parbriz, luneta sau geamurile laterale afise sau reclame publicitare, folii neomologate si/sau nemarcate corespunzator ori accesorii care restrang sau estompeaza vizibilitatea in timpul mersului, atat din interior, cat si din exterior;<br>m) autovehiculul are aplicat pe partea frontala si/sau posterioara a acestuia afise, inscrisuri sau reclame care diminueaza eficacitatea dispozitivelor de iluminare si semnalizare luminoasa ori citirea numarului de inmatriculare;<br>n) autovehiculul prezinta scurgeri semnificative de carburant sau lubrifiant;<br>o) placutele cu numerele de inmatriculare sau de inregistrare nu sunt conforme cu standardul sau au aplicate dispozitive de iluminare, altele decat cele omologate;<br>p) datele din certificatul de inmatriculare sau de inregistrare nu concorda cu caracteristicile tehnice ale vehiculului;<br>r) vehiculul nu a fost radiat din circulatie in cazurile prevazute in prezenta ordonanta de urgenta;<br>s) vehiculul nu este asigurat de raspundere civila in caz de pagube produse tertilor prin accidente de circulatie, conform legii;<br>t) detinatorul vehiculului nu a preschimbat certificatul de inmatriculare sau de inregistrare, in conformitate cu prevederile legale;<br>u) vehiculul nu are montata una dintre placutele cu numarul de inmatriculare sau de inregistrare;<br>v) vehiculul are lipsa elemente ale caroseriei ori aceasta este intr-o stare avansata de degradare;<br>x) lipsa dotarilor obligatorii pe autovehicule destinate invatarii conducerii autovehiculelor in procesul instruirii persoanelor in vederea obtinerii permisului de conducere, prevazute de reglementarile in vigoare.<br>(2) In situatiile prevazute la alin.(1) lit.b), c), e), g), k), o), p), r) si s), la retinerea certificatului de inmatriculare sau de inregistrare, politistul rutier elibereaza conducatorului de vehicul o dovada inlocuitoare fara drept de circulatie, iar in cazurile prevazute la alin.(1) lit. a), d), f), h), i), j), l), m), n), t) u), v) si x), o dovada inlocuitoare cu drept de circulatie pentru 15 zile.<br>(3) In situatiile prevazute la alin.(1) lit.b), o), p), r) si s), odata cu retinerea certificatului de inmatriculare, politistul rutier retrage si numerele de inmatriculare sau de inregistrare.<br>(4) Certificatul de inmatriculare sau de inregistrare si placutele cu numarul de inmatriculare sau de inregistrare, cu exceptia celor care nu corespund standardelor, se restituie proprietarului sau utilizatorului vehiculului de catre politia rutiera, la prezentarea de catre acesta a dovezii incetarii motivului pentru care documentul a fost retinut, in conditiile prevazute in regulament.


                    </div>","https://scoaladrpciv.ro/intrebari/categoria-a/sanctiuni-si-contraventii"
"1790502103-90","https://scoaladrpciv.ro/intrebari/categoria-a","Care dintre faptele de mai jos, comise într-un interval de 12 luni de la restituirea permisului de conducere, atrag sancţiunea contravenţională de suspendare a exercitării dreptului de a conduce autovehicule, pentru 60 de zile?","C - acumularea din nou a cel puţin 15 puncte de penalizare.","","","A - încălcarea dispoziţiilor legale cu privire la semnalizarea schimbării direcţiei de mers;","B - încălcarea dispoziţiilor legale cu privire la folosirea luminilor din dotare pe timp de noapte;","https://scoaladrpciv.ro/intrebare/care-dintre-faptele-de-mai-jos-comise-intr-un-interval-de-12-luni-de-la-restituirea-permisului-de-conducere-atrag-sanctiunea-contraventionala-de-suspendare-a-exercitarii-dreptului-de-a-conduce-autovehicule-pentru-60-de-zile-1c77","","<div class="""">
                        Art. 103<br>(1) Suspendarea exercitarii dreptului de a conduce autovehicule se dispune:<br>a) pentru o perioada de 30 de zile, daca titularul permisului de conducere a savarsit contraventii care cumuleaza 15 puncte de penalizare;<br>b) pentru o perioada de 60 de zile, daca titularul permisului de conducere cumuleaza, din nou, cel putin 15 puncte de penalizare in urmatoarele 12 luni de la data expirarii ultimei suspendari a exercitarii dreptului de a conduce.<br>(2) In cazul in care conducatorul de autovehicul sau tramvai savarseste, intr-un interval de 6 luni de la data restituirii permisului de conducere, din nou, o noua fapta prevazuta la art.100 alin.(3), art.101 alin.(3) si art.102 alin.(3), perioada de suspendare se majoreaza cu inca 30 de zile.<br>(3) In cazurile prevazute la alin.(1) si (2) hotararea de suspendare a exercitarii dreptului de a conduce se comunica titularului de catre serviciul politiei rutiere, care are in evidenta contravenientul, in termen de 10 zile de la data constatarii ultimei contraventii.<br>(4) Punctele de penalizare se anuleaza la implinirea termenului de 6 luni de la data constatarii contraventiei.<br>(5) Suspendarea exercitarii dreptului de a conduce anuleaza toate punctele de penalizare acumulate pana in acel moment.<br>(6) In cazurile prevazute la alin.(1), contravenientul este obligat sa se prezinte la unitatea de politie pe raza careia domiciliaza sau, dupa caz, are resedinta, in termen de 5 zile de la primirea instiintarii scrise, pentru a preda permisul de conducere.<br>(7) Neprezentarea contravenientului in termenul prevazut la alin.(6), in mod nejustificat, atrage majorarea cu 30 de zile a duratei de suspendare a exercitarii dreptului de a conduce, prevazuta la alin.(1) lit.a) si b).


                    </div>","https://scoaladrpciv.ro/intrebari/categoria-a/sanctiuni-si-contraventii"
"1790502105-91","https://scoaladrpciv.ro/intrebari/categoria-a","Imobilizarea unei motociclete de către poliţistul rutier se dispune:","C - pentru refuzul de legitimare.","","","A - pentru lipsa triunghiurilor reflectorizante;","B - pentru lipsa trusei medicale de prim ajutor;","https://scoaladrpciv.ro/intrebare/imobilizarea-unei-motociclete-de-catre-politistul-rutier-se-dispune-f033","","<div class="""">
                        Art. 117<br>(1) Imobilizarea unui vehicul se dispune de catre politistul rutier in cazul savarsirii de catre conducatorul acestuia a uneia dintre urmatoarele fapte:<br>a) conducerea unui vehicul neinmatriculat sau neinregistrat ori cu numar de inmatriculare sau de inregistrare fals ori fara a avea montate placutele cu numarul de inmatriculare sau de inregistrare;<br>b) conducerea unui vehicul a carui stare tehnica pune in pericol grav siguranta circulatiei, deterioreaza drumul public sau afecteaza mediul;<br>c) conducerea unui vehicul cu incalcarea regulilor referitoare la transportul marfurilor periculoase ori cu gabarite si/sau mase depasite;<br>d) conducerea unui vehicul despre care exista date sau indicii ca face obiectul unei fapte de natura penala;<br>e) refuza sa se legitimeze;<br>f) se afla sub influenta bauturilor alcoolice, a produselor sau substantelor stupefiante ori a medicamentelor cu efecte similare acestora, iar conducerea vehiculului nu poate fi asigurata de o alta persoana;<br>g) nu respecta timpii de conducere si de odihna prevazuti de lege.<br>(2) Imobilizarea unui vehicul se dispune si in cazul in care conducatorul acestuia ori unul dintre pasageri savarseste o fapta de natura penala sau este urmarit pentru savarsirea unei infractiuni.<br>(3) Pentru oprirea fortata sau imobilizarea in cazurile prevazute la alin.(1) si (2), politia rutiera poate utiliza dispozitive speciale omologate.<br>(4) Procedura de imobilizare a vehiculelor in cazurile prevazute la alin. (1) si (2) se stabileste prin regulament.


                    </div>","https://scoaladrpciv.ro/intrebari/categoria-a/sanctiuni-si-contraventii"
"1790502107-92","https://scoaladrpciv.ro/intrebari/categoria-a","Sunteţi obligat să vă supuneţi recoltării probelor biologice, în cazul unui accident de circulaţie din care a rezultat moartea sau vătămarea integrităţii corporale ori a sănătăţii unor persoane?","C - da, în mod necondiţionat.","","","A - da, dar numai dacă sunteţi vinovat de producerea accidentului;","B - nu, dacă aţi fost testat cu un aparat autorizat;","https://scoaladrpciv.ro/intrebare/sunteti-obligat-sa-va-supuneti-recoltarii-probelor-biologice-in-cazul-unui-accident-de-circulatie-din-care-a-rezultat-moartea-sau-vatamarea-integritatii-corporale-ori-a-sanatatii-unor-persoane-8674","","<div class="""">
                        Art. 87<br>(1) Conducerea pe drumurile publice a unui autovehicul sau tramvai de catre o persoana care are o imbibatie alcoolica de peste 0,80 g/l alcool pur in sange se pedepseste cu inchisoare de la unu la 5 ani.<br>(2) Cu pedeapsa prevazuta la alin.(1) se sanctioneaza si persoana care conduce un autovehicul sau un tramvai si care se afla sub influenta unor substante ori produse stupefiante sau medicamente cu efecte similare acestora.<br>(3) Substantele sau produsele stupefiante, precum si medicamentele cu efecte similare acestora se stabilesc de catre Ministerul Sanatatii, iar lista acestora se publica in Monitorul Oficial al Romaniei, Partea I.<br>(4) Daca persoana aflata in una dintre situatiile prevazute la alin.(1) sau (2) efectueaza transport public de persoane, transport de substante sau produse periculoase ori se afla in procesul de instruire practica a unei persoane pentru obtinerea permisului de conducere sau in timpul desfasurarii probelor practice ale examenului pentru obtinerea permisului de conducere, pedeapsa este inchisoare de la 2 la 7 ani.<br>(5) Refuzul, impotrivirea sau sustragerea conducatorului unui autovehicul sau al unui tramvai ori a instructorului auto, aflat in procesul de instruire, sau a examinatorului autoritatii competente, aflat in timpul desfasurarii probelor practice ale examenului pentru obtinerea permisului de conducere, de a se supune recoltarii probelor biologice sau testarii aerului expirat, in vederea stabilirii alcoolemiei ori a prezentei de produse sau substante stupefiante ori a medicamentelor cu efecte similare acestora, se pedepseste cu inchisoare de la 2 la 7 ani.


                    </div>","https://scoaladrpciv.ro/intrebari/categoria-a/sanctiuni-si-contraventii"
"1790502110-93","https://scoaladrpciv.ro/intrebari/categoria-a","În care dintre situaţiile prezentate mai jos se reţine certificatul de înmatriculare al motocicletei, fără drept de circulaţie?","C - când sistemul de frânare este defect.","","","A - când este instalat un mijloc tehnic de detectare a prezenţei aparatelor radar;","B - când luminile de poziţie nu funcţionează;","https://scoaladrpciv.ro/intrebare/in-care-dintre-situatiile-prezentate-mai-jos-se-retine-certificatul-de-inmatriculare-al-motocicletei-fara-drept-de-circulatie-51fd","","<div class="""">
                        Art. 112<br>(1) Certificatul de inmatriculare sau de inregistrare ori dovada inlocuitoare a acestuia se retine de catre politia rutiera in urmatoarele cazuri:<br>a) vehiculul nu are efectuata inspectia tehnica periodica valabila;<br>b) nu sunt respectate normele tehnice constructive referitoare la transportul produselor periculoase;<br>c) vehiculul circula noaptea fara faruri sau lampi de semnalizare, dispozitivele de iluminare si semnalizare luminoase, mijloacele fluorescent-reflectorizante, prevazute in normele tehnice in vigoare;<br>d) vehiculul circula cu defectiuni majore la sistemele de iluminare-semnalizare sau cu alte dispozitive decat cele omologate;<br>e) sistemul de franare de serviciu este defect;<br>f) sistemul de franare de ajutor sau de stationare este defect;<br>g) mecanismul de directie prezinta uzuri peste limitele admise;<br>h) anvelopele au alte dimensiuni sau caracteristici decat cele prevazute in cartea de identitate a vehiculului, prezinta taieturi sau rupturi ale cordului ori sunt uzate peste limita legal admisa;<br>i) zgomotul in mers sau stationare depaseste limita legal admisa pentru tipul respectiv de vehicul;<br>j) motorul emite noxe poluante peste limitele legal admise;<br>k) elementele dispozitivului de cuplare pentru remorcare prezinta uzuri pronuntate ori nu sunt compatibile, fiind de natura sa provoace desprinderea remorcii sau dezechilibrarea ansamblului;<br>l) autovehiculul sau tramvaiul are aplicate pe parbriz, luneta sau geamurile laterale afise sau reclame publicitare, folii neomologate si/sau nemarcate corespunzator ori accesorii care restrang sau estompeaza vizibilitatea in timpul mersului, atat din interior, cat si din exterior;<br>m) autovehiculul are aplicat pe partea frontala si/sau posterioara a acestuia afise, inscrisuri sau reclame care diminueaza eficacitatea dispozitivelor de iluminare si semnalizare luminoasa ori citirea numarului de inmatriculare;<br>n) autovehiculul prezinta scurgeri semnificative de carburant sau lubrifiant;<br>o) placutele cu numerele de inmatriculare sau de inregistrare nu sunt conforme cu standardul sau au aplicate dispozitive de iluminare, altele decat cele omologate;<br>p) datele din certificatul de inmatriculare sau de inregistrare nu concorda cu caracteristicile tehnice ale vehiculului;<br>r) vehiculul nu a fost radiat din circulatie in cazurile prevazute in prezenta ordonanta de urgenta;<br>s) vehiculul nu este asigurat de raspundere civila in caz de pagube produse tertilor prin accidente de circulatie, conform legii;<br>t) detinatorul vehiculului nu a preschimbat certificatul de inmatriculare sau de inregistrare, in conformitate cu prevederile legale;<br>u) vehiculul nu are montata una dintre placutele cu numarul de inmatriculare sau de inregistrare;<br>v) vehiculul are lipsa elemente ale caroseriei ori aceasta este intr-o stare avansata de degradare;<br>x) lipsa dotarilor obligatorii pe autovehicule destinate invatarii conducerii autovehiculelor in procesul instruirii persoanelor in vederea obtinerii permisului de conducere, prevazute de reglementarile in vigoare.<br>(2) In situatiile prevazute la alin.(1) lit.b), c), e), g), k), o), p), r) si s), la retinerea certificatului de inmatriculare sau de inregistrare, politistul rutier elibereaza conducatorului de vehicul o dovada inlocuitoare fara drept de circulatie, iar in cazurile prevazute la alin.(1) lit. a), d), f), h), i), j), l), m), n), t) u), v) si x), o dovada inlocuitoare cu drept de circulatie pentru 15 zile.<br>(3) In situatiile prevazute la alin.(1) lit.b), o), p), r) si s), odata cu retinerea certificatului de inmatriculare, politistul rutier retrage si numerele de inmatriculare sau de inregistrare.<br>(4) Certificatul de inmatriculare sau de inregistrare si placutele cu numarul de inmatriculare sau de inregistrare, cu exceptia celor care nu corespund standardelor, se restituie proprietarului sau utilizatorului vehiculului de catre politia rutiera, la prezentarea de catre acesta a dovezii incetarii motivului pentru care documentul a fost retinut, in conditiile prevazute in regulament.


                    </div>","https://scoaladrpciv.ro/intrebari/categoria-a/sanctiuni-si-contraventii"
"1790502112-94","https://scoaladrpciv.ro/intrebari/categoria-a","Punctele de penalizare se aplică pentru:","C - nerespectarea semnificaţiei indicatorului „Oprire“, instalat la trecerea la nivel cu o cale ferată.","","","A - nerespectarea semnificaţiei indicatorului „Copii“;","B - nerespectarea semnificaţiei indicatorului „Drum cu denivelări“;","https://scoaladrpciv.ro/intrebare/punctele-de-penalizare-se-aplica-pentru-13d2","","<div class="""">
                        <h4>Articolul 108</h4>
<p>(1)&nbsp;&nbsp;Săvârșirea de către conducătorul de autovehicul, tractor agricol sau forestier ori tramvai a uneia sau mai multor contravenții atrage, pe lângă sancțiunea amenzii, și aplicarea unui număr de puncte de penalizare, după cum urmează:</p>
<ul>
<li>d)&nbsp; 6 puncte de penalizare pentru săvârșirea următoarelor fapte:
<ul>
<li>1.&nbsp; refuzul de a permite imobilizarea vehiculului sau verificarea tehnică a acestuia;</li>
<li>2.&nbsp;&nbsp;nerespectarea semnificației semnalelor regulamentare ale agenților de cale ferată care dirijează circulația la trecerile la nivel cu calea ferată;</li>
<li>3.&nbsp;&nbsp; depășirea cu 41-50 km/h a vitezei maxime admise pe sectorul de drum respectiv pentru categoria din care face parte autovehiculul condus, constatată, potrivit legii, cu mijloace tehnice omologate și verificate metrologic;</li>
<li>4.&nbsp;&nbsp;&nbsp; conducerea pe drumurile publice a unui vehicul fără a avea montată una dintre plăcuțele cu numărul de înmatriculare sau de înregistrare ori dacă plăcuțele cu numărul de înmatriculare ori de înregistrare nu sunt fixate în locurile special destinate;</li>
<li>5.&nbsp;&nbsp;circulația sau staționarea pe spațiul interzis care separă sensurile de circulație pe autostradă sau pe drumul expres;</li>
<li>6.&nbsp;&nbsp;staționarea ori parcarea autovehiculelor pe autostradă sau pe drumul expres în alte locuri decât cele special amenajate și semnalizate;</li>
<li>7.&nbsp; Abrogat.</li>
<li><span style=""background-color: #fbeeb8;"">8.&nbsp;&nbsp;nerespectarea semnificației indicatoarelor Trecere la nivel cu o cale ferată simplă, fără bariere; Trecere la nivel cu o cale ferată dubla, fără bariere sau Oprire, instalate la trecerea la nivel cu o cale ferată;</span></li>
<li>9. schimbarea direcției de mers prin viraj spre stânga, dacă prin aceasta se încalcă marcajul longitudinal continuu care separa sensurile de circulație;</li>
<li>10.&nbsp;&nbsp; pătrunderea într-o intersecție dirijată prin semafoare, dacă prin aceasta se produce blocarea circulației în interiorul intersecției.</li>
</ul>
</li>
</ul>


                    </div>","https://scoaladrpciv.ro/intrebari/categoria-a/sanctiuni-si-contraventii"
"1790502117-95","https://scoaladrpciv.ro/intrebari/categoria-a","Cine are obligaţia de a purta cască de protecţie pe timpul deplasării pe drumurile publice cu motocicleta?","A - persoanele transportate pe motocicletă","B - conducătorii acestora","","C - purtarea căştii de protecţie este facultativă","","https://scoaladrpciv.ro/intrebare/cine-are-obligatia-de-a-purta-casca-de-protectie-pe-timpul-deplasarii-pe-drumurile-publice-cu-motocicleta-384a","","<div class="""">
                        <h4>Articolul 36</h4>
<p>(1)&nbsp;&nbsp;Conducătorii de autovehicule și tractoare agricole sau forestiere și persoanele care ocupă locuri prevăzute prin construcție cu centuri sau dispozitive de siguranță omologate trebuie să le poarte în timpul circulației pe drumurile publice, cu excepția cazurilor prevăzute în regulament.</p>
<p>(1^1) Conducătorii de autovehicule având locuri prevăzute prin construcție cu centuri de siguranță trebuie să informeze pasagerii cu privire la obligația legală de a le purta în timpul circulației pe drumurile publice.</p>
<p>(1^2) Conducătorii de autovehicule având locuri prevăzute prin construcție cu centuri de siguranță au obligația să se asigure că, pe timpul conducerii vehiculului, minorii poartă centurile de siguranță sau sunt transportați numai în dispozitive de fixare în scaune pentru copii omologate, în condițiile prevăzute de regulament.</p>
<p>(1^3) Conducătorilor de autovehicule le este interzis să transporte copii în vârstă de până la 3 ani în autovehicule care nu sunt echipate cu sisteme de siguranță, cu excepția celor destinate transportului public de persoane, precum și a taxiurilor dacă în acestea din urmă ocupă orice alt loc decât cel de pe scaunul din față, în condițiile prevăzute în regulament.</p>
<p>Copiii cu vârsta de peste 3 ani, având o înălțime de până la 150 cm, pot fi transportați în autovehicule care nu sunt echipate cu sisteme de siguranță doar dacă ocupă, pe timpul transportului, orice alt loc decât cel de pe scaunul din față.</p>
<p><span style=""background-color: #fbeeb8;"">(2)&nbsp;Pe timpul deplasării pe drumurile publice, conducătorii motocicletelor, mopedelor și persoanele transportate pe acestea au obligația să poarte casca de protecție omologată.</span></p>
<p>(3)&nbsp;&nbsp;Conducătorilor de vehicule le este interzisă folosirea telefoanelor mobile atunci când aceștia se află în timpul deplasării pe drumurile publice, cu excepția celor prevăzute cu dispozitive tip «mâini libere».</p>


                    </div>","https://scoaladrpciv.ro/intrebari/categoria-a/obligatiile-conducatorilor-de-autovehicule"
"1790502119-96","https://scoaladrpciv.ro/intrebari/categoria-a","Ce obligaţii ai dacă ai obţinut permis de conducere pentru motociclete de mai puţin de un an?","B - să circuli cu semnul distinctiv aplicat regulamentar;","","","A - să emiţi semnale acustice ori de câte ori efectuezi o depăşire;","C - să circuli cu faza de drum în funcţiune, inclusiv pe timp de zi.","https://scoaladrpciv.ro/intrebare/ce-obligatii-ai-daca-ai-obtinut-permis-de-conducere-pentru-motociclete-de-mai-putin-de-un-an-448c","","<div class="""">
                        <h4>Articolul 147</h4>
<p>Conducãtorul de autovehicul, tractor agricol sau forestier ori tramvai este obligat:</p>
<p>1.&nbsp;&nbsp; sã aibã asupra sa actul de identitate, permisul de conducere, certificatul de înmatriculare sau de înregistrare și, dupã caz, atestatul profesional, precum și celelalte documente prevãzute de legislația în vigoare;2.&nbsp;&nbsp; sã circule numai pe sectoarele de drum pe care îi este permis accesul și sã respecte normele referitoare la masele totale maxime autorizate și admise și/sau la dimensiunile maxime admise de autoritatea competentã pentru autovehiculele, tractoarele agricole sau forestiere conduse;</p>
<p>3.&nbsp;&nbsp; sã verifice funcționarea sistemului de lumini și de semnalizare, a instalației de climatizare, sã menținã permanent curate parbrizul, luneta și geamurile laterale ale autovehiculului, tractorului agricol sau forestier, precum și plãcuțele cu numãrul de înmatriculare sau înregistrare ale autovehiculului, tractorului agricol sau forestier și remorcii;</p>
<p>4.&nbsp;&nbsp; sã permitã controlul stãrii tehnice a vehiculului, precum și al bunurilor transportate, în condițiile legii;</p>
<p>5.&nbsp;&nbsp; sã se prezinte la verificarea medicalã periodicã, potrivit legii, precum și la examinarea medicalã de specialitate la trimiterea medicului în condițiile art. 22 alin. (6) din Ordonanța de urgențã a Guvernului nr. 195/2002, republicatã, cu modificãrile și completãrile ulterioare;</p>
<p><span style=""background-color: #fbeeb8;"">6.&nbsp;&nbsp; sã aplice pe parbrizul și pe luneta autovehiculului, tractorului agricol sau forestier semnul distinctiv stabilit pentru conducãtorii de autovehicule începãtori, dacã are o vechime mai micã de un an de la obținerea permisului de conducere.</span></p>


                    </div>","https://scoaladrpciv.ro/intrebari/categoria-a/obligatiile-conducatorilor-de-autovehicule"
"1790502121-97","https://scoaladrpciv.ro/intrebari/categoria-a","Conducătorilor de motociclete le este interzis:","A - să lase ghidonul liber;","","","B - să claxoneze;","C - să folosească luminile de avarie.","https://scoaladrpciv.ro/intrebare/conducatorilor-de-motociclete-le-este-interzis-e8d9","","","https://scoaladrpciv.ro/intrebari/categoria-a/obligatiile-conducatorilor-de-autovehicule"
"1790502124-98","https://scoaladrpciv.ro/intrebari/categoria-a","Aveţi obligaţia de a opri imediat motocicleta la semnalele adresate de:","C - agenţii de cale ferată, la trecerile la nivel.","","","A - ofiţerii sau subofiţerii Jandarmeriei Române;","B - poliţiştii comunitari;","https://scoaladrpciv.ro/intrebare/aveti-obligatia-de-a-opri-imediat-motocicleta-la-semnalele-adresate-de-87c5","","<div class="""">
                        <h4>Articolul 89</h4><p>(1)&nbsp;&nbsp; Oprirea participanților la trafic este obligatorie și la semnalele date de:</p><ul style=""list-style-type:circle;""><li>a)&nbsp; polițiștii de frontierã;</li><li>b)&nbsp;&nbsp; îndrumãtorii de circulație ai Ministerului Apãrãrii;</li><li><span style=""background-color:hsl(60, 75%, 60%);"">&nbsp;c)&nbsp; agenții de cale feratã, la trecerile la nivel;</span></li><li>&nbsp;d)&nbsp;&nbsp; personalul autorizat din zona lucrãrilor pe drumurile publice;</li><li>&nbsp;e)&nbsp;&nbsp; membrii patrulelor școlare de circulație, la trecerile pentru pietoni din apropierea unitãților de învãțãmânt;</li><li>&nbsp;f)&nbsp;&nbsp; nevãzãtori, prin ridicarea bastonului alb, atunci când aceștia traverseazã strada.</li></ul><p>(2)&nbsp;&nbsp; Persoanele prevãzute la alin. (1) lit. a)-d) pot efectua și urmãtoarele semnale:</p><ul style=""list-style-type:circle;""><li>a)&nbsp;&nbsp; balansarea brațului în plan vertical, cu palma mâinii orientatã cãtre sol sau cu un mijloc de semnalizare, care semnificã reducerea vitezei;</li><li>b)&nbsp;&nbsp; rotirea vioaie a brațului, care semnificã mãrirea vitezei de deplasare a vehiculelor, inclusiv grãbirea traversãrii drumului de cãtre pietoni.</li></ul>


                    </div>","https://scoaladrpciv.ro/intrebari/categoria-a/obligatiile-conducatorilor-de-autovehicule"
"1790502126-99","https://scoaladrpciv.ro/intrebari/categoria-a","În timp ce conduceţi motocicleta, vă este interzis:","A - să folosiţi telefonul mobil, cu excepţia celui prevăzut cu dispozitiv de tip „mâini libere”;","B - să transportaţi persoane aflate in stare de ebrietate;","","C - să schimbaţi treptele de viteză în curbe.","","https://scoaladrpciv.ro/intrebare/in-timp-ce-conduceti-motocicleta-va-este-interzis-3ff4","","<div class="""">
                        Art. 148<br>Se interzice conducătorului de autovehicul sau de tramvai:<br>1. să conducă un autovehicul sau tramvai cu dovada înlocuitoare a permisului de conducere eliberată fără drept de circulaţie sau a cărei valabilitate a expirat;<br>2. să transporte în autovehicul sau tramvai mai multe persoane decât numărul de locuri stabilite în certificatul de înmatriculare sau de înregistrare;<br>3. să transporte persoane în stare de ebrietate pe motocicletă sau în cabina ori în caroseria autovehiculului destinat transportului de mărfuri;<br>4. să transporte persoane în caroseria autobasculantei, pe autocisternă, pe platformă, deasupra încărcăturii, pe părţile laterale ale caroseriei, sau persoane care stau în picioare în caroseria autocamionului, pe scări şi în remorcă, cu excepţia celei special amenajate pentru transportul persoanelor;<br>5. să transporte copii în vârstă de până la 12 ani pe scaunul din faţă al autovehiculului, chiar dacă sunt ţinuţi în braţe de persoane majore;<br>6. să transporte în şi pe autoturism obiecte a căror lungime sau lăţime depăşeşte, împreună cu încărcătura, dimensiunile acestuia;<br>7. să deschidă uşile autovehiculului sau tramvaiului în timpul mersului, să pornească de pe loc cu uşile deschise;<br>8. să aibă în timpul mersului preocupări de natură a-i distrage în mod periculos atenţia ori să folosească instalaţii de sonorizare la un nivel de zgomot care ar afecta deplasarea în siguranţă a lui şi a celorlalţi participanţi la trafic;<br>9. să intre pe drumurile modernizate cu autovehiculul care are pe roţi sau pe caroserie noroi ce se depune pe partea carosabilă ori din care cad sau se scurg produse, substanţe ori materiale ce pot pune în pericol siguranţa circulaţiei;<br>10. să aibă aplicate pe parbriz, lunetă sau pe geamurile laterale afişe, reclame publicitare, înscrisuri ori accesorii, care restrâng sau estompează vizibilitatea conducătorului ori a pasagerilor, atât din interior, cât şi din exterior;<br>11. să aibă aplicate folii sau tratamente chimice pe parbrize, lunetă ori pe geamurile laterale, care restrâng sau estompează vizibilitatea, atât din interior, cât şi din exterior, cu excepţia celor omologate şi certificate, prin marcaj corespunzător, de către autoritatea competentă;<br>12. să aibă aplicate folii sau tratamente chimice pe dispozitivele de iluminare ori semnalizare luminoasă, care diminuează eficacitatea acestora, precum şi pe plăcuţele cu numărul de înmatriculare sau de înregistrare, care împiedică citirea numărului de înmatriculare sau de înregistrare;<br>13. să lase liber în timpul mersului volanul, ghidonul sau maneta de comandă, să oprească motorul ori să decupleze transmisia în timpul mersului;<br>14. să folosească în mod abuziv mijloacele de avertizare sonoră;<br>15. să circule cu autovehiculul cu masa totală maximă autorizată mai mare de 3,5 tone pe drumurile acoperite cu zăpadă, gheaţă sau polei, fără a avea montate pe roţi lanţuri sau alte echipamente antiderapante omologate, în perioadele şi pe drumurile stabilite prin ordin al ministrului transporturilor, construcţiilor şi turismului;<br>16. să circule având montate pe autovehicul anvelope cu alte dimensiuni ori caracteristici decât cele prevăzute în certificatul de înmatriculare sau de înregistrare ori care prezintă tăieturi sau rupturi ale cordului ori sunt uzate peste limita admisă;<br>17. să conducă un autovehicul care emană noxe peste limita legală admisă ori al cărui zgomot în mers sau staţionare depăşeşte pragul fonic prevăzut de lege ori care are montat pe sistemul de evacuare a gazelor dispozitive neomologate;<br>18. să circule cu autovehiculul având plăcuţele cu numerele de înmatriculare sau de înregistrare, provizorii ori pentru probe deteriorate sau neconforme cu standardul;<br>19. să săvârşească acte sau gesturi obscene, să profereze injurii, să adreseze expresii jignitoare ori vulgare celorlalţi participanţi la trafic;<br>20. să circule cu autovehiculul avariat mai mult de 30 de zile de la data producerii avariei;<br>21. să arunce, pe drumurile publice, din autovehicul obiecte, materiale sau substanţe.<br><br>Art. 36<br>(1) Conducatorii de autovehicule si persoanele care ocupa locuri prevazute prin constructie cu centuri sau dispozitive de siguranta omologate trebuie sa le poarte in timpul circulatiei pe drumurile publice, cu exceptia cazurilor prevazute in regulament.<br>(2) Pe timpul deplasarii pe drumurile publice, conducatorii motocicletelor, mopedelor si persoanele transportate pe acestea au obligatia sa poarte casca de protectie omologata.<br>(3) Conducatorilor de vehicule le este interzisa folosirea telefoanelor mobile atunci cand acestia se afla in timpul mersului, cu exceptia celor prevazute cu dispozitive tip ""maini libere"".


                    </div>","https://scoaladrpciv.ro/intrebari/categoria-a/obligatiile-conducatorilor-de-autovehicule"
"1790502129-100","https://scoaladrpciv.ro/intrebari/categoria-a","Conducătorul unei motociclete angajat într-un accident din care a rezultat moartea sau rănirea unei persoane poate părăsi locul faptei fără încuviinţarea poliţiei?","C - nu, întrucât fapta constituie infracţiune.","","","A - da, dacă motocicleta a blocat circulaţia;","B - da, dacă accidentul nu s-a produs din vina sa;","https://scoaladrpciv.ro/intrebare/conducatorul-unei-motociclete-angajat-intr-un-accident-din-care-a-rezultat-moartea-sau-ranirea-unei-persoane-poate-parasi-locul-faptei-fara-incuviintarea-politiei-cefe","","<div class="""">
                        Art. 77<br>(1) Conducatorul unui vehicul implicat intr-un accident de circulatie in urma caruia a rezultat moartea sau vatamarea integritatii corporale ori a sanatatii unei persoane este obligat sa ia masuri de anuntare imediata a politiei, sa nu modifice sau sa stearga urmele accidentului si sa nu paraseasca locul faptei.<br>(2) Orice persoana care este implicata sau are cunostinta de producerea unui accident de circulatie in urma caruia a rezultat moartea sau vatamarea integritatii corporale ori a sanatatii uneia sau mai multor persoane, precum si in situatia in care in eveniment este implicat un vehicul care transporta marfuri periculoase este obligata sa anunte de indata politia si sa apeleze numarul national unic pentru apeluri de urgenta 112, existent in retelele de telefonie din Romania.<br>(3) Este interzis oricarei persoane sa schimbe pozitia vehiculului implicat intr-un accident de circulatie in urma caruia a rezultat moartea sau vatamarea integritatii corporale ori a sanatatii uneia sau mai multor persoane, sa modifice starea locului sau sa stearga urmele accidentului fara incuviintarea politiei care cerceteaza accidentul.


                    </div>","https://scoaladrpciv.ro/intrebari/categoria-a/obligatiile-conducatorilor-de-autovehicule"
"1790502131-101","https://scoaladrpciv.ro/intrebari/categoria-a","Ce obligaţii are conducătorul unei motociclete atunci când un poliţist îi solicită documentele pentru control?","C - să înmâneze documentele prevăzute de lege.","","","A - să prezinte certificatul de înmatriculare şi cartea de identitate a motocicletei;","B - să prezinte documentele personale;","https://scoaladrpciv.ro/intrebare/ce-obligatii-are-conducatorul-unei-motociclete-atunci-cand-un-politist-ii-solicita-documentele-pentru-control-34a3","","<div class="""">
                        Art. 35<br>(1) Participantii la trafic trebuie sa aiba un comportament care sa nu afecteze fluenta si siguranta circulatiei, sa nu puna in pericol viata sau integritatea corporala a persoanelor si sa nu aduca prejudicii proprietatii publice ori private.<br>(2) Participantii la trafic sunt obligati ca, la cererea politistului rutier, sa inmaneze acestuia documentul de identitate sau, dupa caz, permisul de conducere, documentul de inmatriculare sau de inregistrare a vehiculului condus, documentele referitoare la bunurile transportate, precum si alte documente prevazute de lege.<br>(3) In exercitarea atributiilor care ii revin, politistul rutier are dreptul sa verifice vehiculul, precum si identitatea conducatorului sau a pasagerilor aflati in interiorul acestuia atunci cand exista indicii despre savarsirea unei fapte de natura contraventionala sau penala.<br>(4) In exercitarea atributiilor de dirijare a circulatiei rutiere, politistii rutieri sunt obligati sa poarte uniforma cu inscrisuri si insemne distinctive.<br>(5) Politistii de frontiera, indrumatorii de circulatie ai Ministerului Apararii Nationale, agentii cailor ferate, personalul autorizat din zona lucrarilor pe drumurile publice, precum si membrii patrulelor scolare de circulatie sunt obligati ca, pe timpul exercitarii atributiilor, sa poarte echipament de protectie-avertizare fluorescent-reflectorizant.<br>(6) Conducatorii autovehiculelor cu masa maxima autorizata mai mare de 3,5 tone sunt obligati sa poarte echipament de protectie-avertizare fluorescent-reflectorizant atunci cand executa interventii la vehiculul care se afla pe partea carosabila a drumului public.<br>(7) Nevazatorii sunt obligati sa poarte, in deplasarea pe drumurile publice, baston de culoare alba.<br><br><br>Art. 147<br>Conducătorul de autovehicul sau de tramvai este obligat:<br>1. să aibă asupra sa actul de identitate, permisul de conducere, certificatul de înmatriculare sau de înregistrare şi, după caz, atestatul profesional, precum şi celelalte documente prevăzute de legislaţia în vigoare;<br>2. să circule numai pe sectoarele de drum pe care îi este permis accesul şi să respecte normele referitoare la masele totale maxime autorizate şi admise şi/sau la dimensiunile maxime admise de autoritatea competentă pentru autovehiculele conduse;<br>3. să verifice funcţionarea sistemului de lumini şi de semnalizare, a instalaţiei de climatizare, să menţină permanent curate parbrizul, luneta şi geamurile laterale ale autovehiculului, precum şi plăcuţele cu numărul de înmatriculare sau înregistrare ale autovehiculului şi remorcii;<br>4. să permită controlul stării tehnice a vehiculului, precum şi al bunurilor transportate, în condiţiile legii;<br>5. să se prezinte la verificarea medicală periodică, potrivit legii;<br>6. să aplice pe parbrizul şi pe luneta autovehiculului semnul distinctiv stabilit pentru conducătorii de autovehicule începători, dacă are o vechime mai mică de un an de la obţinerea permisului de conducere. <br>


                    </div>","https://scoaladrpciv.ro/intrebari/categoria-a/obligatiile-conducatorilor-de-autovehicule"
"1790502133-102","https://scoaladrpciv.ro/intrebari/categoria-a","Care dintre următoarele obligaţii revin conducătorului unei motociclete?","B - să menţină curate plăcuţele cu numărul de înmatriculare, pentru a fi vizibile;","","","A - să reducă viteza, atunci când trece pe lângă un poliţist rutier aflat în serviciu pe drumul public;","C - să circule cu o viteză inferioară celei prescrise de indicatorul „Viteză minimă obligatorie“.","https://scoaladrpciv.ro/intrebare/care-dintre-urmatoarele-obligatii-revin-conducatorului-unei-motociclete-e5e6","","<div class="""">
                        Art. 147<br>Conducătorul de autovehicul sau de tramvai este obligat:<br>1. să aibă asupra sa actul de identitate, permisul de conducere, certificatul de înmatriculare sau de înregistrare şi, după caz, atestatul profesional, precum şi celelalte documente prevăzute de legislaţia în vigoare;<br>2. să circule numai pe sectoarele de drum pe care îi este permis accesul şi să respecte normele referitoare la masele totale maxime autorizate şi admise şi/sau la dimensiunile maxime admise de autoritatea competentă pentru autovehiculele conduse;<br>3. să verifice funcţionarea sistemului de lumini şi de semnalizare, a instalaţiei de climatizare, să menţină permanent curate parbrizul, luneta şi geamurile laterale ale autovehiculului, precum şi plăcuţele cu numărul de înmatriculare sau înregistrare ale autovehiculului şi remorcii;<br>4. să permită controlul stării tehnice a vehiculului, precum şi al bunurilor transportate, în condiţiile legii;<br>5. să se prezinte la verificarea medicală periodică, potrivit legii;<br>6. să aplice pe parbrizul şi pe luneta autovehiculului semnul distinctiv stabilit pentru conducătorii de autovehicule începători, dacă are o vechime mai mică de un an de la obţinerea permisului de conducere. 


                    </div>","https://scoaladrpciv.ro/intrebari/categoria-a/obligatiile-conducatorilor-de-autovehicule"
"1790502136-103","https://scoaladrpciv.ro/intrebari/categoria-a","La cererea poliţistului rutier, împreună cu reprezentantul autorităţilor abilitate, conducătorul unei motociclete este obligat:","C - să permită controlul stării tehnice a motocicletei, precum şi al bunurilor transportate.","","","A - să prezinte documentele de călătorie;","B - să-l transporte la unitatea de poliţie;","https://scoaladrpciv.ro/intrebare/la-cererea-politistului-rutier-impreuna-cu-reprezentantul-autoritatilor-abilitate-conducatorul-unei-motociclete-este-obligat-a443","","<div class="""">
                        Art. 147<br>Conducătorul de autovehicul sau de tramvai este obligat:<br>1. să aibă asupra sa actul de identitate, permisul de conducere, certificatul de înmatriculare sau de înregistrare şi, după caz, atestatul profesional, precum şi celelalte documente prevăzute de legislaţia în vigoare;<br>2. să circule numai pe sectoarele de drum pe care îi este permis accesul şi să respecte normele referitoare la masele totale maxime autorizate şi admise şi/sau la dimensiunile maxime admise de autoritatea competentă pentru autovehiculele conduse;<br>3. să verifice funcţionarea sistemului de lumini şi de semnalizare, a instalaţiei de climatizare, să menţină permanent curate parbrizul, luneta şi geamurile laterale ale autovehiculului, precum şi plăcuţele cu numărul de înmatriculare sau înregistrare ale autovehiculului şi remorcii;<br>4. să permită controlul stării tehnice a vehiculului, precum şi al bunurilor transportate, în condiţiile legii;<br>5. să se prezinte la verificarea medicală periodică, potrivit legii;<br>6. să aplice pe parbrizul şi pe luneta autovehiculului semnul distinctiv stabilit pentru conducătorii de autovehicule începători, dacă are o vechime mai mică de un an de la obţinerea permisului de conducere. 


                    </div>","https://scoaladrpciv.ro/intrebari/categoria-a/obligatiile-conducatorilor-de-autovehicule"
"1790502138-104","https://scoaladrpciv.ro/intrebari/categoria-a","În cazul implicării într-un accident, puteţi părăsi locul acestuia fără încuviinţarea poliţiei, dacă a rezultat vătămarea integrităţii corporale a unei persoane?","C - nu, întrucât săvârşiţi o infracţiune.","","","A - da, dacă accidentul nu s-a produs din vina dvs.;","B - da, în cazul în care motocicleta dvs. nu a fost avariată;","https://scoaladrpciv.ro/intrebare/in-cazul-implicarii-intr-un-accident-puteti-parasi-locul-acestuia-fara-incuviintarea-politiei-daca-a-rezultat-vatamarea-integritatii-corporale-a-unei-persoane-c055","","<div class="""">
                        Art. 77<br>(1) Conducatorul unui vehicul implicat intr-un accident de circulatie in urma caruia a rezultat moartea sau vatamarea integritatii corporale ori a sanatatii unei persoane este obligat sa ia masuri de anuntare imediata a politiei, sa nu modifice sau sa stearga urmele accidentului si sa nu paraseasca locul faptei.<br>(2) Orice persoana care este implicata sau are cunostinta de producerea unui accident de circulatie in urma caruia a rezultat moartea sau vatamarea integritatii corporale ori a sanatatii uneia sau mai multor persoane, precum si in situatia in care in eveniment este implicat un vehicul care transporta marfuri periculoase este obligata sa anunte de indata politia si sa apeleze numarul national unic pentru apeluri de urgenta 112, existent in retelele de telefonie din Romania.<br>(3) Este interzis oricarei persoane sa schimbe pozitia vehiculului implicat intr-un accident de circulatie in urma caruia a rezultat moartea sau vatamarea integritatii corporale ori a sanatatii uneia sau mai multor persoane, sa modifice starea locului sau sa stearga urmele accidentului fara incuviintarea politiei care cerceteaza accidentul.


                    </div>","https://scoaladrpciv.ro/intrebari/categoria-a/obligatiile-conducatorilor-de-autovehicule"
"1790502140-105","https://scoaladrpciv.ro/intrebari/categoria-a","Bastonul alb, ridicat de un pieton care traversează strada printr-un loc nesemnalizat şi nemarcat, vă obligă:","B - să opriţi imediat motocicleta, pentru a permite trecerea pietonului;","","","A - nu aveţi nicio obligaţie, întrucât locul nu este marcat sau semnalizat;","C - să reduceţi viteza şi să circulaţi cu atenţie.","https://scoaladrpciv.ro/intrebare/bastonul-alb-ridicat-de-un-pieton-care-traverseaza-strada-printr-un-loc-nesemnalizat-si-nemarcat-va-obliga-8d54","","<div class="""">
                        Art. 89<br>(1) Oprirea participanţilor la trafic este obligatorie şi la semnalele date de:<br>a) poliţiştii de frontieră;<br>b) îndrumătorii de circulaţie ai Ministerului Apărării;<br>c) agenţii de cale ferată, la trecerile la nivel;<br>d) personalul autorizat din zona lucrărilor pe drumurile publice;<br>e) membrii patrulelor şcolare de circulaţie, la trecerile pentru pietoni din apropierea unităţilor de învăţământ;<br>f) nevăzători, prin ridicarea bastonului alb, atunci când aceştia traversează strada. <br>(2) Persoanele prevăzute la alin. (1) lit. a)–d) pot efectua şi următoarele semnale:<br>a) balansarea braţului în plan vertical, cu palma mâinii orientată către sol sau cu un mijloc de semnalizare, care semnifică reducerea vitezei;<br>b) rotirea vioaie a braţului, care semnifică mărirea vitezei de deplasare a vehiculelor, inclusiv grăbirea traversării drumului de către pietoni. 


                    </div>","https://scoaladrpciv.ro/intrebari/categoria-a/obligatiile-conducatorilor-de-autovehicule"
"1790502142-106","https://scoaladrpciv.ro/intrebari/categoria-a","Ce măsuri ia conducătorul unei motociclete, angajat într-un accident cu avarii ușoare?","B - scoate motocicleta în afara părții carosabile sau, dacă nu este posibil, o deplasează cât mai aproape de marginea drumului, după care se prezintă în termen de 24 de ore la cea mai apropiată unitate de poliție competentă, pentru constatarea și întocmirea documentelor legale;","","","A - așteaptă sosirea polițistului din zonă;","C - anunță poliția, fără a schimba poziția motocicletei.","https://scoaladrpciv.ro/intrebare/ce-masuri-ia-conducatorul-unei-motociclete-angajat-intr-un-accident-cu-avarii-usoare-0304","","<div class="""">
                        Art. 79<br>(1) Conducatorul de vehicul implicat intr-un accident de circulatie in urma caruia a rezultat numai avarierea vehiculului este obligat sa-l scoata imediat in afara partii carosabile ori, daca nu este posibil, sa-l deplaseze cat mai aproape de bordura sau acostament, semnalizandu-l corespunzator.<br>(2) In situatia prevazuta la alin. (1), conducatorul de vehicul este obligat sa se prezinte in termen de 24 de ore la unitatea de politie pe raza careia s-a produs accidentul, in vederea intocmirii documentelor de constatare si eliberarii autorizatiei de reparatie.<br>(2.1) Dispozitiile alin. (2) nu se aplica in cazul in care se incheie o constatare amiabila de accident, daca sunt indeplinite cumulativ urmatoarele conditii:<br>a) s-au produs pagube materiale a caror despagubire este asigurata prin polita de asigurare obligatorie de raspundere civila pentru prejudicii produse prin accidente de autovehicule;<br>b) accidentul nu s-a produs ca urmare a savarsirii faptelor pentru care se retine permisul de conducere sau dovada inlocuitoare a acestuia, in conditiile prevazute la art. 111 alin. (1) lit. b) si c), dupa caz, precum si a faptei prevazute la art. 86 alin. (1);<br>c) cel putin unul dintre conducatorii vehiculelor implicate in accident si-a recunoscut vinovatia in producerea accidentului de circulatie;<br>d) conducatorul de vehicul care si-a recunoscut vinovatia in producerea accidentului de circulatie detine asigurare obligatorie de raspundere civila pentru prejudicii produse prin accidente de autovehicule valabila;<br>e) cei doi conducatori de vehicule implicate in accidentul de circulatie au completat si semnat fara obiectiuni formularul de constatare amiabila de accident.<br>(2.2) Societatea de asigurare verifica indeplinirea conditiilor prevazute la alin. (21) lit. a) - e), precum si corectitudinea intocmirii formularului de constatare amiabila de accident si atesta, dupa caz, validitatea sau nulitatea constatarii amiabile de accident;<br>(2.3) Societatile de asigurare obligatorie de raspundere civila pentru prejudicii produse prin accidente de autovehicule sau reprezentantii acestora, sesizati de producerea unui accident de circulatie in baza formularului de constatare amiabila de accident au obligatia de a anunta imediat unitatea de politie pe raza careia s-a produs evenimentul, precum si de a aduce la cunostinta celui implicat obligatia de a se prezenta la unitatea de politie, daca exista indicii cu privire la neindeplinirea conditiilor prevazute la alin. (21) lit. b).<br>(2.4) In situatia prevazuta la alin. (23), conducatorul de vehicul implicat in accidentul de circulatie are obligatia de a se prezenta la unitatea de politie in termen de 24 de ore de la data primirii invitatiei din partea acesteia, in vederea intocmirii documentelor de constatare a accidentului de circulatie si eliberarea autorizatiei de reparatie.<br>(2.5) Procedura atestarii prevazute la alin. (22), precum si forma, continutul si modul de distribuire a formularului de constatare amiabila de accident, prevazut la alin. (21) lit. e) se stabilesc prin ordin al presedintelui Comisiei de Supraveghere a Asigurarilor, care se publica in Monitorul Oficial al Romaniei, Partea I.<br>(3) abrogat


                    </div>","https://scoaladrpciv.ro/intrebari/categoria-a/obligatiile-conducatorilor-de-autovehicule"
"1790502145-107","https://scoaladrpciv.ro/intrebari/categoria-a","Aveţi posibilitatea de a circula pe drumurile publice cu motocicleta avariată:","C - cel mult 30 zile de la data producerii avariei.","","","A - cel mult 10 zile de la data constatării evenimentului;","B - până la expirarea asigurării obligatorii de răspundere civilă auto;","https://scoaladrpciv.ro/intrebare/aveti-posibilitatea-de-a-circula-pe-drumurile-publice-cu-motocicleta-avariata-d029","","<div class="""">
                        Art. 148<br>Se interzice conducătorului de autovehicul sau de tramvai:<br>1. să conducă un autovehicul sau tramvai cu dovada înlocuitoare a permisului de conducere eliberată fără drept de circulaţie sau a cărei valabilitate a expirat;<br>2. să transporte în autovehicul sau tramvai mai multe persoane decât numărul de locuri stabilite în certificatul de înmatriculare sau de înregistrare;<br>3. să transporte persoane în stare de ebrietate pe motocicletă sau în cabina ori în caroseria autovehiculului destinat transportului de mărfuri;<br>4. să transporte persoane în caroseria autobasculantei, pe autocisternă, pe platformă, deasupra încărcăturii, pe părţile laterale ale caroseriei, sau persoane care stau în picioare în caroseria autocamionului, pe scări şi în remorcă, cu excepţia celei special amenajate pentru transportul persoanelor;<br>5. să transporte copii în vârstă de până la 12 ani pe scaunul din faţă al autovehiculului, chiar dacă sunt ţinuţi în braţe de persoane majore;<br>6. să transporte în şi pe autoturism obiecte a căror lungime sau lăţime depăşeşte, împreună cu încărcătura, dimensiunile acestuia;<br>7. să deschidă uşile autovehiculului sau tramvaiului în timpul mersului, să pornească de pe loc cu uşile deschise;<br>8. să aibă în timpul mersului preocupări de natură a-i distrage în mod periculos atenţia ori să folosească instalaţii de sonorizare la un nivel de zgomot care ar afecta deplasarea în siguranţă a lui şi a celorlalţi participanţi la trafic;<br>9. să intre pe drumurile modernizate cu autovehiculul care are pe roţi sau pe caroserie noroi ce se depune pe partea carosabilă ori din care cad sau se scurg produse, substanţe ori materiale ce pot pune în pericol siguranţa circulaţiei;<br>10. să aibă aplicate pe parbriz, lunetă sau pe geamurile laterale afişe, reclame publicitare, înscrisuri ori accesorii, care restrâng sau estompează vizibilitatea conducătorului ori a pasagerilor, atât din interior, cât şi din exterior;<br>11. să aibă aplicate folii sau tratamente chimice pe parbrize, lunetă ori pe geamurile laterale, care restrâng sau estompează vizibilitatea, atât din interior, cât şi din exterior, cu excepţia celor omologate şi certificate, prin marcaj corespunzător, de către autoritatea competentă;<br>12. să aibă aplicate folii sau tratamente chimice pe dispozitivele de iluminare ori semnalizare luminoasă, care diminuează eficacitatea acestora, precum şi pe plăcuţele cu numărul de înmatriculare sau de înregistrare, care împiedică citirea numărului de înmatriculare sau de înregistrare;<br>13. să lase liber în timpul mersului volanul, ghidonul sau maneta de comandă, să oprească motorul ori să decupleze transmisia în timpul mersului;<br>14. să folosească în mod abuziv mijloacele de avertizare sonoră;<br>15. să circule cu autovehiculul cu masa totală maximă autorizată mai mare de 3,5 tone pe drumurile acoperite cu zăpadă, gheaţă sau polei, fără a avea montate pe roţi lanţuri sau alte echipamente antiderapante omologate, în perioadele şi pe drumurile stabilite prin ordin al ministrului transporturilor, construcţiilor şi turismului;<br>16. să circule având montate pe autovehicul anvelope cu alte dimensiuni ori caracteristici decât cele prevăzute în certificatul de înmatriculare sau de înregistrare ori care prezintă tăieturi sau rupturi ale cordului ori sunt uzate peste limita admisă;<br>17. să conducă un autovehicul care emană noxe peste limita legală admisă ori al cărui zgomot în mers sau staţionare depăşeşte pragul fonic prevăzut de lege ori care are montat pe sistemul de evacuare a gazelor dispozitive neomologate;<br>18. să circule cu autovehiculul având plăcuţele cu numerele de înmatriculare sau de înregistrare, provizorii ori pentru probe deteriorate sau neconforme cu standardul;<br>19. să săvârşească acte sau gesturi obscene, să profereze injurii, să adreseze expresii jignitoare ori vulgare celorlalţi participanţi la trafic;<br>20. să circule cu autovehiculul avariat mai mult de 30 de zile de la data producerii avariei;<br>21. să arunce, pe drumurile publice, din autovehicul obiecte, materiale sau substanţe.


                    </div>","https://scoaladrpciv.ro/intrebari/categoria-a/obligatiile-conducatorilor-de-autovehicule"
"1790502147-108","https://scoaladrpciv.ro/intrebari/categoria-a","Aţi accidentat un pieton care traversa strada neregulamentar. Ce obligaţii legale vă revin?","A - anunţaţi imediat poliţia, nu modificaţi sau ştergeţi urmele accidentului şi rămâneţi pe loc;","","","B - vă prezentaţi de urgenţă la cea mai apropiată unitate de poliţie;","C - deoarece vinovăţia nu vă aparține, puteţi continua drumul dacă accidentul nu este grav.","https://scoaladrpciv.ro/intrebare/ati-accidentat-un-pieton-care-traversa-strada-neregulamentar-ce-obligatii-legale-va-revin-8861","","<div class="""">
                        Art. 77<br>(1) Conducatorul unui vehicul implicat intr-un accident de circulatie in urma caruia a rezultat moartea sau vatamarea integritatii corporale ori a sanatatii unei persoane este obligat sa ia masuri de anuntare imediata a politiei, sa nu modifice sau sa stearga urmele accidentului si sa nu paraseasca locul faptei.<br>(2) Orice persoana care este implicata sau are cunostinta de producerea unui accident de circulatie in urma caruia a rezultat moartea sau vatamarea integritatii corporale ori a sanatatii uneia sau mai multor persoane, precum si in situatia in care in eveniment este implicat un vehicul care transporta marfuri periculoase este obligata sa anunte de indata politia si sa apeleze numarul national unic pentru apeluri de urgenta 112, existent in retelele de telefonie din Romania.<br>(3) Este interzis oricarei persoane sa schimbe pozitia vehiculului implicat intr-un accident de circulatie in urma caruia a rezultat moartea sau vatamarea integritatii corporale ori a sanatatii uneia sau mai multor persoane, sa modifice starea locului sau sa stearga urmele accidentului fara incuviintarea politiei care cerceteaza accidentul.


                    </div>","https://scoaladrpciv.ro/intrebari/categoria-a/obligatiile-conducatorilor-de-autovehicule"
"1790502149-109","https://scoaladrpciv.ro/intrebari/categoria-a","Ce le este interzis conducătorilor de motociclete?","A - să folosească telefoanele mobile în timpul mersului, fără să aibă sistem de tip „mâini libere“;","","","B - să folosească luminile de avarie în localităţi;","C - să se angajeze în discuţii cu alţi participanţi la trafic.","https://scoaladrpciv.ro/intrebare/ce-le-este-interzis-conducatorilor-de-motociclete-d5af","","<div class="""">
                        Art. 36<br>(1) Conducatorii de autovehicule si persoanele care ocupa locuri prevazute prin constructie cu centuri sau dispozitive de siguranta omologate trebuie sa le poarte in timpul circulatiei pe drumurile publice, cu exceptia cazurilor prevazute in regulament.<br>(2) Pe timpul deplasarii pe drumurile publice, conducatorii motocicletelor, mopedelor si persoanele transportate pe acestea au obligatia sa poarte casca de protectie omologata.<br>(3) Conducatorilor de vehicule le este interzisa folosirea telefoanelor mobile atunci cand acestia se afla in timpul mersului, cu exceptia celor prevazute cu dispozitive tip ""maini libere"".


                    </div>","https://scoaladrpciv.ro/intrebari/categoria-a/obligatiile-conducatorilor-de-autovehicule"
"1790502151-110","https://scoaladrpciv.ro/intrebari/categoria-a","Cum veţi proceda corect dacă, aflându-vă în interiorul unei intersecţii cu circulaţie în sens giratoriu, observaţi că pe un drum lateral circulă o coloană cu regim de circulaţie prioritară?","B - opriţi şi acordaţi prioritate coloanei cu regim prioritar;","","","A - vă continuaţi drumul, deoarece aveţi prioritate de trecere în sensul giratoriu;","C - viraţi la dreapta şi părăsiţi intersecţia.","https://scoaladrpciv.ro/intrebare/cum-veti-proceda-corect-daca-aflandu-va-in-interiorul-unei-intersectii-cu-circulatie-in-sens-giratoriu-observati-ca-pe-un-drum-lateral-circula-o-coloana-cu-regim-de-circulatie-prioritara-1fc4","","<div class="""">
                        Art. 37<br>(1) Conducatorii de vehicule sunt obligati sa opreasca imediat, pe acostament sau, in lipsa acestuia, cat mai aproape de marginea drumului sau bordura trotuarului, in sensul de deplasare, la apropierea si la trecerea autovehiculelor cu regim de circulatie prioritara care au in functiune mijloacele speciale de avertizare luminoasa de culoare rosie si sonore.<br>(2) Conducatorii de vehicule sunt obligati sa reduca viteza, sa circule cat mai aproape de marginea drumului in sensul de deplasare si sa acorde prioritate la trecerea autovehiculelor cu regim de circulatie prioritara care au in functiune mijloacele speciale de avertizare luminoasa de culoare albastra si sonore.<br>(3) In situatiile prevazute la alin.(1) si (2), pietonilor le sunt interzise traversarea si circulatia pe carosabil pana la trecerea vehiculelor respective.


                    </div>","https://scoaladrpciv.ro/intrebari/categoria-a/obligatiile-conducatorilor-de-autovehicule"
"1790502154-111","https://scoaladrpciv.ro/intrebari/categoria-a","Dacă aveţi cunoştinţă de producerea unui accident de circulaţie, în urma căruia a rezultat moartea sau vătămarea corporală a unei persoane, sunteţi obligat:","B - să opriţi, să anunţaţi de îndată poliţia şi să apelaţi numărul naţional unic pentru apeluri de urgenţă 112;","","","A - legal, nu vă revine nicio obligaţie;","C - să vă informaţi asupra împrejurărilor care au determinat accidentul.","https://scoaladrpciv.ro/intrebare/daca-aveti-cunostinta-de-producerea-unui-accident-de-circulatie-in-urma-caruia-a-rezultat-moartea-sau-vatamarea-corporala-a-unei-persoane-sunteti-obligat-99a3","","<div class="""">
                        Art. 77<br>(1) Conducatorul unui vehicul implicat intr-un accident de circulatie in urma caruia a rezultat moartea sau vatamarea integritatii corporale ori a sanatatii unei persoane este obligat sa ia masuri de anuntare imediata a politiei, sa nu modifice sau sa stearga urmele accidentului si sa nu paraseasca locul faptei.<br>(2) Orice persoana care este implicata sau are cunostinta de producerea unui accident de circulatie in urma caruia a rezultat moartea sau vatamarea integritatii corporale ori a sanatatii uneia sau mai multor persoane, precum si in situatia in care in eveniment este implicat un vehicul care transporta marfuri periculoase este obligata sa anunte de indata politia si sa apeleze numarul national unic pentru apeluri de urgenta 112, existent in retelele de telefonie din Romania.<br>(3) Este interzis oricarei persoane sa schimbe pozitia vehiculului implicat intr-un accident de circulatie in urma caruia a rezultat moartea sau vatamarea integritatii corporale ori a sanatatii uneia sau mai multor persoane, sa modifice starea locului sau sa stearga urmele accidentului fara incuviintarea politiei care cerceteaza accidentul.


                    </div>","https://scoaladrpciv.ro/intrebari/categoria-a/obligatiile-conducatorilor-de-autovehicule"
"1790502159-112","https://scoaladrpciv.ro/intrebari/categoria-a","Unde trebuie să se deplaseze conducătorii de motociclete angajați într-un accident de circulație, în urma căruia au rezultat pagube materiale, pentru a obține actul de constatare?","A - la cea mai apropiată unitate de poliție competentă, în maximum 24 de ore, dacă nu a încheiat un formular de constatare amiabilă a accidentului;","","","B - la serviciul județean de poliție rutieră;","C - la unitatea de poliție în raza căreia domiciliază.","https://scoaladrpciv.ro/intrebare/unde-trebuie-sa-se-deplaseze-conducatorii-de-motociclete-angajati-intr-un-accident-de-circulatie-in-urma-caruia-au-rezultat-pagube-materiale-pentru-a-obtine-actul-de-constatare-cf45","","<div class="""">
                        Art. 79<br>(1) Conducatorul de vehicul implicat intr-un accident de circulatie in urma caruia a rezultat numai avarierea vehiculului este obligat sa-l scoata imediat in afara partii carosabile ori, daca nu este posibil, sa-l deplaseze cat mai aproape de bordura sau acostament, semnalizandu-l corespunzator.<br>(2) In situatia prevazuta la alin. (1), conducatorul de vehicul este obligat sa se prezinte in termen de 24 de ore la unitatea de politie pe raza careia s-a produs accidentul, in vederea intocmirii documentelor de constatare si eliberarii autorizatiei de reparatie.<br>(2.1) Dispozitiile alin. (2) nu se aplica in cazul in care se incheie o constatare amiabila de accident, daca sunt indeplinite cumulativ urmatoarele conditii:<br>a) s-au produs pagube materiale a caror despagubire este asigurata prin polita de asigurare obligatorie de raspundere civila pentru prejudicii produse prin accidente de autovehicule;<br>b) accidentul nu s-a produs ca urmare a savarsirii faptelor pentru care se retine permisul de conducere sau dovada inlocuitoare a acestuia, in conditiile prevazute la art. 111 alin. (1) lit. b) si c), dupa caz, precum si a faptei prevazute la art. 86 alin. (1);<br>c) cel putin unul dintre conducatorii vehiculelor implicate in accident si-a recunoscut vinovatia in producerea accidentului de circulatie;<br>d) conducatorul de vehicul care si-a recunoscut vinovatia in producerea accidentului de circulatie detine asigurare obligatorie de raspundere civila pentru prejudicii produse prin accidente de autovehicule valabila;<br>e) cei doi conducatori de vehicule implicate in accidentul de circulatie au completat si semnat fara obiectiuni formularul de constatare amiabila de accident.<br>(2.2) Societatea de asigurare verifica indeplinirea conditiilor prevazute la alin. (21) lit. a) - e), precum si corectitudinea intocmirii formularului de constatare amiabila de accident si atesta, dupa caz, validitatea sau nulitatea constatarii amiabile de accident;<br>(2.3) Societatile de asigurare obligatorie de raspundere civila pentru prejudicii produse prin accidente de autovehicule sau reprezentantii acestora, sesizati de producerea unui accident de circulatie in baza formularului de constatare amiabila de accident au obligatia de a anunta imediat unitatea de politie pe raza careia s-a produs evenimentul, precum si de a aduce la cunostinta celui implicat obligatia de a se prezenta la unitatea de politie, daca exista indicii cu privire la neindeplinirea conditiilor prevazute la alin. (21) lit. b).<br>(2.4) In situatia prevazuta la alin. (23), conducatorul de vehicul implicat in accidentul de circulatie are obligatia de a se prezenta la unitatea de politie in termen de 24 de ore de la data primirii invitatiei din partea acesteia, in vederea intocmirii documentelor de constatare a accidentului de circulatie si eliberarea autorizatiei de reparatie.<br>(2.5) Procedura atestarii prevazute la alin. (22), precum si forma, continutul si modul de distribuire a formularului de constatare amiabila de accident, prevazut la alin. (21) lit. e) se stabilesc prin ordin al presedintelui Comisiei de Supraveghere a Asigurarilor, care se publica in Monitorul Oficial al Romaniei, Partea I.<br>(3) abrogat


                    </div>","https://scoaladrpciv.ro/intrebari/categoria-a/obligatiile-conducatorilor-de-autovehicule"
"1790502165-113","https://scoaladrpciv.ro/intrebari/categoria-a","Conducătorul unei motociclete este obligat:","B - să se prezinte la termen, la unitatea de poliţie care l-a citat, pentru soluţionarea oricărei probleme legate de calitatea sa de conducător;","","","A - să nu conducă după ce a consumat medicamente împotriva bolilor cronice;","C - să anunţe imediat cea mai apropiată unitate de poliţie, dacă s-a îmbolnăvit.","https://scoaladrpciv.ro/intrebare/conducatorul-unei-motociclete-este-obligat-9ce5","","<div class="""">
                        <p>Art. 102<br>(1) Constituie contraventii si se sanctioneaza cu amenda prevazuta in clasa a IV-a de sanctiuni urmatoarele fapte savarsite de persoane fizice:<br>1. conducerea pe drumurile publice a unui vehicul care nu corespunde din punct de vedere tehnic sau al carui termen de valabilitate a inspectiei tehnice periodice a expirat;<br>2. conducerea pe drumurile publice a unui vehicul fara a avea montata una dintre placutele cu numarul de inmatriculare sau de inregistrare ori daca placutele cu numarul de inmatriculare ori de inregistrare nu sunt fixate in locurile special destinate;<br>3. conducerea unui vehicul cu tractiune animala neinregistrat;<br>4. neefectuarea radierii vehiculelor din evidenta, in cazurile si termenele prevazute de lege;<br>5. conducerea unui autovehicul destinat transportului public de persoane sau de marfuri fara a detine atestatul profesional;<br>6. neefectuarea verificarii medicale periodice;<br>7. neindeplinirea de catre medicul de familie a obligatiilor prevazute la art.22 alin.(5) in cazul implicarii, cu vinovatie, a conducatorului de vehicul aflat in evidenta sa intr-un accident de circulatie in urma caruia au rezultat numai pagube materiale;<br>8. detinerea simultana a doua permise de conducere nationale, dintre care unul eliberat de o autoritate competenta straina;<br>9. lipirea de afise, inscriptii sau inscrisuri pe indicatoarele sau dispozitivele ce servesc la semnalizarea rutiera, inclusiv pe suporturile acestora;<br>10. detinerea, montarea sau folosirea in circulatia pe drumurile publice a mijloacelor speciale de avertizare sonora sau luminoasa pe vehiculele care nu au acest drept;<br>11. detinerea, montarea sau folosirea in circulatia pe drumurile publice a dispozitivelor care perturba functionarea normala a dispozitivelor de masurare a vitezei;<br>12. folosirea nejustificata a mijloacelor speciale de avertizare luminoase sau sonore de catre conducatorii autovehiculelor care au regim de circulatie prioritara;<br>13. nerespectarea semnalelor regulamentare ale agentilor de cale ferata la trecerea la nivel;<br>14. necomunicarea de catre proprietarul sau utilizatorul unui vehicul, la solicitarea politiei rutiere, a identitatii persoanei careia i-a incredintat vehiculul spre a fi condus;<br>15. neindeplinirea obligatiilor ce ii revin conducatorului de vehicule care efectueaza transport public de persoane sau de marfuri;<br>16. nerespectarea obligatiilor ce revin conducatorilor de vehicule cu tractiune animala;<br>17. nerespectarea dispozitiilor art.74 privind circulatia pe autostrazi;<br>18. neindeplinirea obligatiilor prevazute la art.79 alin.(2) in cazul implicarii conducatorului de autovehicul intr-un accident de circulatie din care au rezultat numai pagube materiale;<br>19. efectuarea transportului de marfuri sau persoane cu autovehicule si remorci care circula in baza autorizatiei pentru proba;<br>20. conducerea unui autovehicul care circula in baza autorizatiei pentru probe in afara judetului sau a municipiului Bucuresti in raza caruia isi are sediul titularul autorizatiei;<br>21. nerespectarea semnificatiei luminii rosii a dispozitivelor instalate pentru semnalizarea benzilor cu circulatie reversibila;<br>22. savarsirea de catre conducatorii de vehicule sau pasagerii acestora de gesturi obscene, proferarea de injurii, adresarea de expresii jignitoare sau vulgare participantilor la trafic;<br>23. aruncarea, lasarea ori abandonarea pe drumul public de obiecte, materiale, substante sau vehicule, dupa caz;<br>24. nerespectarea regulilor privind remorcarea vehiculelor;<br><span style=""background-color:hsl(60, 75%, 60%);"">25. neprezentarea, in mod nejustificat, in termenul stabilit la unitatea de politie rutiera la care a fost invitat pentru solutionarea oricarei probleme legate de calitatea de participant la trafic sau de proprietar ori utilizator de vehicul;</span><br>26. patrunderea pe drumurile publice modernizate cu un vehicul care are pe roti sau pe caroserie noroi ce se depune pe partea carosabila ori din care cad sau se scurg produse, substante sau materiale ce pun in pericol siguranta circulatiei;<br>27. transportul copiilor in varsta de pana la 12 ani sau al animalelor pe locurile din fata ale vehiculelor;<br>28. conducerea autovehiculului cu masa maxima autorizata mai mare de 3,5 tone pe drumurile acoperite cu gheata, zapada sau polei, fara a avea montate pe roti lanturi sau alte echipamente antiderapante omologate;<br>29. neaplicarea, in partea din spate a unui autovehicul inmatriculat intr-un stat care nu este semnatar al Conventiei asupra circulatiei rutiere, a semnului distinctiv al statului care a efectuat inmatricularea;<br>30. stationarea neregulamentara pe drumurile publice in conditii de vizibilitate redusa;<br>31. lovirea, deteriorarea sau ocolirea portilor de gabarit instalate inaintea trecerii la nivel cu calea ferata;<br>32. lovirea si/sau deteriorarea pasajelor superioare de pe drumurile publice, prin nerespectarea gabaritului de libera trecere semnalizat corespunzator;<br>33. montarea pe autovehicul a unui sistem antifurt sonor a carui durata a semnalului depaseste mai mult de un minut consecutiv, iar intensitatea semnalului depaseste pragul fonic prevazut de lege;<br>34. neaplicarea, in partea din spate a vehiculului care efectueaza transport public de persoane sau de marfuri, a indicatorului cu limitele de viteza admise pentru categoria din care face parte vehiculul condus;<br>35. aplicarea tratamentelor chimice sau a foliilor, pe parbriz, luneta sau pe geamurile laterale, cu exceptia celor omologate si/sau certificate de catre autoritatea competenta si care sunt marcate corespunzator;<br>36. aplicarea de afise, reclame publicitare, inscrisuri sau accesorii pe parbriz, luneta sau geamurile laterale care restrang sau estompeaza vizibilitatea sub limita legal admisa ori impiedica sau diminueaza eficacitatea dispozitivelor de iluminare si semnalizare luminoasa ori citirea numarului de inmatriculare;<br>37. incalcarea obligatiilor referitoare la circulatia pe drumurile publice a vehiculelor care transporta produse sau marfuri periculoase ori a vehiculelor cu masa si/sau gabaritul depasit.<br>38. nerespectarea obligatiei de comunicare prevazute de art. 801 sau comunicarea de date inexacte sau incomplete<br>(2) Amenda contraventionala prevazuta la alin.(1) se aplica si conducatorului de autovehicul sau tramvai care savarseste o fapta pentru care se aplica 6 puncte de penalizare, conform art.108 alin.(1) lit.d).<br>(3) Constituie contraventie si se sanctioneaza cu amenda prevazuta in clasa a IV-a de sanctiuni si cu aplicarea sanctiunii complementare a suspendarii exercitarii dreptului de a conduce pentru o perioada de 90 de zile savarsirea de catre conducatorul de autovehicul sau tramvai a urmatoarelor fapte:<br>a) conducerea sub influenta bauturilor alcoolice, daca fapta nu constituie, potrivit legii, infractiune;<br>b) conducerea vehiculului cu defectiuni grave la sistemul de franare sau la mecanismul de directie, constatate de politia rutiera impreuna cu specialistii Registrului Auto Roman;<br>c) neoprirea la trecerea la nivel cu calea ferata cand barierele sau semibarierele sunt coborate ori in curs de coborare sau cand semnalele cu lumini rosii si/sau sonore sunt in functiune;<br>d) nerespectarea dispozitiilor prevazute la art.35 alin.(3);<br>e) depasirea cu mai mult de 50 km/h a vitezei maxime admise pe sectorul de drum respectiv si pentru categoria din care face parte autovehiculul condus, constatata, potrivit legii, cu mijloace tehnice omologate si verificate metrologic.</p>


                    </div>","https://scoaladrpciv.ro/intrebari/categoria-a/obligatiile-conducatorilor-de-autovehicule"
"1790502168-114","https://scoaladrpciv.ro/intrebari/categoria-a","Conducătorilor de motociclete le este interzis:","A - să ameninţe participanţii la trafic cu violenţe;","B - să săvârşească acte sau gesturi obscene;","C - să adreseze celorlalţi participanţi la trafic expresii jignitoare sau vulgare.","","","https://scoaladrpciv.ro/intrebare/conducatorilor-de-motociclete-le-este-interzis-f6a0","","<div class="""">
                        Art. 148<br>Se interzice conducătorului de autovehicul sau de tramvai:<br>1. să conducă un autovehicul sau tramvai cu dovada înlocuitoare a permisului de conducere eliberată fără drept de circulaţie sau a cărei valabilitate a expirat;<br>2. să transporte în autovehicul sau tramvai mai multe persoane decât numărul de locuri stabilite în certificatul de înmatriculare sau de înregistrare;<br>3. să transporte persoane în stare de ebrietate pe motocicletă sau în cabina ori în caroseria autovehiculului destinat transportului de mărfuri;<br>4. să transporte persoane în caroseria autobasculantei, pe autocisternă, pe platformă, deasupra încărcăturii, pe părţile laterale ale caroseriei, sau persoane care stau în picioare în caroseria autocamionului, pe scări şi în remorcă, cu excepţia celei special amenajate pentru transportul persoanelor;<br>5. să transporte copii în vârstă de până la 12 ani pe scaunul din faţă al autovehiculului, chiar dacă sunt ţinuţi în braţe de persoane majore;<br>6. să transporte în şi pe autoturism obiecte a căror lungime sau lăţime depăşeşte, împreună cu încărcătura, dimensiunile acestuia;<br>7. să deschidă uşile autovehiculului sau tramvaiului în timpul mersului, să pornească de pe loc cu uşile deschise;<br>8. să aibă în timpul mersului preocupări de natură a-i distrage în mod periculos atenţia ori să folosească instalaţii de sonorizare la un nivel de zgomot care ar afecta deplasarea în siguranţă a lui şi a celorlalţi participanţi la trafic;<br>9. să intre pe drumurile modernizate cu autovehiculul care are pe roţi sau pe caroserie noroi ce se depune pe partea carosabilă ori din care cad sau se scurg produse, substanţe ori materiale ce pot pune în pericol siguranţa circulaţiei;<br>10. să aibă aplicate pe parbriz, lunetă sau pe geamurile laterale afişe, reclame publicitare, înscrisuri ori accesorii, care restrâng sau estompează vizibilitatea conducătorului ori a pasagerilor, atât din interior, cât şi din exterior;<br>11. să aibă aplicate folii sau tratamente chimice pe parbrize, lunetă ori pe geamurile laterale, care restrâng sau estompează vizibilitatea, atât din interior, cât şi din exterior, cu excepţia celor omologate şi certificate, prin marcaj corespunzător, de către autoritatea competentă;<br>12. să aibă aplicate folii sau tratamente chimice pe dispozitivele de iluminare ori semnalizare luminoasă, care diminuează eficacitatea acestora, precum şi pe plăcuţele cu numărul de înmatriculare sau de înregistrare, care împiedică citirea numărului de înmatriculare sau de înregistrare;<br>13. să lase liber în timpul mersului volanul, ghidonul sau maneta de comandă, să oprească motorul ori să decupleze transmisia în timpul mersului;<br>14. să folosească în mod abuziv mijloacele de avertizare sonoră;<br>15. să circule cu autovehiculul cu masa totală maximă autorizată mai mare de 3,5 tone pe drumurile acoperite cu zăpadă, gheaţă sau polei, fără a avea montate pe roţi lanţuri sau alte echipamente antiderapante omologate, în perioadele şi pe drumurile stabilite prin ordin al ministrului transporturilor, construcţiilor şi turismului;<br>16. să circule având montate pe autovehicul anvelope cu alte dimensiuni ori caracteristici decât cele prevăzute în certificatul de înmatriculare sau de înregistrare ori care prezintă tăieturi sau rupturi ale cordului ori sunt uzate peste limita admisă;<br>17. să conducă un autovehicul care emană noxe peste limita legală admisă ori al cărui zgomot în mers sau staţionare depăşeşte pragul fonic prevăzut de lege ori care are montat pe sistemul de evacuare a gazelor dispozitive neomologate;<br>18. să circule cu autovehiculul având plăcuţele cu numerele de înmatriculare sau de înregistrare, provizorii ori pentru probe deteriorate sau neconforme cu standardul;<br>19. să săvârşească acte sau gesturi obscene, să profereze injurii, să adreseze expresii jignitoare ori vulgare celorlalţi participanţi la trafic;<br>20. să circule cu autovehiculul avariat mai mult de 30 de zile de la data producerii avariei;<br>21. să arunce, pe drumurile publice, din autovehicul obiecte, materiale sau substanţe. 


                    </div>","https://scoaladrpciv.ro/intrebari/categoria-a/obligatiile-conducatorilor-de-autovehicule"
"1790502170-115","https://scoaladrpciv.ro/intrebari/categoria-a","Este interzisă întoarcerea motocicletei pe:","A - sectoarele de drum marcate cu o linie continuă;","B - porţiunile de drum unde este interzisă oprirea;","","C - sectoarele de drum unde este interzisă staţionarea.","","https://scoaladrpciv.ro/intrebare/este-interzisa-intoarcerea-motocicletei-pe-1eea","","<div class="""">
                        Art. 126<br>Se interzice întoarcerea vehiculului:<br>a) în locurile în care este interzisă oprirea voluntară a vehiculelor, cu excepţia cazurilor prevăzute la art. 142 lit. f);<br>b) în intersecţiile în care este interzis virajul la stânga, precum şi în cele în care, pentru efectuare, este necesară manevrarea înainte şi înapoi a vehiculului;<br>c) în locurile unde soliditatea drumului nu permite;<br>d) pe drumurile cu sens unic;<br>e) pe marcajul pietonal;<br>f) în locurile în care este instalat indicatorul „Întoarcerea interzisă“. <br><br>Art. 77<br>(1) Administratorul drumului public este obligat să aplice marcaje cu linii continue sau discontinue, după caz, atât pentru separarea sensurilor şi benzilor de circulaţie, cât şi pentru delimitarea părţii carosabile. <br>(2) Marcajul longitudinal format dintr-o linie continuă simplă sau dublă interzice încălcarea acestuia. <br>(3) Marcajul format dintr-o linie continuă aplicată pe bordura trotuarului sau la marginea părţii carosabile interzice staţionarea vehiculelor pe acea parte a drumului. Când o asemenea linie însoţeşte un indicator de interzicere a staţionării, aceasta precizează lungimea sectorului de drum pe care este valabilă interzicerea. <br>(4) Marcajul longitudinal format din linii continue care delimitează banda pe care este aplicat şi un marcaj simbolizând o anumită categorie sau anumite categorii de vehicule semnifică faptul că banda este rezervată circulaţiei acelei sau acelor categorii de vehicule. 


                    </div>","https://scoaladrpciv.ro/intrebari/categoria-a/obligatiile-conducatorilor-de-autovehicule"
"1790502174-116","https://scoaladrpciv.ro/intrebari/categoria-a","Conducătorul unei motociclete este obligat:","A - să permită controlul stării tehnice a motocicletei, precum şi al bunurilor transportate, în condiţiile legii;","B - să se prezinte la verificarea medicală periodică, potrivit legii;","","C - să transporte poliţişti, la cererea acestora.","","https://scoaladrpciv.ro/intrebare/conducatorul-unei-motociclete-este-obligat-f152","","<div class="""">
                        Art. 147<br>Conducătorul de autovehicul sau de tramvai este obligat:<br>1. să aibă asupra sa actul de identitate, permisul de conducere, certificatul de înmatriculare sau de înregistrare şi, după caz, atestatul profesional, precum şi celelalte documente prevăzute de legislaţia în vigoare;<br>2. să circule numai pe sectoarele de drum pe care îi este permis accesul şi să respecte normele referitoare la masele totale maxime autorizate şi admise şi/sau la dimensiunile maxime admise de autoritatea competentă pentru autovehiculele conduse;<br>3. să verifice funcţionarea sistemului de lumini şi de semnalizare, a instalaţiei de climatizare, să menţină permanent curate parbrizul, luneta şi geamurile laterale ale autovehiculului, precum şi plăcuţele cu numărul de înmatriculare sau înregistrare ale autovehiculului şi remorcii;<br>4. să permită controlul stării tehnice a vehiculului, precum şi al bunurilor transportate, în condiţiile legii;<br>5. să se prezinte la verificarea medicală periodică, potrivit legii;<br>6. să aplice pe parbrizul şi pe luneta autovehiculului semnul distinctiv stabilit pentru conducătorii de autovehicule începători, dacă are o vechime mai mică de un an de la obţinerea permisului de conducere. 


                    </div>","https://scoaladrpciv.ro/intrebari/categoria-a/obligatiile-conducatorilor-de-autovehicule"
"1790502176-117","https://scoaladrpciv.ro/intrebari/categoria-a","În timp ce conduceţi motocicleta, vă este interzis:","C - să lăsaţi liber ghidonul în timpul mersului.","","","A - să vă asiguraţi în oglinda retrovizoare;","B - să folosiţi ochelari de protecţie;","https://scoaladrpciv.ro/intrebare/in-timp-ce-conduceti-motocicleta-va-este-interzis-7531","","<div class="""">
                        Art. 148<br>Se interzice conducătorului de autovehicul sau de tramvai:<br>1. să conducă un autovehicul sau tramvai cu dovada înlocuitoare a permisului de conducere eliberată fără drept de circulaţie sau a cărei valabilitate a expirat;<br>2. să transporte în autovehicul sau tramvai mai multe persoane decât numărul de locuri stabilite în certificatul de înmatriculare sau de înregistrare;<br>3. să transporte persoane în stare de ebrietate pe motocicletă sau în cabina ori în caroseria autovehiculului destinat transportului de mărfuri;<br>4. să transporte persoane în caroseria autobasculantei, pe autocisternă, pe platformă, deasupra încărcăturii, pe părţile laterale ale caroseriei, sau persoane care stau în picioare în caroseria autocamionului, pe scări şi în remorcă, cu excepţia celei special amenajate pentru transportul persoanelor;<br>5. să transporte copii în vârstă de până la 12 ani pe scaunul din faţă al autovehiculului, chiar dacă sunt ţinuţi în braţe de persoane majore;<br>6. să transporte în şi pe autoturism obiecte a căror lungime sau lăţime depăşeşte, împreună cu încărcătura, dimensiunile acestuia;<br>7. să deschidă uşile autovehiculului sau tramvaiului în timpul mersului, să pornească de pe loc cu uşile deschise;<br>8. să aibă în timpul mersului preocupări de natură a-i distrage în mod periculos atenţia ori să folosească instalaţii de sonorizare la un nivel de zgomot care ar afecta deplasarea în siguranţă a lui şi a celorlalţi participanţi la trafic;<br>9. să intre pe drumurile modernizate cu autovehiculul care are pe roţi sau pe caroserie noroi ce se depune pe partea carosabilă ori din care cad sau se scurg produse, substanţe ori materiale ce pot pune în pericol siguranţa circulaţiei;<br>10. să aibă aplicate pe parbriz, lunetă sau pe geamurile laterale afişe, reclame publicitare, înscrisuri ori accesorii, care restrâng sau estompează vizibilitatea conducătorului ori a pasagerilor, atât din interior, cât şi din exterior;<br>11. să aibă aplicate folii sau tratamente chimice pe parbrize, lunetă ori pe geamurile laterale, care restrâng sau estompează vizibilitatea, atât din interior, cât şi din exterior, cu excepţia celor omologate şi certificate, prin marcaj corespunzător, de către autoritatea competentă;<br>12. să aibă aplicate folii sau tratamente chimice pe dispozitivele de iluminare ori semnalizare luminoasă, care diminuează eficacitatea acestora, precum şi pe plăcuţele cu numărul de înmatriculare sau de înregistrare, care împiedică citirea numărului de înmatriculare sau de înregistrare;<br>13. să lase liber în timpul mersului volanul, ghidonul sau maneta de comandă, să oprească motorul ori să decupleze transmisia în timpul mersului;<br>14. să folosească în mod abuziv mijloacele de avertizare sonoră;<br>15. să circule cu autovehiculul cu masa totală maximă autorizată mai mare de 3,5 tone pe drumurile acoperite cu zăpadă, gheaţă sau polei, fără a avea montate pe roţi lanţuri sau alte echipamente antiderapante omologate, în perioadele şi pe drumurile stabilite prin ordin al ministrului transporturilor, construcţiilor şi turismului;<br>16. să circule având montate pe autovehicul anvelope cu alte dimensiuni ori caracteristici decât cele prevăzute în certificatul de înmatriculare sau de înregistrare ori care prezintă tăieturi sau rupturi ale cordului ori sunt uzate peste limita admisă;<br>17. să conducă un autovehicul care emană noxe peste limita legală admisă ori al cărui zgomot în mers sau staţionare depăşeşte pragul fonic prevăzut de lege ori care are montat pe sistemul de evacuare a gazelor dispozitive neomologate;<br>18. să circule cu autovehiculul având plăcuţele cu numerele de înmatriculare sau de înregistrare, provizorii ori pentru probe deteriorate sau neconforme cu standardul;<br>19. să săvârşească acte sau gesturi obscene, să profereze injurii, să adreseze expresii jignitoare ori vulgare celorlalţi participanţi la trafic;<br>20. să circule cu autovehiculul avariat mai mult de 30 de zile de la data producerii avariei;<br>21. să arunce, pe drumurile publice, din autovehicul obiecte, materiale sau substanţe. 


                    </div>","https://scoaladrpciv.ro/intrebari/categoria-a/obligatiile-conducatorilor-de-autovehicule"
"1790502179-118","https://scoaladrpciv.ro/intrebari/categoria-a","Unde montaţi, la motocicletă, semnul distinctiv specific conducătorilor cu o vechime mai mică de un an de la data obţinerii permisului de conducere?","B - în partea din spate a motocicletei, lângă numărul de înmatriculare;","","","A - în partea din faţă a motocicletei, deasupra roţii;","C - pe partea din spate a căştii de protecţie.","https://scoaladrpciv.ro/intrebare/unde-montati-la-motocicleta-semnul-distinctiv-specific-conducatorilor-cu-o-vechime-mai-mica-de-un-an-de-la-data-obtinerii-permisului-de-conducere-2c45","","<div class="""">
                        <p>Art. 149<br>(1) Conducătorul de autovehicul sau de tramvai cu o vechime mai mică de un an de la data obţinerii permisului de conducere are obligaţia de a aplica semnul distinctiv sub forma unui disc de culoare galbenă, cu diametrul de 100 mm, care are în centru semnul exclamării, de culoare neagră, cu lungimea de 60 mm şi diametrul punctului de 10 mm, după cum urmează:<br><span style=""background-color:hsl(60, 75%, 60%);"">a) la motocicletă, în partea din spate lângă numărul de înmatriculare;</span><br>b) la autovehicul, pe parbriz în partea din dreapta jos şi pe lunetă, în partea stângă jos;<br>c) la autovehiculul care nu este prevăzut cu lunetă, pe parbriz în partea din dreapta jos şi pe caroserie în partea din spate stânga sus;<br>d) la tramvai, pe parbriz în partea din dreapta jos şi pe luneta ultimului vagon în partea din spate stânga sus;<br>e) la autovehiculul care tractează o remorcă, pe parbrizul autovehiculului în partea din dreapta jos şi pe caroseria remorcii în partea din spate stânga sus.&nbsp;<br>(2) Conducătorului de vehicul prevăzut la alin. (1) îi este interzis:<br>a) să conducă autovehicule care transportă mărfuri sau produse periculoase;<br>b) să conducă vehicule destinate testării sau cele pentru probe;<br>c) să conducă vehicule destinate transportului public de persoane, inclusiv în regim de taxi.</p>


                    </div>","https://scoaladrpciv.ro/intrebari/categoria-a/obligatiile-conducatorilor-de-autovehicule"
"1790502183-119","https://scoaladrpciv.ro/intrebari/categoria-a","Ce obligaţii aveţi atunci când intraţi pe autostradă folosind banda de accelerare?","A - să cedaţi trecerea autovehiculelor care circulă pe prima bandă a autostrăzii şi să nu stânjeniţi în niciun fel circulaţia acestora;","","","B - să semnalizaţi stânga, pentru a-i preveni pe ceilalţi conducători să vă acorde prioritate;","C - să opriţi şi să vă asiguraţi din faţă şi din spate.","https://scoaladrpciv.ro/intrebare/ce-obligatii-aveti-atunci-cand-intrati-pe-autostrada-folosind-banda-de-accelerare-88da","","<div class="""">
                        Art. 169<br>(1) Conducătorii de autovehicule care intră pe autostrăzi folosind banda de intrare (de accelerare) trebuie să cedeze trecerea autovehiculelor care circulă pe prima bandă a autostrăzilor şi să nu stânjenească în niciun fel circulaţia acestora. <br>(2) Conducătorii de autovehicule care urmează să părăsească autostrada sunt obligaţi să semnalizeze din timp şi să se angajeze pe banda de ieşire (de decelerare). 


                    </div>","https://scoaladrpciv.ro/intrebari/categoria-a/circulatia-pe-autostrazi"
"1790502190-120","https://scoaladrpciv.ro/intrebari/categoria-a","În caz de urgenţă, puteţi întoarce folosind racordurile dintre cele două direcţii de mers ale unei autostrăzi?","C - nu.","","","A - da, pentru că în această zonă puteţi să întoarceţi pe celălalt sens de mers;","B - nu, dacă nu este spaţiu suficient pentru a pătrunde în siguranţă cu autovehiculul;","https://scoaladrpciv.ro/intrebare/in-caz-de-urgenta-puteti-intoarce-folosind-racordurile-dintre-cele-doua-directii-de-mers-ale-unei-autostrazi-9c5d","","<div class="""">
                        Art. 108<br>(1) Savarsirea de catre conducatorul de autovehicul sau tramvai a uneia sau mai multor contraventii atrage, pe langa sanctiunea amenzii, si aplicarea unui numar de puncte de penalizare, dupa cum urmeaza:<br>a) 2 puncte de penalizare pentru savarsirea urmatoarelor fapte:<br>1. folosirea incorecta a luminilor de drum la intalnirea cu un autovehicul care circula din sens opus;<br>2. folosirea telefoanelor mobile in timpul conducerii, cu exceptia celor prevazute cu dispozitive de tip ?maini libere?;<br>3. nerespectarea obligatiei de a purta, in timpul circulatiei pe drumurile publice, centura de siguranta ori castile de protectie omologate, dupa caz;<br>4. depasirea cu 10-20 km/h a vitezei maxime admise pe sectorul de drum respectiv pentru categoria din care face parte autovehiculul condus, constatata, potrivit legii, cu mijloace tehnice omologate si verificate metrologic;<br>5. circulatia pe un sector de drum pe care accesul este interzis;<br>6. nerespectarea regulilor privind manevra de intoarcere, mersul inapoi, schimbarea benzii de circulatie sau a directiei de mers;<br>7. nerespectarea obligatiei de a folosi luminile de intalnire si pe timpul zilei, pe autostrazi, drumuri expres si pe drumuri nationale europene (E);<br>8. stationarea neregulamentara;<br>9. refuzul inmanarii actului de identitate, permisului de conducere, certificatului de inmatriculare sau de inregistrare, al celorlalte documente prevazute de lege, la cererea politistului rutier, precum si refuzul de a permite verificarea vehiculului;<br>b) 3 puncte de penalizare pentru savarsirea urmatoarelor fapte:<br>1. oprirea nejustificata sau circulatia pe banda de urgenta a autostrazilor sau oprirea pe partea carosabila a drumurilor expres sau a drumurilor nationale europene (E);<br>2. depasirea cu 21-30 km/h a vitezei maxime admise pe sectorul de drum respectiv pentru categoria din care face parte autovehiculul condus, constatata, potrivit legii, cu mijloace tehnice omologate si verificate metrologic;<br>3. nerespectarea regulilor privind manevra de intoarcere, mersul inapoi, schimbarea benzii de circulatie sau a directiei de mers, daca prin aceasta s-a produs un accident din care au rezultat avarierea unui vehicul sau alte pagube materiale;<br>4. nepastrarea unei distante corespunzatoare fata de vehiculul care il precede, daca prin aceasta s-a produs un accident din care au rezultat avarierea unui vehicul sau alte pagube materiale;<br>5. nerespectarea semnificatiei indicatorului ''ocolire'', instalat pe refugiul statiilor de tramvai;<br>6. patrunderea intr-o intersectie atunci cand circulatia in interiorul acesteia este blocata;<br>c) 4 puncte de penalizare pentru savarsirea urmatoarelor fapte:<br>1. nerespectarea obligatiilor care ii revin in cazul vehiculelor ramase in pana sau avariate;<br>2. nerespectarea semnificatiei indicatorului ''STOP'';<br>3. depasirea cu 31-40 km/h a vitezei maxime admise pe sectorul de drum respectiv pentru categoria din care face parte autovehiculul condus, constatata, potrivit legii, cu mijloace tehnice omologate si verificate metrologic;<br>4. circulatia in timpul noptii sau ziua, pe timp de ceata, ninsoare abundenta sau ploaie torentiala, cu un autovehicul fara lumini sau fara semnalizare corespunzatoare;<br>5. conducerea unui autovehicul sau tractarea unei remorci atunci cand dovada inlocuitoare a certificatului de inmatriculare sau de inregistrare este eliberata fara drept de circulatie sau durata acesteia a expirat;<br>d) 6 puncte de penalizare pentru savarsirea urmatoarelor fapte:<br>1. refuzul de a permite imobilizarea vehiculului sau verificarea tehnica a acestuia;<br>2. nerespectarea semnificatiei semnalelor regulamentare ale agentilor de cale ferata care dirijeaza circulatia la trecerile la nivel cu calea ferata;<br>3. depasirea cu 41-50 km/h a vitezei maxime admise pe sectorul de drum respectiv pentru categoria din care face parte autovehiculul condus, constatata, potrivit legii, cu mijloace tehnice omologate si verificate metrologic;<br>4. conducerea unui vehicul inmatriculat sau inregistrat care nu are montata una din placutele cu numarul de inmatriculare sau de inregistrare;<br>5. circulatia sau stationarea pe spatiul interzis care separa sensurile de circulatie pe autostrada;<br>6. stationarea ori parcarea autovehiculelor pe autostrada in alte locuri decat cele special amenajate si semnalizate;<br>7. executarea pe autostrada a manevrei de intoarcere sau de mers inapoi, circulatia sau traversarea de pe un sens de circulatie pe celalalt prin zonele interzise, respectiv zona mediana sau racordurile dintre cele doua parti carosabile;<br>8. nerespectarea semnificatiei indicatoarelor Trecere la nivel cu o cale ferata simpla, fara bariere, Trecere la nivel cu o cale ferata dubla, fara bariere sau Oprire, instalate la trecerea la nivel cu o cale ferata;<br>9. schimbarea directiei de mers prin viraj spre stanga, daca prin aceasta se incalca marcajul longitudinal continuu care separa sensurile de circulatie;<br>10. patrunderea intr-o intersectie dirijata prin semafoare, daca prin aceasta se produce blocarea circulatiei in interiorul intersectiei.<br>(2) Procedura de inregistrare a punctelor de penalizare se stabileste prin regulament.


                    </div>","https://scoaladrpciv.ro/intrebari/categoria-a/circulatia-pe-autostrazi"
"1790502192-121","https://scoaladrpciv.ro/intrebari/categoria-a","Căror vehicule le este interzisă circulaţia pe autostrăzi?","B - celor care, prin construcţie sau din alte cauze, nu pot depăşi viteza de 50 km/h;","","","A - motocicletelor şi automobilelor care nu pot circula cu mai mult de 60 km/h;","C - autovehiculelor care transportă încărcături periculoase.","https://scoaladrpciv.ro/intrebare/caror-vehicule-le-este-interzisa-circulatia-pe-autostrazi-9b3f","","<div class="""">
                        Art. 74<br>(1) Pe autostrazi este interzisa circulatia pietonilor, a autovehiculelor cu gabarite sau mase depasite fara autorizatie speciala de transport eliberata de administratorul drumului public, conform reglementarilor in vigoare, a vehiculelor cu tractiune animala, a animalelor, a vehiculelor trase sau impinse cu mana, a bicicletelor si mopedelor, a tractoarelor si masinilor autopropulsate pentru lucrari agricole, precum si a vehiculelor care, prin constructie sau din alte cauze, nu pot depasi viteza de 50 km/h./n(2) De asemenea, pe autostrazi sunt interzise invatarea conducerii unui vehicul, incercarile prototipurilor de sasiuri si de autovehicule, manifestatiile, defilarile, caravanele publicitare, antrenamentele si competitiile sportive de orice fel, precum si cortegiile.<br>(3) Se interzice circulatia, oprirea sau stationarea autovehiculelor pe banda de urgenta, cu exceptia cazurilor justificate, precum si a autovehiculelor cu regim de circulatie prioritar.<br>(4) Circulatia autovehiculelor destinate transportului public de persoane sau de marfuri se efectueaza, de regula, numai pe banda marginala din partea dreapta a autostrazii, in sensul de mers.


                    </div>","https://scoaladrpciv.ro/intrebari/categoria-a/circulatia-pe-autostrazi"
"1790502195-122","https://scoaladrpciv.ro/intrebari/categoria-a","Cum veţi proceda corect dacă intraţi pe autostradă folosind banda de intrare (de accelerare):","A - veţi mări viteza, întrucât banda pe care circulaţi este special creată în acest scop;","B - cedaţi trecerea autovehiculelor care circulă pe prima bandă a autostrăzii şi nu stânjeniţi în niciun fel circulaţia acestora;","","C - nu aveţi nicio obligaţie, deoarece autostrada are suficiente benzi pentru a permite circulaţia tuturor  vehiculelor.","","https://scoaladrpciv.ro/intrebare/cum-veti-proceda-corect-daca-intrati-pe-autostrada-folosind-banda-de-intrare-de-accelerare-d245","","<div class="""">
                        Art. 169<br>(1) Conducătorii de autovehicule care intră pe autostrăzi folosind banda de intrare (de accelerare) trebuie să cedeze trecerea autovehiculelor care circulă pe prima bandă a autostrăzilor şi să nu stânjenească în niciun fel circulaţia acestora. <br>(2) Conducătorii de autovehicule care urmează să părăsească autostrada sunt obligaţi să semnalizeze din timp şi să se angajeze pe banda de ieşire (de decelerare). <br><br>  Banda de accelerare permite conducătorilor auto să mărească viteaza autovehicolului pentru a putea intra pe autostradă fără să stânjenească circulația autovehiculelor care circulă pe prima bandă.<br> 


                    </div>","https://scoaladrpciv.ro/intrebari/categoria-a/circulatia-pe-autostrazi"
"1790502197-123","https://scoaladrpciv.ro/intrebari/categoria-a","La circulaţia pe autostrăzi, conducătorului de motociclete îi este interzis:","A - să staţioneze pe banda de urgenţă, cu excepţia cazurilor justificate;","","","B - să oprească pentru a remedia o defecţiune;","C - să depăşească alte autovehicule.","https://scoaladrpciv.ro/intrebare/la-circulatia-pe-autostrazi-conducatorului-de-motociclete-ii-este-interzis-38e8","","<div class="""">
                        Art. 74<br>(1) Pe autostrazi este interzisa circulatia pietonilor, a autovehiculelor cu gabarite sau mase depasite fara autorizatie speciala de transport eliberata de administratorul drumului public, conform reglementarilor in vigoare, a vehiculelor cu tractiune animala, a animalelor, a vehiculelor trase sau impinse cu mana, a bicicletelor si mopedelor, a tractoarelor si masinilor autopropulsate pentru lucrari agricole, precum si a vehiculelor care, prin constructie sau din alte cauze, nu pot depasi viteza de 50 km/h.<br>(2) De asemenea, pe autostrazi sunt interzise invatarea conducerii unui vehicul, incercarile prototipurilor de sasiuri si de autovehicule, manifestatiile, defilarile, caravanele publicitare, antrenamentele si competitiile sportive de orice fel, precum si cortegiile.<br>(3) Se interzice circulatia, oprirea sau stationarea autovehiculelor pe banda de urgenta, cu exceptia cazurilor justificate, precum si a autovehiculelor cu regim de circulatie prioritar.<br>(4) Circulatia autovehiculelor destinate transportului public de persoane sau de marfuri se efectueaza, de regula, numai pe banda marginala din partea dreapta a autostrazii, in sensul de mers.


                    </div>","https://scoaladrpciv.ro/intrebari/categoria-a/circulatia-pe-autostrazi"
"1790502199-124","https://scoaladrpciv.ro/intrebari/categoria-a","Cum procedaţi în cazul în care aveţi o defecţiune tehnică pe autostradă?","A - părăsiţi carosabilul în timp ce rulează autovehiculul, opriţi pe banda de urgenţă şi îl semnalizaţi;","","","B - aprindeţi luminile de poziţie;","C - aprindeţi proiectoarele.","https://scoaladrpciv.ro/intrebare/cum-procedati-in-cazul-in-care-aveti-o-defectiune-tehnica-pe-autostrada-9d3e","","<div class="""">
                        Art. 74<br>(1) Pe autostrazi este interzisa circulatia pietonilor, a autovehiculelor cu gabarite sau mase depasite fara autorizatie speciala de transport eliberata de administratorul drumului public, conform reglementarilor in vigoare, a vehiculelor cu tractiune animala, a animalelor, a vehiculelor trase sau impinse cu mana, a bicicletelor si mopedelor, a tractoarelor si masinilor autopropulsate pentru lucrari agricole, precum si a vehiculelor care, prin constructie sau din alte cauze, nu pot depasi viteza de 50 km/h.<br>(2) De asemenea, pe autostrazi sunt interzise invatarea conducerii unui vehicul, incercarile prototipurilor de sasiuri si de autovehicule, manifestatiile, defilarile, caravanele publicitare, antrenamentele si competitiile sportive de orice fel, precum si cortegiile.<br>(3) Se interzice circulatia, oprirea sau stationarea autovehiculelor pe banda de urgenta, cu exceptia cazurilor justificate, precum si a autovehiculelor cu regim de circulatie prioritar.<br>(4) Circulatia autovehiculelor destinate transportului public de persoane sau de marfuri se efectueaza, de regula, numai pe banda marginala din partea dreapta a autostrazii, in sensul de mers.


                    </div>","https://scoaladrpciv.ro/intrebari/categoria-a/circulatia-pe-autostrazi"
"1790502202-125","https://scoaladrpciv.ro/intrebari/categoria-a","Aţi trecut din greşeală de ieşirea de pe autostrada pe care intenţionaţi să vă angajaţi. Cum procedaţi?","A - circulaţi mai departe până la următoarea ieşire;","","","B - opriţi pe banda de urgenţă şi circulaţi încet cu spatele;","C - aprindeţi luminile intermitente de avertizare, întoarceţi şi circulaţi înapoi pe banda laterală.","https://scoaladrpciv.ro/intrebare/ati-trecut-din-greseala-de-iesirea-de-pe-autostrada-pe-care-intentionati-sa-va-angajati-cum-procedati-9329","","<div class="""">
                        Art. 108<br>(1) Savarsirea de catre conducatorul de autovehicul sau tramvai a uneia sau mai multor contraventii atrage, pe langa sanctiunea amenzii, si aplicarea unui numar de puncte de penalizare, dupa cum urmeaza:<br>a) 2 puncte de penalizare pentru savarsirea urmatoarelor fapte:<br>1. folosirea incorecta a luminilor de drum la intalnirea cu un autovehicul care circula din sens opus;<br>2. folosirea telefoanelor mobile in timpul conducerii, cu exceptia celor prevazute cu dispozitive de tip ?maini libere?;<br>3. nerespectarea obligatiei de a purta, in timpul circulatiei pe drumurile publice, centura de siguranta ori castile de protectie omologate, dupa caz;<br>4. depasirea cu 10-20 km/h a vitezei maxime admise pe sectorul de drum respectiv pentru categoria din care face parte autovehiculul condus, constatata, potrivit legii, cu mijloace tehnice omologate si verificate metrologic;<br>5. circulatia pe un sector de drum pe care accesul este interzis;<br>6. nerespectarea regulilor privind manevra de intoarcere, mersul inapoi, schimbarea benzii de circulatie sau a directiei de mers;<br>7. nerespectarea obligatiei de a folosi luminile de intalnire si pe timpul zilei, pe autostrazi, drumuri expres si pe drumuri nationale europene (E);<br>8. stationarea neregulamentara;<br>9. refuzul inmanarii actului de identitate, permisului de conducere, certificatului de inmatriculare sau de inregistrare, al celorlalte documente prevazute de lege, la cererea politistului rutier, precum si refuzul de a permite verificarea vehiculului;<br>b) 3 puncte de penalizare pentru savarsirea urmatoarelor fapte:<br>1. oprirea nejustificata sau circulatia pe banda de urgenta a autostrazilor sau oprirea pe partea carosabila a drumurilor expres sau a drumurilor nationale europene (E);<br>2. depasirea cu 21-30 km/h a vitezei maxime admise pe sectorul de drum respectiv pentru categoria din care face parte autovehiculul condus, constatata, potrivit legii, cu mijloace tehnice omologate si verificate metrologic;<br>3. nerespectarea regulilor privind manevra de intoarcere, mersul inapoi, schimbarea benzii de circulatie sau a directiei de mers, daca prin aceasta s-a produs un accident din care au rezultat avarierea unui vehicul sau alte pagube materiale;<br>4. nepastrarea unei distante corespunzatoare fata de vehiculul care il precede, daca prin aceasta s-a produs un accident din care au rezultat avarierea unui vehicul sau alte pagube materiale;<br>5. nerespectarea semnificatiei indicatorului ''ocolire'', instalat pe refugiul statiilor de tramvai;<br>6. patrunderea intr-o intersectie atunci cand circulatia in interiorul acesteia este blocata;<br>c) 4 puncte de penalizare pentru savarsirea urmatoarelor fapte:<br>1. nerespectarea obligatiilor care ii revin in cazul vehiculelor ramase in pana sau avariate;<br>2. nerespectarea semnificatiei indicatorului ''STOP'';<br>3. depasirea cu 31-40 km/h a vitezei maxime admise pe sectorul de drum respectiv pentru categoria din care face parte autovehiculul condus, constatata, potrivit legii, cu mijloace tehnice omologate si verificate metrologic;<br>4. circulatia in timpul noptii sau ziua, pe timp de ceata, ninsoare abundenta sau ploaie torentiala, cu un autovehicul fara lumini sau fara semnalizare corespunzatoare;<br>5. conducerea unui autovehicul sau tractarea unei remorci atunci cand dovada inlocuitoare a certificatului de inmatriculare sau de inregistrare este eliberata fara drept de circulatie sau durata acesteia a expirat;<br>d) 6 puncte de penalizare pentru savarsirea urmatoarelor fapte:<br>1. refuzul de a permite imobilizarea vehiculului sau verificarea tehnica a acestuia;<br>2. nerespectarea semnificatiei semnalelor regulamentare ale agentilor de cale ferata care dirijeaza circulatia la trecerile la nivel cu calea ferata;<br>3. depasirea cu 41-50 km/h a vitezei maxime admise pe sectorul de drum respectiv pentru categoria din care face parte autovehiculul condus, constatata, potrivit legii, cu mijloace tehnice omologate si verificate metrologic;<br>4. conducerea unui vehicul inmatriculat sau inregistrat care nu are montata una din placutele cu numarul de inmatriculare sau de inregistrare;<br>5. circulatia sau stationarea pe spatiul interzis care separa sensurile de circulatie pe autostrada;<br>6. stationarea ori parcarea autovehiculelor pe autostrada in alte locuri decat cele special amenajate si semnalizate;<br>7. executarea pe autostrada a manevrei de intoarcere sau de mers inapoi, circulatia sau traversarea de pe un sens de circulatie pe celalalt prin zonele interzise, respectiv zona mediana sau racordurile dintre cele doua parti carosabile;<br>8. nerespectarea semnificatiei indicatoarelor Trecere la nivel cu o cale ferata simpla, fara bariere, Trecere la nivel cu o cale ferata dubla, fara bariere sau Oprire, instalate la trecerea la nivel cu o cale ferata;<br>9. schimbarea directiei de mers prin viraj spre stanga, daca prin aceasta se incalca marcajul longitudinal continuu care separa sensurile de circulatie;<br>10. patrunderea intr-o intersectie dirijata prin semafoare, daca prin aceasta se produce blocarea circulatiei in interiorul intersectiei.<br>(2) Procedura de inregistrare a punctelor de penalizare se stabileste prin regulament.


                    </div>","https://scoaladrpciv.ro/intrebari/categoria-a/circulatia-pe-autostrazi"
"1790502204-126","https://scoaladrpciv.ro/intrebari/categoria-a","Este permisă manevra de întoarcere pe autostradă?","A - nu;","","","B - da;","C - nu, cu excepţia cazurilor când pe direcţia înainte circulaţia este blocată.","https://scoaladrpciv.ro/intrebare/este-permisa-manevra-de-intoarcere-pe-autostrada-7a0c","","<div class="""">
                        Art. 108<br>(1) Savarsirea de catre conducatorul de autovehicul sau tramvai a uneia sau mai multor contraventii atrage, pe langa sanctiunea amenzii, si aplicarea unui numar de puncte de penalizare, dupa cum urmeaza:<br>a) 2 puncte de penalizare pentru savarsirea urmatoarelor fapte:<br>1. folosirea incorecta a luminilor de drum la intalnirea cu un autovehicul care circula din sens opus;<br>2. folosirea telefoanelor mobile in timpul conducerii, cu exceptia celor prevazute cu dispozitive de tip ?maini libere?;<br>3. nerespectarea obligatiei de a purta, in timpul circulatiei pe drumurile publice, centura de siguranta ori castile de protectie omologate, dupa caz;<br>4. depasirea cu 10-20 km/h a vitezei maxime admise pe sectorul de drum respectiv pentru categoria din care face parte autovehiculul condus, constatata, potrivit legii, cu mijloace tehnice omologate si verificate metrologic;<br>5. circulatia pe un sector de drum pe care accesul este interzis;<br>6. nerespectarea regulilor privind manevra de intoarcere, mersul inapoi, schimbarea benzii de circulatie sau a directiei de mers;<br>7. nerespectarea obligatiei de a folosi luminile de intalnire si pe timpul zilei, pe autostrazi, drumuri expres si pe drumuri nationale europene (E);<br>8. stationarea neregulamentara;<br>9. refuzul inmanarii actului de identitate, permisului de conducere, certificatului de inmatriculare sau de inregistrare, al celorlalte documente prevazute de lege, la cererea politistului rutier, precum si refuzul de a permite verificarea vehiculului;<br>b) 3 puncte de penalizare pentru savarsirea urmatoarelor fapte:<br>1. oprirea nejustificata sau circulatia pe banda de urgenta a autostrazilor sau oprirea pe partea carosabila a drumurilor expres sau a drumurilor nationale europene (E);<br>2. depasirea cu 21-30 km/h a vitezei maxime admise pe sectorul de drum respectiv pentru categoria din care face parte autovehiculul condus, constatata, potrivit legii, cu mijloace tehnice omologate si verificate metrologic;<br>3. nerespectarea regulilor privind manevra de intoarcere, mersul inapoi, schimbarea benzii de circulatie sau a directiei de mers, daca prin aceasta s-a produs un accident din care au rezultat avarierea unui vehicul sau alte pagube materiale;<br>4. nepastrarea unei distante corespunzatoare fata de vehiculul care il precede, daca prin aceasta s-a produs un accident din care au rezultat avarierea unui vehicul sau alte pagube materiale;<br>5. nerespectarea semnificatiei indicatorului ''ocolire'', instalat pe refugiul statiilor de tramvai;<br>6. patrunderea intr-o intersectie atunci cand circulatia in interiorul acesteia este blocata;<br>c) 4 puncte de penalizare pentru savarsirea urmatoarelor fapte:<br>1. nerespectarea obligatiilor care ii revin in cazul vehiculelor ramase in pana sau avariate;<br>2. nerespectarea semnificatiei indicatorului ''STOP'';<br>3. depasirea cu 31-40 km/h a vitezei maxime admise pe sectorul de drum respectiv pentru categoria din care face parte autovehiculul condus, constatata, potrivit legii, cu mijloace tehnice omologate si verificate metrologic;<br>4. circulatia in timpul noptii sau ziua, pe timp de ceata, ninsoare abundenta sau ploaie torentiala, cu un autovehicul fara lumini sau fara semnalizare corespunzatoare;<br>5. conducerea unui autovehicul sau tractarea unei remorci atunci cand dovada inlocuitoare a certificatului de inmatriculare sau de inregistrare este eliberata fara drept de circulatie sau durata acesteia a expirat;<br>d) 6 puncte de penalizare pentru savarsirea urmatoarelor fapte:<br>1. refuzul de a permite imobilizarea vehiculului sau verificarea tehnica a acestuia;<br>2. nerespectarea semnificatiei semnalelor regulamentare ale agentilor de cale ferata care dirijeaza circulatia la trecerile la nivel cu calea ferata;<br>3. depasirea cu 41-50 km/h a vitezei maxime admise pe sectorul de drum respectiv pentru categoria din care face parte autovehiculul condus, constatata, potrivit legii, cu mijloace tehnice omologate si verificate metrologic;<br>4. conducerea unui vehicul inmatriculat sau inregistrat care nu are montata una din placutele cu numarul de inmatriculare sau de inregistrare;<br>5. circulatia sau stationarea pe spatiul interzis care separa sensurile de circulatie pe autostrada;<br>6. stationarea ori parcarea autovehiculelor pe autostrada in alte locuri decat cele special amenajate si semnalizate;<br>7. executarea pe autostrada a manevrei de intoarcere sau de mers inapoi, circulatia sau traversarea de pe un sens de circulatie pe celalalt prin zonele interzise, respectiv zona mediana sau racordurile dintre cele doua parti carosabile;<br>8. nerespectarea semnificatiei indicatoarelor Trecere la nivel cu o cale ferata simpla, fara bariere, Trecere la nivel cu o cale ferata dubla, fara bariere sau Oprire, instalate la trecerea la nivel cu o cale ferata;<br>9. schimbarea directiei de mers prin viraj spre stanga, daca prin aceasta se incalca marcajul longitudinal continuu care separa sensurile de circulatie;<br>10. patrunderea intr-o intersectie dirijata prin semafoare, daca prin aceasta se produce blocarea circulatiei in interiorul intersectiei.<br>(2) Procedura de inregistrare a punctelor de penalizare se stabileste prin regulament.


                    </div>","https://scoaladrpciv.ro/intrebari/categoria-a/circulatia-pe-autostrazi"
"1790502206-127","https://scoaladrpciv.ro/intrebari/categoria-a","Ce manevre sunt interzise pe autostradă?","B - circulaţia sau staţionarea pe banda de urgenţă, cu excepţia cazurilor justificate;","","","A - folosirea benzii de accelerare pentru a schimba direcţia de mers;","C - deplasarea cu o viteză inferioară limitei maxime permise.","https://scoaladrpciv.ro/intrebare/ce-manevre-sunt-interzise-pe-autostrada-39d1","","<div class="""">
                        (1) Pe autostrazi este interzisa circulatia pietonilor, a autovehiculelor cu gabarite sau mase depasite fara autorizatie speciala de transport eliberata de administratorul drumului public, conform reglementarilor in vigoare, a vehiculelor cu tractiune animala, a animalelor, a vehiculelor trase sau impinse cu mana, a bicicletelor si mopedelor, a tractoarelor si masinilor autopropulsate pentru lucrari agricole, precum si a vehiculelor care, prin constructie sau din alte cauze, nu pot depasi viteza de 50 km/h.<br>(2) De asemenea, pe autostrazi sunt interzise invatarea conducerii unui vehicul, incercarile prototipurilor de sasiuri si de autovehicule, manifestatiile, defilarile, caravanele publicitare, antrenamentele si competitiile sportive de orice fel, precum si cortegiile.<br>(3) Se interzice circulatia, oprirea sau stationarea autovehiculelor pe banda de urgenta, cu exceptia cazurilor justificate, precum si a autovehiculelor cu regim de circulatie prioritar.<br>(4) Circulatia autovehiculelor destinate transportului public de persoane sau de marfuri se efectueaza, de regula, numai pe banda marginala din partea dreapta a autostrazii, in sensul de mers.


                    </div>","https://scoaladrpciv.ro/intrebari/categoria-a/circulatia-pe-autostrazi"
"1790502213-128","https://scoaladrpciv.ro/intrebari/categoria-a","În care dintre situaţiile de mai jos puteţi folosi banda de lângă axul drumului pe o autostradă?","A - când efectuaţi depăşirea altor autovehicule, dacă celelalte benzi în direcţia de mers sunt ocupate;","","","B - când conduceţi motocicleta cu viteza maximă admisă;","C - când nu sunteţi precedat de alte autovehicule.","https://scoaladrpciv.ro/intrebare/in-care-dintre-situatiile-de-mai-jos-puteti-folosi-banda-de-langa-axul-drumului-pe-o-autostrada-2835","","<div class="""">
                        Art. 42<br>Cand circulatia se desfasoara pe doua sau mai multe benzi pe sens, acestea se folosesc de catre conducatorii de vehicule in functie de intensitatea traficului si viteza de deplasare, avand obligatia sa revina pe prima banda ori de cate ori acest lucru este posibil, daca aceasta nu este destinata vehiculelor lente sau transportului public de persoane.


                    </div>","https://scoaladrpciv.ro/intrebari/categoria-a/circulatia-pe-autostrazi"
"1790502215-129","https://scoaladrpciv.ro/intrebari/categoria-a","Pe autostradă se interzice:","B - învăţarea conducerii unui vehicul, încercarea prototipurilor de şasiuri şi de vehicule cu motor;","","","A - circulaţia autovehiculelor în coloană;","C - executarea de lucrări pe partea carosabilă pe timp de noapte.","https://scoaladrpciv.ro/intrebare/pe-autostrada-se-interzice-49c6","","<div class="""">
                        Art. 74<br>(1) Pe autostrazi este interzisa circulatia pietonilor, a autovehiculelor cu gabarite sau mase depasite fara autorizatie speciala de transport eliberata de administratorul drumului public, conform reglementarilor in vigoare, a vehiculelor cu tractiune animala, a animalelor, a vehiculelor trase sau impinse cu mana, a bicicletelor si mopedelor, a tractoarelor si masinilor autopropulsate pentru lucrari agricole, precum si a vehiculelor care, prin constructie sau din alte cauze, nu pot depasi viteza de 50 km/h.<br>(2) De asemenea, pe autostrazi sunt interzise invatarea conducerii unui vehicul, incercarile prototipurilor de sasiuri si de autovehicule, manifestatiile, defilarile, caravanele publicitare, antrenamentele si competitiile sportive de orice fel, precum si cortegiile.<br>(3) Se interzice circulatia, oprirea sau stationarea autovehiculelor pe banda de urgenta, cu exceptia cazurilor justificate, precum si a autovehiculelor cu regim de circulatie prioritar.<br>(4) Circulatia autovehiculelor destinate transportului public de persoane sau de marfuri se efectueaza, de regula, numai pe banda marginala din partea dreapta a autostrazii, in sensul de mers.


                    </div>","https://scoaladrpciv.ro/intrebari/categoria-a/circulatia-pe-autostrazi"
"1790502217-130","https://scoaladrpciv.ro/intrebari/categoria-a","Este permisă pătrunderea pe racordurile dintre cele două părţi carosabile ale unei autostrăzi?","A - nu;","","","B - da, pentru oprire în caz de urgenţă;","C - da, pentru întoarcere, în zona intersecţiilor.","https://scoaladrpciv.ro/intrebare/este-permisa-patrunderea-pe-racordurile-dintre-cele-doua-parti-carosabile-ale-unei-autostrazi-e777","","<div class="""">
                        <p>Art. 108<br>(1) Savarsirea de catre conducatorul de autovehicul sau tramvai a uneia sau mai multor contraventii atrage, pe langa sanctiunea amenzii, si aplicarea unui numar de puncte de penalizare, dupa cum urmeaza:<br>a) 2 puncte de penalizare pentru savarsirea urmatoarelor fapte:<br>1. folosirea incorecta a luminilor de drum la intalnirea cu un autovehicul care circula din sens opus;<br>2. folosirea telefoanelor mobile in timpul conducerii, cu exceptia celor prevazute cu dispozitive de tip ?maini libere?;<br>3. nerespectarea obligatiei de a purta, in timpul circulatiei pe drumurile publice, centura de siguranta ori castile de protectie omologate, dupa caz;<br>4. depasirea cu 10-20 km/h a vitezei maxime admise pe sectorul de drum respectiv pentru categoria din care face parte autovehiculul condus, constatata, potrivit legii, cu mijloace tehnice omologate si verificate metrologic;<br>5. circulatia pe un sector de drum pe care accesul este interzis;<br>6. nerespectarea regulilor privind manevra de intoarcere, mersul inapoi, schimbarea benzii de circulatie sau a directiei de mers;<br>7. nerespectarea obligatiei de a folosi luminile de intalnire si pe timpul zilei, pe autostrazi, drumuri expres si pe drumuri nationale europene (E);<br>8. stationarea neregulamentara;<br>9. refuzul inmanarii actului de identitate, permisului de conducere, certificatului de inmatriculare sau de inregistrare, al celorlalte documente prevazute de lege, la cererea politistului rutier, precum si refuzul de a permite verificarea vehiculului;<br>b) 3 puncte de penalizare pentru savarsirea urmatoarelor fapte:<br>1. oprirea nejustificata sau circulatia pe banda de urgenta a autostrazilor sau oprirea pe partea carosabila a drumurilor expres sau a drumurilor nationale europene (E);<br>2. depasirea cu 21-30 km/h a vitezei maxime admise pe sectorul de drum respectiv pentru categoria din care face parte autovehiculul condus, constatata, potrivit legii, cu mijloace tehnice omologate si verificate metrologic;<br>3. nerespectarea regulilor privind manevra de intoarcere, mersul inapoi, schimbarea benzii de circulatie sau a directiei de mers, daca prin aceasta s-a produs un accident din care au rezultat avarierea unui vehicul sau alte pagube materiale;<br>4. nepastrarea unei distante corespunzatoare fata de vehiculul care il precede, daca prin aceasta s-a produs un accident din care au rezultat avarierea unui vehicul sau alte pagube materiale;<br>5. nerespectarea semnificatiei indicatorului ''ocolire'', instalat pe refugiul statiilor de tramvai;<br>6. patrunderea intr-o intersectie atunci cand circulatia in interiorul acesteia este blocata;<br>c) 4 puncte de penalizare pentru savarsirea urmatoarelor fapte:<br>1. nerespectarea obligatiilor care ii revin in cazul vehiculelor ramase in pana sau avariate;<br>2. nerespectarea semnificatiei indicatorului ''STOP'';<br>3. depasirea cu 31-40 km/h a vitezei maxime admise pe sectorul de drum respectiv pentru categoria din care face parte autovehiculul condus, constatata, potrivit legii, cu mijloace tehnice omologate si verificate metrologic;<br>4. circulatia in timpul noptii sau ziua, pe timp de ceata, ninsoare abundenta sau ploaie torentiala, cu un autovehicul fara lumini sau fara semnalizare corespunzatoare;<br>5. conducerea unui autovehicul sau tractarea unei remorci atunci cand dovada inlocuitoare a certificatului de inmatriculare sau de inregistrare este eliberata fara drept de circulatie sau durata acesteia a expirat;<br>d) 6 puncte de penalizare pentru savarsirea urmatoarelor fapte:<br>1. refuzul de a permite imobilizarea vehiculului sau verificarea tehnica a acestuia;<br>2. nerespectarea semnificatiei semnalelor regulamentare ale agentilor de cale ferata care dirijeaza circulatia la trecerile la nivel cu calea ferata;<br>3. depasirea cu 41-50 km/h a vitezei maxime admise pe sectorul de drum respectiv pentru categoria din care face parte autovehiculul condus, constatata, potrivit legii, cu mijloace tehnice omologate si verificate metrologic;<br>4. conducerea unui vehicul inmatriculat sau inregistrat care nu are montata una din placutele cu numarul de inmatriculare sau de inregistrare;<br>5. circulatia sau stationarea pe spatiul interzis care separa sensurile de circulatie pe autostrada;<br>6. stationarea ori parcarea autovehiculelor pe autostrada in alte locuri decat cele special amenajate si semnalizate;<br><span style=""background-color:hsl(60, 75%, 60%);"">7. executarea pe autostrada a manevrei de intoarcere sau de mers inapoi, circulatia sau traversarea de pe un sens de circulatie pe celalalt prin zonele interzise, respectiv zona mediana sau racordurile dintre cele doua parti carosabile;</span><br>8. nerespectarea semnificatiei indicatoarelor Trecere la nivel cu o cale ferata simpla, fara bariere, Trecere la nivel cu o cale ferata dubla, fara bariere sau Oprire, instalate la trecerea la nivel cu o cale ferata;<br>9. schimbarea directiei de mers prin viraj spre stanga, daca prin aceasta se incalca marcajul longitudinal continuu care separa sensurile de circulatie;<br>10. patrunderea intr-o intersectie dirijata prin semafoare, daca prin aceasta se produce blocarea circulatiei in interiorul intersectiei.<br>(2) Procedura de inregistrare a punctelor de penalizare se stabileste prin regulament.</p>


                    </div>","https://scoaladrpciv.ro/intrebari/categoria-a/circulatia-pe-autostrazi"
"1790502220-131","https://scoaladrpciv.ro/intrebari/categoria-a","Pe o autostradă cu trei benzi, s-a blocat circulaţia. Pe unde vor circula vehiculele de intervenţie?","A - pe banda de urgenţă;","","","B - între banda din stânga şi banda din mijloc;","C - între banda din dreapta şi banda din mijloc.","https://scoaladrpciv.ro/intrebare/pe-o-autostrada-cu-trei-benzi-s-a-blocat-circulatia-pe-unde-vor-circula-vehiculele-de-interventie-40a8","","<div class="""">
                        Art. 6<br>In sensul prezentei ordonante de urgenta, expresiile si termenii de mai jos au urmatorul inteles:<br>1. acordare a prioritatii - obligatia oricarui participant la trafic de a nu-si continua deplasarea sau de a nu efectua orice alta manevra, daca prin acestea ii obliga pe ceilalti participanti la trafic care au prioritate de trecere sa-si modifice brusc directia sau viteza de deplasare ori sa opreasca;<br>2. acostament - fasia laterala cuprinsa intre limita partii carosabile si marginea platformei drumului;<br>3. amenajari rutiere - totalitatea constructiilor, dispozitivelor si oricaror mijloace tehnice, altele decat cele destinate semnalizarii, amplasate pe drumul public in scopul asigurarii securitatii rutiere;<br>4. ansamblu de vehicule - vehiculul cu motor cuplat cu unul sau doua vehicule, care circula pe drum ca o unitate;<br>5. autostrada - drumul national de mare capacitate si viteza, semnalizat special, rezervat exclusiv circulatiei autovehiculelor, cu sau fara remorci, care nu serveste proprietatii riverane, prevazut cu doua cai unidirectionale, separate printr-o zona mediana sau, in mod exceptional, prin alte modalitati, cu exceptia unor locuri speciale sau cu caracter temporar, avand cel putin doua benzi de circulatie pe sens si banda de urgenta, intersectii denivelate si accese limitate, intrarea si iesirea fiind permise numai prin locuri special amenajate;<br>6. autovehicul - vehiculul echipat cu motor in scopul deplasarii pe drum. Troleibuzele si tractoarele rutiere sunt considerate autovehicule. Mopedele, vehiculele care se deplaseaza pe sine, denumite tramvaie, tractoarele folosite in exploatarile agricole si forestiere, precum si vehiculele pentru efectuarea de servicii sau lucrari, care se deplaseaza numai ocazional pe drumul public, nu sunt considerate autovehicule;<br>7. banda de circulatie - subdiviziunea longitudinala a partii carosabile, materializata prin marcaje rutiere sau alte mijloace, daca are o latime corespunzatoare pentru circulatia intr-un sens a unui sir de vehicule, altele decat vehiculele care se deplaseaza pe doua roti;<br>8. banda de urgenta - subdiviziunea longitudinala suplimentara, situata la extremitatea din partea dreapta a autostrazii, in sensul de circulatie, destinata exclusiv stationarii autovehiculelor in cazuri justificate, precum si circulatiei autovehiculelor cu regim prioritar care se deplaseaza la interventii sau in misiuni cu caracter de urgenta;<br>9. banda reversibila - banda de circulatie, marcata si semnalizata, situata langa axa drumului, destinata circulatiei autovehiculelor intr-un sens sau in altul, in functie de intensitatea traficului;<br>10. bicicleta - vehiculul prevazut cu doua roti, propulsat exclusiv prin forta musculara, cu ajutorul pedalelor sau manivelelor;<br>11. coloana oficiala - unul sau mai multe vehicule care circula pe drumul public si sunt insotite de unul sau mai multe autovehicule ale politiei rutiere, care au in functiune semnale speciale de avertizare sonore si luminoase de culoare rosie;<br>12. conducator - persoana care conduce pe drum un grup de persoane, un vehicul sau animale de tractiune, animale izolate sau in turma, de povara ori de calarie;<br>13. conducator de autovehicul sau tramvai, atestat profesional - persoana fizica posesoare a unui permis de conducere si a unui certificat de atestare profesionala, care conduce un autovehicul de o anumita categorie, cu sau fara remorca, pentru transportul de marfuri, persoane sau alte servicii;<br>14. drum public - orice cale de comunicatie terestra, cu exceptia cailor ferate, special amenajata pentru traficul pietonal sau rutier, deschisa circulatiei publice; drumurile care sunt inchise circulatiei publice sunt semnalizate la intrare cu inscriptii vizibile;<br>15. unitati de asistenta medicala ambulatorie de specialitate autorizate in acest sens - unitatile sanitare cu personal calificat si dotare corespunzatoare pentru examinarea medicala ambulatorie a candidatilor la obtinerea permisului de conducere si a conducatorilor de autovehicule sau tramvai, autorizate de catre autoritatile de sanatate publica judetene sau a municipiului Bucuresti, dupa caz;<br>16. intersectie - orice incrucisare, jonctiune sau bifurcare de drumuri la nivel, inclusiv spatiile formate de acestea;<br>17. localitate - catunul, satul, comuna, orasul si municipiul ale caror intrari si iesiri sunt semnalizate in conformitate cu prevederile legale;<br>18. masa totala maxima autorizata - masa maxima a unui vehicul incarcat, declarata admisibila in urma omologarii de catre autoritatea competenta;<br>19. mijloc tehnic certificat - dispozitivul care dovedeste consumul de produse ori substante stupefiante sau al medicamentelor cu efecte similare acestora sau prezenta in aerul expirat a alcoolului;<br>20. mijloc tehnic omologat si verificat metrologic - dispozitivul care stabileste concentratia de alcool in aerul expirat ori destinat masurarii vitezei sau prin care se probeaza incalcari ale unor reguli de circulatie;<br>21. moped - vehiculul, cu doua, trei sau patru roti, a carui viteza maxima prin constructie nu depaseste 45 km/h si care este echipat cu un motor cu ardere interna, cu aprindere prin scanteie, cu o capacitate cilindrica ce nu depaseste 50 cm3 sau cu un alt motor cu ardere interna ori, dupa caz, electric, a carui putere nominala este de cel mult 4 kw;<br>22. motocicleta - autovehiculul cu doua roti, cu sau fara atas, echipat cu un motor care are o capacitate cilindrica mai mare de 50 cm3 si/sau a carui viteza maxima, prin constructie, depaseste 45 km/h;<br>23. parte carosabila - portiunea din platforma drumului destinata circulatiei vehiculelor; un drum poate cuprinde mai multe parti carosabile complet separate una de cealalta printr-o zona despartitoare sau prin diferenta de nivel;<br>24. participant la trafic - persoana fizica ce utilizeaza, la un moment dat, drumul public;<br>25. pista pentru biciclete - subdiviziunea partii carosabile, a trotuarului ori a acostamentului sau pista separata de drum, special amenajata, semnalizata si marcata corespunzator, destinata numai circulatiei bicicletelor si mopedelor;<br>26. prioritate de trecere - dreptul unui participant la trafic de a trece inaintea celorlalti participanti la trafic cu care se intersecteaza, in conformitate cu prevederile legale privind circulatia pe drumurile publice;<br>27. remorca - vehiculul fara motor destinat a fi tractat de un autovehicul sau de un tractor;<br>28. remorca usoara - remorca a carei masa totala maxima autorizata nu depaseste 750 kg;<br>29. semiremorca - remorca a carei masa totala maxima autorizata este preluata in parte de catre un autovehicul sau de catre un tractor;<br>30. tractor - vehiculul cu motor, pe roti sau pe senile, conceput special pentru a trage sau a impinge anumite utilaje sau remorci folosite in exploatarile agricole ori forestiere sau pentru alte lucrari, care se deplaseaza numai ocazional pe drumul public;<br>31. tractor rutier - tractorul pe roti, cu cel putin doua axe, utilizat pentru executarea de lucrari, precum si pentru tractarea unor remorci folosite pentru transportul de persoane sau bunuri si care se deplaseaza, de regula, pe drumul public;<br>32. trecere la nivel - incrucisarea la nivel dintre un drum public si o cale ferata sau linie de tramvai, care dispune de o platforma independenta;<br>33. trotuar - spatiul longitudinal situat in partea laterala a drumului, separat in mod vizibil de partea carosabila prin diferenta sau fara diferenta de nivel, destinat circulatiei pietonilor;<br>34. detinator - persoana fizica sau juridica care foloseste un vehicul in baza unui contract de leasing sau contract de inchiriere;<br>35. vehicul - sistemul mecanic care se deplaseaza pe drum, cu sau fara mijloace de autopropulsare, utilizat in mod curent pentru transportul de persoane si/sau bunuri ori pentru efectuarea de servicii sau lucrari;<br>36. vehicul cu mase sau dimensiuni de gabarit depasite - vehiculul care, datorita dimensiunilor sale ori marfurilor transportate, depaseste masele totale maxime admise sau dimensiunile de gabarit admise, prevazute in reglementarile legale;<br>37. vehicul in circulatie internationala sau in trafic international - vehiculul care, prin deplasarea sa, depaseste cel putin o frontiera de stat;<br>38. zona drumului public - cuprinde suprafata de teren ocupata de elementele constructive ale drumului, zona de protectie si zona de siguranta. Limitele zonelor drumurilor se stabilesc in conformitate cu prevederile legale;<br>39. zona pietonala - perimetrul care cuprinde una sau mai multe strazi rezervate circulatiei pietonilor, unde accesul vehiculelor este supus unor reguli speciale de circulatie, avand intrarile si iesirile semnalizate in conformitate cu prevederile legale;<br>40. zona rezidentiala - perimetrul dintr-o localitate unde se aplica reguli speciale de circulatie, avand intrarile si iesirile semnalizate in conformitate cu prevederile legale.


                    </div>","https://scoaladrpciv.ro/intrebari/categoria-a/circulatia-pe-autostrazi"
"1790502222-132","https://scoaladrpciv.ro/intrebari/categoria-a","Pe autostradă se interzice:","B - deplasarea sau staţionarea pe banda de urgenţă, cu excepţia cazurilor justificate;","","","A - deplasarea cu o viteză mai mică de 60 km/h;","C - folosirea benzii de decelerare pentru schimbarea direcţiei de mers.","https://scoaladrpciv.ro/intrebare/pe-autostrada-se-interzice-d744","","<div class="""">
                        Art. 74<br>(1) Pe autostrazi este interzisa circulatia pietonilor, a autovehiculelor cu gabarite sau mase depasite fara autorizatie speciala de transport eliberata de administratorul drumului public, conform reglementarilor in vigoare, a vehiculelor cu tractiune animala, a animalelor, a vehiculelor trase sau impinse cu mana, a bicicletelor si mopedelor, a tractoarelor si masinilor autopropulsate pentru lucrari agricole, precum si a vehiculelor care, prin constructie sau din alte cauze, nu pot depasi viteza de 50 km/h.<br>(2) De asemenea, pe autostrazi sunt interzise invatarea conducerii unui vehicul, incercarile prototipurilor de sasiuri si de autovehicule, manifestatiile, defilarile, caravanele publicitare, antrenamentele si competitiile sportive de orice fel, precum si cortegiile.<br>(3) Se interzice circulatia, oprirea sau stationarea autovehiculelor pe banda de urgenta, cu exceptia cazurilor justificate, precum si a autovehiculelor cu regim de circulatie prioritar.<br>(4) Circulatia autovehiculelor destinate transportului public de persoane sau de marfuri se efectueaza, de regula, numai pe banda marginala din partea dreapta a autostrazii, in sensul de mers.


                    </div>","https://scoaladrpciv.ro/intrebari/categoria-a/circulatia-pe-autostrazi"
"1790502224-133","https://scoaladrpciv.ro/intrebari/categoria-a","Căror categorii de autovehicule le este interzis să circule pe autostradă?","A - celor care, prin construcţie, nu pot depăşi viteza de 50 km/oră;","C - tractoarelor şi maşinilor agricole autopropulsate.","","B - motocicletelor cu şi fără ataş;","","https://scoaladrpciv.ro/intrebare/caror-categorii-de-autovehicule-le-este-interzis-sa-circule-pe-autostrada-11bc","","<div class="""">
                        Art. 74<br>(1) Pe autostrazi este interzisa circulatia pietonilor, a autovehiculelor cu gabarite sau mase depasite fara autorizatie speciala de transport eliberata de administratorul drumului public, conform reglementarilor in vigoare, a vehiculelor cu tractiune animala, a animalelor, a vehiculelor trase sau impinse cu mana, a bicicletelor si mopedelor, a tractoarelor si masinilor autopropulsate pentru lucrari agricole, precum si a vehiculelor care, prin constructie sau din alte cauze, nu pot depasi viteza de 50 km/h.<br>(2) De asemenea, pe autostrazi sunt interzise invatarea conducerii unui vehicul, incercarile prototipurilor de sasiuri si de autovehicule, manifestatiile, defilarile, caravanele publicitare, antrenamentele si competitiile sportive de orice fel, precum si cortegiile.<br>(3) Se interzice circulatia, oprirea sau stationarea autovehiculelor pe banda de urgenta, cu exceptia cazurilor justificate, precum si a autovehiculelor cu regim de circulatie prioritar.<br>(4) Circulatia autovehiculelor destinate transportului public de persoane sau de marfuri se efectueaza, de regula, numai pe banda marginala din partea dreapta a autostrazii, in sensul de mers.


                    </div>","https://scoaladrpciv.ro/intrebari/categoria-a/circulatia-pe-autostrazi"
"1790502226-134","https://scoaladrpciv.ro/intrebari/categoria-a","Ce obligaţii aveţi atunci când urmează să părăsiţi autostrada?","C - să semnalizaţi din timp şi să vă angajaţi pe banda de ieşire (de decelerare).","","","A - să reduceţi viteza începând cu 300 m înainte de ieşirea de pe autostradă, în dreptul panoului care marchează această distanţă;","B - să circulaţi pe prima bandă cu o viteză de maximum 60 km/oră;","https://scoaladrpciv.ro/intrebare/ce-obligatii-aveti-atunci-cand-urmeaza-sa-parasiti-autostrada-1b56","","<div class="""">
                        Art. 169<br>(1) Conducătorii de autovehicule care intră pe autostrăzi folosind banda de intrare (de accelerare) trebuie să cedeze trecerea autovehiculelor care circulă pe prima bandă a autostrăzilor şi să nu stânjenească în niciun fel circulaţia acestora. <br>(2) Conducătorii de autovehicule care urmează să părăsească autostrada sunt obligaţi să semnalizeze din timp şi să se angajeze pe banda de ieşire (de decelerare). 


                    </div>","https://scoaladrpciv.ro/intrebari/categoria-a/circulatia-pe-autostrazi"
"1790502231-135","https://scoaladrpciv.ro/intrebari/categoria-a","În care dintre situaţiile de mai jos este interzisă oprirea motocicletelor pe drumurile publice?","B - la o distanţă mai mică de 25 m înainte şi după indicatorul staţiei pentru mijloacele de transport public de persoane;","","","A - pe partea carosabilă a drumurilor naţionale;","C - la mai puţin de 50 m de cel mai apropiat colţ al intersecţiei.","https://scoaladrpciv.ro/intrebare/in-care-dintre-situatiile-de-mai-jos-este-interzisa-oprirea-motocicletelor-pe-drumurile-publice-de23","","<div class="""">
                        Art. 142<br>Se interzice oprirea voluntară a vehiculelor:<br>a) în zona de acţiune a indicatorului „Oprirea interzisă“;<br>b) pe trecerile la nivel cu calea ferată curentă şi la o distanţă mai mică de 50 m înainte şi după acestea;<br>c) pe poduri, pe şi sub pasaje denivelate, precum şi pe viaducte;<br>d) în curbe şi în alte locuri cu vizibilitate redusă sub 50 m;<br>e) pe trecerile pentru pietoni ori la mai puţin de 25 m înainte şi înainte de acestea;<br>f) în intersecţii, inclusiv cele cu circulaţie în sens giratoriu, precum şi în zona de preselecţie unde sunt aplicate marcaje continue, iar în lipsa acestora, la o distanţă mai mică de 25 m de colţul intersecţiei;<br>g) în staţiile mijloacelor de transport public de persoane, precum şi la mai puţin de 25 m înainte şi după acestea;<br>h) în dreptul altui vehicul oprit pe partea carosabilă, dacă prin aceasta se stânjeneşte circulaţia a două vehicule venind din sensuri opuse, precum şi în dreptul marcajului continuu, în cazul în care conducătorii celorlalte vehicule care circulă în acelaşi sens ar fi obligaţi, din această cauză, să treacă peste acest marcaj;<br>i) în locul în care se împiedică vizibilitatea asupra unui indicator sau semnal luminos;<br>j) pe sectoarele de drum unde sunt instalate indicatoarele cu semnificaţiile „Drum îngustat“, „Prioritate pentru circulaţia din sens invers“ sau „Prioritate faţă de circulaţia din sens invers“;<br>k) pe pistele obligatorii pentru pietoni şi/sau biciclişti ori pe benzile rezervate unor anumite categorii de vehicule, semnalizate ca atare;<br>l) pe platforma căii ferate industriale sau de tramvai ori la mai puţin de 50 m de acestea, dacă circulaţia vehiculelor pe şine ar putea fi stânjenită sau împiedicată;<br>m) pe partea carosabilă a autostrăzilor, a drumurilor expres şi a celor naţionale europene (E);<br>n) pe trotuar, dacă nu se asigură spaţiu de cel puţin 1 m pentru circulaţia pietonilor;<br>o) pe pistele pentru biciclete;<br>p) în locurile unde este interzisă depăşirea. 


                    </div>","https://scoaladrpciv.ro/intrebari/categoria-a/oprirea-stationarea-si-parcarea"
"1790502233-136","https://scoaladrpciv.ro/intrebari/categoria-a","Este permisă oprirea în dreptul staţiei de tramvai prevăzută cu refugiu pentru pietoni?","C - nu, deoarece se interzice prin lege.","","","A - da, când tramvaiul nu se află în staţie;","B - da, deoarece în astfel de staţii este permisă depăşirea;","https://scoaladrpciv.ro/intrebare/este-permisa-oprirea-in-dreptul-statiei-de-tramvai-prevazuta-cu-refugiu-pentru-pietoni-ea06","","<div class="""">
                        Art. 142<br>Se interzice oprirea voluntară a vehiculelor:<br>a) în zona de acţiune a indicatorului „Oprirea interzisă“;<br>b) pe trecerile la nivel cu calea ferată curentă şi la o distanţă mai mică de 50 m înainte şi după acestea;<br>c) pe poduri, pe şi sub pasaje denivelate, precum şi pe viaducte;<br>d) în curbe şi în alte locuri cu vizibilitate redusă sub 50 m;<br>e) pe trecerile pentru pietoni ori la mai puţin de 25 m înainte şi înainte de acestea;<br>f) în intersecţii, inclusiv cele cu circulaţie în sens giratoriu, precum şi în zona de preselecţie unde sunt aplicate marcaje continue, iar în lipsa acestora, la o distanţă mai mică de 25 m de colţul intersecţiei;<br>g) în staţiile mijloacelor de transport public de persoane, precum şi la mai puţin de 25 m înainte şi după acestea;<br>h) în dreptul altui vehicul oprit pe partea carosabilă, dacă prin aceasta se stânjeneşte circulaţia a două vehicule venind din sensuri opuse, precum şi în dreptul marcajului continuu, în cazul în care conducătorii celorlalte vehicule care circulă în acelaşi sens ar fi obligaţi, din această cauză, să treacă peste acest marcaj;<br>i) în locul în care se împiedică vizibilitatea asupra unui indicator sau semnal luminos;<br>j) pe sectoarele de drum unde sunt instalate indicatoarele cu semnificaţiile „Drum îngustat“, „Prioritate pentru circulaţia din sens invers“ sau „Prioritate faţă de circulaţia din sens invers“;<br>k) pe pistele obligatorii pentru pietoni şi/sau biciclişti ori pe benzile rezervate unor anumite categorii de vehicule, semnalizate ca atare;<br>l) pe platforma căii ferate industriale sau de tramvai ori la mai puţin de 50 m de acestea, dacă circulaţia vehiculelor pe şine ar putea fi stânjenită sau împiedicată;<br>m) pe partea carosabilă a autostrăzilor, a drumurilor expres şi a celor naţionale europene (E);<br>n) pe trotuar, dacă nu se asigură spaţiu de cel puţin 1 m pentru circulaţia pietonilor;<br>o) pe pistele pentru biciclete;<br>p) în locurile unde este interzisă depăşirea. 


                    </div>","https://scoaladrpciv.ro/intrebari/categoria-a/oprirea-stationarea-si-parcarea"
"1790502236-137","https://scoaladrpciv.ro/intrebari/categoria-a","Cum veţi parca regulamentar într-o piaţă cu sens giratoriu?","C - în acest loc nu este permisă parcarea.","","","A - paralel cu bordura trotuarului şi cât mai aproape de aceasta;","B - parţial pe trotuar;","https://scoaladrpciv.ro/intrebare/cum-veti-parca-regulamentar-intr-o-piata-cu-sens-giratoriu-b82d","","<div class="""">
                        Art. 63<br>(1) Se considera oprire imobilizarea voluntara a unui vehicul pe drumul public, pe o durata de cel mult 5 minute. Peste aceasta durata, imobilizarea se considera stationare.<br>(2) Nu se considera oprire:<br>a) imobilizarea vehiculului atat timp cat este necesara pentru imbarcarea sau debarcarea unor persoane, daca prin aceasta manevra nu a fost perturbata circulatia pe drumul public respectiv;<br>b) imobilizarea autovehiculului avand o masa totala maxima autorizata de pana la 3,5 tone, atat timp cat este necesar pentru operatiunea de distribuire a marfurilor alimentare la unitatile comerciale.<br>(3) Pentru autovehiculele care transporta marfuri, altele decat cele prevazute la alin.(2) lit.b), administratorul drumului public impreuna cu autoritatile administratiei publice locale, cu avizul politiei rutiere, vor stabili programe sau intervale orare pe timpul noptii, in care oprirea sau stationarea este permisa pentru distribuirea marfurilor.<br>(4) Se considera parcare stationarea vehiculelor in spatii special amenajate sau stabilite si semnalizate corespunzator.<br>(5) Vehiculul oprit sau stationat pe partea carosabila trebuie asezat langa si in paralel cu marginea acesteia, pe un singur rand, daca printr-un alt mijloc de semnalizare nu se dispune altfel. Motocicletele fara atas, mopedele si bicicletele pot fi oprite sau stationate si cate doua, una langa alta.


                    </div>","https://scoaladrpciv.ro/intrebari/categoria-a/oprirea-stationarea-si-parcarea"
"1790502238-138","https://scoaladrpciv.ro/intrebari/categoria-a","Oprirea vehiculelor este interzisă:","B - în zona de acţiune a indicatorului „Oprirea interzisă“;","","","A - pe partea carosabilă a drumurilor naţionale;","C - în dreptul căilor de acces care deservesc proprietăţile alăturate drumurilor publice.","https://scoaladrpciv.ro/intrebare/oprirea-vehiculelor-este-interzisa-10bd","","<div class="""">
                        Art. 142<br>Se interzice oprirea voluntară a vehiculelor:<br>a) în zona de acţiune a indicatorului „Oprirea interzisă“;<br>b) pe trecerile la nivel cu calea ferată curentă şi la o distanţă mai mică de 50 m înainte şi după acestea;<br>c) pe poduri, pe şi sub pasaje denivelate, precum şi pe viaducte;<br>d) în curbe şi în alte locuri cu vizibilitate redusă sub 50 m;<br>e) pe trecerile pentru pietoni ori la mai puţin de 25 m înainte şi înainte de acestea;<br>f) în intersecţii, inclusiv cele cu circulaţie în sens giratoriu, precum şi în zona de preselecţie unde sunt aplicate marcaje continue, iar în lipsa acestora, la o distanţă mai mică de 25 m de colţul intersecţiei;<br>g) în staţiile mijloacelor de transport public de persoane, precum şi la mai puţin de 25 m înainte şi după acestea;<br>h) în dreptul altui vehicul oprit pe partea carosabilă, dacă prin aceasta se stânjeneşte circulaţia a două vehicule venind din sensuri opuse, precum şi în dreptul marcajului continuu, în cazul în care conducătorii celorlalte vehicule care circulă în acelaşi sens ar fi obligaţi, din această cauză, să treacă peste acest marcaj;<br>i) în locul în care se împiedică vizibilitatea asupra unui indicator sau semnal luminos;<br>j) pe sectoarele de drum unde sunt instalate indicatoarele cu semnificaţiile „Drum îngustat“, „Prioritate pentru circulaţia din sens invers“ sau „Prioritate faţă de circulaţia din sens invers“;<br>k) pe pistele obligatorii pentru pietoni şi/sau biciclişti ori pe benzile rezervate unor anumite categorii de vehicule, semnalizate ca atare;<br>l) pe platforma căii ferate industriale sau de tramvai ori la mai puţin de 50 m de acestea, dacă circulaţia vehiculelor pe şine ar putea fi stânjenită sau împiedicată;<br>m) pe partea carosabilă a autostrăzilor, a drumurilor expres şi a celor naţionale europene (E);<br>n) pe trotuar, dacă nu se asigură spaţiu de cel puţin 1 m pentru circulaţia pietonilor;<br>o) pe pistele pentru biciclete;<br>p) în locurile unde este interzisă depăşirea. 


                    </div>","https://scoaladrpciv.ro/intrebari/categoria-a/oprirea-stationarea-si-parcarea"
"1790502240-139","https://scoaladrpciv.ro/intrebari/categoria-a","Într-o intersecţie unde circulaţia se desfăşoară în sens giratoriu, conducătorului unei motociclete îi este interzis:","B - să oprească motocicleta, în afara situaţiilor impuse de trafic;","","","A - să reducă viteza, întrucât se creează pericolul de blocare;","C - să întoarcă, prin ocolirea sensului giratoriu.","https://scoaladrpciv.ro/intrebare/intr-o-intersectie-unde-circulatia-se-desfasoara-in-sens-giratoriu-conducatorului-unei-motociclete-ii-este-interzis-8a22","","<div class="""">
                        Art. 142<br>Se interzice oprirea voluntară a vehiculelor:<br>a) în zona de acţiune a indicatorului „Oprirea interzisă“;<br>b) pe trecerile la nivel cu calea ferată curentă şi la o distanţă mai mică de 50 m înainte şi după acestea;<br>c) pe poduri, pe şi sub pasaje denivelate, precum şi pe viaducte;<br>d) în curbe şi în alte locuri cu vizibilitate redusă sub 50 m;<br>e) pe trecerile pentru pietoni ori la mai puţin de 25 m înainte şi înainte de acestea;<br>f) în intersecţii, inclusiv cele cu circulaţie în sens giratoriu, precum şi în zona de preselecţie unde sunt aplicate marcaje continue, iar în lipsa acestora, la o distanţă mai mică de 25 m de colţul intersecţiei;<br>g) în staţiile mijloacelor de transport public de persoane, precum şi la mai puţin de 25 m înainte şi după acestea;<br>h) în dreptul altui vehicul oprit pe partea carosabilă, dacă prin aceasta se stânjeneşte circulaţia a două vehicule venind din sensuri opuse, precum şi în dreptul marcajului continuu, în cazul în care conducătorii celorlalte vehicule care circulă în acelaşi sens ar fi obligaţi, din această cauză, să treacă peste acest marcaj;<br>i) în locul în care se împiedică vizibilitatea asupra unui indicator sau semnal luminos;<br>j) pe sectoarele de drum unde sunt instalate indicatoarele cu semnificaţiile „Drum îngustat“, „Prioritate pentru circulaţia din sens invers“ sau „Prioritate faţă de circulaţia din sens invers“;<br>k) pe pistele obligatorii pentru pietoni şi/sau biciclişti ori pe benzile rezervate unor anumite categorii de vehicule, semnalizate ca atare;<br>l) pe platforma căii ferate industriale sau de tramvai ori la mai puţin de 50 m de acestea, dacă circulaţia vehiculelor pe şine ar putea fi stânjenită sau împiedicată;<br>m) pe partea carosabilă a autostrăzilor, a drumurilor expres şi a celor naţionale europene (E);<br>n) pe trotuar, dacă nu se asigură spaţiu de cel puţin 1 m pentru circulaţia pietonilor;<br>o) pe pistele pentru biciclete;<br>p) în locurile unde este interzisă depăşirea.


                    </div>","https://scoaladrpciv.ro/intrebari/categoria-a/oprirea-stationarea-si-parcarea"
"1790502243-140","https://scoaladrpciv.ro/intrebari/categoria-a","Pe ce drumuri sunt permise oprirea şi staţionarea vehiculelor şi pe partea stângă, în sensul de mers?","B - pe drumurile cu sens unic, dacă rămâne liberă cel puţin o bandă de circulaţie;","","","A - pe drumurile cu trafic redus;","C - pe orice drum.","https://scoaladrpciv.ro/intrebare/pe-ce-drumuri-sunt-permise-oprirea-si-stationarea-vehiculelor-si-pe-partea-stanga-in-sensul-de-mers-5d71","","<div class="""">
                        Art. 141<br>(1) Conducătorii autovehiculelor imobilizate pe drumurile publice, care se îndepărtează de acestea, sunt obligaţi să acţioneze frâna de ajutor, să oprească funcţionarea motorului şi să cupleze într-o treaptă de viteză inferioară sau în cea de parcare dacă autovehiculul are transmisie automată. <br>(2) În cazul imobilizării involuntare a autovehiculului în pantă sau în rampă, pe lângă obligaţiile prevăzute la alin. (1) conducătorul trebuie să bracheze roţile directoare. <br>(3) În cazul imobilizării involuntare a autovehiculului în pasaje subterane sau în tuneluri, conducătorul acestuia este obligat să oprească funcţionarea motorului. <br>(4) În localităţi, pe drumurile cu sens unic, oprirea sau staţionarea voluntară a vehiculelor este permisă şi pe partea stângă, dacă rămâne liberă cel puţin o bandă de circulaţie. <br>(5) În afara localităţilor oprirea sau staţionarea voluntară a vehiculelor se face în afara părţii carosabile, iar atunci când nu este posibil, cât mai aproape de marginea din dreapta a drumului, paralel cu axa acestuia. <br>(6) Nu este permisă staţionarea pe partea carosabilă, în timpul nopţii, a tractoarelor, a remorcilor, a mopedelor, a bicicletelor, a maşinilor şi utilajelor autopropulsate utilizate în lucrări de construcţii, agricole sau forestiere, a vehiculelor cu tracţiune animală ori a celor trase sau împinse cu mâna. <br>(7) Nu este permisă oprirea sau staţionarea în tuneluri. În situaţii de urgenţă sau de pericol conducătorului de autovehicul îi este permisă oprirea sau staţionarea numai în locurile special amenajate şi semnalizate corespunzător. În caz de imobilizare prelungită a autovehiculului în tunel, conducătorul de vehicul este obligat să oprească motorul. 


                    </div>","https://scoaladrpciv.ro/intrebari/categoria-a/oprirea-stationarea-si-parcarea"
"1790502245-141","https://scoaladrpciv.ro/intrebari/categoria-a","Dacă rămâneţi în pană într-un tunel:","A - opriţi funcţionarea motorului;","","","B - motorul trebuie să funcţioneze, pentru a putea folosi luminile de avarie;","C - tractaţi obligatoriu motocicleta până la ieşirea din tunel.","https://scoaladrpciv.ro/intrebare/daca-ramaneti-in-pana-intr-un-tunel-0cc1","","<div class="""">
                        Art. 141<br>(1) Conducătorii autovehiculelor imobilizate pe drumurile publice care se<br>îndepărtează de acestea sunt obligaţi să acţioneze frâna de ajutor, să oprească funcţionarea<br>motorului şi să cupleze o treaptă de viteză inferioară, sau în cea de parcare dacă<br>autovehiculul are transmisie automată.<br>(2) În cazul imobilizării involuntare a autovehiculului în pantă sau în rampă, pe lângă<br>obligaţiile prevăzute la alin. (1), conducătorul trebuie să bracheze roţile directoare.<br>(3) În cazul imobilizării involuntare a autovehiculului în pasaje subterane sau tuneluri,<br>conducătorul acestuia este obligat să oprească funcţionarea motorului.<br>(4) În localităţi, pe drumurile cu sens unic, oprirea sau staţionarea voluntară a vehiculelor<br>este permisă şi pe partea stângă, dacă rămâne liberă cel puţin o bandă de circulaţie.<br>(5) În afara localităţilor oprirea sau staţionarea voluntară a vehiculelor se face în afara părţii<br>carosabile, iar atunci când nu este posibil, cât mai aproape de marginea din dreapta a<br>drumului, paralel cu axa acestuia.<br>(6) Nu este permisă staţionarea pe partea carosabilă, în timpul nopţii, a tractoarelor, a<br>remorcilor, a mopedelor, a bicicletelor, a maşinilor şi utilajelor autopropulsate utilizate în lucrări<br>de construcţii, agricole sau forestiere, a vehiculelor cu tracţiune animală ori a celor trase sau<br>împinse cu mâna.<br>(7) Nu este permisă oprirea sau staţionarea în tuneluri. În situaţii de urgenţă sau de pericol<br>conducătorului de autovehicul îi este permisă oprirea sau staţionarea numai în locurile special<br>amenajate şi semnalizate corespunzător. În caz de imobilizare prelungită a autovehiculului în<br>tunel, conducătorul de vehicul este obligat să oprească motorul.


                    </div>","https://scoaladrpciv.ro/intrebari/categoria-a/oprirea-stationarea-si-parcarea"
"1790502247-142","https://scoaladrpciv.ro/intrebari/categoria-a","Unde vă este permisă staţionarea pe partea stângă în direcţia de mers?","A - pe străzile cu sens unic;","","","B - în nicio situaţie;","C - pe şoselele cu bandă laterală consolidată.","https://scoaladrpciv.ro/intrebare/unde-va-este-permisa-stationarea-pe-partea-stanga-in-directia-de-mers-8cd2","","<div class="""">
                        Art. 141<br>(1) Conducătorii autovehiculelor imobilizate pe drumurile publice, care se îndepărtează de acestea, sunt obligaţi să acţioneze frâna de ajutor, să oprească funcţionarea motorului şi să cupleze într-o treaptă de viteză inferioară sau în cea de parcare dacă autovehiculul are transmisie automată. <br>(2) În cazul imobilizării involuntare a autovehiculului în pantă sau în rampă, pe lângă obligaţiile prevăzute la alin. (1) conducătorul trebuie să bracheze roţile directoare. <br>(3) În cazul imobilizării involuntare a autovehiculului în pasaje subterane sau în tuneluri, conducătorul acestuia este obligat să oprească funcţionarea motorului. <br>(4) În localităţi, pe drumurile cu sens unic, oprirea sau staţionarea voluntară a vehiculelor este permisă şi pe partea stângă, dacă rămâne liberă cel puţin o bandă de circulaţie. <br>(5) În afara localităţilor oprirea sau staţionarea voluntară a vehiculelor se face în afara părţii carosabile, iar atunci când nu este posibil, cât mai aproape de marginea din dreapta a drumului, paralel cu axa acestuia. <br>(6) Nu este permisă staţionarea pe partea carosabilă, în timpul nopţii, a tractoarelor, a remorcilor, a mopedelor, a bicicletelor, a maşinilor şi utilajelor autopropulsate utilizate în lucrări de construcţii, agricole sau forestiere, a vehiculelor cu tracţiune animală ori a celor trase sau împinse cu mâna. <br>(7) Nu este permisă oprirea sau staţionarea în tuneluri. În situaţii de urgenţă sau de pericol conducătorului de autovehicul îi este permisă oprirea sau staţionarea numai în locurile special amenajate şi semnalizate corespunzător. În caz de imobilizare prelungită a autovehiculului în tunel, conducătorul de vehicul este obligat să oprească motorul. 


                    </div>","https://scoaladrpciv.ro/intrebari/categoria-a/oprirea-stationarea-si-parcarea"
"1790502249-143","https://scoaladrpciv.ro/intrebari/categoria-a","În care dintre situaţii este interzisă oprirea?","A - în curbe şi pe sectoarele de drum cu vizibilitate redusă sub 50 m;","","","B - la mai puţin de 50 m de cel mai apropiat colţ al intersecţiei;","C - în zona de acţiune a indicatorului „Staţionarea interzisă“.","https://scoaladrpciv.ro/intrebare/in-care-dintre-situatii-este-interzisa-oprirea-b143","","<div class="""">
                        Art. 142<br>Se interzice oprirea voluntară a vehiculelor:<br>a) în zona de acţiune a indicatorului „Oprirea interzisă“;<br>b) pe trecerile la nivel cu calea ferată curentă şi la o distanţă mai mică de 50 m înainte şi după acestea;<br>c) pe poduri, pe şi sub pasaje denivelate, precum şi pe viaducte;<br>d) în curbe şi în alte locuri cu vizibilitate redusă sub 50 m;<br>e) pe trecerile pentru pietoni ori la mai puţin de 25 m înainte şi înainte de acestea;<br>f) în intersecţii, inclusiv cele cu circulaţie în sens giratoriu, precum şi în zona de preselecţie unde sunt aplicate marcaje continue, iar în lipsa acestora, la o distanţă mai mică de 25 m de colţul intersecţiei;<br>g) în staţiile mijloacelor de transport public de persoane, precum şi la mai puţin de 25 m înainte şi după acestea;<br>h) în dreptul altui vehicul oprit pe partea carosabilă, dacă prin aceasta se stânjeneşte circulaţia a două vehicule venind din sensuri opuse, precum şi în dreptul marcajului continuu, în cazul în care conducătorii celorlalte vehicule care circulă în acelaşi sens ar fi obligaţi, din această cauză, să treacă peste acest marcaj;<br>i) în locul în care se împiedică vizibilitatea asupra unui indicator sau semnal luminos;<br>j) pe sectoarele de drum unde sunt instalate indicatoarele cu semnificaţiile „Drum îngustat“, „Prioritate pentru circulaţia din sens invers“ sau „Prioritate faţă de circulaţia din sens invers“;<br>k) pe pistele obligatorii pentru pietoni şi/sau biciclişti ori pe benzile rezervate unor anumite categorii de vehicule, semnalizate ca atare;<br>l) pe platforma căii ferate industriale sau de tramvai ori la mai puţin de 50 m de acestea, dacă circulaţia vehiculelor pe şine ar putea fi stânjenită sau împiedicată;<br>m) pe partea carosabilă a autostrăzilor, a drumurilor expres şi a celor naţionale europene (E);<br>n) pe trotuar, dacă nu se asigură spaţiu de cel puţin 1 m pentru circulaţia pietonilor;<br>o) pe pistele pentru biciclete;<br>p) în locurile unde este interzisă depăşirea. 


                    </div>","https://scoaladrpciv.ro/intrebari/categoria-a/oprirea-stationarea-si-parcarea"
"1790502252-144","https://scoaladrpciv.ro/intrebari/categoria-a","Staţionarea este interzisă:","B - pe sectoarele de drum unde este interzisă depăşirea;","","","A - în zona de acţiune a indicatorului „Circulaţie în ambele sensuri“;","C - pe partea carosabilă a drumurilor naţionale.","https://scoaladrpciv.ro/intrebare/stationarea-este-interzisa-d816","","<div class="""">
                        Art. 143<br>Se interzice staţionarea voluntară a vehiculelor:<br>a) în toate cazurile în care este interzisă oprirea voluntară;<br>b) în zona de acţiune a indicatorului cu semnificaţia „Staţionarea interzisă“ şi a marcajului cu semnificaţia de interzicere a staţionării;<br>c) pe drumurile publice cu o lăţime mai mică de 6 m;<br>d) în dreptul căilor de acces care deservesc proprietăţile alăturate drumurilor publice;<br>e) în pante şi în rampe;<br>f) în locul unde este instalat indicatorul cu semnificaţia „Staţionare alternantă“, în altă zi sau perioadă decât cea permisă, ori indicatorul cu semnificaţia „Zona de staţionare cu durată limitată“ peste durata stabilită. <br><br>Art. 142<br>Se interzice oprirea voluntară a vehiculelor:<br>a) în zona de acţiune a indicatorului „Oprirea interzisă“;<br>b) pe trecerile la nivel cu calea ferată curentă şi la o distanţă mai mică de 50 m înainte şi după acestea;<br>c) pe poduri, pe şi sub pasaje denivelate, precum şi pe viaducte;<br>d) în curbe şi în alte locuri cu vizibilitate redusă sub 50 m;<br>e) pe trecerile pentru pietoni ori la mai puţin de 25 m înainte şi înainte de acestea;<br>f) în intersecţii, inclusiv cele cu circulaţie în sens giratoriu, precum şi în zona de preselecţie unde sunt aplicate marcaje continue, iar în lipsa acestora, la o distanţă mai mică de 25 m de colţul intersecţiei;<br>g) în staţiile mijloacelor de transport public de persoane, precum şi la mai puţin de 25 m înainte şi după acestea;<br>h) în dreptul altui vehicul oprit pe partea carosabilă, dacă prin aceasta se stânjeneşte circulaţia a două vehicule venind din sensuri opuse, precum şi în dreptul marcajului continuu, în cazul în care conducătorii celorlalte vehicule care circulă în acelaşi sens ar fi obligaţi, din această cauză, să treacă peste acest marcaj;<br>i) în locul în care se împiedică vizibilitatea asupra unui indicator sau semnal luminos;<br>j) pe sectoarele de drum unde sunt instalate indicatoarele cu semnificaţiile „Drum îngustat“, „Prioritate pentru circulaţia din sens invers“ sau „Prioritate faţă de circulaţia din sens invers“;<br>k) pe pistele obligatorii pentru pietoni şi/sau biciclişti ori pe benzile rezervate unor anumite categorii de vehicule, semnalizate ca atare;<br>l) pe platforma căii ferate industriale sau de tramvai ori la mai puţin de 50 m de acestea, dacă circulaţia vehiculelor pe şine ar putea fi stânjenită sau împiedicată;<br>m) pe partea carosabilă a autostrăzilor, a drumurilor expres şi a celor naţionale europene (E);<br>n) pe trotuar, dacă nu se asigură spaţiu de cel puţin 1 m pentru circulaţia pietonilor;<br>o) pe pistele pentru biciclete;<br>p) în locurile unde este interzisă depăşirea. 


                    </div>","https://scoaladrpciv.ro/intrebari/categoria-a/oprirea-stationarea-si-parcarea"
"1790502254-145","https://scoaladrpciv.ro/intrebari/categoria-a","Care este deosebirea dintre oprire şi staţionare?","B - deosebirea constă în durata de imobilizare a motocicletei;","","","A - niciuna;","C - deosebirea constă în modul de aşezare şi asigurare a motocicletei pe drum.","https://scoaladrpciv.ro/intrebare/care-este-deosebirea-dintre-oprire-si-stationare-5e19","","<div class="""">
                        Art. 63<br>(1) Se considera oprire imobilizarea voluntara a unui vehicul pe drumul public, pe o durata de cel mult 5 minute. Peste aceasta durata, imobilizarea se considera stationare.<br>(2) Nu se considera oprire:<br>a) imobilizarea vehiculului atat timp cat este necesara pentru imbarcarea sau debarcarea unor persoane, daca prin aceasta manevra nu a fost perturbata circulatia pe drumul public respectiv;<br>b) imobilizarea autovehiculului avand o masa totala maxima autorizata de pana la 3,5 tone, atat timp cat este necesar pentru operatiunea de distribuire a marfurilor alimentare la unitatile comerciale.<br>(3) Pentru autovehiculele care transporta marfuri, altele decat cele prevazute la alin.(2) lit.b), administratorul drumului public impreuna cu autoritatile administratiei publice locale, cu avizul politiei rutiere, vor stabili programe sau intervale orare pe timpul noptii, in care oprirea sau stationarea este permisa pentru distribuirea marfurilor.<br>(4) Se considera parcare stationarea vehiculelor in spatii special amenajate sau stabilite si semnalizate corespunzator.<br>(5) Vehiculul oprit sau stationat pe partea carosabila trebuie asezat langa si in paralel cu marginea acesteia, pe un singur rand, daca printr-un alt mijloc de semnalizare nu se dispune altfel. Motocicletele fara atas, mopedele si bicicletele pot fi oprite sau stationate si cate doua, una langa alta.


                    </div>","https://scoaladrpciv.ro/intrebari/categoria-a/oprirea-stationarea-si-parcarea"
"1790502256-146","https://scoaladrpciv.ro/intrebari/categoria-a","Când circulaţi pe un drum naţional european vă este interzisă:","C - staţionarea voluntară pe partea carosabilă.","","","A - folosirea mijloacelor de avertizare sonoră;","B - remorcarea altui autovehicul;","https://scoaladrpciv.ro/intrebare/cand-circulati-pe-un-drum-national-european-va-este-interzisa-0647","","<div class="""">
                        Art. 143<br>Se interzice staţionarea voluntară a vehiculelor:<br>a) în toate cazurile în care este interzisă oprirea voluntară;<br>b) în zona de acţiune a indicatorului cu semnificaţia „Staţionarea interzisă“ şi a marcajului cu semnificaţia de interzicere a staţionării;<br>c) pe drumurile publice cu o lăţime mai mică de 6 m;<br>d) în dreptul căilor de acces care deservesc proprietăţile alăturate drumurilor publice;<br>e) în pante şi în rampe;<br>f) în locul unde este instalat indicatorul cu semnificaţia „Staţionare alternantă“, în altă zi sau perioadă decât cea permisă, ori indicatorul cu semnificaţia „Zona de staţionare cu durată limitată“ peste durata stabilită. <br><br>Art. 142<br>Se interzice oprirea voluntară a vehiculelor:<br>a) în zona de acţiune a indicatorului „Oprirea interzisă“;<br>b) pe trecerile la nivel cu calea ferată curentă şi la o distanţă mai mică de 50 m înainte şi după acestea;<br>c) pe poduri, pe şi sub pasaje denivelate, precum şi pe viaducte;<br>d) în curbe şi în alte locuri cu vizibilitate redusă sub 50 m;<br>e) pe trecerile pentru pietoni ori la mai puţin de 25 m înainte şi înainte de acestea;<br>f) în intersecţii, inclusiv cele cu circulaţie în sens giratoriu, precum şi în zona de preselecţie unde sunt aplicate marcaje continue, iar în lipsa acestora, la o distanţă mai mică de 25 m de colţul intersecţiei;<br>g) în staţiile mijloacelor de transport public de persoane, precum şi la mai puţin de 25 m înainte şi după acestea;<br>h) în dreptul altui vehicul oprit pe partea carosabilă, dacă prin aceasta se stânjeneşte circulaţia a două vehicule venind din sensuri opuse, precum şi în dreptul marcajului continuu, în cazul în care conducătorii celorlalte vehicule care circulă în acelaşi sens ar fi obligaţi, din această cauză, să treacă peste acest marcaj;<br>i) în locul în care se împiedică vizibilitatea asupra unui indicator sau semnal luminos;<br>j) pe sectoarele de drum unde sunt instalate indicatoarele cu semnificaţiile „Drum îngustat“, „Prioritate pentru circulaţia din sens invers“ sau „Prioritate faţă de circulaţia din sens invers“;<br>k) pe pistele obligatorii pentru pietoni şi/sau biciclişti ori pe benzile rezervate unor anumite categorii de vehicule, semnalizate ca atare;<br>l) pe platforma căii ferate industriale sau de tramvai ori la mai puţin de 50 m de acestea, dacă circulaţia vehiculelor pe şine ar putea fi stânjenită sau împiedicată;<br>m) pe partea carosabilă a autostrăzilor, a drumurilor expres şi a celor naţionale europene (E);<br>n) pe trotuar, dacă nu se asigură spaţiu de cel puţin 1 m pentru circulaţia pietonilor;<br>o) pe pistele pentru biciclete;<br>p) în locurile unde este interzisă depăşirea. 


                    </div>","https://scoaladrpciv.ro/intrebari/categoria-a/oprirea-stationarea-si-parcarea"
"1790502258-147","https://scoaladrpciv.ro/intrebari/categoria-a","Oprirea este interzisă:","A - la o distanţă mai mică de 25 m de colţul intersecţiei;","","","B - pe drumul cu sens unic;","C - la o distanţă de 5 m în spatele ultimului vagon de tramvai oprit în staţia fără refugiu pentru pietoni.","https://scoaladrpciv.ro/intrebare/oprirea-este-interzisa-bced","","<div class="""">
                        Art. 142<br>Se interzice oprirea voluntară a vehiculelor:<br>a) în zona de acţiune a indicatorului „Oprirea interzisă“;<br>b) pe trecerile la nivel cu calea ferată curentă şi la o distanţă mai mică de 50 m înainte şi după acestea;<br>c) pe poduri, pe şi sub pasaje denivelate, precum şi pe viaducte;<br>d) în curbe şi în alte locuri cu vizibilitate redusă sub 50 m;<br>e) pe trecerile pentru pietoni ori la mai puţin de 25 m înainte şi înainte de acestea;<br>f) în intersecţii, inclusiv cele cu circulaţie în sens giratoriu, precum şi în zona de preselecţie unde sunt aplicate marcaje continue, iar în lipsa acestora, la o distanţă mai mică de 25 m de colţul intersecţiei;<br>g) în staţiile mijloacelor de transport public de persoane, precum şi la mai puţin de 25 m înainte şi după acestea;<br>h) în dreptul altui vehicul oprit pe partea carosabilă, dacă prin aceasta se stânjeneşte circulaţia a două vehicule venind din sensuri opuse, precum şi în dreptul marcajului continuu, în cazul în care conducătorii celorlalte vehicule care circulă în acelaşi sens ar fi obligaţi, din această cauză, să treacă peste acest marcaj;<br>i) în locul în care se împiedică vizibilitatea asupra unui indicator sau semnal luminos;<br>j) pe sectoarele de drum unde sunt instalate indicatoarele cu semnificaţiile „Drum îngustat“, „Prioritate pentru circulaţia din sens invers“ sau „Prioritate faţă de circulaţia din sens invers“;<br>k) pe pistele obligatorii pentru pietoni şi/sau biciclişti ori pe benzile rezervate unor anumite categorii de vehicule, semnalizate ca atare;<br>l) pe platforma căii ferate industriale sau de tramvai ori la mai puţin de 50 m de acestea, dacă circulaţia vehiculelor pe şine ar putea fi stânjenită sau împiedicată;<br>m) pe partea carosabilă a autostrăzilor, a drumurilor expres şi a celor naţionale europene (E);<br>n) pe trotuar, dacă nu se asigură spaţiu de cel puţin 1 m pentru circulaţia pietonilor;<br>o) pe pistele pentru biciclete;<br>p) în locurile unde este interzisă depăşirea. 


                    </div>","https://scoaladrpciv.ro/intrebari/categoria-a/oprirea-stationarea-si-parcarea"
"1790502261-148","https://scoaladrpciv.ro/intrebari/categoria-a","Este permisă oprirea voluntară a motocicletei în tuneluri?","B - nu;","","","A - da;","C - numai dacă lungimea tunelului depăşeşte 1000 m.","https://scoaladrpciv.ro/intrebare/este-permisa-oprirea-voluntara-a-motocicletei-in-tuneluri-9e68","","<div class="""">
                        <h4>Articolul 141</h4>
<p>(1)&nbsp;&nbsp; Conducãtorii autovehiculelor, tractoarelor agricole sau forestiere imobilizate pe drumurile publice, care se îndepãrteazã de acestea, sunt obligați sã acționeze frânã de ajutor, sã opreascã funcționarea motorului și sã cupleze într-o treaptã de vitezã inferioarã sau în cea de parcare dacã autovehiculul, tractorul agricol sau forestier are transmisie automatã.</p>
<p>(2)&nbsp;&nbsp; În cazul imobilizãrii involuntare a autovehiculului, tractorului agricol sau forestier în panta sau în rampa, pe lângã obligațiile prevãzute la alin. (1) conducãtorul trebuie sã bracheze rotile directoare.</p>
<p>(3)&nbsp;&nbsp; În cazul imobilizãrii involuntare a autovehiculului, tractorului agricol sau forestier în pasaje subterane sau în tuneluri, conducãtorul acestuia este obligat sã opreascã funcționarea motorului.</p>
<p>(4)&nbsp;&nbsp; În localitãți, pe drumurile cu sens unic, oprirea sau staționarea voluntarã a vehiculelor este permisã și pe partea stânga, dacã rãmâne liberã cel puțin o bandã de circulație.</p>
<p>(5)&nbsp;&nbsp; În afara localitãților oprirea sau staționarea voluntarã a vehiculelor se face în afara pãrții carosabile, iar atunci când nu este posibil, cât mai aproape de marginea din dreapta a drumului, paralel cu axa acestuia.</p>
<p>(6)&nbsp;&nbsp; Nu este permisã staționarea pe partea carosabilã, în timpul nopții, a tractoarelor agricole sau forestiere, a remorcilor, a mopedelor, a bicicletelor, a trotinetelor electrice, a vehiculelor cu tracțiune animalã ori a celor trase sau împinse cu mâna.</p>
<p><span style=""background-color: #f1c40f;"">(7)&nbsp;&nbsp; Nu este permisã oprirea sau staționarea în tuneluri. În situații de urgențã sau de pericol conducãtorului de autovehicul îi este permisã oprirea sau staționarea numai în locurile special amenajate și semnalizate corespunzãtor. În caz de imobilizare prelungitã a autovehiculului în tunel, conducãtorul de vehicul este obligat sã opreascã motorul.</span></p>
<p>(8)&nbsp;&nbsp; Se considerã staționare pe partea carosabilã situația în care oricare dintre roțile vehiculului sau remorcii se regãsește pe partea carosabilã.</p>


                    </div>","https://scoaladrpciv.ro/intrebari/categoria-a/oprirea-stationarea-si-parcarea"
"1790502263-149","https://scoaladrpciv.ro/intrebari/categoria-a","Ce obligaţie are conducătorul unei motociclete imobilizate într-un pasaj subteran?","A - să oprească motorul şi să acţioneze luminile de avarie;","","","B - să tracteze motocicleta până la ieşirea din pasajul subteran;","C - să anunţe imediat pompierii în legătură cu locul în care se află.","https://scoaladrpciv.ro/intrebare/ce-obligatie-are-conducatorul-unei-motociclete-imobilizate-intr-un-pasaj-subteran-f28b","","<div class="""">
                        Art. 141<br>(1) Conducătorii autovehiculelor imobilizate pe drumurile publice, care se îndepărtează de acestea, sunt obligaţi să acţioneze frâna de ajutor, să oprească funcţionarea motorului şi să cupleze într-o treaptă de viteză inferioară sau în cea de parcare dacă autovehiculul are transmisie automată. <br>(2) În cazul imobilizării involuntare a autovehiculului în pantă sau în rampă, pe lângă obligaţiile prevăzute la alin. (1) conducătorul trebuie să bracheze roţile directoare. <br>(3) În cazul imobilizării involuntare a autovehiculului în pasaje subterane sau în tuneluri, conducătorul acestuia este obligat să oprească funcţionarea motorului. <br>(4) În localităţi, pe drumurile cu sens unic, oprirea sau staţionarea voluntară a vehiculelor este permisă şi pe partea stângă, dacă rămâne liberă cel puţin o bandă de circulaţie. <br>(5) În afara localităţilor oprirea sau staţionarea voluntară a vehiculelor se face în afara părţii carosabile, iar atunci când nu este posibil, cât mai aproape de marginea din dreapta a drumului, paralel cu axa acestuia. <br>(6) Nu este permisă staţionarea pe partea carosabilă, în timpul nopţii, a tractoarelor, a remorcilor, a mopedelor, a bicicletelor, a maşinilor şi utilajelor autopropulsate utilizate în lucrări de construcţii, agricole sau forestiere, a vehiculelor cu tracţiune animală ori a celor trase sau împinse cu mâna. <br>(7) Nu este permisă oprirea sau staţionarea în tuneluri. În situaţii de urgenţă sau de pericol conducătorului de autovehicul îi este permisă oprirea sau staţionarea numai în locurile special amenajate şi semnalizate corespunzător. În caz de imobilizare prelungită a autovehiculului în tunel, conducătorul de vehicul este obligat să oprească motorul. 


                    </div>","https://scoaladrpciv.ro/intrebari/categoria-a/oprirea-stationarea-si-parcarea"
"1790502265-150","https://scoaladrpciv.ro/intrebari/categoria-a","Este permisă staţionarea motocicletei în zona de acţiune a indicatorului „Drum îngustat“?","B - nu;","","","A - da;","C - legea nu prevede nimic cu privire la acest aspect.","https://scoaladrpciv.ro/intrebare/este-permisa-stationarea-motocicletei-in-zona-de-actiune-a-indicatorului-drum-ingustat-a943","","<div class="""">
                        Art. 143<br>Se interzice staţionarea voluntară a vehiculelor:<br>a) în toate cazurile în care este interzisă oprirea voluntară;<br>b) în zona de acţiune a indicatorului cu semnificaţia „Staţionarea interzisă“ şi a marcajului cu semnificaţia de interzicere a staţionării;<br>c) pe drumurile publice cu o lăţime mai mică de 6 m;<br>d) în dreptul căilor de acces care deservesc proprietăţile alăturate drumurilor publice;<br>e) în pante şi în rampe;<br>f) în locul unde este instalat indicatorul cu semnificaţia „Staţionare alternantă“, în altă zi sau perioadă decât cea permisă, ori indicatorul cu semnificaţia „Zona de staţionare cu durată limitată“ peste durata stabilită. <br><br>Art. 142<br>Se interzice oprirea voluntară a vehiculelor:<br>a) în zona de acţiune a indicatorului „Oprirea interzisă“;<br>b) pe trecerile la nivel cu calea ferată curentă şi la o distanţă mai mică de 50 m înainte şi după acestea;<br>c) pe poduri, pe şi sub pasaje denivelate, precum şi pe viaducte;<br>d) în curbe şi în alte locuri cu vizibilitate redusă sub 50 m;<br>e) pe trecerile pentru pietoni ori la mai puţin de 25 m înainte şi înainte de acestea;<br>f) în intersecţii, inclusiv cele cu circulaţie în sens giratoriu, precum şi în zona de preselecţie unde sunt aplicate marcaje continue, iar în lipsa acestora, la o distanţă mai mică de 25 m de colţul intersecţiei;<br>g) în staţiile mijloacelor de transport public de persoane, precum şi la mai puţin de 25 m înainte şi după acestea;<br>h) în dreptul altui vehicul oprit pe partea carosabilă, dacă prin aceasta se stânjeneşte circulaţia a două vehicule venind din sensuri opuse, precum şi în dreptul marcajului continuu, în cazul în care conducătorii celorlalte vehicule care circulă în acelaşi sens ar fi obligaţi, din această cauză, să treacă peste acest marcaj;<br>i) în locul în care se împiedică vizibilitatea asupra unui indicator sau semnal luminos;<br>j) pe sectoarele de drum unde sunt instalate indicatoarele cu semnificaţiile <b>„Drum îngustat“</b>, „Prioritate pentru circulaţia din sens invers“ sau „Prioritate faţă de circulaţia din sens invers“;<br>k) pe pistele obligatorii pentru pietoni şi/sau biciclişti ori pe benzile rezervate unor anumite categorii de vehicule, semnalizate ca atare;<br>l) pe platforma căii ferate industriale sau de tramvai ori la mai puţin de 50 m de acestea, dacă circulaţia vehiculelor pe şine ar putea fi stânjenită sau împiedicată;<br>m) pe partea carosabilă a autostrăzilor, a drumurilor expres şi a celor naţionale europene (E);<br>n) pe trotuar, dacă nu se asigură spaţiu de cel puţin 1 m pentru circulaţia pietonilor;<br>o) pe pistele pentru biciclete;<br>p) în locurile unde este interzisă depăşirea. 


                    </div>","https://scoaladrpciv.ro/intrebari/categoria-a/oprirea-stationarea-si-parcarea"
"1790502267-151","https://scoaladrpciv.ro/intrebari/categoria-a","În care dintre situaţiile de mai jos este interzisă oprirea motocicletelor pe drumurile publice?","A - în intersecţiile cu sens giratoriu;","","","B - în zona de acţiune a indicatorului „Staţionarea interzisă“;","C - pe arterele cu un singur sens de circulaţie.","https://scoaladrpciv.ro/intrebare/in-care-dintre-situatiile-de-mai-jos-este-interzisa-oprirea-motocicletelor-pe-drumurile-publice-5816","","<div class="""">
                        Art. 142<br>Se interzice oprirea voluntară a vehiculelor:<br>a) în zona de acţiune a indicatorului „Oprirea interzisă“;<br>b) pe trecerile la nivel cu calea ferată curentă şi la o distanţă mai mică de 50 m înainte şi după acestea;<br>c) pe poduri, pe şi sub pasaje denivelate, precum şi pe viaducte;<br>d) în curbe şi în alte locuri cu vizibilitate redusă sub 50 m;<br>e) pe trecerile pentru pietoni ori la mai puţin de 25 m înainte şi înainte de acestea;<br>f) în intersecţii, inclusiv cele cu circulaţie în sens giratoriu, precum şi în zona de preselecţie unde sunt aplicate marcaje continue, iar în lipsa acestora, la o distanţă mai mică de 25 m de colţul intersecţiei;<br>g) în staţiile mijloacelor de transport public de persoane, precum şi la mai puţin de 25 m înainte şi după acestea;<br>h) în dreptul altui vehicul oprit pe partea carosabilă, dacă prin aceasta se stânjeneşte circulaţia a două vehicule venind din sensuri opuse, precum şi în dreptul marcajului continuu, în cazul în care conducătorii celorlalte vehicule care circulă în acelaşi sens ar fi obligaţi, din această cauză, să treacă peste acest marcaj;<br>i) în locul în care se împiedică vizibilitatea asupra unui indicator sau semnal luminos;<br>j) pe sectoarele de drum unde sunt instalate indicatoarele cu semnificaţiile „Drum îngustat“, „Prioritate pentru circulaţia din sens invers“ sau „Prioritate faţă de circulaţia din sens invers“;<br>k) pe pistele obligatorii pentru pietoni şi/sau biciclişti ori pe benzile rezervate unor anumite categorii de vehicule, semnalizate ca atare;<br>l) pe platforma căii ferate industriale sau de tramvai ori la mai puţin de 50 m de acestea, dacă circulaţia vehiculelor pe şine ar putea fi stânjenită sau împiedicată;<br>m) pe partea carosabilă a autostrăzilor, a drumurilor expres şi a celor naţionale europene (E);<br>n) pe trotuar, dacă nu se asigură spaţiu de cel puţin 1 m pentru circulaţia pietonilor;<br>o) pe pistele pentru biciclete;<br>p) în locurile unde este interzisă depăşirea. 


                    </div>","https://scoaladrpciv.ro/intrebari/categoria-a/oprirea-stationarea-si-parcarea"
"1790502270-152","https://scoaladrpciv.ro/intrebari/categoria-a","În care dintre situaţii este interzisă oprirea?","A - la o distanţă mai mică de 25 m înainte şi după indicatorul de staţie pentru mijloacele de transport public de persoane;","B - la o distanţă mai mică de 25 m de colţul intersecţiei;","","C - la o distanţă de 5 m în spatele ultimului vagon de tramvai oprit într-o staţie fără refugiu pentru pietoni.","","https://scoaladrpciv.ro/intrebare/in-care-dintre-situatii-este-interzisa-oprirea-7fdb","","<div class="""">
                        Art. 142<br>Se interzice oprirea voluntară a vehiculelor:<br>a) în zona de acţiune a indicatorului „Oprirea interzisă“;<br>b) pe trecerile la nivel cu calea ferată curentă şi la o distanţă mai mică de 50 m înainte şi după acestea;<br>c) pe poduri, pe şi sub pasaje denivelate, precum şi pe viaducte;<br>d) în curbe şi în alte locuri cu vizibilitate redusă sub 50 m;<br>e) pe trecerile pentru pietoni ori la mai puţin de 25 m înainte şi înainte de acestea;<br>f) în intersecţii, inclusiv cele cu circulaţie în sens giratoriu, precum şi în zona de preselecţie unde sunt aplicate marcaje continue, iar în lipsa acestora, la o distanţă mai mică de 25 m de colţul intersecţiei;<br>g) în staţiile mijloacelor de transport public de persoane, precum şi la mai puţin de 25 m înainte şi după acestea;<br>h) în dreptul altui vehicul oprit pe partea carosabilă, dacă prin aceasta se stânjeneşte circulaţia a două vehicule venind din sensuri opuse, precum şi în dreptul marcajului continuu, în cazul în care conducătorii celorlalte vehicule care circulă în acelaşi sens ar fi obligaţi, din această cauză, să treacă peste acest marcaj;<br>i) în locul în care se împiedică vizibilitatea asupra unui indicator sau semnal luminos;<br>j) pe sectoarele de drum unde sunt instalate indicatoarele cu semnificaţiile „Drum îngustat“, „Prioritate pentru circulaţia din sens invers“ sau „Prioritate faţă de circulaţia din sens invers“;<br>k) pe pistele obligatorii pentru pietoni şi/sau biciclişti ori pe benzile rezervate unor anumite categorii de vehicule, semnalizate ca atare;<br>l) pe platforma căii ferate industriale sau de tramvai ori la mai puţin de 50 m de acestea, dacă circulaţia vehiculelor pe şine ar putea fi stânjenită sau împiedicată;<br>m) pe partea carosabilă a autostrăzilor, a drumurilor expres şi a celor naţionale europene (E);<br>n) pe trotuar, dacă nu se asigură spaţiu de cel puţin 1 m pentru circulaţia pietonilor;<br>o) pe pistele pentru biciclete;<br>p) în locurile unde este interzisă depăşirea. <br>Art. 143. – Se interzice staţionarea voluntară a vehiculelor:<br>a) în toate cazurile în care este interzisă oprirea voluntară;<br>b) în zona de acţiune a indicatorului cu semnificaţia „Staţionarea interzisă“ şi a marcajului cu semnificaţia de interzicere a staţionării;<br>c) pe drumurile publice cu o lăţime mai mică de 6 m;<br>d) în dreptul căilor de acces care deservesc proprietăţile alăturate drumurilor publice;<br>e) în pante şi în rampe;<br>f) în locul unde este instalat indicatorul cu semnificaţia „Staţionare alternantă“, în altă zi sau perioadă decât cea permisă, ori indicatorul cu semnificaţia „Zona de staţionare cu durată limitată“ peste durata stabilită. 


                    </div>","https://scoaladrpciv.ro/intrebari/categoria-a/oprirea-stationarea-si-parcarea"
"1790502277-153","https://scoaladrpciv.ro/intrebari/categoria-a","În care dintre situaţii oprirea este interzisă:","B - în intersecţiile cu sens giratoriu;","","","A - pe străzile cu sens unic;","C - în dreptul indicatorului „Parcarea interzisă"".","https://scoaladrpciv.ro/intrebare/in-care-dintre-situatii-oprirea-este-interzisa-a8f4","","<div class="""">
                        <p>Art. 142<br>Se interzice oprirea voluntară a vehiculelor:<br>a) în zona de acţiune a indicatorului „Oprirea interzisă“;<br>b) pe trecerile la nivel cu calea ferată curentă şi la o distanţă mai mică de 50 m înainte şi după acestea;<br>c) pe poduri, pe şi sub pasaje denivelate, precum şi pe viaducte;<br>d) în curbe şi în alte locuri cu vizibilitate redusă sub 50 m;<br>e) pe trecerile pentru pietoni ori la mai puţin de 25 m înainte şi înainte de acestea;<br><span style=""background-color:hsl(60, 75%, 60%);"">f) în intersecţii, inclusiv cele cu circulaţie în sens giratoriu, precum şi în zona de preselecţie unde sunt aplicate marcaje continue, iar în lipsa acestora, la o distanţă mai mică de 25 m de colţul intersecţiei;</span><br>g) în staţiile mijloacelor de transport public de persoane, precum şi la mai puţin de 25 m înainte şi după acestea;<br>h) în dreptul altui vehicul oprit pe partea carosabilă, dacă prin aceasta se stânjeneşte circulaţia a două vehicule venind din sensuri opuse, precum şi în dreptul marcajului continuu, în cazul în care conducătorii celorlalte vehicule care circulă în acelaşi sens ar fi obligaţi, din această cauză, să treacă peste acest marcaj;<br>i) în locul în care se împiedică vizibilitatea asupra unui indicator sau semnal luminos;<br>j) pe sectoarele de drum unde sunt instalate indicatoarele cu semnificaţiile „Drum îngustat“, „Prioritate pentru circulaţia din sens invers“ sau „Prioritate faţă de circulaţia din sens invers“;<br>k) pe pistele obligatorii pentru pietoni şi/sau biciclişti ori pe benzile rezervate unor anumite categorii de vehicule, semnalizate ca atare;<br>l) pe platforma căii ferate industriale sau de tramvai ori la mai puţin de 50 m de acestea, dacă circulaţia vehiculelor pe şine ar putea fi stânjenită sau împiedicată;<br>m) pe partea carosabilă a autostrăzilor, a drumurilor expres şi a celor naţionale europene (E);<br>n) pe trotuar, dacă nu se asigură spaţiu de cel puţin 1 m pentru circulaţia pietonilor;<br>o) pe pistele pentru biciclete;<br>p) în locurile unde este interzisă depăşirea.</p>


                    </div>","https://scoaladrpciv.ro/intrebari/categoria-a/oprirea-stationarea-si-parcarea"
"1790502279-154","https://scoaladrpciv.ro/intrebari/categoria-a","Dacă un drum public este neiluminat, este permisă staţionarea motocicletei pe partea carosabilă?","A - da, dacă sunt aprinse luminile de poziţie sau de staţionare;","","","B - da, dar numai în interiorul localităţilor;","C - nu.","https://scoaladrpciv.ro/intrebare/daca-un-drum-public-este-neiluminat-este-permisa-stationarea-motocicletei-pe-partea-carosabila-877c","","<div class="""">
                        <p>Art. 114<br>(1) Conducătorii de autovehicule, tramvaie şi mopede sunt obligaţi să folosească instalaţiile de iluminare şi/sau semnalizare a acestora, după cum urmează:<br><span style=""background-color:hsl(60, 75%, 60%);"">a) luminile de poziţie sau de staţionare pe timpul imobilizării vehiculului pe partea carosabilă în afara localităţilor, de la lăsarea serii şi până în zorii zilei, ziua când plouă torenţial, ninge abundent sau este ceaţă densă ori în alte condiţii care reduc vizibilitatea pe drumul public;</span><br>b) luminile de întâlnire sau de drum, în mers, atât în localităţi, cât şi în afara acestora, după gradul de iluminare a drumului public;<br>c) luminile de întâlnire şi cele de ceaţă pe timp de ceaţă densă;<br>d) luminile de întâlnire ale autovehiculelor care însoţesc coloane militare sau cortegii, transportă grupuri organizate de persoane şi cele care tractează alte vehicule sau care transportă mărfuri ori produse periculoase, în timpul zilei;<br>e) luminile de întâlnire atunci când plouă torenţial, ninge abundent ori în alte condiţii care reduc vizibilitatea pe drum;<br>f) luminile pentru mersul înapoi atunci când vehiculul este manevrat către înapoi;<br>g) luminile indicatoare de direcţie pentru semnalizarea schimbării direcţiei de mers, inclusiv la punerea în mişcare a vehiculului de pe loc.&nbsp;<br>(2) Pe timpul nopţii, la apropierea a două vehicule care circulă din sensuri opuse, conducătorii acestora sunt obligaţi ca de la o distanţă de cel puţin 200 m să folosească luminile de întâlnire concomitent cu reducerea vitezei. Când conducătorul de autovehicul se apropie de un autovehicul care circulă în faţa sa, acesta este obligat sa folosească luminile de întâlnire de la o distanţă de cel puţin 100 m.&nbsp;<br>(3) Pe timpul nopţii sau în condiţii de vizibilitate redusă conducătorii de autovehicule şi tramvaie care se apropie de o intersecţie nedirijată prin semnale luminoase sau de către poliţişti sunt obligaţi să semnalizeze prin folosirea alternantă a luminilor de întâlnire cu cele de drum dacă nu încalcă astfel prevederile alin. (2).&nbsp;<br>(4) Pe timpul nopţii sau în condiţii de vizibilitate redusă autovehiculele sau remorcile cu defecţiuni la sistemul de iluminare şi semnalizare luminoasă nu pot fi conduse sau remorcate fără a avea în funcţiune pe partea stângă, în faţă o lumină de întâlnire şi în spate una de poziţie.&nbsp;<br>(5) Luminile de avarie se folosesc în următoarele situaţii:<br>a) când vehiculul este imobilizat involuntar pe partea carosabilă;<br>b) când vehiculul se deplasează foarte lent şi/sau constituie el însuşi un pericol pentru ceilalţi participanţi la trafic;<br>c) când autovehiculul sau tramvaiul este remorcat.&nbsp;<br>(6) În situaţiile prevăzute la alin. (5), conducătorii de autovehicule, tramvaie sau mopede trebuie să pună în funcţiune luminile de avarie, în mod succesiv, în ordinea opririi şi în cazul în care această manevră este impusă de blocarea circulaţiei pe sensul de mers.&nbsp;<br>(7) Când circulă prin tunel conducătorul de vehicul este obligat să folosească luminile de întâlnire.</p>


                    </div>","https://scoaladrpciv.ro/intrebari/categoria-a/oprirea-stationarea-si-parcarea"
"1790502281-155","https://scoaladrpciv.ro/intrebari/categoria-a","Oprirea este interzisă:","A - în zona de acţiune a indicatorului „Drum îngustat“;","B - în zona de acţiune a indicatoarelor care interzic depăşirea;","C - în dreptul altui vehicul staţionat, dacă prin aceasta se stânjeneşte circulaţia a două vehicule venind din sensuri opuse.","","","https://scoaladrpciv.ro/intrebare/oprirea-este-interzisa-0cbe","","<div class="""">
                        Art. 142<br>Se interzice oprirea voluntară a vehiculelor:/na) în zona de acţiune a indicatorului „Oprirea interzisă“;<br>b) pe trecerile la nivel cu calea ferată curentă şi la o distanţă mai mică de 50 m înainte şi după acestea;<br>c) pe poduri, pe şi sub pasaje denivelate, precum şi pe viaducte;<br>d) în curbe şi în alte locuri cu vizibilitate redusă sub 50 m;<br>e) pe trecerile pentru pietoni ori la mai puţin de 25 m înainte şi înainte de acestea;<br>f) în intersecţii, inclusiv cele cu circulaţie în sens giratoriu, precum şi în zona de preselecţie unde sunt aplicate marcaje continue, iar în lipsa acestora, la o distanţă mai mică de 25 m de colţul intersecţiei;<br>g) în staţiile mijloacelor de transport public de persoane, precum şi la mai puţin de 25 m înainte şi după acestea;<br>h) în dreptul altui vehicul oprit pe partea carosabilă, dacă prin aceasta se stânjeneşte circulaţia a două vehicule venind din sensuri opuse, precum şi în dreptul marcajului continuu, în cazul în care conducătorii celorlalte vehicule care circulă în acelaşi sens ar fi obligaţi, din această cauză, să treacă peste acest marcaj;/ni) în locul în care se împiedică vizibilitatea asupra unui indicator sau semnal luminos;<br>j) pe sectoarele de drum unde sunt instalate indicatoarele cu semnificaţiile „Drum îngustat“, „Prioritate pentru circulaţia din sens invers“ sau „Prioritate faţă de circulaţia din sens invers“;/nk) pe pistele obligatorii pentru pietoni şi/sau biciclişti ori pe benzile rezervate unor anumite categorii de vehicule, semnalizate ca atare;<br>l) pe platforma căii ferate industriale sau de tramvai ori la mai puţin de 50 m de acestea, dacă circulaţia vehiculelor pe şine ar putea fi stânjenită sau împiedicată;<br>m) pe partea carosabilă a autostrăzilor, a drumurilor expres şi a celor naţionale europene (E);<br>n) pe trotuar, dacă nu se asigură spaţiu de cel puţin 1 m pentru circulaţia pietonilor;<br>o) pe pistele pentru biciclete;<br>p) în locurile unde este interzisă depăşirea. 


                    </div>","https://scoaladrpciv.ro/intrebari/categoria-a/oprirea-stationarea-si-parcarea"
"1790502284-156","https://scoaladrpciv.ro/intrebari/categoria-a","În care dintre situaţii oprirea este interzisă?","A - în zona de acţiune a indicatorului care interzice depăşirea;","C - în dreptul altui vehicul care se află oprit, dacă prin aceasta se stânjeneşte circulaţia a două vehicule venind din sensuri opuse.","","B - pe străzile unde circulaţia se desfăşoară în sens unic;","","https://scoaladrpciv.ro/intrebare/in-care-dintre-situatii-oprirea-este-interzisa-fd5a","","<div class="""">
                        Art. 142<br>Se interzice oprirea voluntară a vehiculelor:<br>a) în zona de acţiune a indicatorului „Oprirea interzisă“;<br>b) pe trecerile la nivel cu calea ferată curentă şi la o distanţă mai mică de 50 m înainte şi după acestea;<br>c) pe poduri, pe şi sub pasaje denivelate, precum şi pe viaducte;<br>d) în curbe şi în alte locuri cu vizibilitate redusă sub 50 m;<br>e) pe trecerile pentru pietoni ori la mai puţin de 25 m înainte şi înainte de acestea;<br>f) în intersecţii, inclusiv cele cu circulaţie în sens giratoriu, precum şi în zona de preselecţie unde sunt aplicate marcaje continue, iar în lipsa acestora, la o distanţă mai mică de 25 m de colţul intersecţiei;<br>g) în staţiile mijloacelor de transport public de persoane, precum şi la mai puţin de 25 m înainte şi după acestea;<br>h) în dreptul altui vehicul oprit pe partea carosabilă, dacă prin aceasta se stânjeneşte circulaţia a două vehicule venind din sensuri opuse, precum şi în dreptul marcajului continuu, în cazul în care conducătorii celorlalte vehicule care circulă în acelaşi sens ar fi obligaţi, din această cauză, să treacă peste acest marcaj;<br>i) în locul în care se împiedică vizibilitatea asupra unui indicator sau semnal luminos;<br>j) pe sectoarele de drum unde sunt instalate indicatoarele cu semnificaţiile „Drum îngustat“, „Prioritate pentru circulaţia din sens invers“ sau „Prioritate faţă de circulaţia din sens invers“;<br>k) pe pistele obligatorii pentru pietoni şi/sau biciclişti ori pe benzile rezervate unor anumite categorii de vehicule, semnalizate ca atare;<br>l) pe platforma căii ferate industriale sau de tramvai ori la mai puţin de 50 m de acestea, dacă circulaţia vehiculelor pe şine ar putea fi stânjenită sau împiedicată;<br>m) pe partea carosabilă a autostrăzilor, a drumurilor expres şi a celor naţionale europene (E);<br>n) pe trotuar, dacă nu se asigură spaţiu de cel puţin 1 m pentru circulaţia pietonilor;<br>o) pe pistele pentru biciclete;<br>p) în locurile unde este interzisă depăşirea. 


                    </div>","https://scoaladrpciv.ro/intrebari/categoria-a/oprirea-stationarea-si-parcarea"
"1790502286-157","https://scoaladrpciv.ro/intrebari/categoria-a","Oprirea voluntară este interzisă:","A - în intersecţiile dirijate;","","","B - pe drumurile cu prioritate;","C - pe sectoarele de drum neiluminate.","https://scoaladrpciv.ro/intrebare/oprirea-voluntara-este-interzisa-eb02","","<div class="""">
                        Art. 142<br>Se interzice oprirea voluntară a vehiculelor:<br>a) în zona de acţiune a indicatorului „Oprirea interzisă“;<br>b) pe trecerile la nivel cu calea ferată curentă şi la o distanţă mai mică de 50 m înainte şi după acestea;<br>c) pe poduri, pe şi sub pasaje denivelate, precum şi pe viaducte;<br>d) în curbe şi în alte locuri cu vizibilitate redusă sub 50 m;<br>e) pe trecerile pentru pietoni ori la mai puţin de 25 m înainte şi înainte de acestea;<br>f) în intersecţii, inclusiv cele cu circulaţie în sens giratoriu, precum şi în zona de preselecţie unde sunt aplicate marcaje continue, iar în lipsa acestora, la o distanţă mai mică de 25 m de colţul intersecţiei;<br>g) în staţiile mijloacelor de transport public de persoane, precum şi la mai puţin de 25 m înainte şi după acestea;<br>h) în dreptul altui vehicul oprit pe partea carosabilă, dacă prin aceasta se stânjeneşte circulaţia a două vehicule venind din sensuri opuse, precum şi în dreptul marcajului continuu, în cazul în care conducătorii celorlalte vehicule care circulă în acelaşi sens ar fi obligaţi, din această cauză, să treacă peste acest marcaj;<br>i) în locul în care se împiedică vizibilitatea asupra unui indicator sau semnal luminos;<br>j) pe sectoarele de drum unde sunt instalate indicatoarele cu semnificaţiile „Drum îngustat“, „Prioritate pentru circulaţia din sens invers“ sau „Prioritate faţă de circulaţia din sens invers“;<br>k) pe pistele obligatorii pentru pietoni şi/sau biciclişti ori pe benzile rezervate unor anumite categorii de vehicule, semnalizate ca atare;<br>l) pe platforma căii ferate industriale sau de tramvai ori la mai puţin de 50 m de acestea, dacă circulaţia vehiculelor pe şine ar putea fi stânjenită sau împiedicată;<br>m) pe partea carosabilă a autostrăzilor, a drumurilor expres şi a celor naţionale europene (E);<br>n) pe trotuar, dacă nu se asigură spaţiu de cel puţin 1 m pentru circulaţia pietonilor;<br>o) pe pistele pentru biciclete;<br>p) în locurile unde este interzisă depăşirea. 


                    </div>","https://scoaladrpciv.ro/intrebari/categoria-a/oprirea-stationarea-si-parcarea"
"1790502291-158","https://scoaladrpciv.ro/intrebari/categoria-a","Dacă la trecerea la nivel cu calea ferată constataţi că un vehicul este imobilizat pe calea ferată, cum veţi proceda?","C - acordaţi sprijin pentru scoaterea vehiculului de pe calea ferată sau, dacă nu este posibil, semnalaţi prezenţa acestuia.","","","A - vă continuaţi drumul, deoarece degajarea căii ferate se va face de către personalul calificat;","B - opriţi şi anunţaţi telefonic poliţia despre acest incident;","https://scoaladrpciv.ro/intrebare/daca-la-trecerea-la-nivel-cu-calea-ferata-constatati-ca-un-vehicul-este-imobilizat-pe-calea-ferata-cum-veti-proceda-d2f2","","<div class="""">
                        Art. 139<br>(1) În cazul imobilizării unui vehicul pe calea ferată, conducătorul acestuia este obligat să scoată imediat pasagerii din vehicul şi să elibereze platforma căii ferate, iar când nu este posibil, să semnalizeze prezenţa vehiculului cu orice mijloc adecvat. <br>(2) Participanţii la trafic, care se găsesc în apropierea locului unde un vehicul a rămas imobilizat pe calea ferată, sunt obligaţi să acorde sprijin pentru scoaterea acestuia sau, când nu este posibil, pentru semnalizarea prezenţei lui. <br>(3) Conducătorului de vehicul îi este interzis să treacă sau să ocolească porţile de gabarit instalate înaintea căilor ferate electrificate, dacă înălţimea sau încărcătura vehiculului atinge ori depăşeşte partea superioară a porţii. 


                    </div>","https://scoaladrpciv.ro/intrebari/categoria-a/trecerea-la-nivel-cu-calea-ferata"
"1790502293-159","https://scoaladrpciv.ro/intrebari/categoria-a","Când este permisă trecerea la nivel cu o cale ferată fără bariere, prevăzută cu semnalizare luminoasă, dacă tocmai a trecut un tren?","A - după ce s-a stins lumina roşie intermitentă;","","","B - după ce a trecut ultimul vagon;","C - atunci când pleacă vehiculele aflate de cealaltă parte a căii ferate.","https://scoaladrpciv.ro/intrebare/cand-este-permisa-trecerea-la-nivel-cu-o-cale-ferata-fara-bariere-prevazuta-cu-semnalizare-luminoasa-daca-tocmai-a-trecut-un-tren-9762","","<div class="""">
                        Art. 137<br>(1) Conducătorul de vehicul poate traversa calea ferată curentă prevăzută cu bariere sau semibariere, dacă acestea sunt ridicate şi semnalele luminoase şi sonore nu funcţionează, iar semnalul cu lumina albă intermitentă cu cadenţa lentă este în funcţiune. <br>(2) Când circulaţia la trecerea la nivel cu calea ferată curentă este dirijată de agenţi de cale ferată, conducătorul de vehicul trebuie să respecte semnalele acestora. 


                    </div>","https://scoaladrpciv.ro/intrebari/categoria-a/trecerea-la-nivel-cu-calea-ferata"
"1790502296-160","https://scoaladrpciv.ro/intrebari/categoria-a","Ce obligaţii aveţi la semnalele agenţilor căilor ferate, plasaţi la trecerea la nivel cu o cale ferată?","B - să vă conformaţi semnificaţiei semnalelor acestora;","","","A - nicio obligaţie, deoarece agenţii căilor ferate dirijează garniturile de tren;","C - să reduceţi viteza, să vă asiguraţi, iar, dacă trenul nu este în mişcare, puteţi să continuaţi traversarea căii ferate cu atenţie.","https://scoaladrpciv.ro/intrebare/ce-obligatii-aveti-la-semnalele-agentilor-cailor-ferate-plasati-la-trecerea-la-nivel-cu-o-cale-ferata-7250","","<div class="""">
                        Art. 60<br>(1) Participantii la trafic trebuie sa dea dovada de prudenta sporita la apropierea si traversarea liniilor de cale ferata curenta sau industriala, dupa caz.<br>(2) La trecerea la nivel cu o cale ferata curenta, prevazuta cu bariere sau semibariere, conducatorii de vehicule sunt obligati sa opreasca in dreptul indicatorului ce obliga la oprire, daca acestea sunt in curs de coborare ori in pozitie orizontala si/sau semnalele sonore si luminoase care anunta apropierea trenului sunt in functiune.<br>(3) La trecerea la nivel cu o cale ferata industriala, semnalizata corespunzator, conducatorii de vehicule sunt obligati sa se conformeze semnificatiei semnalelor agentului de cale ferata.


                    </div>","https://scoaladrpciv.ro/intrebari/categoria-a/trecerea-la-nivel-cu-calea-ferata"
"1790502298-161","https://scoaladrpciv.ro/intrebari/categoria-a","La apropierea de o cale ferată industrială:","A - conducătorii de motociclete vor da dovadă de prudenţă sporită;","","","B - conducătorii de motociclete nu au nicio obligaţie, dacă nu există un agent de cale ferată;","C - se va respecta semnificaţia semaforului electric.","https://scoaladrpciv.ro/intrebare/la-apropierea-de-o-cale-ferata-industriala-1bfc","","<div class="""">
                        Art. 60<br>(1) Participantii la trafic trebuie sa dea dovada de prudenta sporita la apropierea si traversarea liniilor de cale ferata curenta sau industriala, dupa caz.<br>(2) La trecerea la nivel cu o cale ferata curenta, prevazuta cu bariere sau semibariere, conducatorii de vehicule sunt obligati sa opreasca in dreptul indicatorului ce obliga la oprire, daca acestea sunt in curs de coborare ori in pozitie orizontala si/sau semnalele sonore si luminoase care anunta apropierea trenului sunt in functiune.<br>(3) La trecerea la nivel cu o cale ferata industriala, semnalizata corespunzator, conducatorii de vehicule sunt obligati sa se conformeze semnificatiei semnalelor agentului de cale ferata.


                    </div>","https://scoaladrpciv.ro/intrebari/categoria-a/trecerea-la-nivel-cu-calea-ferata"
"1790502300-162","https://scoaladrpciv.ro/intrebari/categoria-a","Cum trebuie să procedeze conducătorul unei motociclete la trecerea la nivel cu calea ferată, atunci când barierele sunt ridicate?","C - să reducă viteza motocicletei şi să traverseze cu atenţie, asigurându-se că din partea stângă sau din partea dreaptă nu se apropie un vehicul feroviar.","","","A - să reducă viteza, fără a depăşi linia continuă pentru oprire;","B - să oprească motocicleta în locul unde vizibilitatea este maximă, fără a depăşi indicatorul de prioritate în cruce;","https://scoaladrpciv.ro/intrebare/cum-trebuie-sa-procedeze-conducatorul-unei-motociclete-la-trecerea-la-nivel-cu-calea-ferata-atunci-cand-barierele-sunt-ridicate-fc40","","<div class="""">
                        Art. 136<br>(1) La trecerea la nivel cu calea ferată curentă, conducătorul de vehicul este obligat să circule cu viteza redusă şi să se asigure că din partea stângă sau din partea dreaptă nu se apropie un vehicul feroviar. <br>(2) La traversarea căii ferate, pietonii sunt obligaţi să se asigure că din stânga sau din dreapta nu se apropie un vehicul feroviar. <br>Art. 137<br>(1) Conducătorul de vehicul poate traversa calea ferată curentă prevăzută cu bariere sau semibariere, dacă acestea sunt ridicate şi semnalele luminoase şi sonore nu funcţionează, iar semnalul cu lumina albă intermitentă cu cadenţa lentă este în funcţiune. <br>(2) Când circulaţia la trecerea la nivel cu calea ferată curentă este dirijată de agenţi de cale ferată, conducătorul de vehicul trebuie să respecte semnalele acestora. 


                    </div>","https://scoaladrpciv.ro/intrebari/categoria-a/trecerea-la-nivel-cu-calea-ferata"
"1790502302-163","https://scoaladrpciv.ro/intrebari/categoria-a","Vă apropiaţi de o trecere peste calea ferată şi observaţi că se coboară semibariera. Cum procedaţi?","B - opriţi în faţa semibarierei;","","","A - acceleraţi şi treceţi cât mai repede peste calea ferată;","C - dacă nu se apropie trenul, ocoliţi semibariera.","https://scoaladrpciv.ro/intrebare/va-apropiati-de-o-trecere-peste-calea-ferata-si-observati-ca-se-coboara-semibariera-cum-procedati-4413","","<div class="""">
                        Art. 138<br>(1) Conducătorul de vehicul este obligat să oprească atunci când:<br>a) barierele sau semibarierele sunt coborâte, în curs de coborâre sau de ridicare;<br>b) semnalul cu lumini roşii şi/sau semnalul sonor sunt în funcţiune;<br>c) întâlneşte indicatorul „Trecerea la nivel cu calea ferată simplă, fără bariere“, „Trecerea la nivel cu calea ferată dublă, fără bariere“ sau „Oprire“. <br>(2) Vehiculele trebuie să oprească, în ordinea sosirii, în locul în care există vizibilitate maximă asupra căii ferate fără a trece de indicatoarele prevăzute la alin. (1) lit. c) sau, după caz, înaintea marcajului pentru oprire ori înaintea barierelor sau semibarierelor, când acestea sunt închise, în curs de coborâre sau de ridicare. 


                    </div>","https://scoaladrpciv.ro/intrebari/categoria-a/trecerea-la-nivel-cu-calea-ferata"
"1790502305-164","https://scoaladrpciv.ro/intrebari/categoria-a","Este permisă întoarcerea unei motociclete oprite în faţa barierelor instalate la trecerea la nivel cu calea ferată?","C - nu, întoarcerea în acest loc este interzisă.","","","A - da, dacă motociclistul s-a asigurat în prealabil;","B - da, deoarece din sens opus nu circulă alte vehicule, barierele fiind lăsate;","https://scoaladrpciv.ro/intrebare/este-permisa-intoarcerea-unei-motociclete-oprite-in-fata-barierelor-instalate-la-trecerea-la-nivel-cu-calea-ferata-69c9","","<div class="""">
                        Art. 126<br>Se interzice întoarcerea vehiculului:<br>a) în locurile în care este interzisă oprirea voluntară a vehiculelor, cu excepţia cazurilor prevăzute la art. 142 lit. f);<br>b) în intersecţiile în care este interzis virajul la stânga, precum şi în cele în care, pentru efectuare, este necesară manevrarea înainte şi înapoi a vehiculului;<br>c) în locurile unde soliditatea drumului nu permite;<br>d) pe drumurile cu sens unic;<br>e) pe marcajul pietonal;<br>f) în locurile în care este instalat indicatorul „Întoarcerea interzisă“. <br><br>Art. 142<br>Se interzice oprirea voluntară a vehiculelor:<br>a) în zona de acţiune a indicatorului „Oprirea interzisă“;<br>b) pe trecerile la nivel cu calea ferată curentă şi la o distanţă mai mică de 50 m înainte şi după acestea;<br>c) pe poduri, pe şi sub pasaje denivelate, precum şi pe viaducte;<br>d) în curbe şi în alte locuri cu vizibilitate redusă sub 50 m;<br>e) pe trecerile pentru pietoni ori la mai puţin de 25 m înainte şi înainte de acestea;<br>f) în intersecţii, inclusiv cele cu circulaţie în sens giratoriu, precum şi în zona de preselecţie unde sunt aplicate marcaje continue, iar în lipsa acestora, la o distanţă mai mică de 25 m de colţul intersecţiei;<br>g) în staţiile mijloacelor de transport public de persoane, precum şi la mai puţin de 25 m înainte şi după acestea;<br>h) în dreptul altui vehicul oprit pe partea carosabilă, dacă prin aceasta se stânjeneşte circulaţia a două vehicule venind din sensuri opuse, precum şi în dreptul marcajului continuu, în cazul în care conducătorii celorlalte vehicule care circulă în acelaşi sens ar fi obligaţi, din această cauză, să treacă peste acest marcaj;<br>i) în locul în care se împiedică vizibilitatea asupra unui indicator sau semnal luminos;<br>j) pe sectoarele de drum unde sunt instalate indicatoarele cu semnificaţiile „Drum îngustat“, „Prioritate pentru circulaţia din sens invers“ sau „Prioritate faţă de circulaţia din sens invers“;<br>k) pe pistele obligatorii pentru pietoni şi/sau biciclişti ori pe benzile rezervate unor anumite categorii de vehicule, semnalizate ca atare;<br>l) pe platforma căii ferate industriale sau de tramvai ori la mai puţin de 50 m de acestea, dacă circulaţia vehiculelor pe şine ar putea fi stânjenită sau împiedicată;<br>m) pe partea carosabilă a autostrăzilor, a drumurilor expres şi a celor naţionale europene (E);<br>n) pe trotuar, dacă nu se asigură spaţiu de cel puţin 1 m pentru circulaţia pietonilor;<br>o) pe pistele pentru biciclete;<br>p) în locurile unde este interzisă depăşirea. 


                    </div>","https://scoaladrpciv.ro/intrebari/categoria-a/trecerea-la-nivel-cu-calea-ferata"
"1790502307-165","https://scoaladrpciv.ro/intrebari/categoria-a","La întâlnirea indicatorului de avertizare în cruce, amplasat la trecerile la nivel cu calea ferată fără bariere, conducătorii de motociclete vor opri:","B - în locul cu vizibilitate maximă, fără a depăşi indicatorul;","","","A - cât mai aproape de calea ferată, dar nu mai puţin de 5 m de aceasta;","C - la cel mult 5 m de calea ferată.","https://scoaladrpciv.ro/intrebare/la-intalnirea-indicatorului-de-avertizare-in-cruce-amplasat-la-trecerile-la-nivel-cu-calea-ferata-fara-bariere-conducatorii-de-motociclete-vor-opri-bd00","","<div class="""">
                        Art. 138<br>(1) Conducătorul de vehicul este obligat să oprească atunci când:<br>a) barierele sau semibarierele sunt coborâte, în curs de coborâre sau de ridicare;<br>b) semnalul cu lumini roşii şi/sau semnalul sonor sunt în funcţiune;<br>c) întâlneşte indicatorul „Trecerea la nivel cu calea ferată simplă, fără bariere“, „Trecerea la nivel cu calea ferată dublă, fără bariere“ sau „Oprire“. <br>(2) Vehiculele trebuie să oprească, în ordinea sosirii, în locul în care există vizibilitate maximă asupra căii ferate fără a trece de indicatoarele prevăzute la alin. (1) lit. c) sau, după caz, înaintea marcajului pentru oprire ori înaintea barierelor sau semibarierelor, când acestea sunt închise, în curs de coborâre sau de ridicare. 


                    </div>","https://scoaladrpciv.ro/intrebari/categoria-a/trecerea-la-nivel-cu-calea-ferata"
"1790502309-166","https://scoaladrpciv.ro/intrebari/categoria-a","Ce obligaţii are conducătorul de motociclete la trecerea la nivel cu calea ferată curentă, prevăzută cu bariere, dacă acestea sunt în curs de ridicare?","C - să oprească în dreptul indicatorului care obligă la oprire, până la ridicarea completă a barierei.","","","A - să se asigure că nu este depăşit de alt vehicul şi să se angajeze în traversarea căii ferate;","B - ziua să dea semnale sonore, iar noaptea să aprindă faza de drum intermitentă şi apoi să traverseze;","https://scoaladrpciv.ro/intrebare/ce-obligatii-are-conducatorul-de-motociclete-la-trecerea-la-nivel-cu-calea-ferata-curenta-prevazuta-cu-bariere-daca-acestea-sunt-in-curs-de-ridicare-9083","","<div class="""">
                        Art. 71<br>(1) Semnalizarea de interzicere a circulaţiei rutiere se consideră realizată chiar şi numai în una din următoarele situaţii :<br>a) prin aprinderea unei singure unităţi luminoase a dispozitivului cu lumină intermitent-alternativă roşie;<br>b) prin funcţionarea sistemului sonor;<br>c) prin poziţia orizontală a unei singure semibariere. <br>(2) Circulaţia rutieră se consideră de asemenea interzisă şi în situaţia în care barierele sau semibarierele sunt în curs de coborâre sau de ridicare. 


                    </div>","https://scoaladrpciv.ro/intrebari/categoria-a/trecerea-la-nivel-cu-calea-ferata"
"1790502311-167","https://scoaladrpciv.ro/intrebari/categoria-a","Cum veţi proceda corect dacă, la apropierea de o trecere la nivel cu o cale ferată prevăzută cu semibariere automate, luminile roşii şi semnalele sonore sunt în funcţiune?","A - reduceţi viteza şi opriţi înaintea semibarierelor;","","","B - ocoliţi semibariera şi vă continuaţi drumul, dacă trenul nu se apropie;","C - măriţi viteza pentru a nu fi surprinşi de închiderea semibarierei.","https://scoaladrpciv.ro/intrebare/cum-veti-proceda-corect-daca-la-apropierea-de-o-trecere-la-nivel-cu-o-cale-ferata-prevazuta-cu-semibariere-automate-luminile-rosii-si-semnalele-sonore-sunt-in-functiune-af35","","<div class="""">
                        Art. 69<br>(1) Trecerea la nivel cu calea ferată curentă fără bariere sau semibariere se semnalizează, după caz, cu indicatoarele „Trecere la nivel cu calea ferată simplă, fără bariere“ sau „Trecere la nivel cu calea ferată dublă, fără bariere“, însoţite de indicatorul „Oprire“. <br>(2) La trecerea la nivel cu calea ferată curentă prevăzută cu instalaţii de semnalizare automată fără bariere, interzicerea circulaţiei rutiere se realizează, optic, prin funcţionarea dispozitivelor cu lumini intermitent-alternative roşii şi stingerea semnalizării de control reprezentate de lumina intermitentă albă şi, acustic, prin emiterea de semnale sonore intermitente. 


                    </div>","https://scoaladrpciv.ro/intrebari/categoria-a/trecerea-la-nivel-cu-calea-ferata"
"1790502314-168","https://scoaladrpciv.ro/intrebari/categoria-a","Semnalul luminos intermitent de culoare albă, având cadenţa lentă, funcţionează:","A - pe timpul cât semnalele luminoase de culoare roşie de la trecerea la nivel cu calea ferată sunt stinse;","","","B - pe timpul cât semnalele luminoase ale semaforului defect sunt stinse;","C - pe timpul cât barierele ori semibarierele sunt în curs de coborâre sau de ridicare.","https://scoaladrpciv.ro/intrebare/semnalul-luminos-intermitent-de-culoare-alba-avand-cadenta-lenta-functioneaza-4ede","","<div class="""">
                        Art. 69<br>(1) Trecerea la nivel cu calea ferată curentă fără bariere sau semibariere se semnalizează, după caz, cu indicatoarele „Trecere la nivel cu calea ferată simplă, fără bariere“ sau „Trecere la nivel cu calea ferată dublă, fără bariere“, însoţite de indicatorul „Oprire“. <br>(2) La trecerea la nivel cu calea ferată curentă prevăzută cu instalaţii de semnalizare automată fără bariere, interzicerea circulaţiei rutiere se realizează, optic, prin funcţionarea dispozitivelor cu lumini intermitent-alternative roşii şi stingerea semnalizării de control reprezentate de lumina intermitentă albă şi, acustic, prin emiterea de semnale sonore intermitente. 


                    </div>","https://scoaladrpciv.ro/intrebari/categoria-a/trecerea-la-nivel-cu-calea-ferata"
"1790502316-169","https://scoaladrpciv.ro/intrebari/categoria-a","La calea ferată curentă prevăzută cu bariere, atunci când semnalele sonore şi luminoase de culoare roşie sunt în funcţiune, sunteţi avertizat că:","B - trenul se apropie, urmând ca barierele să se închidă automat;","","","A - instalaţia de închidere şi deschidere a barierelor nu funcţionează normal;","C - trebuie să traversaţi de urgenţă calea ferată.","https://scoaladrpciv.ro/intrebare/la-calea-ferata-curenta-prevazuta-cu-bariere-atunci-cand-semnalele-sonore-si-luminoase-de-culoare-rosie-sunt-in-functiune-sunteti-avertizat-ca-9c1c","","<div class="""">
                        Art. 138<br>(1) Conducătorul de vehicul este obligat să oprească atunci când:<br>a) barierele sau semibarierele sunt coborâte, în curs de coborâre sau de ridicare;<br>b) semnalul cu lumini roşii şi/sau semnalul sonor sunt în funcţiune;<br>c) întâlneşte indicatorul „Trecerea la nivel cu calea ferată simplă, fără bariere“, „Trecerea la nivel cu calea ferată dublă, fără bariere“ sau „Oprire“. <br>(2) Vehiculele trebuie să oprească, în ordinea sosirii, în locul în care există vizibilitate maximă asupra căii ferate fără a trece de indicatoarele prevăzute la alin. (1) lit. c) sau, după caz, înaintea marcajului pentru oprire ori înaintea barierelor sau semibarierelor, când acestea sunt închise, în curs de coborâre sau de ridicare. 


                    </div>","https://scoaladrpciv.ro/intrebari/categoria-a/trecerea-la-nivel-cu-calea-ferata"
"1790502318-170","https://scoaladrpciv.ro/intrebari/categoria-a","Cum procedează conducătorul de motocicletă când, la apropierea de o trecere la nivel cu calea ferată fără bariere, luminile roşii din dreptul indicatorului de atenţie în cruce se aprind şi se sting alternativ?","B - opreşte motocicleta fără a depăşi indicatorul, deoarece aprinderea şi stingerea alternativă a luminilor roşii avertizează apropierea trenului;","","","A - reduce viteza şi opreşte numai în cazul apropierii trenului;","C - reduce viteza şi, după ce se asigură, îşi continuă deplasarea.","https://scoaladrpciv.ro/intrebare/cum-procedeaza-conducatorul-de-motocicleta-cand-la-apropierea-de-o-trecere-la-nivel-cu-calea-ferata-fara-bariere-luminile-rosii-din-dreptul-indicatorului-de-atentie-in-cruce-se-aprind-si-se-sting-alternativ-57f2","","<div class="""">
                        Art. 138<br>(1) Conducătorul de vehicul este obligat să oprească atunci când:<br>a) barierele sau semibarierele sunt coborâte, în curs de coborâre sau de ridicare;<br>b) semnalul cu lumini roşii şi/sau semnalul sonor sunt în funcţiune;<br>c) întâlneşte indicatorul „Trecerea la nivel cu calea ferată simplă, fără bariere“, „Trecerea la nivel cu calea ferată dublă, fără bariere“ sau „Oprire“. <br>(2) Vehiculele trebuie să oprească, în ordinea sosirii, în locul în care există vizibilitate maximă asupra căii ferate fără a trece de indicatoarele prevăzute la alin. (1) lit. c) sau, după caz, înaintea marcajului pentru oprire ori înaintea barierelor sau semibarierelor, când acestea sunt închise, în curs de coborâre sau de ridicare.


                    </div>","https://scoaladrpciv.ro/intrebari/categoria-a/trecerea-la-nivel-cu-calea-ferata"
"1790502321-171","https://scoaladrpciv.ro/intrebari/categoria-a","Cum procedează conducătorul de motocicletă atunci când, apropiindu-se de o trecere la nivel cu calea ferată, prevăzută cu bariere (semibariere), cele două lumini roşii funcţionează intermitent-alternativ?","B - opreşte, deoarece barierele sunt orizontale sau urmează să coboare;","","","A - continuă deplasarea, dacă barierele nu sunt coborâte;","C - continuă deplasarea fără interdicţie, deoarece luminile semnalizează doar prezenţa unei treceri la nivel cu calea ferată.","https://scoaladrpciv.ro/intrebare/cum-procedeaza-conducatorul-de-motocicleta-atunci-cand-apropiindu-se-de-o-trecere-la-nivel-cu-calea-ferata-prevazuta-cu-bariere-semibariere-cele-doua-lumini-rosii-functioneaza-intermitent-alternativ-0d01","","<div class="""">
                        Art. 138<br>(1) Conducătorul de vehicul este obligat să oprească atunci când:<br>a) barierele sau semibarierele sunt coborâte, în curs de coborâre sau de ridicare;<br>b) semnalul cu lumini roşii şi/sau semnalul sonor sunt în funcţiune;<br>c) întâlneşte indicatorul „Trecerea la nivel cu calea ferată simplă, fără bariere“, „Trecerea la nivel cu calea ferată dublă, fără bariere“ sau „Oprire“. <br>(2) Vehiculele trebuie să oprească, în ordinea sosirii, în locul în care există vizibilitate maximă asupra căii ferate fără a trece de indicatoarele prevăzute la alin. (1) lit. c) sau, după caz, înaintea marcajului pentru oprire ori înaintea barierelor sau semibarierelor, când acestea sunt închise, în curs de coborâre sau de ridicare. 


                    </div>","https://scoaladrpciv.ro/intrebari/categoria-a/trecerea-la-nivel-cu-calea-ferata"
"1790502323-172","https://scoaladrpciv.ro/intrebari/categoria-a","Unde se instalează acest indicator?","B - la trecerile la nivel cu o cale ferată dublă, fără bariere;","","","A - la trecerile la nivel cu semnalizare luminoasă;","C - la trecerile la nivel cu o cale ferată dublă, cu bariere sau semibariere.","https://scoaladrpciv.ro/intrebare/unde-se-instaleaza-acest-indicator-334c","https://scoaladrpciv.ro/storage/questions/35.jpeg","<div class="""">
                        Art. 69<br>(1) Trecerea la nivel cu calea ferată curentă fără bariere sau semibariere se semnalizează, după caz, cu indicatoarele „Trecere la nivel cu calea ferată simplă, fără bariere“ sau „Trecere la nivel cu calea ferată dublă, fără bariere“, însoţite de indicatorul „Oprire“. <br>(2) La trecerea la nivel cu calea ferată curentă prevăzută cu instalaţii de semnalizare automată fără bariere, interzicerea circulaţiei rutiere se realizează, optic, prin funcţionarea dispozitivelor cu lumini intermitent-alternative roşii şi stingerea semnalizării de control reprezentate de lumina intermitentă albă şi, acustic, prin emiterea de semnale sonore intermitente. 


                    </div>","https://scoaladrpciv.ro/intrebari/categoria-a/trecerea-la-nivel-cu-calea-ferata"
"1790502325-173","https://scoaladrpciv.ro/intrebari/categoria-a","Unde trebuie să aşteptaţi dacă vă aflaţi la o trecere de cale ferată cu bariera coborâtă?","C - în faţa barierei.","","","A - la panoul cu două dungi;","B - în faţa indicatorului în cruce;","https://scoaladrpciv.ro/intrebare/unde-trebuie-sa-asteptati-daca-va-aflati-la-o-trecere-de-cale-ferata-cu-bariera-coborata-e3a3","","<div class="""">
                        <p>Art. 138<br>(1) Conducătorul de vehicul este obligat să oprească atunci când:<br>a) barierele sau semibarierele sunt coborâte, în curs de coborâre sau de ridicare;<br>b) semnalul cu lumini roşii şi/sau semnalul sonor sunt în funcţiune;<br>c) întâlneşte indicatorul „Trecerea la nivel cu calea ferată simplă, fără bariere“, „Trecerea la nivel cu calea ferată dublă, fără bariere“ sau „Oprire“.&nbsp;<br><span style=""background-color:hsl(60, 75%, 60%);"">(2) Vehiculele trebuie să oprească, în ordinea sosirii, în locul în care există vizibilitate maximă asupra căii ferate fără a trece de indicatoarele prevăzute la alin. (1) lit. c) sau, după caz, înaintea marcajului pentru oprire ori înaintea barierelor sau semibarierelor, când acestea sunt închise, în curs de coborâre sau de ridicare.</span></p>


                    </div>","https://scoaladrpciv.ro/intrebari/categoria-a/trecerea-la-nivel-cu-calea-ferata"
"1790502330-174","https://scoaladrpciv.ro/intrebari/categoria-a","Cine are prioritate într-o intersecţie cu sens giratoriu?","B - vehiculele aflate deja în intersecţie, faţă de cele care urmează să intre;","","","A - vehiculele care circulă din dreapta, faţă de cele care circulă din stânga;","C - vehiculele care virează la dreapta.","https://scoaladrpciv.ro/intrebare/cine-are-prioritate-intr-o-intersectie-cu-sens-giratoriu-5bb3","","<div class="""">
                        Art. 57<br>(1) La intersectiile cu circulatie nedirijata, conducatorul de vehicul este obligat sa cedeze trecerea tuturor vehiculelor care vin din partea dreapta.<br>(2) La intersectiile cu circulatie dirijata prin indicatoare, semafoare sau de catre politistul rutier, conducatorul de vehicul este obligat sa respecte semnificatia sau indicatiile acestuia.<br>(3) Patrunderea unui vehicul intr-o intersectie este interzisa daca prin aceasta se produce blocarea intersectiei.<br>(4) In intersectiile cu sens giratoriu, semnalizate ca atare, vehiculele care circula in interiorul acestora au prioritate fata de cele care urmeaza sa patrunda in intersectie.


                    </div>","https://scoaladrpciv.ro/intrebari/categoria-a/prioritate-de-trecere"
"1790502332-175","https://scoaladrpciv.ro/intrebari/categoria-a","Motociclistul este obligat să acorde prioritate pietonilor care:","B - traversează prin locuri semnalizate cu indicatoare sau marcaje pentru trecerea pietonilor;","","","A - traversează pe la colţul intersecţiei;","C - traversează în grup.","https://scoaladrpciv.ro/intrebare/motociclistul-este-obligat-sa-acorde-prioritate-pietonilor-care-112a","","<div class="""">
                        Art. 135<br>Conducătorul de vehicul este obligat să acorde prioritate de trecere şi în următoarele situaţii:<br>a) la intersecţia nedirijată atunci când pătrunde pe un drum naţional venind de pe un drum judeţean, comunal sau local;<br>b) la intersecţia nedirijată atunci când pătrunde pe un drum judeţean venind de pe un drum comunal sau local;<br>c) la intersecţia nedirijată atunci când pătrunde pe un drum comunal venind de pe un drum local;<br>d) când urmează să pătrundă într-o intersecţie cu circulaţie în sens giratoriu faţă de cel care circulă în interiorul acesteia;<br>e) când circulă în pantă faţă de cel care urcă, dacă pe sensul de mers al celui care urcă se află un obstacol imobil. În această situaţie manevra nu este considerată depăşire în sensul prevederilor art. 120 lit. j);<br>f) când se pune în mişcare sau la pătrunderea pe drumul public venind de pe o proprietate alăturată acestuia faţă de vehiculul care circulă pe drumul public, indiferent de direcţia de deplasare;<br>g) când efectuează un viraj spre stânga sau spre dreapta şi se intersectează cu un biciclist care circulă pe o pistă pentru biciclete, semnalizată ca atare;<br>h) pietonului care traversează drumul public, prin loc special amenajat, marcat şi semnalizat corespunzător ori la culoarea verde a semaforului destinat lui, atunci când acesta se află pe sensul de mers al vehiculului. 


                    </div>","https://scoaladrpciv.ro/intrebari/categoria-a/prioritate-de-trecere"
"1790502334-176","https://scoaladrpciv.ro/intrebari/categoria-a","Care dintre autovehicule au prioritate de trecere?","C - autocamionul şi motocicleta.","","","A - motocicleta şi autoturismul;","B - autobuzul şi autoturismul;","https://scoaladrpciv.ro/intrebare/care-dintre-autovehicule-au-prioritate-de-trecere-1787","https://scoaladrpciv.ro/storage/questions/322.jpeg","<div class="""">
                        Art. 57<br>(1) La intersectiile cu circulatie nedirijata, conducatorul de vehicul este obligat sa cedeze trecerea tuturor vehiculelor care vin din partea dreapta.<br>(2) La intersectiile cu circulatie dirijata prin indicatoare, semafoare sau de catre politistul rutier, conducatorul de vehicul este obligat sa respecte semnificatia sau indicatiile acestuia.<br>(3) Patrunderea unui vehicul intr-o intersectie este interzisa daca prin aceasta se produce blocarea intersectiei.<br>(4) In intersectiile cu sens giratoriu, semnalizate ca atare, vehiculele care circula in interiorul acestora au prioritate fata de cele care urmeaza sa patrunda in intersectie.


                    </div>","https://scoaladrpciv.ro/intrebari/categoria-a/prioritate-de-trecere"
"1790502337-177","https://scoaladrpciv.ro/intrebari/categoria-a","În ce ordine trec prin intersecţie autovehiculele din imagine?","C - bicicleta, autocamionul, motocicleta.","","","A - motocicleta, autocamionul, bicicleta;","B - bicicleta, motocicleta, autocamionul;","https://scoaladrpciv.ro/intrebare/in-ce-ordine-trec-prin-intersectie-autovehiculele-din-imagine-ba21","https://scoaladrpciv.ro/storage/questions/320.jpeg","<div class="""">
                        Art. 57<br>(1) La intersectiile cu circulatie nedirijata, conducatorul de vehicul este obligat sa cedeze trecerea tuturor vehiculelor care vin din partea dreapta.<br>(2) La intersectiile cu circulatie dirijata prin indicatoare, semafoare sau de catre politistul rutier, conducatorul de vehicul este obligat sa respecte semnificatia sau indicatiile acestuia. (<b>motocicleta acordă prioritate bicicletei și autocamionului)</b>)<br>(3) Patrunderea unui vehicul intr-o intersectie este interzisa daca prin aceasta se produce blocarea intersectiei.<br>(4) In intersectiile cu sens giratoriu, semnalizate ca atare, vehiculele care circula in interiorul acestora au prioritate fata de cele care urmeaza sa patrunda in intersectie.<br><br>Art. 59<br>(1) In intersectiile cu circulatie nedirijata, conducatorul de vehicul este obligat sa acorde prioritate de trecere vehiculelor care circula pe sine. Acestea pierd prioritatea de trecere cand efectueaza virajul spre stanga sau cand semnalizarea rutiera din acea zona stabileste o alta regula de circulatie.<br>(2) In intersectii, conducatorii vehiculelor care vireaza spre stanga sunt obligati sa acorde prioritate de trecere vehiculelor cu care se intersecteaza si care circula din partea dreapta. (<b>autocamionul acordă prioritate bicicletei</b>)<br>(3) In intersectiile cu circulatie dirijata prin indicatoare de prioritate, regula prioritatii de dreapta se respecta numai in cazul in care doua vehicule urmeaza sa se intalneasca, fiecare intrand in intersectie de pe un drum semnalizat cu un indicator avand aceeasi semnificatie de prioritate sau de pierdere a prioritatii.<br>(4) Cand un semafor cu trei culori are o lumina verde intermitenta suplimentara, montata la acelasi nivel cu lumina verde normala a semaforului, sub forma unei sageti verzi pe fond negru, cu varful spre dreapta, aprinderea acesteia semnifica permisiunea pentru vehicule de a-si continua drumul in directia indicata de sageata, indiferent de culoarea semaforului electric, cu conditia acordarii prioritatii de trecere vehiculelor si pietonilor care au drept de circulatie.


                    </div>","https://scoaladrpciv.ro/intrebari/categoria-a/prioritate-de-trecere"
"1790502339-178","https://scoaladrpciv.ro/intrebari/categoria-a","Care este regula priorităţii de trecere la intersecţia a două drumuri de aceeaşi categorie, cu circulaţie nedirijată?","A - prioritatea de dreapta;","","","B - prioritatea primului sosit;","C - prioritatea de drum principal.","https://scoaladrpciv.ro/intrebare/care-este-regula-prioritatii-de-trecere-la-intersectia-a-doua-drumuri-de-aceeasi-categorie-cu-circulatie-nedirijata-08a8","","<div class="""">
                        Art. 57<br>(1) La intersectiile cu circulatie nedirijata, conducatorul de vehicul este obligat sa cedeze trecerea tuturor vehiculelor care vin din partea dreapta.<br>(2) La intersectiile cu circulatie dirijata prin indicatoare, semafoare sau de catre politistul rutier, conducatorul de vehicul este obligat sa respecte semnificatia sau indicatiile acestuia.<br>(3) Patrunderea unui vehicul intr-o intersectie este interzisa daca prin aceasta se produce blocarea intersectiei.<br>(4) In intersectiile cu sens giratoriu, semnalizate ca atare, vehiculele care circula in interiorul acestora au prioritate fata de cele care urmeaza sa patrunda in intersectie.


                    </div>","https://scoaladrpciv.ro/intrebari/categoria-a/prioritate-de-trecere"
"1790502341-179","https://scoaladrpciv.ro/intrebari/categoria-a","Care este ordinea de intrare în intersecţie?","A - autoturismul, motocicleta, bicicleta;","","","B - motocicleta, autoturismul, bicicleta;","C - bicicleta, motocicleta, autoturismul.","https://scoaladrpciv.ro/intrebare/care-este-ordinea-de-intrare-in-intersectie-6355","https://scoaladrpciv.ro/storage/questions/306.jpeg","<div class="""">
                        Art. 57<br>(1) La intersectiile cu circulatie nedirijata, conducatorul de vehicul este obligat sa cedeze trecerea tuturor vehiculelor care vin din partea dreapta.<br>(2) La intersectiile cu circulatie dirijata prin indicatoare, semafoare sau de catre politistul rutier, conducatorul de vehicul este obligat sa respecte semnificatia sau indicatiile acestuia.<br>(3) Patrunderea unui vehicul intr-o intersectie este interzisa daca prin aceasta se produce blocarea intersectiei.<br>(4) In intersectiile cu sens giratoriu, semnalizate ca atare, vehiculele care circula in interiorul acestora au prioritate fata de cele care urmeaza sa patrunda in intersectie.<br><br>Art. 59<br>(1) In intersectiile cu circulatie nedirijata, conducatorul de vehicul este obligat sa acorde prioritate de trecere vehiculelor care circula pe sine. Acestea pierd prioritatea de trecere cand efectueaza virajul spre stanga sau cand semnalizarea rutiera din acea zona stabileste o alta regula de circulatie.<br>(2) In intersectii, conducatorii vehiculelor care vireaza spre stanga sunt obligati sa acorde prioritate de trecere vehiculelor cu care se intersecteaza si care circula din partea dreapta.<br>(3) In intersectiile cu circulatie dirijata prin indicatoare de prioritate, regula prioritatii de dreapta se respecta numai in cazul in care doua vehicule urmeaza sa se intalneasca, fiecare intrand in intersectie de pe un drum semnalizat cu un indicator avand aceeasi semnificatie de prioritate sau de pierdere a prioritatii.<br>(4) Cand un semafor cu trei culori are o lumina verde intermitenta suplimentara, montata la acelasi nivel cu lumina verde normala a semaforului, sub forma unei sageti verzi pe fond negru, cu varful spre dreapta, aprinderea acesteia semnifica permisiunea pentru vehicule de a-si continua drumul in directia indicata de sageata, indiferent de culoarea semaforului electric, cu conditia acordarii prioritatii de trecere vehiculelor si pietonilor care au drept de circulatie.


                    </div>","https://scoaladrpciv.ro/intrebari/categoria-a/prioritate-de-trecere"
"1790502344-180","https://scoaladrpciv.ro/intrebari/categoria-a","Vă apropiaţi de un drum forestier, ce intră în şosea din partea dreaptă şi de pe care iese un alt autovehicul. Cine trebuie să aştepte?","B - autovehiculul care iese de pe drumul forestier;","","","A - dvs., pentru că acordaţi prioritate de dreapta;","C - autovehiculul care circulă cu viteză mai mare.","https://scoaladrpciv.ro/intrebare/va-apropiati-de-un-drum-forestier-ce-intra-in-sosea-din-partea-dreapta-si-de-pe-care-iese-un-alt-autovehicul-cine-trebuie-sa-astepte-5a57","","<div class="""">
                        Art. 58<br>In cazul vehiculelor care patrund intr-o intersectie dintre un drum inchis circulatiei publice si un drum public, au prioritate acele vehicule care circula pe drumul public.


                    </div>","https://scoaladrpciv.ro/intrebari/categoria-a/prioritate-de-trecere"
"1790502346-181","https://scoaladrpciv.ro/intrebari/categoria-a","Care dintre autovehiculele din imagine are prioritate?","A - autoturismul, pentru că circulă pe un drum prioritar;","","","B - motocicleta, pentru că se află pe drumul principal;","C - motocicleta, deoarece circulă din dreapta.","https://scoaladrpciv.ro/intrebare/care-dintre-autovehiculele-din-imagine-are-prioritate-30e6","https://scoaladrpciv.ro/storage/questions/254.jpeg","<div class="""">
                        Art. 57<br>(1) La intersectiile cu circulatie nedirijata, conducatorul de vehicul este obligat sa cedeze trecerea tuturor vehiculelor care vin din partea dreapta.<br>(2) La intersectiile cu circulatie dirijata prin indicatoare, semafoare sau de catre politistul rutier, conducatorul de vehicul este obligat sa respecte semnificatia sau indicatiile acestuia.<br>(3) Patrunderea unui vehicul intr-o intersectie este interzisa daca prin aceasta se produce blocarea intersectiei.<br>(4) In intersectiile cu sens giratoriu, semnalizate ca atare, vehiculele care circula in interiorul acestora au prioritate fata de cele care urmeaza sa patrunda in intersectie.


                    </div>","https://scoaladrpciv.ro/intrebari/categoria-a/prioritate-de-trecere"
"1790502348-182","https://scoaladrpciv.ro/intrebari/categoria-a","La intersecţia nedirijată dintre un drum naţional şi unul judeţean, comunal sau local, prioritatea de trecere se acordă:","C - vehiculelor care circulă pe drumul naţional.","","","A - vehiculelor care circulă pe drumul judeţean, comunal sau local;","B - vehiculelor care vin din dreapta;","https://scoaladrpciv.ro/intrebare/la-intersectia-nedirijata-dintre-un-drum-national-si-unul-judetean-comunal-sau-local-prioritatea-de-trecere-se-acorda-2804","","<div class="""">
                        Art. 135<br>Conducătorul de vehicul este obligat să acorde prioritate de trecere şi în următoarele situaţii:<br>a) la intersecţia nedirijată atunci când pătrunde pe un drum naţional venind de pe un drum judeţean, comunal sau local;<br>b) la intersecţia nedirijată atunci când pătrunde pe un drum judeţean venind de pe un drum comunal sau local;<br>c) la intersecţia nedirijată atunci când pătrunde pe un drum comunal venind de pe un drum local;<br>d) când urmează să pătrundă într-o intersecţie cu circulaţie în sens giratoriu faţă de cel care circulă în interiorul acesteia;<br>e) când circulă în pantă faţă de cel care urcă, dacă pe sensul de mers al celui care urcă se află un obstacol imobil. În această situaţie manevra nu este considerată depăşire în sensul prevederilor art. 120 lit. j);<br>f) când se pune în mişcare sau la pătrunderea pe drumul public venind de pe o proprietate alăturată acestuia faţă de vehiculul care circulă pe drumul public, indiferent de direcţia de deplasare;<br>g) când efectuează un viraj spre stânga sau spre dreapta şi se intersectează cu un biciclist care circulă pe o pistă pentru biciclete, semnalizată ca atare;<br>h) pietonului care traversează drumul public, prin loc special amenajat, marcat şi semnalizat corespunzător ori la culoarea verde a semaforului destinat lui, atunci când acesta se află pe sensul de mers al vehiculului. 


                    </div>","https://scoaladrpciv.ro/intrebari/categoria-a/prioritate-de-trecere"
"1790502350-183","https://scoaladrpciv.ro/intrebari/categoria-a","Atunci când întâlneşte un grup de pietoni angajaţi în traversare printr-un loc semnalizat cu indicator, motociclistul are obligaţia:","A - să oprească şi să acorde prioritate pietonilor aflaţi în traversare pe sensul său de mers;","","","B - să-şi semnalizeze sonor prezenţa;","C - să reducă viteza şi să circule cu atenţie printre pietoni.","https://scoaladrpciv.ro/intrebare/atunci-cand-intalneste-un-grup-de-pietoni-angajati-in-traversare-printr-un-loc-semnalizat-cu-indicator-motociclistul-are-obligatia-2a8e","","<div class="""">
                        Art. 135<br>Conducătorul de vehicul este obligat să acorde prioritate de trecere şi în următoarele situaţii:<br>a) la intersecţia nedirijată atunci când pătrunde pe un drum naţional venind de pe un drum judeţean, comunal sau local;<br>b) la intersecţia nedirijată atunci când pătrunde pe un drum judeţean venind de pe un drum comunal sau local;<br>c) la intersecţia nedirijată atunci când pătrunde pe un drum comunal venind de pe un drum local;<br>d) când urmează să pătrundă într-o intersecţie cu circulaţie în sens giratoriu faţă de cel care circulă în interiorul acesteia;<br>e) când circulă în pantă faţă de cel care urcă, dacă pe sensul de mers al celui care urcă se află un obstacol imobil. În această situaţie manevra nu este considerată depăşire în sensul prevederilor art. 120 lit. j);<br>f) când se pune în mişcare sau la pătrunderea pe drumul public venind de pe o proprietate alăturată acestuia faţă de vehiculul care circulă pe drumul public, indiferent de direcţia de deplasare;<br>g) când efectuează un viraj spre stânga sau spre dreapta şi se intersectează cu un biciclist care circulă pe o pistă pentru biciclete, semnalizată ca atare;<br>h) pietonului care traversează drumul public, prin loc special amenajat, marcat şi semnalizat corespunzător ori la culoarea verde a semaforului destinat lui, atunci când acesta se află pe sensul de mers al vehiculului. 


                    </div>","https://scoaladrpciv.ro/intrebari/categoria-a/prioritate-de-trecere"
"1790502353-184","https://scoaladrpciv.ro/intrebari/categoria-a","Dacă semnalul verde este în funcţiune, motociclistul are obligaţia de a ceda trecerea la schimbarea direcţiei de mers spre stânga?","A - da, atât vehiculelor care circulă din sens opus, cât şi pietonilor aflaţi în traversare;","","","B - da, numai pietonilor aflaţi în traversarea străzii pe care urmează să intre;","C - da, dar numai vehiculelor care circulă din sens invers.","https://scoaladrpciv.ro/intrebare/daca-semnalul-verde-este-in-functiune-motociclistul-are-obligatia-de-a-ceda-trecerea-la-schimbarea-directiei-de-mers-spre-stanga-a060","","<div class="""">
                        Art. 59<br>(1) In intersectiile cu circulatie nedirijata, conducatorul de vehicul este obligat sa acorde prioritate de trecere vehiculelor care circula pe sine. Acestea pierd prioritatea de trecere cand efectueaza virajul spre stanga sau cand semnalizarea rutiera din acea zona stabileste o alta regula de circulatie.<br>(2) In intersectii, conducatorii vehiculelor care vireaza spre stanga sunt obligati sa acorde prioritate de trecere vehiculelor cu care se intersecteaza si care circula din partea dreapta.<br>(3) In intersectiile cu circulatie dirijata prin indicatoare de prioritate, regula prioritatii de dreapta se respecta numai in cazul in care doua vehicule urmeaza sa se intalneasca, fiecare intrand in intersectie de pe un drum semnalizat cu un indicator avand aceeasi semnificatie de prioritate sau de pierdere a prioritatii.<br>(4) Cand un semafor cu trei culori are o lumina verde intermitenta suplimentara, montata la acelasi nivel cu lumina verde normala a semaforului, sub forma unei sageti verzi pe fond negru, cu varful spre dreapta, aprinderea acesteia semnifica permisiunea pentru vehicule de a-si continua drumul in directia indicata de sageata, indiferent de culoarea semaforului electric, cu conditia acordarii prioritatii de trecere vehiculelor si pietonilor care au drept de circulatie.<br><br>Art. 135<br>Conducătorul de vehicul este obligat să acorde prioritate de trecere şi în următoarele situaţii:<br>a) la intersecţia nedirijată atunci când pătrunde pe un drum naţional venind de pe un drum judeţean, comunal sau local;<br>b) la intersecţia nedirijată atunci când pătrunde pe un drum judeţean venind de pe un drum comunal sau local;<br>c) la intersecţia nedirijată atunci când pătrunde pe un drum comunal venind de pe un drum local;<br>d) când urmează să pătrundă într-o intersecţie cu circulaţie în sens giratoriu faţă de cel care circulă în interiorul acesteia;<br>e) când circulă în pantă faţă de cel care urcă, dacă pe sensul de mers al celui care urcă se află un obstacol imobil. În această situaţie manevra nu este considerată depăşire în sensul prevederilor art. 120 lit. j);<br>f) când se pune în mişcare sau la pătrunderea pe drumul public venind de pe o proprietate alăturată acestuia faţă de vehiculul care circulă pe drumul public, indiferent de direcţia de deplasare;<br>g) când efectuează un viraj spre stânga sau spre dreapta şi se intersectează cu un biciclist care circulă pe o pistă pentru biciclete, semnalizată ca atare;<br>h) pietonului care traversează drumul public, prin loc special amenajat, marcat şi semnalizat corespunzător ori la culoarea verde a semaforului destinat lui, atunci când acesta se află pe sensul de mers al vehiculului. 


                    </div>","https://scoaladrpciv.ro/intrebari/categoria-a/prioritate-de-trecere"
"1790502355-185","https://scoaladrpciv.ro/intrebari/categoria-a","Într-o intersecţie nedirijată, conducătorul unei motociclete este obligat să acorde prioritate unui autovehicul destinat stingerii incendiilor, care circulă din stânga, având în funcţiune semnalizarea specială luminoasă şi sonoră?","C - da.","","","A - nu, deoarece şi în acest caz se aplică regula priorităţii de dreapta;","B - nu, deoarece autovehiculul destinat stingerii incendiilor nu face parte din categoria autovehiculelor cu regim prioritar;","https://scoaladrpciv.ro/intrebare/intr-o-intersectie-nedirijata-conducatorul-unei-motociclete-este-obligat-sa-acorde-prioritate-unui-autovehicul-destinat-stingerii-incendiilor-care-circula-din-stanga-avand-in-functiune-semnalizarea-speciala-luminoasa-si-sonora-0480","","<div class="""">
                        Art. 130<br>Conducătorul de vehicul care se apropie de intrarea într-o intersecţie, simultan cu un autovehicul cu regim de circulaţie prioritară care are în funcţiune semnalele luminoase şi sonore, are obligaţia să îi acorde prioritate de trecere. 


                    </div>","https://scoaladrpciv.ro/intrebari/categoria-a/prioritate-de-trecere"
"1790502357-186","https://scoaladrpciv.ro/intrebari/categoria-a","Într-o intersecţie nedirijată, conducătorul unei motociclete este obligat să acorde prioritate de trecere unui autovehicul al ambulanţei care circulă din partea stângă, având în funcţiune dispozitivul special cu lumini de culoare albastră şi pe cel sonor?","C - da.","","","A - nu, deoarece în acest caz se aplică regula priorităţii de dreapta;","B - nu, deoarece autovehiculul salvării nu face parte din categoria autovehiculelor cu regim prioritar;","https://scoaladrpciv.ro/intrebare/intr-o-intersectie-nedirijata-conducatorul-unei-motociclete-este-obligat-sa-acorde-prioritate-de-trecere-unui-autovehicul-al-ambulantei-care-circula-din-partea-stanga-avand-in-functiune-dispozitivul-special-cu-lumini-de-culoare-albastra-si-pe-cel-sonor-31e0","","<div class="""">
                        Art. 130<br>Conducătorul de vehicul care se apropie de intrarea într-o intersecţie, simultan cu un autovehicul cu regim de circulaţie prioritară care are în funcţiune semnalele luminoase şi sonore, are obligaţia să îi acorde prioritate de trecere. 


                    </div>","https://scoaladrpciv.ro/intrebari/categoria-a/prioritate-de-trecere"
"1790502360-187","https://scoaladrpciv.ro/intrebari/categoria-a","În ce ordine trec prin intersecţie autovehiculele?","A - autoturismul, motocicleta, autocamionul;","","","B - autoturismul, autocamionul, motocicleta;","C - motocicleta, autoturismul, autocamionul.","https://scoaladrpciv.ro/intrebare/in-ce-ordine-trec-prin-intersectie-autovehiculele-089e","https://scoaladrpciv.ro/storage/questions/213.jpeg","<div class="""">
                        Art. 57<br>(1) La intersectiile cu circulatie nedirijata, conducatorul de vehicul este obligat sa cedeze trecerea tuturor vehiculelor care vin din partea dreapta.<br>(2) La intersectiile cu circulatie dirijata prin indicatoare, semafoare sau de catre politistul rutier, conducatorul de vehicul este obligat sa respecte semnificatia sau indicatiile acestuia. (<b>autoturismul are prioritate față de motocicletă și autocamion</b>)<br>(3) Patrunderea unui vehicul intr-o intersectie este interzisa daca prin aceasta se produce blocarea intersectiei.<br>(4) In intersectiile cu sens giratoriu, semnalizate ca atare, vehiculele care circula in interiorul acestora au prioritate fata de cele care urmeaza sa patrunda in intersectie.<br><br>Art. 59<br>(1) In intersectiile cu circulatie nedirijata, conducatorul de vehicul este obligat sa acorde prioritate de trecere vehiculelor care circula pe sine. Acestea pierd prioritatea de trecere cand efectueaza virajul spre stanga sau cand semnalizarea rutiera din acea zona stabileste o alta regula de circulatie.<br>(2) In intersectii, conducatorii vehiculelor care vireaza spre stanga sunt obligati sa acorde prioritate de trecere vehiculelor cu care se intersecteaza si care circula din partea dreapta. (<b>autocamionul dă prioritate motocicletei</b>)<br>(3) In intersectiile cu circulatie dirijata prin indicatoare de prioritate, regula prioritatii de dreapta se respecta numai in cazul in care doua vehicule urmeaza sa se intalneasca, fiecare intrand in intersectie de pe un drum semnalizat cu un indicator avand aceeasi semnificatie de prioritate sau de pierdere a prioritatii.<br>(4) Cand un semafor cu trei culori are o lumina verde intermitenta suplimentara, montata la acelasi nivel cu lumina verde normala a semaforului, sub forma unei sageti verzi pe fond negru, cu varful spre dreapta, aprinderea acesteia semnifica permisiunea pentru vehicule de a-si continua drumul in directia indicata de sageata, indiferent de culoarea semaforului electric, cu conditia acordarii prioritatii de trecere vehiculelor si pietonilor care au drept de circulatie.


                    </div>","https://scoaladrpciv.ro/intrebari/categoria-a/prioritate-de-trecere"
"1790502362-188","https://scoaladrpciv.ro/intrebari/categoria-a","Care este ordinea de trecere a autovehiculelor?","C - autoturismul, motocicleta, autocamionul.","","","A - motocicleta, autocamionul, autoturismul;","B - autocamionul, autoturismul, motocicleta;","https://scoaladrpciv.ro/intrebare/care-este-ordinea-de-trecere-a-autovehiculelor-fe64","https://scoaladrpciv.ro/storage/questions/204.jpeg","<div class="""">
                        <p>Art. 57</p>
<ul>
<li>(1) Laintersectiile cu circulatie nedirijata, conducatorul de vehicul este obligat sa cedeze trecerea tuturor vehiculelor care vin din partea dreapta.</li>
<li>(2) La intersectiile cu circulatie dirijata prin indicatoare, semafoare sau de catre politistul rutier, conducatorul de vehicul este obligat sa respecte semnificatia sau indicatiile acestuia.(<strong>autoturismul si motocicleta au prioritate față de autocamion</strong>)</li>
</ul>
<ul>
<li>(3) Patrunderea unui vehicul intr-o intersectie este interzisa daca prin aceasta se produce blocarea intersectiei.</li>
<li>(4) In intersectiile cu sens giratoriu, semnalizate ca atare, vehiculele care circula in interiorul acestora au prioritate fata de cele care urmeaza sa patrunda in intersectie.</li>
</ul>
<p>Art. 59</p>
<ul>
<li>(1) In intersectiile cu circulatie nedirijata, conducatorul de vehicul este obligat sa acorde prioritate de trecere vehiculelor care circula pe sine. Acestea pierd prioritatea de trecere cand efectueaza virajul spre stanga sau cand semnalizarea rutiera din acea zona stabileste o alta regula de circulatie.</li>
<li>(2) In intersectii, conducatorii vehiculelor care vireaza spre stanga sunt obligati sa acorde prioritate de trecere vehiculelor cu care se intersecteaza si care circula din partea dreapta. <strong>(motocicleta acordă prioritate autoturismului)</strong></li>
</ul>
<ul>
<li>(3) In intersectiile cu circulatie dirijata prin indicatoare de prioritate, regula prioritatii de dreapta se respecta numai in cazul in care doua vehicule urmeaza sa se intalneasca, fiecare intrand in intersectie de pe un drum semnalizat cu un indicator avand aceeasi semnificatie de prioritate sau de pierdere a prioritatii.</li>
<li>(4) Cand un semafor cu trei culori are o lumina verde intermitenta suplimentara, montata la acelasi nivel cu lumina verde normala a semaforului, sub forma unei sageti verzi pe fond negru, cu varful spre dreapta, aprinderea acesteia semnifica permisiunea pentru vehicule de a-si continua drumul in directia indicata de sageata, indiferent de culoarea semaforului electric, cu conditia acordarii prioritatii de trecere vehiculelor si pietonilor care au drept de circulatie.</li>
</ul>


                    </div>","https://scoaladrpciv.ro/intrebari/categoria-a/prioritate-de-trecere"
"1790502364-189","https://scoaladrpciv.ro/intrebari/categoria-a","Care este ordinea de intrare în intersecţie?","B - autoturismul, motocicleta, autocamionul;","","","A - autoturismul, autocamionul, motocicleta;","C - motocicleta, autoturismul, autocamionul.","https://scoaladrpciv.ro/intrebare/care-este-ordinea-de-intrare-in-intersectie-32c1","https://scoaladrpciv.ro/storage/questions/196.jpeg","<div class="""">
                        Art. 57<br>(1) La intersectiile cu circulatie nedirijata, conducatorul de vehicul este obligat sa cedeze trecerea tuturor vehiculelor care vin din partea dreapta.<br>(2) La intersectiile cu circulatie dirijata prin indicatoare, semafoare sau de catre politistul rutier, conducatorul de vehicul este obligat sa respecte semnificatia sau indicatiile acestuia.(<b>autoturismul si motocicleta au prioritate față de autocamion</b>)<br>(3) Patrunderea unui vehicul intr-o intersectie este interzisa daca prin aceasta se produce blocarea intersectiei.<br>(4) In intersectiile cu sens giratoriu, semnalizate ca atare, vehiculele care circula in interiorul acestora au prioritate fata de cele care urmeaza sa patrunda in intersectie.<br><br>Art. 59<br>(1) In intersectiile cu circulatie nedirijata, conducatorul de vehicul este obligat sa acorde prioritate de trecere vehiculelor care circula pe sine. Acestea pierd prioritatea de trecere cand efectueaza virajul spre stanga sau cand semnalizarea rutiera din acea zona stabileste o alta regula de circulatie.<br>(2) In intersectii, conducatorii vehiculelor care vireaza spre stanga sunt obligati sa acorde prioritate de trecere vehiculelor cu care se intersecteaza si care circula din partea dreapta.<b>(motocicleta acordă prioritate autoturismului)</b><br>(3) In intersectiile cu circulatie dirijata prin indicatoare de prioritate, regula prioritatii de dreapta se respecta numai in cazul in care doua vehicule urmeaza sa se intalneasca, fiecare intrand in intersectie de pe un drum semnalizat cu un indicator avand aceeasi semnificatie de prioritate sau de pierdere a prioritatii.<br>(4) Cand un semafor cu trei culori are o lumina verde intermitenta suplimentara, montata la acelasi nivel cu lumina verde normala a semaforului, sub forma unei sageti verzi pe fond negru, cu varful spre dreapta, aprinderea acesteia semnifica permisiunea pentru vehicule de a-si continua drumul in directia indicata de sageata, indiferent de culoarea semaforului electric, cu conditia acordarii prioritatii de trecere vehiculelor si pietonilor care au drept de circulatie.


                    </div>","https://scoaladrpciv.ro/intrebari/categoria-a/prioritate-de-trecere"
"1790502366-190","https://scoaladrpciv.ro/intrebari/categoria-a","Dacă într-o intersecţie conducătorul unei motociclete întâlneşte semnalul verde al semaforului, precum şi indicatorul „Cedează trecerea“, el este obligat:","A - să respecte semnificaţia semnalului verde;","","","B - să respecte semnificaţia indicatorului;","C - să respecte semnificaţia semnalului verde, acordând prioritate de trecere vehiculelor care circulă pe drumul prioritar.","https://scoaladrpciv.ro/intrebare/daca-intr-o-intersectie-conducatorul-unei-motociclete-intalneste-semnalul-verde-al-semaforului-precum-si-indicatorul-cedeaza-trecerea-el-este-obligat-9286","","<div class="""">
                        Art. 31<br>Participantii la trafic trebuie sa respecte regulile de circulatie, semnalele, indicatiile si dispozitiile politistului rutier, precum si semnificatia diferitelor tipuri de mijloace de semnalizare rutiera, in urmatoarea ordine de prioritate:<br>a) semnalele, indicatiile si dispozitiile politistului rutier;<br>b) semnalele speciale de avertizare, luminoase sau sonore ale autovehiculelor, prevazute la art.32 alin.(2) lit.a) si b);<br>c) semnalizarea temporara care modifica regimul normal de desfasurare a circulatiei;<br><b>d) semnalele luminoase sau sonore;</b><br><b>e) indicatoarele;</b><br>f) marcajele;<br>g) regulile de circulatie.


                    </div>","https://scoaladrpciv.ro/intrebari/categoria-a/prioritate-de-trecere"
"1790502369-191","https://scoaladrpciv.ro/intrebari/categoria-a","Care conducător trebuie să acorde prioritate pietonilor?","B - motociclistul;","","","A - ambii conducători;","C - conducătorul autoturismului.","https://scoaladrpciv.ro/intrebare/care-conducator-trebuie-sa-acorde-prioritate-pietonilor-c5e3","https://scoaladrpciv.ro/storage/questions/186.jpeg","<div class="""">
                        Art. 135<br>Conducătorul de vehicul este obligat să acorde prioritate de trecere şi în următoarele situaţii:<br>a) la intersecţia nedirijată atunci când pătrunde pe un drum naţional venind de pe un drum judeţean, comunal sau local;<br>b) la intersecţia nedirijată atunci când pătrunde pe un drum judeţean venind de pe un drum comunal sau local;<br>c) la intersecţia nedirijată atunci când pătrunde pe un drum comunal venind de pe un drum local;<br>d) când urmează să pătrundă într-o intersecţie cu circulaţie în sens giratoriu faţă de cel care circulă în interiorul acesteia;<br>e) când circulă în pantă faţă de cel care urcă, dacă pe sensul de mers al celui care urcă se află un obstacol imobil. În această situaţie manevra nu este considerată depăşire în sensul prevederilor art. 120 lit. j);<br>f) când se pune în mişcare sau la pătrunderea pe drumul public venind de pe o proprietate alăturată acestuia faţă de vehiculul care circulă pe drumul public, indiferent de direcţia de deplasare;<br>g) când efectuează un viraj spre stânga sau spre dreapta şi se intersectează cu un biciclist care circulă pe o pistă pentru biciclete, semnalizată ca atare;<br>h) pietonului care traversează drumul public, prin loc special amenajat, marcat şi semnalizat corespunzător ori la culoarea verde a semaforului destinat lui, atunci când acesta se află pe sensul de mers al vehiculului.


                    </div>","https://scoaladrpciv.ro/intrebari/categoria-a/prioritate-de-trecere"
"1790502371-192","https://scoaladrpciv.ro/intrebari/categoria-a","Bicicliştii şi conducătorii de vehicule cu tracţiune animală sunt obligaţi să acorde întotdeauna prioritate?","C - nu, dacă semnalizarea rutieră nu prevede acest lucru.","","","A - da, deoarece viteza de deplasare este mică;","B - da, dacă circulă pe drumuri judeţene sau comunale;","https://scoaladrpciv.ro/intrebare/biciclistii-si-conducatorii-de-vehicule-cu-tractiune-animala-sunt-obligati-sa-acorde-intotdeauna-prioritate-82f9","","<div class="""">
                        <p>Art. 6<br>In sensul prezentei ordonante de urgenta, expresiile si termenii de mai jos au urmatorul inteles:<br><span style=""background-color: #f1c40f;"">1. acordare a prioritatii - obligatia oricarui participant la trafic de a nu-si continua deplasarea sau de a nu efectua orice alta manevra, daca prin acestea ii obliga pe ceilalti participanti la trafic care au prioritate de trecere sa-si modifice brusc directia sau viteza de deplasare ori sa opreasca;</span><br><br><span style=""background-color: #f1c40f;"">26. prioritate de trecere - dreptul unui participant la trafic de a trece inaintea celorlalti participanti la trafic cu care se intersecteaza, in conformitate cu prevederile legale privind circulatia pe drumurile publice;</span><br><br></p>
<p><strong>Biciclisti si conducatorii de vehicule cu tractiune animala nu trebuie intodeauna sa acorde prioritate (adica sa cedeze prioritate celorlalte autovehicule), ce acestia se supun si respecta aceleasi reguli de circulatie aplicabile pe sectorul de drum pe care circula exact ca si autovehiculele.</strong></p>


                    </div>","https://scoaladrpciv.ro/intrebari/categoria-a/prioritate-de-trecere"
"1790502373-193","https://scoaladrpciv.ro/intrebari/categoria-a","Care dintre conducătorii de vehicule, ce se apropie simultan de o intersecţie, are prioritate de trecere, în situaţia în care unul întâlneşte indicatorul „Oprire"", iar celălalt indicatorul „Cedează trecerea""?","B - conducătorul care circulă din dreapta;","","","A - conducătorul care întâlneşte indicatorul „Cedează trecerea“;","C - conducătorul care întâlneşte indicatorul „Oprire“.","https://scoaladrpciv.ro/intrebare/care-dintre-conducatorii-de-vehicule-ce-se-apropie-simultan-de-o-intersectie-are-prioritate-de-trecere-in-situatia-in-care-unul-intalneste-indicatorul-oprire-iar-celalalt-indicatorul-cedeaza-trecerea-9837","","<div class="""">
                        Art. 59<br>(1) In intersectiile cu circulatie nedirijata, conducatorul de vehicul este obligat sa acorde prioritate de trecere vehiculelor care circula pe sine. Acestea pierd prioritatea de trecere cand efectueaza virajul spre stanga sau cand semnalizarea rutiera din acea zona stabileste o alta regula de circulatie.<br>(2) In intersectii, conducatorii vehiculelor care vireaza spre stanga sunt obligati sa acorde prioritate de trecere vehiculelor cu care se intersecteaza si care circula din partea dreapta.<br>(3) In intersectiile cu circulatie dirijata prin indicatoare de prioritate, regula prioritatii de dreapta se respecta numai in cazul in care doua vehicule urmeaza sa se intalneasca, fiecare intrand in intersectie de pe un drum semnalizat cu un indicator avand aceeasi semnificatie de prioritate sau de pierdere a prioritatii.<br>(4) Cand un semafor cu trei culori are o lumina verde intermitenta suplimentara, montata la acelasi nivel cu lumina verde normala a semaforului, sub forma unei sageti verzi pe fond negru, cu varful spre dreapta, aprinderea acesteia semnifica permisiunea pentru vehicule de a-si continua drumul in directia indicata de sageata, indiferent de culoarea semaforului electric, cu conditia acordarii prioritatii de trecere vehiculelor si pietonilor care au drept de circulatie.


                    </div>","https://scoaladrpciv.ro/intrebari/categoria-a/prioritate-de-trecere"
"1790502376-194","https://scoaladrpciv.ro/intrebari/categoria-a","La intersecţia nedirijată dintre un drum judeţean şi unul comunal sau local, prioritatea de trecere se acordă:","A - vehiculelor care circulă pe drumul judeţean;","","","B - vehiculelor care circulă pe drumul comunal sau local;","C - vehiculelor care vin din dreapta.","https://scoaladrpciv.ro/intrebare/la-intersectia-nedirijata-dintre-un-drum-judetean-si-unul-comunal-sau-local-prioritatea-de-trecere-se-acorda-e0d5","","<div class="""">
                        Art. 135<br>Conducătorul de vehicul este obligat să acorde prioritate de trecere şi în următoarele situaţii:<br>a) la intersecţia nedirijată atunci când pătrunde pe un drum naţional venind de pe un drum judeţean, comunal sau local;<br>b) la intersecţia nedirijată atunci când pătrunde pe un drum judeţean venind de pe un drum comunal sau local;<br>c) la intersecţia nedirijată atunci când pătrunde pe un drum comunal venind de pe un drum local;<br>d) când urmează să pătrundă într-o intersecţie cu circulaţie în sens giratoriu faţă de cel care circulă în interiorul acesteia;<br>e) când circulă în pantă faţă de cel care urcă, dacă pe sensul de mers al celui care urcă se află un obstacol imobil. În această situaţie manevra nu este considerată depăşire în sensul prevederilor art. 120 lit. j);<br>f) când se pune în mişcare sau la pătrunderea pe drumul public venind de pe o proprietate alăturată acestuia faţă de vehiculul care circulă pe drumul public, indiferent de direcţia de deplasare;<br>g) când efectuează un viraj spre stânga sau spre dreapta şi se intersectează cu un biciclist care circulă pe o pistă pentru biciclete, semnalizată ca atare;<br>h) pietonului care traversează drumul public, prin loc special amenajat, marcat şi semnalizat corespunzător ori la culoarea verde a semaforului destinat lui, atunci când acesta se află pe sensul de mers al vehiculului. 


                    </div>","https://scoaladrpciv.ro/intrebari/categoria-a/prioritate-de-trecere"
"1790502378-195","https://scoaladrpciv.ro/intrebari/categoria-a","La intersecţia nedirijată dintre un drum comunal şi unul local, prioritatea de trecere se acordă:","A - vehiculelor care circulă pe drumul comunal;","","","B - vehiculelor care circulă pe drumul local;","C - vehiculelor care vin din dreapta.","https://scoaladrpciv.ro/intrebare/la-intersectia-nedirijata-dintre-un-drum-comunal-si-unul-local-prioritatea-de-trecere-se-acorda-cc70","","<div class="""">
                        Art. 135<br>Conducătorul de vehicul este obligat să acorde prioritate de trecere şi în următoarele situaţii:<br>a) la intersecţia nedirijată atunci când pătrunde pe un drum naţional venind de pe un drum judeţean, comunal sau local;<br>b) la intersecţia nedirijată atunci când pătrunde pe un drum judeţean venind de pe un drum comunal sau local;<br>c) la intersecţia nedirijată atunci când pătrunde pe un drum comunal venind de pe un drum local;<br>d) când urmează să pătrundă într-o intersecţie cu circulaţie în sens giratoriu faţă de cel care circulă în interiorul acesteia;<br>e) când circulă în pantă faţă de cel care urcă, dacă pe sensul de mers al celui care urcă se află un obstacol imobil. În această situaţie manevra nu este considerată depăşire în sensul prevederilor art. 120 lit. j);<br>f) când se pune în mişcare sau la pătrunderea pe drumul public venind de pe o proprietate alăturată acestuia faţă de vehiculul care circulă pe drumul public, indiferent de direcţia de deplasare;<br>g) când efectuează un viraj spre stânga sau spre dreapta şi se intersectează cu un biciclist care circulă pe o pistă pentru biciclete, semnalizată ca atare;<br>h) pietonului care traversează drumul public, prin loc special amenajat, marcat şi semnalizat corespunzător ori la culoarea verde a semaforului destinat lui, atunci când acesta se află pe sensul de mers al vehiculului.


                    </div>","https://scoaladrpciv.ro/intrebari/categoria-a/prioritate-de-trecere"
"1790502380-196","https://scoaladrpciv.ro/intrebari/categoria-a","Care dintre autovehicule trece primul prin intersecţie şi de ce?","C - tramvaiul, deoarece este în mers.","","","A - tramvaiul, deoarece este mijloc de transport în comun;","B - motocicleta, deoarece vine din dreapta;","https://scoaladrpciv.ro/intrebare/care-dintre-autovehicule-trece-primul-prin-intersectie-si-de-ce-0f47","https://scoaladrpciv.ro/storage/questions/91.jpeg","<div class="""">
                        Art. 57<br>(1) La intersectiile cu circulatie nedirijata, conducatorul de vehicul este obligat sa cedeze trecerea tuturor vehiculelor care vin din partea dreapta.<br>(2) La intersectiile cu circulatie dirijata prin indicatoare, semafoare sau de catre politistul rutier, conducatorul de vehicul este obligat sa respecte semnificatia sau indicatiile acestuia.<br>(3) Patrunderea unui vehicul intr-o intersectie este interzisa daca prin aceasta se produce blocarea intersectiei.<br>(4) In intersectiile cu sens giratoriu, semnalizate ca atare, vehiculele care circula in interiorul acestora au prioritate fata de cele care urmeaza sa patrunda in intersectie. (<b>răspunsurile acestei întrebări derutează. Fii atent la examen!</b>)


                    </div>","https://scoaladrpciv.ro/intrebari/categoria-a/prioritate-de-trecere"
"1790502382-197","https://scoaladrpciv.ro/intrebari/categoria-a","Ce obligaţii vă revin atunci când, pe un drum public, întâlniţi autovehicule aparţinând Serviciului de Ambulanţă sau Serviciului Român de Informaţii, care folosesc mijloacele de avertizare luminoasă şi sonoră?","C - să reduceţi viteza şi să eliberaţi banda pe care vă deplasaţi sau să circulaţi cât mai aproape de bordură ori acostament.","","","A - să opriţi imediat pe dreapta părţii carosabile;","B - să circulaţi în regim normal, dar cu prudenţă şi folosind luminile intermitente de avarie;","https://scoaladrpciv.ro/intrebare/ce-obligatii-va-revin-atunci-cand-pe-un-drum-public-intalniti-autovehicule-apartinand-serviciului-de-ambulanta-sau-serviciului-roman-de-informatii-care-folosesc-mijloacele-de-avertizare-luminoasa-si-sonora-b35e","","<div class="""">
                        Art. 32<br>(1) Semnalele speciale de avertizare luminoase sunt emise intermitent de dispozitive de iluminare montate pe autovehicule si au urmatoarele semnificatii:<br>a) lumina rosie obliga participantii la trafic sa opreasca in directia de mers cat mai aproape de marginea drumului;<br>b) lumina albastra obliga participantii la trafic sa acorde prioritate de trecere;<br>c) lumina galbena obliga participantii la trafic sa circule cu atentie.<br>(2) Sunt autorizate sa utilizeze semnale speciale de avertizare luminoase:<br>a) pentru lumina rosie - autovehiculele apartinand politiei si pompierilor;<br>b) pentru lumina albastra - autovehiculele apartinand politiei, jandarmeriei, politiei de frontiera, serviciului de ambulanta sau medicina legala, protectiei civile, Ministerului Apararii care insotesc coloane militare, unitatilor speciale ale Serviciului Roman de Informatii si ale Serviciului de Protectie si Paza, Administratiei Nationale a Penitenciarelor din cadrul Ministerului Justitiei, autovehiculele de serviciu ale procurorilor criminalisti din Ministerul Public, precum si cele apartinand Departamentului National Anticoruptie, atunci cand se deplaseaza in actiuni de interventie sau in misiuni care au caracter de urgenta;<br>c) pentru lumina galbena - autovehiculele cu mase si/sau dimensiuni de gabarit depasite ori care insotesc asemenea vehicule, cele care transporta anumite marfuri sau substante periculoase, cele destinate intretinerii, repararii ori verificarii unor lucrari efectuate in partea carosabila sau executarii unor lucrari de drumuri, curateniei strazilor, deszapezirii sau tractarii, transportului si depanarii autovehiculelor ramase in pana sau avariate, precum si tractoarele care tracteaza utilajele agricole si tehnologice agabaritice. Inspectoratul General al Politiei Romane poate autoriza utilizarea dispozitivelor speciale luminoase de culoare galbena pentru autovehiculele stabilite prin prezenta ordonanta de urgenta.<br>(3) Autovehiculele prevazute la alin.(2) lit.a) si b) trebuie sa fie echipate si cu mijloace speciale sonore de avertizare.<br>(4) Pe autovehiculele apartinand politiei si pe cele prevazute la alin.(2) lit.c) pot fi instalate si dispozitive luminoase cu mesaje variabile, destinate participantilor la trafic.<br>(5) Mijloacele speciale de avertizare, luminoase sau sonore, se certifica sau se omologheaza de autoritatea competenta, potrivit legii. Conditiile de utilizare a acestora se stabilesc prin regulament.


                    </div>","https://scoaladrpciv.ro/intrebari/categoria-a/prioritate-de-trecere"
"1790502385-198","https://scoaladrpciv.ro/intrebari/categoria-a","La întâlnirea cărui indicator au prioritate de trecere motocicletele?","B - „Intersecţie cu un drum fără prioritate“;","C - „Drum cu prioritate“.","","A - „Sens unic“;","","https://scoaladrpciv.ro/intrebare/la-intalnirea-carui-indicator-au-prioritate-de-trecere-motocicletele-e6f9","","<div class="""">
                        Art. 129<br>(1) Vehiculul care circulă pe un drum public pe care este instalat unul dintre indicatoarele având semnificaţia: „Drum cu prioritate“, „Intersecţie cu un drum fără prioritate“ sau „Prioritate faţă de circulaţia din sens invers“ are prioritate de trecere. <br>(2) Când două vehicule urmează să se întâlnească într-o intersecţie dirijată prin indicatoare, venind de pe două drumuri publice unde sunt instalate indicatoare cu aceeaşi semnificaţie, vehiculul care vine din dreapta are prioritate. 


                    </div>","https://scoaladrpciv.ro/intrebari/categoria-a/prioritate-de-trecere"
"1790502387-199","https://scoaladrpciv.ro/intrebari/categoria-a","Care dintre vehicule nu au prioritate de trecere?","B - vehiculele care se pun în mişcare sau care ies din garaje şi curţi, faţă de cele care circulă pe drumul public;","C - vehiculele care execută virajul spre stânga, faţă de cele care circulă din sens opus.","","A - vehiculele care coboară o pantă, faţă de vehiculele care urcă, dacă sunt de aceeaşi categorie;","","https://scoaladrpciv.ro/intrebare/care-dintre-vehicule-nu-au-prioritate-de-trecere-74a2","","<div class="""">
                        <h4>Articolul 135</h4>
<p>Conducãtorul de vehicul este obligat sã acorde prioritate de trecere și în urmãtoarele situații:</p>
<p>a)&nbsp;&nbsp; la intersecția nedirijatã atunci când pãtrunde pe un drum național venind de pe un drum județean, comunal sau local;</p>
<p>b)&nbsp;&nbsp; la intersecția nedirijatã atunci când pãtrunde pe un drum județean venind de pe un drum comunal sau local;</p>
<p>c)&nbsp;&nbsp; la intersecția nedirijatã atunci când pãtrunde pe un drum comunal venind de pe un drum local;</p>
<p>d)&nbsp;&nbsp; când urmeazã sã pãtrundã într-o intersecție cu circulație în sens giratoriu fațã de cel care circulã în interiorul acesteia;</p>
<p>e)&nbsp;&nbsp; când circulã în panta fațã de cel care urca, dacã pe sensul de mers al celui care urca se aflã un obstacol imobil. În aceastã situație manevra nu este consideratã depãșire în sensul prevederilor art. 120 lit. j);</p>
<p><span style=""background-color: #fbeeb8;"">f)&nbsp;&nbsp; când se pune în mișcare sau la pãtrunderea pe drumul public venind de pe o proprietate alãturatã acestuia fațã de vehiculul care circulã pe drumul public, indiferent de direcția de deplasare;</span></p>
<p>g)&nbsp;&nbsp; când efectueazã un viraj spre stânga sau spre dreapta și se intersecteazã cu un conducãtor de bicicletã sau trotinetã electricã care circulã pe o pistã pentru biciclete, semnalizatã ca atare;</p>
<p>h)&nbsp;&nbsp; pietonului care traverseazã drumul public, prin loc special amenajat, marcat și semnalizat corespunzãtor ori la culoarea verde a semaforului destinat lui, atunci când acesta se aflã pe sensul de mers al vehiculului.</p>
<h4>Articolul 59</h4>
<p>(1)&nbsp;&nbsp;În intersecțiile cu circulație nedirijată, conducătorul de vehicul este obligat să acorde prioritate de trecere vehiculelor care circulă pe sine. Acestea pierd prioritatea de trecere când efectuează virajul spre stânga sau când semnalizarea rutieră din acea zonă stabilește o altă regulă de circulație.</p>
<p><span style=""background-color: #fbeeb8;"">(2)&nbsp; În intersecții, conducătorii vehiculelor care virează spre stânga sunt obligați să acorde prioritate de trecere vehiculelor cu care se intersectează și care circulă din partea dreapta.</span></p>
<p><span style=""background-color: #fbeeb8;"">(3)&nbsp;&nbsp; În intersecțiile cu circulație dirijată prin indicatoare de prioritate, regula priorității de dreapta se respecta numai în cazul în care două vehicule urmează să se întâlnească, fiecare intrând în intersecție de pe un drum semnalizat cu un indicator având aceeași semnificație de prioritate sau de pierdere a priorității.</span></p>
<p>(4)&nbsp;&nbsp;Când un semafor cu trei culori are o lumina verde intermitentă suplimentara, montată la același nivel cu lumina verde normală a semaforului, sub forma unei săgeți verzi pe fond negru, cu vârful spre dreapta, aprinderea acesteia semnifica permisiunea pentru vehicule de a-și continua drumul în direcția indicată de săgeata, indiferent de culoarea semaforului electric, cu condiția acordării priorității de trecere vehiculelor și pietonilor care au drept de circulație.</p>


                    </div>","https://scoaladrpciv.ro/intrebari/categoria-a/prioritate-de-trecere"
"1790502389-200","https://scoaladrpciv.ro/intrebari/categoria-a","Conducătorul unei motociclete are obligaţia de a ceda trecerea la schimbarea direcţiei de mers spre stânga, în timp ce semnalul de culoare verde este în funcţiune?","C - da, atât vehiculelor care circulă din sens opus, cât şi pietonilor care traversează strada pe care acesta urmează să intre.","","","A - nu, deoarece semnalul verde îi conferă prioritate de trecere;","B - nu, cu excepţia cazului în care, din sens opus, se apropie un mijloc de transport public;","https://scoaladrpciv.ro/intrebare/conducatorul-unei-motociclete-are-obligatia-de-a-ceda-trecerea-la-schimbarea-directiei-de-mers-spre-stanga-in-timp-ce-semnalul-de-culoare-verde-este-in-functiune-5b87","","<div class="""">
                        Art. 59<br>(1) In intersectiile cu circulatie nedirijata, conducatorul de vehicul este obligat sa acorde prioritate de trecere vehiculelor care circula pe sine. Acestea pierd prioritatea de trecere cand efectueaza virajul spre stanga sau cand semnalizarea rutiera din acea zona stabileste o alta regula de circulatie.<br>(2) In intersectii, conducatorii vehiculelor care vireaza spre stanga sunt obligati sa acorde prioritate de trecere vehiculelor cu care se intersecteaza si care circula din partea dreapta.<br>(3) In intersectiile cu circulatie dirijata prin indicatoare de prioritate, regula prioritatii de dreapta se respecta numai in cazul in care doua vehicule urmeaza sa se intalneasca, fiecare intrand in intersectie de pe un drum semnalizat cu un indicator avand aceeasi semnificatie de prioritate sau de pierdere a prioritatii.<br>(4) Cand un semafor cu trei culori are o lumina verde intermitenta suplimentara, montata la acelasi nivel cu lumina verde normala a semaforului, sub forma unei sageti verzi pe fond negru, cu varful spre dreapta, aprinderea acesteia semnifica permisiunea pentru vehicule de a-si continua drumul in directia indicata de sageata, indiferent de culoarea semaforului electric, cu conditia acordarii prioritatii de trecere vehiculelor si pietonilor care au drept de circulatie.<br><br>Art. 135<br>Conducătorul de vehicul este obligat să acorde prioritate de trecere şi în următoarele situaţii:<br>a) la intersecţia nedirijată atunci când pătrunde pe un drum naţional venind de pe un drum judeţean, comunal sau local;<br>b) la intersecţia nedirijată atunci când pătrunde pe un drum judeţean venind de pe un drum comunal sau local;<br>c) la intersecţia nedirijată atunci când pătrunde pe un drum comunal venind de pe un drum local;<br>d) când urmează să pătrundă într-o intersecţie cu circulaţie în sens giratoriu faţă de cel care circulă în interiorul acesteia;<br>e) când circulă în pantă faţă de cel care urcă, dacă pe sensul de mers al celui care urcă se află un obstacol imobil. În această situaţie manevra nu este considerată depăşire în sensul prevederilor art. 120 lit. j);<br>f) când se pune în mişcare sau la pătrunderea pe drumul public venind de pe o proprietate alăturată acestuia faţă de vehiculul care circulă pe drumul public, indiferent de direcţia de deplasare;<br>g) când efectuează un viraj spre stânga sau spre dreapta şi se intersectează cu un biciclist care circulă pe o pistă pentru biciclete, semnalizată ca atare;<br>h) pietonului care traversează drumul public, prin loc special amenajat, marcat şi semnalizat corespunzător ori la culoarea verde a semaforului destinat lui, atunci când acesta se află pe sensul de mers al vehiculului. 


                    </div>","https://scoaladrpciv.ro/intrebari/categoria-a/prioritate-de-trecere"
"1790502391-201","https://scoaladrpciv.ro/intrebari/categoria-a","Ce categorii de vehicule au prioritate, pe un drum îngustat, în pantă?","B - toate vehiculele care urcă, dacă spaţiul de trecere existent este insuficient;","","","A - motocicletele şi motoretele care urcă;","C - numai vehiculele grele care urcă.","https://scoaladrpciv.ro/intrebare/ce-categorii-de-vehicule-au-prioritate-pe-un-drum-ingustat-in-panta-6a14","","<div class="""">
                        Art. 135<br>Conducătorul de vehicul este obligat să acorde prioritate de trecere şi în următoarele situaţii:<br>a) la intersecţia nedirijată atunci când pătrunde pe un drum naţional venind de pe un drum judeţean, comunal sau local;<br>b) la intersecţia nedirijată atunci când pătrunde pe un drum judeţean venind de pe un drum comunal sau local;<br>c) la intersecţia nedirijată atunci când pătrunde pe un drum comunal venind de pe un drum local;<br>d) când urmează să pătrundă într-o intersecţie cu circulaţie în sens giratoriu faţă de cel care circulă în interiorul acesteia;<br>e) când circulă în pantă faţă de cel care urcă, dacă pe sensul de mers al celui care urcă se află un obstacol imobil. În această situaţie manevra nu este considerată depăşire în sensul prevederilor art. 120 lit. j);<br>f) când se pune în mişcare sau la pătrunderea pe drumul public venind de pe o proprietate alăturată acestuia faţă de vehiculul care circulă pe drumul public, indiferent de direcţia de deplasare;<br>g) când efectuează un viraj spre stânga sau spre dreapta şi se intersectează cu un biciclist care circulă pe o pistă pentru biciclete, semnalizată ca atare;<br>h) pietonului care traversează drumul public, prin loc special amenajat, marcat şi semnalizat corespunzător ori la culoarea verde a semaforului destinat lui, atunci când acesta se află pe sensul de mers al vehiculului. 


                    </div>","https://scoaladrpciv.ro/intrebari/categoria-a/prioritate-de-trecere"
"1790502394-202","https://scoaladrpciv.ro/intrebari/categoria-a","Dacă circulaţi într-o intersecţie cu sens giratoriu, acordaţi prioritate:","A - niciunui vehicul;","","","B - vehiculelor care urmează să intre în intersecţie;","C - autobuzelor şi troleibuzelor.","https://scoaladrpciv.ro/intrebare/daca-circulati-intr-o-intersectie-cu-sens-giratoriu-acordati-prioritate-2489","","<div class="""">
                        Art. 57<br>(1) La intersectiile cu circulatie nedirijata, conducatorul de vehicul este obligat sa cedeze trecerea tuturor vehiculelor care vin din partea dreapta.<br>(2) La intersectiile cu circulatie dirijata prin indicatoare, semafoare sau de catre politistul rutier, conducatorul de vehicul este obligat sa respecte semnificatia sau indicatiile acestuia.<br>(3) Patrunderea unui vehicul intr-o intersectie este interzisa daca prin aceasta se produce blocarea intersectiei.<br>(4) In intersectiile cu sens giratoriu, semnalizate ca atare, vehiculele care circula in interiorul acestora au prioritate fata de cele care urmeaza sa patrunda in intersectie.


                    </div>","https://scoaladrpciv.ro/intrebari/categoria-a/prioritate-de-trecere"
"1790502396-203","https://scoaladrpciv.ro/intrebari/categoria-a","La ieşirea din zonele rezidenţiale sau pietonale, sunteţi obligat să acordaţi prioritate:","C - tuturor vehiculelor cu care vă intersectaţi.","","","A - autovehiculelor;","B - pietonilor de pe sensul opus de circulaţie;","https://scoaladrpciv.ro/intrebare/la-iesirea-din-zonele-rezidentiale-sau-pietonale-sunteti-obligat-sa-acordati-prioritate-4975","","<div class="""">
                        Art. 135<br>Conducătorul de vehicul este obligat să acorde prioritate de trecere şi în următoarele situaţii:<br>a) la intersecţia nedirijată atunci când pătrunde pe un drum naţional venind de pe un drum judeţean, comunal sau local;<br>b) la intersecţia nedirijată atunci când pătrunde pe un drum judeţean venind de pe un drum comunal sau local;<br>c) la intersecţia nedirijată atunci când pătrunde pe un drum comunal venind de pe un drum local;<br>d) când urmează să pătrundă într-o intersecţie cu circulaţie în sens giratoriu faţă de cel care circulă în interiorul acesteia;<br>e) când circulă în pantă faţă de cel care urcă, dacă pe sensul de mers al celui care urcă se află un obstacol imobil. În această situaţie manevra nu este considerată depăşire în sensul prevederilor art. 120 lit. j);<br>f) când se pune în mişcare sau la pătrunderea pe drumul public venind de pe o proprietate alăturată acestuia faţă de vehiculul care circulă pe drumul public, indiferent de direcţia de deplasare;<br>g) când efectuează un viraj spre stânga sau spre dreapta şi se intersectează cu un biciclist care circulă pe o pistă pentru biciclete, semnalizată ca atare;<br>h) pietonului care traversează drumul public, prin loc special amenajat, marcat şi semnalizat corespunzător ori la culoarea verde a semaforului destinat lui, atunci când acesta se află pe sensul de mers al vehiculului. 


                    </div>","https://scoaladrpciv.ro/intrebari/categoria-a/prioritate-de-trecere"
"1790502400-204","https://scoaladrpciv.ro/intrebari/categoria-a","Care dintre următoarele manevre, efectuate pe drumul public de către conducătorul de vehicul, sunt considerate a fi comportament agresiv?","A - conducerea intenționată a unui vehicul prin accelerarea repetată a motorului, de natură a stânjeni persoanele aflate în zona drumului public;","B - pornirea vehiculului de pe loc prin patinarea excesivă, în gol, a roților motoare;","","C - nereducerea vitezei în cazurile prevăzute de regulament.","","https://scoaladrpciv.ro/intrebare/care-dintre-urmatoarele-manevre-efectuate-pe-drumul-public-de-catre-conducatorul-de-vehicul-sunt-considerate-a-fi-comportament-agresiv-9c3d","","<div class="""">
                        <h4>Articolul 54^1</h4><p>(1)&nbsp;&nbsp;&nbsp;Se interzice conducătorilor de vehicule să adopte un comportament agresiv în conducerea acestora pe drumurile publice.</p><p>(2)&nbsp;&nbsp;Prin comportament agresiv se înțelege efectuarea, pe drumul public, de către conducătorul de vehicul, a uneia dintre următoarele manevre:</p><ul><li>a)&nbsp;&nbsp;&nbsp;deplasarea succesivă de pe o bandă de circulație pe alta sau de pe un rând pe altul, alternând din stânga în dreapta, în scopul depășirii unui șir de vehicule care circulă în același sens;</li><li>b)&nbsp; întoarcerea vehiculului prin folosirea frânei de ajutor;</li><li><span style=""background-color:hsl(60, 75%, 60%);"">c)&nbsp; pornirea vehiculului de pe loc prin patinarea excesivă, în gol, a roților motoare;</span></li><li>d)&nbsp;circulația cu vehiculul la o distanță foarte redusă față de un alt vehicul, înaintea sau în spatele acestuia, cât și în lateral, ori reducerea bruscă a vitezei de deplasare fără motiv întemeiat, de natură a intimida conducătorul acestuia;</li><li>e)&nbsp;&nbsp;&nbsp; folosirea repetată a semnalelor sonore și/sau luminoase de natură a obliga nejustificat conducătorul de vehicul care circulă în fața sa să elibereze banda de circulație;</li><li>f)&nbsp;&nbsp;&nbsp; conducerea mopedului sau motocicletei având în contact cu partea carosabilă numai una dintre roți;</li><li>g)&nbsp;&nbsp;&nbsp;mersul cu spatele cu vehiculul în scopul intimidării celorlalți participanți la trafic care circulă în spatele acestuia;</li><li>h)&nbsp;&nbsp; realizarea intenționată a unui derapaj controlat al vehiculului în vederea întoarcerii sau rotirii acestuia;</li><li><span style=""background-color:hsl(60, 75%, 60%);"">i)&nbsp;&nbsp;&nbsp;conducerea intenționată a unui vehicul prin accelerarea repetată a motorului, de natură a stânjeni persoanele aflate în zona drumului public.</span></li></ul>


                    </div>","https://scoaladrpciv.ro/intrebari/categoria-a/reguli-referitoare-la-manevre"
"1790502405-205","https://scoaladrpciv.ro/intrebari/categoria-a","Care este limita maximă de viteză în afara localităților, pe drumurile expres și pe cele naționale europene (E)?","A - 120 km/h respectiv 100 km/h;","","","B - 130 km/h respectiv 110 km/h;","C - 120 km/h respectiv 110 km/h.","https://scoaladrpciv.ro/intrebare/care-este-limita-maxima-de-viteza-in-afara-localitatilor-pe-drumurile-expres-si-pe-cele-nationale-europene-e-d6ad","","<div class="""">
                        <h4>Articolul 50</h4>
<p>(1)&nbsp;&nbsp; Vitezele maxime admise în afara localităților pentru categoriile de autovehicule prevăzute în anexa nr. 1 sunt următoarele:</p>
<ul>
<li><span style=""background-color: #fbeeb8;"">a)&nbsp;&nbsp;&nbsp;130 km/h pe autostrăzi, 120 km/h pe drumurile expres, 100 km/h pe drumurile naționale europene (E) și 90 km/h pe celelalte categorii de drumuri, pentru autovehiculele din categoriile A și B;</span></li>
<li>b)&nbsp;&nbsp;&nbsp;110 km/h pe autostrăzi, 100 km/h pe drumurile expres, 90 km/h pe drumurile naționale europene (E) și 80 km/h pe celelalte categorii de drumuri, pentru autovehiculele din categoriile C, D și categoria D1;</li>
<li>c)&nbsp;&nbsp;&nbsp;90 km/h pe autostrăzi, 85 km/h pe drumuri expres, 80 km/h pe drumurile naționale europene (E) și 70 km/h pentru celelalte categorii de drumuri, pentru autovehiculele din categoriile A1, B1 și C1;</li>
<li>d)&nbsp; 45 km/h, pentru tractoarele agricole sau forestiere și mopede.</li>
</ul>


                    </div>","https://scoaladrpciv.ro/intrebari/categoria-a/viteza-si-distanta-intre-vehicule"
"1790502407-206","https://scoaladrpciv.ro/intrebari/categoria-a","Cu ce viteză maximă pot circula în afara localităților autovehiculele din categoriile A și B?","A - 130 km/h pe autostrăzi, 120 km/h pe drumurile expres, 100 km/h pe drumurile naționale europene și 90 km/h pe celelalte categorii de drumuri;","","","B - 110 km/h pe autostrăzi, 90 km/h pe drumurile expres sau naționale europene și 80 km/h pe celelalte categorii de drumuri;","C - 130 km/h pe autostrăzi și 80 km/h pe celelalte categorii de drumuri.","https://scoaladrpciv.ro/intrebare/cu-ce-viteza-maxima-pot-circula-in-afara-localitatilor-autovehiculele-din-categoriile-a-si-b-44f5","","<div class="""">
                        <h4>Articolul 50</h4>
<p>(1)&nbsp;&nbsp; Vitezele maxime admise în afara localităților pentru categoriile de autovehicule prevăzute în anexa nr. 1 sunt următoarele:</p>
<ul>
<li><span style=""background-color: #fbeeb8;"">a)&nbsp;&nbsp;&nbsp;130 km/h pe autostrăzi, 120 km/h pe drumurile expres, 100 km/h pe drumurile naționale europene (E) și 90 km/h pe celelalte categorii de drumuri, pentru autovehiculele din categoriile A și B;</span></li>
<li>b)&nbsp;&nbsp;&nbsp;110 km/h pe autostrăzi, 100 km/h pe drumurile expres, 90 km/h pe drumurile naționale europene (E) și 80 km/h pe celelalte categorii de drumuri, pentru autovehiculele din categoriile C, D și categoria D1;</li>
<li>c)&nbsp;&nbsp;&nbsp;90 km/h pe autostrăzi, 85 km/h pe drumuri expres, 80 km/h pe drumurile naționale europene (E) și 70 km/h pentru celelalte categorii de drumuri, pentru autovehiculele din categoriile A1, B1 și C1;</li>
<li>d)&nbsp; 45 km/h, pentru tractoarele agricole sau forestiere și mopede.</li>
</ul>
<p>(2)&nbsp; Viteza maximă admisă în afara localităților pentru autovehiculele care tractează remorci sau semiremorci este cu 10 km/h mai mică decât viteza maximă admisă pentru categoria din care face parte autovehiculul trăgător.</p>
<p>(3)&nbsp;&nbsp; Viteza maximă admisă pentru autovehicule cu mase și/sau gabarite depășite ori care transportă produse periculoase este de 40 km/h în localități, iar în afara localităților de 70 km/h.</p>
<p>(4)&nbsp;&nbsp;Viteza maximă admisă în afara localităților pentru autovehiculele ai căror conducători au mai puțin de un an practică de conducere sau pentru persoanele care efectuează pregătirea practică în vederea obținerii permisului de conducere este cu 20 km/h mai mică decât viteza maximă admisă pentru categoria din care fac parte autovehiculele conduse.</p>


                    </div>","https://scoaladrpciv.ro/intrebari/categoria-a/viteza-si-distanta-intre-vehicule"
"1790502410-207","https://scoaladrpciv.ro/intrebari/categoria-a","Viteza maximă admisă pe drumurile expres pentru autovehicule din categoria A este de:","B - 120 km/h;","","","A - 100 km/h;","C - 110 km/h.","https://scoaladrpciv.ro/intrebare/viteza-maxima-admisa-pe-drumurile-expres-pentru-autovehicule-din-categoria-a-este-de-2c22","","<div class="""">
                        <h4>Articolul 49</h4><p>(1)&nbsp; Limita maximă de viteză în localități este de 50 km/h.</p><p>(2)&nbsp;&nbsp;&nbsp;Pe anumite sectoare de drum din interiorul localităților, administratorul drumului poate stabili, pentru autovehiculele din categoriile A și B, și limite de viteză superioare, dar nu mai mult de 80 km/h. Limitele de viteză mai mari de 50 km/h se stabilesc numai cu avizul poliției rutiere.</p><p style=""margin-left:0cm;text-align:justify;"">(3)&nbsp;&nbsp;&nbsp;Pe anumite sectoare de drum, ținând seama de împrejurări și de intensitatea circulației, administratorul drumului, cu avizul poliției rutiere, poate stabili și limite de viteză inferioare, dar nu mai puțin de 10 km/h pentru tramvaie și de 30 km/h pentru toate autovehiculele.</p><p>(4)&nbsp; Limitele maxime de viteză în afara localităților sunt:</p><ul><li>a)&nbsp; pe autostrăzi - 130 km/h;</li><li><span style=""background-color:hsl(60, 75%, 60%);"">b)&nbsp; pe drumurile expres - 120 km/h;</span></li><li>c)&nbsp; pe drumurile naționale europene (E) - 100 km/h;</li><li>d)&nbsp; pe celelalte categorii de drumuri - 90 km/h.</li></ul>


                    </div>","https://scoaladrpciv.ro/intrebari/categoria-a/viteza-si-distanta-intre-vehicule"
"1790502412-208","https://scoaladrpciv.ro/intrebari/categoria-a","Care este limita maximă de viteză cu care aveţi voie să conduceţi, pe drumurile naţionale europene din localităţi, un autovehicul aparţinând subcategoriei A1?","A - 50 km/h;","","","B - 80 km/h;","C - 100 km/h.","https://scoaladrpciv.ro/intrebare/care-este-limita-maxima-de-viteza-cu-care-aveti-voie-sa-conduceti-pe-drumurile-nationale-europene-din-localitati-un-autovehicul-apartinand-subcategoriei-a1-4c49","","<div class="""">
                        Art. 49<br>(1) Limita maxima de viteza in localitati este de 50 km/h.<br>(2) Pe anumite sectoare de drum din interiorul localitatilor, administratorul drumului poate stabili, pentru autovehiculele din categoria A si B, si limite de viteza superioare, dar nu mai mult de 80 km/h. Limitele de viteza mai mari de 50 km/h se stabilesc numai cu avizul politiei rutiere.<br>(3) Pe anumite sectoare de drum, tinand seama de imprejurari si de intensitatea circulatiei, administratorul drumului, cu avizul politiei rutiere, poate stabili si limite de viteza inferioare, dar nu mai putin de 10 km/h pentru tramvaie si de 30 km/h pentru toate autovehiculele.<br>(4) Limitele maxime de viteza, in afara localitatilor, sunt:<br>a) pe autostrazi - 130 km/h;<br>b) pe drumurile expres sau pe cele nationale europene (E) - 100km/h;<br>c) pe celelalte categorii de drumuri - 90 km/h.


                    </div>","https://scoaladrpciv.ro/intrebari/categoria-a/viteza-si-distanta-intre-vehicule"
"1790502414-209","https://scoaladrpciv.ro/intrebari/categoria-a","Care este limita maximă de viteză cu care aveţi voie să conduceţi, pe drumurile naţionale europene din localităţi, un autovehicul aparţinând categoriei A?","C - 50 km/h.","","","A - 100 km/h;","B - 70 km/h;","https://scoaladrpciv.ro/intrebare/care-este-limita-maxima-de-viteza-cu-care-aveti-voie-sa-conduceti-pe-drumurile-nationale-europene-din-localitati-un-autovehicul-apartinand-categoriei-a-1951","","<div class="""">
                        Art. 49<br>(1) Limita maxima de viteza in localitati este de 50 km/h.<br>(2) Pe anumite sectoare de drum din interiorul localitatilor, administratorul drumului poate stabili, pentru autovehiculele din categoria A si B, si limite de viteza superioare, dar nu mai mult de 80 km/h. Limitele de viteza mai mari de 50 km/h se stabilesc numai cu avizul politiei rutiere.<br>(3) Pe anumite sectoare de drum, tinand seama de imprejurari si de intensitatea circulatiei, administratorul drumului, cu avizul politiei rutiere, poate stabili si limite de viteza inferioare, dar nu mai putin de 10 km/h pentru tramvaie si de 30 km/h pentru toate autovehiculele.<br>(4) Limitele maxime de viteza, in afara localitatilor, sunt:<br>a) pe autostrazi - 130 km/h;<br>b) pe drumurile expres sau pe cele nationale europene (E) - 100km/h;<br>c) pe celelalte categorii de drumuri - 90 km/h.


                    </div>","https://scoaladrpciv.ro/intrebari/categoria-a/viteza-si-distanta-intre-vehicule"
"1790502417-210","https://scoaladrpciv.ro/intrebari/categoria-a","Care este limita maximă de viteză cu care aveţi voie să conduceţi, pe drumurile judeţene din afara localităţilor, un autovehicul aparţinând categoriei A?","A - 90 km/h;","","","B - 70 km/h;","C - 50 km/h.","https://scoaladrpciv.ro/intrebare/care-este-limita-maxima-de-viteza-cu-care-aveti-voie-sa-conduceti-pe-drumurile-judetene-din-afara-localitatilor-un-autovehicul-apartinand-categoriei-a-7b2f","","<div class="""">
                        Art. 50<br>(1) Vitezele maxime admise in afara localitatilor pentru categoriile si subcategoriile de autovehicule prevazute la art.15 alin.(2) sunt:<br>a) 130 km/h pe autostrazi, 100 km/h pe drumurile expres sau pe cele nationale europene (E) si 90 km/h pe celelalte categorii de drumuri, pentru autovehiculele din categoriile A, B si BE;<br>b) 110 km/h pe autostrazi, 90 km/h pe drumurile expres sau pe cele nationale europene (E) si 80 km/h pe celelalate categorii de drumuri, pentru autovehiculele din categoriile C, CE, D si DE si subcategoriile D1 si D1E;<br>c) 90 km/h pe autostrazi, 80 km/h pe drumurile expres sau pe cele nationale europene (E) si 70 km/h pentru celelalte categorii de drumuri, pentru autovehiculele din subcategoriile A1, B1, C1 si C1E;<br>d) 45 km/h, pentru tractoare si mopede.<br>(2) Viteza maxima admisa in afara localitatilor pentru autovehiculele care tracteaza remorci sau semiremorci este cu 10 km/h mai mica decat viteza maxima admisa pentru categoria din care face parte autovehiculul tragator.<br>(3) Viteza maxima admisa pentru autovehicule cu mase si/sau gabarite depasite ori care transporta produse periculoase este de 40 km/h in localitati, iar in afara localitatilor de 70 km/h.<br>(4) Viteza maxima admisa in afara localitatilor pentru autovehiculele ai caror conducatori au mai putin de un an practica de conducere sau pentru persoanele care efectueaza pregatirea practica in vederea obtinerii permisului de conducere este cu 20 km/h mai mica decat viteza maxima admisa pentru categoria din care fac parte autovehiculele conduse.


                    </div>","https://scoaladrpciv.ro/intrebari/categoria-a/viteza-si-distanta-intre-vehicule"
"1790502419-211","https://scoaladrpciv.ro/intrebari/categoria-a","Care este limita maximă de viteză cu care aveţi voie să conduceţi, pe drumurile naţionale  europene din afara localităţilor, un autovehicul aparţinând subcategoriei A1?","C - 80 km/h.","","","A - 50 km/h;","B - 70 km/h;","https://scoaladrpciv.ro/intrebare/care-este-limita-maxima-de-viteza-cu-care-aveti-voie-sa-conduceti-pe-drumurile-nationale-europene-din-afara-localitatilor-un-autovehicul-apartinand-subcategoriei-a1-a49d","","<div class="""">
                        <h4>Articolul 50</h4>
<p>(1)&nbsp;&nbsp; Vitezele maxime admise în afara localităților pentru categoriile de autovehicule prevăzute în anexa nr. 1 sunt următoarele:</p>
<ul>
<li>a)&nbsp;&nbsp;&nbsp;130 km/h pe autostrăzi, 120 km/h pe drumurile expres, 100 km/h pe drumurile naționale europene (E) și 90 km/h pe celelalte categorii de drumuri, pentru autovehiculele din categoriile A și B;</li>
<li>b)&nbsp;&nbsp;&nbsp;110 km/h pe autostrăzi, 100 km/h pe drumurile expres, 90 km/h pe drumurile naționale europene (E) și 80 km/h pe celelalte categorii de drumuri, pentru autovehiculele din categoriile C, D și categoria D1;</li>
<li><span style=""background-color: #f1c40f;"">c)&nbsp;&nbsp;&nbsp;90 km/h pe autostrăzi, 85 km/h pe drumuri expres, <strong>80 km/h pe drumurile naționale europene (E)</strong> și 70 km/h pentru celelalte categorii de drumuri, pentru autovehiculele din categoriile A1, B1 și C1;</span></li>
<li>d)&nbsp; 45 km/h, pentru tractoarele agricole sau forestiere și mopede.</li>
</ul>
<p>(2)&nbsp; Viteza maximă admisă în afara localităților pentru autovehiculele care tractează remorci sau semiremorci este cu 10 km/h mai mică decât viteza maximă admisă pentru categoria din care face parte autovehiculul trăgător.</p>
<p>(3)&nbsp;&nbsp; Viteza maximă admisă pentru autovehicule cu mase și/sau gabarite depășite ori care transportă produse periculoase este de 40 km/h în localități, iar în afara localităților de 70 km/h.</p>
<p>(4)&nbsp;&nbsp;Viteza maximă admisă în afara localităților pentru autovehiculele ai căror conducători au mai puțin de un an practică de conducere sau pentru persoanele care efectuează pregătirea practică în vederea obținerii permisului de conducere este cu 20 km/h mai mică decât viteza maximă admisă pentru categoria din care fac parte autovehiculele conduse.</p>


                    </div>","https://scoaladrpciv.ro/intrebari/categoria-a/viteza-si-distanta-intre-vehicule"
"1790502421-212","https://scoaladrpciv.ro/intrebari/categoria-a","Cu ce viteză veţi circula pe autostrăzi atunci când vizibilitatea este sub 100 m, în condiţii de ceaţă, ploi torenţiale şi ninsori abundente?","A - 50 km/h;","","","B - 110 km/h;","C - 130 km/h.","https://scoaladrpciv.ro/intrebare/cu-ce-viteza-veti-circula-pe-autostrazi-atunci-cand-vizibilitatea-este-sub-100-m-in-conditii-de-ceata-ploi-torentiale-si-ninsori-abundente-0a9b","","<div class="""">
                        Art. 123<br>Conducătorul de vehicul este obligat să circule cu o viteză care să nu depăşească 30 km/h în localităţi sau 50 km/h în afara localităţilor, în următoarele situaţii:<br>a) la trecerea prin intersecţiile cu circulaţie nedirijată;<br>b) în curbe deosebit de periculoase semnalizate ca atare sau în care vizibilitatea este mai mică de 50 m;<br>c) la trecerea pe lângă grupuri organizate, coloane militare sau cortegii, indiferent dacă acestea se află în mers sau staţionează pe partea carosabilă a drumurilor cu o singură bandă de circulaţie pe sens;<br>d) la trecerea pe lângă animale care sunt conduse pe partea carosabilă sau pe acostament;<br>e) când partea carosabilă este acoperită cu polei, gheaţă, zăpadă bătătorită, mâzgă sau piatră cubică umedă;<br>f) pe drumuri cu denivelări, semnalizate ca atare;<br>g) în zona de acţiune a indicatorului de avertizare „Copii“ în intervalul orar 7,00–22,00, precum şi a indicatorului „Accident“;<br>h) la trecerile pentru pietoni nesemaforizate, semnalizate prin indicatoare şi marcaje, când drumul public are cel mult o bandă pe sens, iar pietonii aflaţi pe trotuar, în imediata apropiere a părţii carosabile, intenţionează să se angajeze în traversare;<br>i) la schimbarea direcţiei de mers prin viraje;<br>j) când vizibilitatea este sub 100 m în condiţii de ceaţă, ploi torenţiale, ninsori abundente. 


                    </div>","https://scoaladrpciv.ro/intrebari/categoria-a/viteza-si-distanta-intre-vehicule"
"1790502423-213","https://scoaladrpciv.ro/intrebari/categoria-a","Într-o intersecţie semnalizată prin indicatoare şi marcaje sunteţi obligat:","A - să acordaţi prioritate de trecere atunci când pietonii angajaţi regulamentar în traversare se află pe sensul dvs. de mers;","B - să circulaţi cu o viteză care să nu depăşească 30 km/h în localităţi sau 50 km/h în afara acestora, dacă drumul are cel mult o bandă pe sens, iar pietonii aflaţi pe trotuar în apropierea părţii carosabile intenţionează să traverseze;","","C - să circulaţi cât mai aproape de bordura din partea dreaptă a trotuarului.","","https://scoaladrpciv.ro/intrebare/intr-o-intersectie-semnalizata-prin-indicatoare-si-marcaje-sunteti-obligat-b347","","<div class="""">
                        Art. 135<br>Conducătorul de vehicul este obligat să acorde prioritate de trecere şi în următoarele situaţii:<br>a) la intersecţia nedirijată atunci când pătrunde pe un drum naţional venind de pe un drum judeţean, comunal sau local;<br>b) la intersecţia nedirijată atunci când pătrunde pe un drum judeţean venind de pe un drum comunal sau local;<br>c) la intersecţia nedirijată atunci când pătrunde pe un drum comunal venind de pe un drum local;<br>d) când urmează să pătrundă într-o intersecţie cu circulaţie în sens giratoriu faţă de cel care circulă în interiorul acesteia;<br>e) când circulă în pantă faţă de cel care urcă, dacă pe sensul de mers al celui care urcă se află un obstacol imobil. În această situaţie manevra nu este considerată depăşire în sensul prevederilor art. 120 lit. j);<br>f) când se pune în mişcare sau la pătrunderea pe drumul public venind de pe o proprietate alăturată acestuia faţă de vehiculul care circulă pe drumul public, indiferent de direcţia de deplasare;<br>g) când efectuează un viraj spre stânga sau spre dreapta şi se intersectează cu un biciclist care circulă pe o pistă pentru biciclete, semnalizată ca atare;<br>h) pietonului care traversează drumul public, prin loc special amenajat, marcat şi semnalizat corespunzător ori la culoarea verde a semaforului destinat lui, atunci când acesta se află pe sensul de mers al vehiculului. 


                    </div>","https://scoaladrpciv.ro/intrebari/categoria-a/viteza-si-distanta-intre-vehicule"
"1790502426-214","https://scoaladrpciv.ro/intrebari/categoria-a","Care este limita maximă de viteză cu care aveţi voie să conduceţi un autovehicul aparţinând categoriei A, pe autostrăzi?","B - 130 km/h;","","","A - 100 km/h;","C - 90 km/h.","https://scoaladrpciv.ro/intrebare/care-este-limita-maxima-de-viteza-cu-care-aveti-voie-sa-conduceti-un-autovehicul-apartinand-categoriei-a-pe-autostrazi-0a84","","<div class="""">
                        Art. 50<br>(1) Vitezele maxime admise in afara localitatilor pentru categoriile si subcategoriile de autovehicule prevazute la art.15 alin.(2) sunt:<br>a) 130 km/h pe autostrazi, 100 km/h pe drumurile expres sau pe cele nationale europene (E) si 90 km/h pe celelalte categorii de drumuri, pentru autovehiculele din categoriile A, B si BE;<br>b) 110 km/h pe autostrazi, 90 km/h pe drumurile expres sau pe cele nationale europene (E) si 80 km/h pe celelalate categorii de drumuri, pentru autovehiculele din categoriile C, CE, D si DE si subcategoriile D1 si D1E;<br>c) 90 km/h pe autostrazi, 80 km/h pe drumurile expres sau pe cele nationale europene (E) si 70 km/h pentru celelalte categorii de drumuri, pentru autovehiculele din subcategoriile A1, B1, C1 si C1E;<br>d) 45 km/h, pentru tractoare si mopede.<br>(2) Viteza maxima admisa in afara localitatilor pentru autovehiculele care tracteaza remorci sau semiremorci este cu 10 km/h mai mica decat viteza maxima admisa pentru categoria din care face parte autovehiculul tragator.<br>(3) Viteza maxima admisa pentru autovehicule cu mase si/sau gabarite depasite ori care transporta produse periculoase este de 40 km/h in localitati, iar in afara localitatilor de 70 km/h.<br>(4) Viteza maxima admisa in afara localitatilor pentru autovehiculele ai caror conducatori au mai putin de un an practica de conducere sau pentru persoanele care efectueaza pregatirea practica in vederea obtinerii permisului de conducere este cu 20 km/h mai mica decat viteza maxima admisa pentru categoria din care fac parte autovehiculele conduse.


                    </div>","https://scoaladrpciv.ro/intrebari/categoria-a/viteza-si-distanta-intre-vehicule"
"1790502428-215","https://scoaladrpciv.ro/intrebari/categoria-a","Viteza maximă admisă pe autostrăzi pentru autovehicule aparţinând subcategoriei A1, conduse de persoane care au mai puţin de un an de practică de conducere, este de:","B - 70 km/h;","","","A - 50 km/h;","C - 90 km/h.","https://scoaladrpciv.ro/intrebare/viteza-maxima-admisa-pe-autostrazi-pentru-autovehicule-apartinand-subcategoriei-a1-conduse-de-persoane-care-au-mai-putin-de-un-an-de-practica-de-conducere-este-de-91a9","","<div class="""">
                        Art. 50<br>(1) Vitezele maxime admise in afara localitatilor pentru categoriile si subcategoriile de autovehicule prevazute la art.15 alin.(2) sunt:<br>a) 130 km/h pe autostrazi, 100 km/h pe drumurile expres sau pe cele nationale europene (E) si 90 km/h pe celelalte categorii de drumuri, pentru autovehiculele din categoriile A, B si BE;<br>b) 110 km/h pe autostrazi, 90 km/h pe drumurile expres sau pe cele nationale europene (E) si 80 km/h pe celelalate categorii de drumuri, pentru autovehiculele din categoriile C, CE, D si DE si subcategoriile D1 si D1E;<br>c) 90 km/h pe autostrazi, 80 km/h pe drumurile expres sau pe cele nationale europene (E) si 70 km/h pentru celelalte categorii de drumuri, pentru autovehiculele din subcategoriile A1, B1, C1 si C1E;<br>d) 45 km/h, pentru tractoare si mopede.<br>(2) Viteza maxima admisa in afara localitatilor pentru autovehiculele care tracteaza remorci sau semiremorci este cu 10 km/h mai mica decat viteza maxima admisa pentru categoria din care face parte autovehiculul tragator.<br>(3) Viteza maxima admisa pentru autovehicule cu mase si/sau gabarite depasite ori care transporta produse periculoase este de 40 km/h in localitati, iar in afara localitatilor de 70 km/h.<br>(4) Viteza maxima admisa in afara localitatilor pentru autovehiculele ai caror conducatori au mai putin de un an practica de conducere sau pentru persoanele care efectueaza pregatirea practica in vederea obtinerii permisului de conducere este cu 20 km/h mai mica decat viteza maxima admisa pentru categoria din care fac parte autovehiculele conduse.


                    </div>","https://scoaladrpciv.ro/intrebari/categoria-a/viteza-si-distanta-intre-vehicule"
"1790502430-216","https://scoaladrpciv.ro/intrebari/categoria-a","Care este limita maximă de viteză cu care aveţi voie să conduceţi un autovehicul de categoria A în localităţi?","C - 50 km/h.","","","A - 90 km/h;","B - 70 km/h;","https://scoaladrpciv.ro/intrebare/care-este-limita-maxima-de-viteza-cu-care-aveti-voie-sa-conduceti-un-autovehicul-de-categoria-a-in-localitati-547e","","<div class="""">
                        <p>Art. 49<br><span style=""background-color:hsl(60, 75%, 60%);"">(1) Limita maxima de viteza in localitati este de 50 km/h.</span><br>(2) Pe anumite sectoare de drum din interiorul localitatilor, administratorul drumului poate stabili, pentru autovehiculele din categoria A si B, si limite de viteza superioare, dar nu mai mult de 80 km/h. Limitele de viteza mai mari de 50 km/h se stabilesc numai cu avizul politiei rutiere.<br>(3) Pe anumite sectoare de drum, tinand seama de imprejurari si de intensitatea circulatiei, administratorul drumului, cu avizul politiei rutiere, poate stabili si limite de viteza inferioare, dar nu mai putin de 10 km/h pentru tramvaie si de 30 km/h pentru toate autovehiculele.<br>(4) Limitele maxime de viteza, in afara localitatilor, sunt:<br>a) pe autostrazi - 130 km/h;<br>b) pe drumurile expres sau pe cele nationale europene (E) - 100km/h;<br>c) pe celelalte categorii de drumuri - 90 km/h.</p>


                    </div>","https://scoaladrpciv.ro/intrebari/categoria-a/viteza-si-distanta-intre-vehicule"
"1790502435-217","https://scoaladrpciv.ro/intrebari/categoria-a","Depăşirea se defineşte astfel:","A - trecerea unui vehicul înaintea altuia aflat pe acelaşi sens de circulaţie, prin schimbarea direcţiei de mers sau ieşirea din banda pe care s-a aflat iniţial;","","","B - trecerea unui vehicul pe lângă altul, care circulă din sens opus;","C - trecerea unui vehicul pe lângă altul, care circulă pe banda alăturată în aceeaşi direcţie de mers.","https://scoaladrpciv.ro/intrebare/depasirea-se-defineste-astfel-369e","","<div class="""">
                        <h4>Articolul 45</h4>
<p>(1)&nbsp;&nbsp; Depășirea este manevra prin care un vehicul trece înaintea altui vehicul ori pe lângă un obstacol, aflat pe același sens de circulație, prin schimbarea direcției de mers și ieșirea de pe banda de circulație sau din șirul de vehicule în care s-a aflat inițial.</p>


                    </div>","https://scoaladrpciv.ro/intrebari/categoria-a/depasirea"
"1790502437-218","https://scoaladrpciv.ro/intrebari/categoria-a","Motociclistul din imaginea alăturată depăşeşte regulamentar?","B - da, legea permite manevra;","","","A - nu, deoarece sunt pietoni pe partea carosabilă;","C - nu, deoarece tramvaiul nu are uşile închise.","https://scoaladrpciv.ro/intrebare/motociclistul-din-imaginea-alaturata-depaseste-regulamentar-d2a3","https://scoaladrpciv.ro/storage/questions/395.jpeg","<div class="""">
                        <p>Depășirea este permisă în dreptul stațiilor de tramvai care sunt prevăzute cu refugiu pentru pietoni, deoarece în aceste situații manevra nu este interzisă. În schimb, depășirea este interzisă în dreptul stațiilor de tramvai care nu dispun de refugiu pentru pietoni.</p>
<p>&nbsp;</p>
<h4>Articolul 120</h4>
<p>(1)&nbsp;&nbsp; <span style=""background-color: #fbeeb8;"">Se interzice depãșirea vehiculelor:</span></p>
<ul>
<li>a) în intersecții cu circulația nedirijatã;</li>
<li>b)&nbsp;&nbsp; în apropierea vârfurilor de rampa, când vizibilitatea este redusã sub 50 m;</li>
<li>c)&nbsp; în curbe și în orice alte locuri unde vizibilitatea este redusã sub 50 m;</li>
<li>d)&nbsp;&nbsp;pe pasaje denivelate, pe poduri, sub poduri și în tuneluri. Prin excepție, pot fi depãșite în aceste locuri vehiculele cu tracțiune animalã, motocicletele fãrã ataș, mopedele, bicicletele și trotinetele electrice, dacã vizibilitatea asupra drumului este asiguratã pe o distanțã mai mare de 20 m, iar lãțimea drumului este de cel puțin 7 m;</li>
<li>e)&nbsp;&nbsp; pe trecerile pentru pietoni semnalizate prin indicatoare și marcaje;</li>
<li>f)&nbsp;&nbsp; pe trecerile la nivel cu calea feratã curentã și la mai puțin de 50 m înainte de acestea;</li>
<li><span style=""background-color: #f1c40f;"">g)&nbsp;&nbsp; în dreptul stației pentru tramvai, atunci când acesta este oprit, iar stația <strong>nu este prevãzutã</strong> cu refugiu pentru pietoni;</span></li>
<li>h)&nbsp;&nbsp; în zona de acțiune a indicatorului ""Depãșirea interzisã"";</li>
<li>i)&nbsp;&nbsp; când pentru efectuarea manevrei se încalcã marcajul continuu, simplu sau dublu, care desparte sensurile de mers, iar autovehiculul circulã, chiar și parțial, pe sensul opus, ori se încalcã marcajul care delimiteazã spațiul de interzicere;</li>
<li>j)&nbsp;&nbsp; când din sens opus se apropie un alt vehicul, iar conducãtorul acestuia este obligat sã efectueze manevre de evitare a coliziunii;</li>
<li>k)&nbsp;&nbsp; pe sectorul de drum unde s-a format o coloana de vehicule în așteptare, dacã prin aceasta se intrã pe sensul opus de circulație.</li>
</ul>
<p>(2) Se interzice depãșirea coloanei oficiale.</p>


                    </div>","https://scoaladrpciv.ro/intrebari/categoria-a/depasirea"
"1790502440-219","https://scoaladrpciv.ro/intrebari/categoria-a","Motociclistul din imaginea alăturată execută corect depăşirea?","C - nu, deoarece a trecut peste marcajul longitudinal continuu.","","","A - da, dacă din sens opus nu se apropie un alt vehicul;","B - da, dacă are viteză suficient de mare;","https://scoaladrpciv.ro/intrebare/motociclistul-din-imaginea-alaturata-executa-corect-depasirea-dcf5","https://scoaladrpciv.ro/storage/questions/392.jpeg","","https://scoaladrpciv.ro/intrebari/categoria-a/depasirea"
"1790502442-220","https://scoaladrpciv.ro/intrebari/categoria-a","Faptul că un vehicul de pe o bandă circulă mai repede decât un vehicul de pe altă bandă, în aceeaşi direcţie de mers, se consideră depăşire?","A - nu;","","","B - da;","C - legea nu prevede nimic în acest sens.","https://scoaladrpciv.ro/intrebare/faptul-ca-un-vehicul-de-pe-o-banda-circula-mai-repede-decat-un-vehicul-de-pe-alta-banda-in-aceeasi-directie-de-mers-se-considera-depasire-85ce","","<div class="""">
                        Art. 45<br>(1) Depasirea este manevra prin care un vehicul trece inaintea altui vehicul ori pe langa un obstacol, aflat pe acelasi sens de circulatie, prin schimbarea directiei de mers si iesirea de pe banda de circulatie sau din sirul de vehicule in care s-a aflat initial.<br>(2) Conducatorul vehiculului care se angajeaza in depasire trebuie sa se asigure ca vehiculul care circula in fata sau in spatele lui nu a initiat o asemenea manevra.<br>(3) Atunci cand prin manevra de depasire se trece peste axa care separa sensurile de circulatie, conducatorii de vehicule trebuie sa se asigure ca din sens opus nu se apropie un vehicul si ca dispun de spatiu suficient pentru a reintra pe banda initiala, unde au obligatia sa revina dupa efectuarea manevrei de depasire.<br>(4) Nu constituie depasire, in sensul alin.(1), situatia in care un vehicul circula mai repede pe una dintre benzi decat vehiculele care circula pe alta banda in acelasi sens de circulatie.<br>(5) Depasirea se efectueaza numai pe partea stanga a vehiculului depasit. Tramvaiul sau vehiculul al carui conducator a semnalizat intentia si s-a incadrat corespunzator parasirii sensului de mers spre stanga se depaseste prin partea dreapta.<br>(6) Tramvaiul aflat in mers poate fi depasit si pe partea stanga atunci cand drumul este cu sens unic sau cand intre sina din dreapta si marginea trotuarului nu exista spatiu suficient.


                    </div>","https://scoaladrpciv.ro/intrebari/categoria-a/depasirea"
"1790502444-221","https://scoaladrpciv.ro/intrebari/categoria-a","Motociclistul din imagine depăşeşte corect autocamionul?","A - nu, în acest caz depăşirea este interzisă;","","","B - da, deoarece nu circulă niciun tren;","C - nu, deoarece trece de axul drumului.","https://scoaladrpciv.ro/intrebare/motociclistul-din-imagine-depaseste-corect-autocamionul-71e8","https://scoaladrpciv.ro/storage/questions/307.jpeg","<div class="""">
                        Art. 120<br>(1) Se interzice depăşirea vehiculelor:<br>a) în intersecţii cu circulaţia nedirijată;<br>b) în apropierea vârfurilor de rampă, când vizibilitatea este redusă sub 50 m;<br>c) în curbe şi în orice alte locuri unde vizibilitatea este redusă sub 50 m;<br>d) pe pasaje denivelate, pe poduri, sub poduri şi în tuneluri. Prin excepţie, pot fi depăşite în aceste locuri vehiculele cu tracţiune animală, motocicletele fără ataş, mopedele şi bicicletele, dacă vizibilitatea asupra drumului este asigurată pe o distanţă mai mare de 20 m, iar lăţimea drumului este de cel puţin 7 m;<br>e) pe trecerile pentru pietoni semnalizate prin indicatoare şi marcaje;<br>f) pe trecerile la nivel cu calea ferată curentă şi la mai puţin de 50 m înainte de acestea;<br>g) în dreptul staţiei pentru tramvai, atunci când acesta este oprit, iar staţia nu este prevăzută cu refugiu pentru pietoni;<br>h) în zona de acţiune a indicatorului „Depăşirea interzisă“;<br>i) când pentru efectuarea manevrei se încalcă marcajul continuu, simplu sau dublu, care desparte sensurile de mers, iar autovehiculul circulă, chiar şi parţial, pe sensul opus, ori se încalcă marcajul care delimitează spaţiul de interzicere;<br>j) când din sens opus se apropie un alt vehicul, iar conducătorul acestuia este obligat să efectueze manevre de evitare a coliziunii;<br>k) pe sectorul de drum unde s-a format o coloană de vehicule în aşteptare, dacă prin aceasta se intră pe sensul opus de circulaţie. <br>(2) Se interzice depăşirea coloanei oficiale.


                    </div>","https://scoaladrpciv.ro/intrebari/categoria-a/depasirea"
"1790502447-222","https://scoaladrpciv.ro/intrebari/categoria-a","Un tramvai aflat în mers poate fi depăşit de regulă:","C - pe partea dreaptă.","","","A - pe oricare parte;","B - pe partea stângă;","https://scoaladrpciv.ro/intrebare/un-tramvai-aflat-in-mers-poate-fi-depasit-de-regula-b120","","<div class="""">
                        Art. 45<br>(1) Depasirea este manevra prin care un vehicul trece inaintea altui vehicul ori pe langa un obstacol, aflat pe acelasi sens de circulatie, prin schimbarea directiei de mers si iesirea de pe banda de circulatie sau din sirul de vehicule in care s-a aflat initial.<br>(2) Conducatorul vehiculului care se angajeaza in depasire trebuie sa se asigure ca vehiculul care circula in fata sau in spatele lui nu a initiat o asemenea manevra.<br>(3) Atunci cand prin manevra de depasire se trece peste axa care separa sensurile de circulatie, conducatorii de vehicule trebuie sa se asigure ca din sens opus nu se apropie un vehicul si ca dispun de spatiu suficient pentru a reintra pe banda initiala, unde au obligatia sa revina dupa efectuarea manevrei de depasire.<br>(4) Nu constituie depasire, in sensul alin.(1), situatia in care un vehicul circula mai repede pe una dintre benzi decat vehiculele care circula pe alta banda in acelasi sens de circulatie.<br>(5) Depasirea se efectueaza numai pe partea stanga a vehiculului depasit. Tramvaiul sau vehiculul al carui conducator a semnalizat intentia si s-a incadrat corespunzator parasirii sensului de mers spre stanga se depaseste prin partea dreapta./n(6) Tramvaiul aflat in mers poate fi depasit si pe partea stanga atunci cand drumul este cu sens unic sau cand intre sina din dreapta si marginea trotuarului nu exista spatiu suficient.


                    </div>","https://scoaladrpciv.ro/intrebari/categoria-a/depasirea"
"1790502449-223","https://scoaladrpciv.ro/intrebari/categoria-a","Depăşirea unei motociclete este interzisă:","A - pe trecerile pentru pietoni;","","","B - la intrarea într-o intersecţie;","C - în zona de acţiune a indicatorului „Depăşirea autovehiculelor, cu excepţia motocicletelor fără ataş, interzisă“.","https://scoaladrpciv.ro/intrebare/depasirea-unei-motociclete-este-interzisa-c250","","<div class="""">
                        Art. 120<br>(1) Se interzice depăşirea vehiculelor:<br>a) în intersecţii cu circulaţia nedirijată;<br>b) în apropierea vârfurilor de rampă, când vizibilitatea este redusă sub 50 m;<br>c) în curbe şi în orice alte locuri unde vizibilitatea este redusă sub 50 m;<br>d) pe pasaje denivelate, pe poduri, sub poduri şi în tuneluri. Prin excepţie, pot fi depăşite în aceste locuri vehiculele cu tracţiune animală, motocicletele fără ataş, mopedele şi bicicletele, dacă vizibilitatea asupra drumului este asigurată pe o distanţă mai mare de 20 m, iar lăţimea drumului este de cel puţin 7 m;<br>e) pe trecerile pentru pietoni semnalizate prin indicatoare şi marcaje;<br>f) pe trecerile la nivel cu calea ferată curentă şi la mai puţin de 50 m înainte de acestea;<br>g) în dreptul staţiei pentru tramvai, atunci când acesta este oprit, iar staţia nu este prevăzută cu refugiu pentru pietoni;<br>h) în zona de acţiune a indicatorului „Depăşirea interzisă“;<br>i) când pentru efectuarea manevrei se încalcă marcajul continuu, simplu sau dublu, care desparte sensurile de mers, iar autovehiculul circulă, chiar şi parţial, pe sensul opus, ori se încalcă marcajul care delimitează spaţiul de interzicere;<br>j) când din sens opus se apropie un alt vehicul, iar conducătorul acestuia este obligat să efectueze manevre de evitare a coliziunii;<br>k) pe sectorul de drum unde s-a format o coloană de vehicule în aşteptare, dacă prin aceasta se intră pe sensul opus de circulaţie. <br>(2) Se interzice depăşirea coloanei oficiale. 


                    </div>","https://scoaladrpciv.ro/intrebari/categoria-a/depasirea"
"1790502451-224","https://scoaladrpciv.ro/intrebari/categoria-a","Ce obligaţii are un motociclist care urmează să fie depăşit?","B - să nu mărească viteza şi să se angajeze cât mai aproape de marginea din dreapta a drumului;","","","A - să reducă viteza;","C - nu are nicio obligaţie.","https://scoaladrpciv.ro/intrebare/ce-obligatii-are-un-motociclist-care-urmeaza-sa-fie-depasit-6bf5","","<div class="""">
                        Art. 119<br>Conducătorul de vehicul care urmează să fie depăşit este obligat:<br>a) să nu mărească viteza de deplasare;<br>b) să circule cât mai aproape de marginea din dreapta a părţii carosabile sau a benzii pe care se deplasează. 


                    </div>","https://scoaladrpciv.ro/intrebari/categoria-a/depasirea"
"1790502453-225","https://scoaladrpciv.ro/intrebari/categoria-a","O motocicletă poate depăşi un tramvai prin stânga:","C - atunci când între şina din dreapta şi bordura trotuarului nu există spaţiu suficient pentru depăşire.","","","A - atunci când drumul este mai lat de 7 m;","B - atunci când tramvaiul este oprit într-o staţie cu refugiu pentru pietoni;","https://scoaladrpciv.ro/intrebare/o-motocicleta-poate-depasi-un-tramvai-prin-stanga-5750","","<div class="""">
                        Art. 45<br>(1) Depasirea este manevra prin care un vehicul trece inaintea altui vehicul ori pe langa un obstacol, aflat pe acelasi sens de circulatie, prin schimbarea directiei de mers si iesirea de pe banda de circulatie sau din sirul de vehicule in care s-a aflat initial.<br>(2) Conducatorul vehiculului care se angajeaza in depasire trebuie sa se asigure ca vehiculul care circula in fata sau in spatele lui nu a initiat o asemenea manevra.<br>(3) Atunci cand prin manevra de depasire se trece peste axa care separa sensurile de circulatie, conducatorii de vehicule trebuie sa se asigure ca din sens opus nu se apropie un vehicul si ca dispun de spatiu suficient pentru a reintra pe banda initiala, unde au obligatia sa revina dupa efectuarea manevrei de depasire.<br>(4) Nu constituie depasire, in sensul alin.(1), situatia in care un vehicul circula mai repede pe una dintre benzi decat vehiculele care circula pe alta banda in acelasi sens de circulatie.<br>(5) Depasirea se efectueaza numai pe partea stanga a vehiculului depasit. Tramvaiul sau vehiculul al carui conducator a semnalizat intentia si s-a incadrat corespunzator parasirii sensului de mers spre stanga se depaseste prin partea dreapta.<br>(6) Tramvaiul aflat in mers poate fi depasit si pe partea stanga atunci cand drumul este cu sens unic sau cand intre sina din dreapta si marginea trotuarului nu exista spatiu suficient.


                    </div>","https://scoaladrpciv.ro/intrebari/categoria-a/depasirea"
"1790502456-226","https://scoaladrpciv.ro/intrebari/categoria-a","Un vehicul care a semnalizat intenţia de a schimba direcţia de mers spre stânga poate fi depăşit:","A - prin partea dreaptă;","","","B - prin partea stângă;","C - pe oricare parte.","https://scoaladrpciv.ro/intrebare/un-vehicul-care-a-semnalizat-intentia-de-a-schimba-directia-de-mers-spre-stanga-poate-fi-depasit-1999","","<div class="""">
                        Art. 45<br>(1) Depasirea este manevra prin care un vehicul trece inaintea altui vehicul ori pe langa un obstacol, aflat pe acelasi sens de circulatie, prin schimbarea directiei de mers si iesirea de pe banda de circulatie sau din sirul de vehicule in care s-a aflat initial.<br>(2) Conducatorul vehiculului care se angajeaza in depasire trebuie sa se asigure ca vehiculul care circula in fata sau in spatele lui nu a initiat o asemenea manevra.<br>(3) Atunci cand prin manevra de depasire se trece peste axa care separa sensurile de circulatie, conducatorii de vehicule trebuie sa se asigure ca din sens opus nu se apropie un vehicul si ca dispun de spatiu suficient pentru a reintra pe banda initiala, unde au obligatia sa revina dupa efectuarea manevrei de depasire.<br>(4) Nu constituie depasire, in sensul alin.(1), situatia in care un vehicul circula mai repede pe una dintre benzi decat vehiculele care circula pe alta banda in acelasi sens de circulatie.<br>(5) Depasirea se efectueaza numai pe partea stanga a vehiculului depasit. Tramvaiul sau vehiculul al carui conducator a semnalizat intentia si s-a incadrat corespunzator parasirii sensului de mers spre stanga se depaseste prin partea dreapta.<br>(6) Tramvaiul aflat in mers poate fi depasit si pe partea stanga atunci cand drumul este cu sens unic sau cand intre sina din dreapta si marginea trotuarului nu exista spatiu suficient.


                    </div>","https://scoaladrpciv.ro/intrebari/categoria-a/depasirea"
"1790502458-227","https://scoaladrpciv.ro/intrebari/categoria-a","Procedează corect motociclistul din imaginea alăturată?","A - nu, pentru că nu s-a asigurat şi nu a semnalizat;","","","B - da, deoarece din sens invers nu circulă alt autovehicul;","C - da, deoarece conducătorul autocamionului semnalizează apropierea de marginea din dreapta a drumului.","https://scoaladrpciv.ro/intrebare/procedeaza-corect-motociclistul-din-imaginea-alaturata-eb7d","https://scoaladrpciv.ro/storage/questions/158.jpeg","<div class="""">
                        Art. 118<br>Conducătorul de vehicul care efectuează depăşirea este obligat:<br>a) să se asigure că acela care îl urmează sau îl precedă nu a semnalizat intenţia începerii unei manevre similare şi că poate depăşi fără a pune în pericol sau fără a stânjeni circulaţia din sens opus;<br>b) să semnalizeze intenţia de efectuare a depăşirii;<br>c) să păstreze în timpul depăşirii o distanţă laterală suficientă faţă de vehiculul depăşit;<br>d) să reintre pe banda sau în şirul de circulaţie iniţial după ce a semnalizat şi s-a asigurat că poate efectua această manevră în condiţii de siguranţă pentru vehiculul depăşit şi pentru ceilalţi participanţi la trafic. 


                    </div>","https://scoaladrpciv.ro/intrebari/categoria-a/depasirea"
"1790502460-228","https://scoaladrpciv.ro/intrebari/categoria-a","Când se semnalizează intenţia de depăşire?","C - înainte de începerea manevrei.","","","A - în momentul în care începe manevra;","B - atunci când în spatele motocicletei se află şi alte vehicule;","https://scoaladrpciv.ro/intrebare/cand-se-semnalizeaza-intentia-de-depasire-dffa","","<div class="""">
                        Art. 116<br>(1) Conducătorii de vehicule sunt obligaţi să semnalizeze schimbarea direcţiei de deplasare, depăşirea, oprirea şi punerea în mişcare. <br>(2) Intenţia conducătorilor de autovehicule, tramvaie sau mopede de a schimba direcţia de mers, de a ieşi dintr-un rând de vehicule staţionate sau de a intra într-un asemenea rând, de a trece pe o altă bandă de circulaţie sau de a vira spre dreapta ori spre stânga sau care urmează să efectueze întoarcere, depăşire ori oprire se semnalizează prin punerea în funcţiune a luminilor indicatoare de direcţie cu cel puţin 50 m în localităţi şi 100 m în afara localităţilor, înainte de începerea efectuării manevrelor. <br>(3) Reducerea vitezei de deplasare sau oprirea autovehiculelor, tramvaielor sau mopedelor pe partea carosabilă se semnalizează cu lumina roşie din spate. 


                    </div>","https://scoaladrpciv.ro/intrebari/categoria-a/depasirea"
"1790502462-229","https://scoaladrpciv.ro/intrebari/categoria-a","Este regulamentar efectuată depăşirea tractorului de către motocicletă?","C - nu, depăşirea este, în acest caz, interzisă.","","","A - da, deoarece motocicleta are gabarit mic şi poate depăşi oriunde;","B - da, deoarece din sens invers nu circulă niciun vehicul;","https://scoaladrpciv.ro/intrebare/este-regulamentar-efectuata-depasirea-tractorului-de-catre-motocicleta-a91f","https://scoaladrpciv.ro/storage/questions/92.jpeg","<div class="""">
                        Art. 120<br>(1) Se interzice depăşirea vehiculelor:<br>a) în intersecţii cu circulaţia nedirijată;<br>b) în apropierea vârfurilor de rampă, când vizibilitatea este redusă sub 50 m;<br>c) în curbe şi în orice alte locuri unde vizibilitatea este redusă sub 50 m;<br>d) pe pasaje denivelate, pe poduri, sub poduri şi în tuneluri. Prin excepţie, pot fi depăşite în aceste locuri vehiculele cu tracţiune animală, motocicletele fără ataş, mopedele şi bicicletele, dacă vizibilitatea asupra drumului este asigurată pe o distanţă mai mare de 20 m, iar lăţimea drumului este de cel puţin 7 m;<br>e) pe trecerile pentru pietoni semnalizate prin indicatoare şi marcaje;<br>f) pe trecerile la nivel cu calea ferată curentă şi la mai puţin de 50 m înainte de acestea;<br>g) în dreptul staţiei pentru tramvai, atunci când acesta este oprit, iar staţia nu este prevăzută cu refugiu pentru pietoni;<br>h) în zona de acţiune a indicatorului „Depăşirea interzisă“;<br>i) când pentru efectuarea manevrei se încalcă marcajul continuu, simplu sau dublu, care desparte sensurile de mers, iar autovehiculul circulă, chiar şi parţial, pe sensul opus, ori se încalcă marcajul care delimitează spaţiul de interzicere;<br>j) când din sens opus se apropie un alt vehicul, iar conducătorul acestuia este obligat să efectueze manevre de evitare a coliziunii;<br>k) pe sectorul de drum unde s-a format o coloană de vehicule în aşteptare, dacă prin aceasta se intră pe sensul opus de circulaţie. <br>(2) Se interzice depăşirea coloanei oficiale. 


                    </div>","https://scoaladrpciv.ro/intrebari/categoria-a/depasirea"
"1790502465-230","https://scoaladrpciv.ro/intrebari/categoria-a","Atunci când din sens invers circulă un alt vehicul, aveţi voie să depăşiţi?","A - da, dacă pentru efectuarea manevrei nu se trece peste axul drumului;","","","B - da, dacă acel vehicul se deplasează cât mai spre dreapta drumului;","C - nu.","https://scoaladrpciv.ro/intrebare/atunci-cand-din-sens-invers-circula-un-alt-vehicul-aveti-voie-sa-depasiti-f731","","<div class="""">
                        Art. 45<br>(1) Depasirea este manevra prin care un vehicul trece inaintea altui vehicul ori pe langa un obstacol, aflat pe acelasi sens de circulatie, prin schimbarea directiei de mers si iesirea de pe banda de circulatie sau din sirul de vehicule in care s-a aflat initial.<br>(2) Conducatorul vehiculului care se angajeaza in depasire trebuie sa se asigure ca vehiculul care circula in fata sau in spatele lui nu a initiat o asemenea manevra.<br>(3) Atunci cand prin manevra de depasire se trece peste axa care separa sensurile de circulatie, conducatorii de vehicule trebuie sa se asigure ca din sens opus nu se apropie un vehicul si ca dispun de spatiu suficient pentru a reintra pe banda initiala, unde au obligatia sa revina dupa efectuarea manevrei de depasire.<br>(4) Nu constituie depasire, in sensul alin.(1), situatia in care un vehicul circula mai repede pe una dintre benzi decat vehiculele care circula pe alta banda in acelasi sens de circulatie.<br>(5) Depasirea se efectueaza numai pe partea stanga a vehiculului depasit. Tramvaiul sau vehiculul al carui conducator a semnalizat intentia si s-a incadrat corespunzator parasirii sensului de mers spre stanga se depaseste prin partea dreapta.<br>(6) Tramvaiul aflat in mers poate fi depasit si pe partea stanga atunci cand drumul este cu sens unic sau cand intre sina din dreapta si marginea trotuarului nu exista spatiu suficient.


                    </div>","https://scoaladrpciv.ro/intrebari/categoria-a/depasirea"
"1790502467-231","https://scoaladrpciv.ro/intrebari/categoria-a","Motociclistul din imaginea alăturată s-a angajat regulamentar în depăşire?","B - da;","","","A - nu, deoarece la mică distanţă urmează o trecere la nivel cu calea ferată;","C - nu, deoarece vehiculul este prea lung.","https://scoaladrpciv.ro/intrebare/motociclistul-din-imaginea-alaturata-s-a-angajat-regulamentar-in-depasire-fac8","https://scoaladrpciv.ro/storage/questions/78.jpeg","<div class="""">
                        <br>Depășirea este interzisă, la o distanță de <b>50 de metri</b> față de trecerea de cale ferată. Cele două panouri adiționale din imagine sunt amplasate la 150, respectiv 100m. Marcajul longitudinal discontinuu permite depășirea. Motociclistul semnalizează intenția efectuării depășirii. Deci, depășirea este regulamentară.<br><br>Conducătorul de vehicul care efectuează depăşirea este obligat:<br>a) să se asigure că acela care îl urmează sau îl precedă nu a semnalizat intenţia începerii unei manevre similare şi că poate depăşi fără a pune în pericol sau fără a stânjeni circulaţia din sens opus;<br>b) să semnalizeze intenţia de efectuare a depăşirii;<br>c) să păstreze în timpul depăşirii o distanţă laterală suficientă faţă de vehiculul depăşit;<br>d) să reintre pe banda sau în şirul de circulaţie iniţial după ce a semnalizat şi s-a asigurat că poate efectua această manevră în condiţii de siguranţă pentru vehiculul depăşit şi pentru ceilalţi participanţi la trafic.


                    </div>","https://scoaladrpciv.ro/intrebari/categoria-a/depasirea"
"1790502469-232","https://scoaladrpciv.ro/intrebari/categoria-a","Motociclistul 1 din imaginea alăturată execută corect depăşirea?","A - da, procedează regulamentar;","","","B - nu, deoarece încalcă semnificaţia indicatorului;","C - nu, deoarece din sens invers se apropie un autoturism.","https://scoaladrpciv.ro/intrebare/motociclistul-1-din-imaginea-alaturata-executa-corect-depasirea-3101","https://scoaladrpciv.ro/storage/questions/60.jpeg","<div class="""">
                        Art. 120<br>(1) Se interzice depăşirea vehiculelor:<br>a) în intersecţii cu circulaţia nedirijată;<br>b) în apropierea vârfurilor de rampă, când vizibilitatea este redusă sub 50 m;<br>c) în curbe şi în orice alte locuri unde vizibilitatea este redusă sub 50 m;<br>d) pe pasaje denivelate, pe poduri, sub poduri şi în tuneluri. Prin excepţie, pot fi depăşite în aceste locuri vehiculele cu tracţiune animală, motocicletele fără ataş, mopedele şi bicicletele, dacă vizibilitatea asupra drumului este asigurată pe o distanţă mai mare de 20 m, iar lăţimea drumului este de cel puţin 7 m;<br>e) pe trecerile pentru pietoni semnalizate prin indicatoare şi marcaje;<br>f) pe trecerile la nivel cu calea ferată curentă şi la mai puţin de 50 m înainte de acestea;<br>g) în dreptul staţiei pentru tramvai, atunci când acesta este oprit, iar staţia nu este prevăzută cu refugiu pentru pietoni;<br>h) în zona de acţiune a indicatorului „Depăşirea interzisă“;<br>i) când pentru efectuarea manevrei se încalcă marcajul continuu, simplu sau dublu, care desparte sensurile de mers, iar autovehiculul circulă, chiar şi parţial, pe sensul opus, ori se încalcă marcajul care delimitează spaţiul de interzicere;<br>j) când din sens opus se apropie un alt vehicul, iar conducătorul acestuia este obligat să efectueze manevre de evitare a coliziunii;<br>k) pe sectorul de drum unde s-a format o coloană de vehicule în aşteptare, dacă prin aceasta se intră pe sensul opus de circulaţie. <br>(2) Se interzice depăşirea coloanei oficiale. 


                    </div>","https://scoaladrpciv.ro/intrebari/categoria-a/depasirea"
"1790502471-233","https://scoaladrpciv.ro/intrebari/categoria-a","Care este definiţia depăşirii?","B - trecerea unui vehicul înaintea altuia, aflat pe acelaşi sens de circulaţie, prin schimbarea direcţiei de mers sau ieşirea din banda pe care s-a aflat iniţial;","","","A - trecerea unui vehicul pe lângă altul, care circulă din sens opus;","C - trecerea unui vehicul pe lângă altul, care  circulă pe banda alăturată în aceeaşi direcţie de mers.","https://scoaladrpciv.ro/intrebare/care-este-definitia-depasirii-827e","","<div class="""">
                        Art. 45<br>(1) Depasirea este manevra prin care un vehicul trece inaintea altui vehicul ori pe langa un obstacol, aflat pe acelasi sens de circulatie, prin schimbarea directiei de mers si iesirea de pe banda de circulatie sau din sirul de vehicule in care s-a aflat initial.<br>(2) Conducatorul vehiculului care se angajeaza in depasire trebuie sa se asigure ca vehiculul care circula in fata sau in spatele lui nu a initiat o asemenea manevra.<br>(3) Atunci cand prin manevra de depasire se trece peste axa care separa sensurile de circulatie, conducatorii de vehicule trebuie sa se asigure ca din sens opus nu se apropie un vehicul si ca dispun de spatiu suficient pentru a reintra pe banda initiala, unde au obligatia sa revina dupa efectuarea manevrei de depasire.<br>(4) Nu constituie depasire, in sensul alin.(1), situatia in care un vehicul circula mai repede pe una dintre benzi decat vehiculele care circula pe alta banda in acelasi sens de circulatie.<br>(5) Depasirea se efectueaza numai pe partea stanga a vehiculului depasit. Tramvaiul sau vehiculul al carui conducator a semnalizat intentia si s-a incadrat corespunzator parasirii sensului de mers spre stanga se depaseste prin partea dreapta.<br>(6) Tramvaiul aflat in mers poate fi depasit si pe partea stanga atunci cand drumul este cu sens unic sau cand intre sina din dreapta si marginea trotuarului nu exista spatiu suficient.


                    </div>","https://scoaladrpciv.ro/intrebari/categoria-a/depasirea"
"1790502474-234","https://scoaladrpciv.ro/intrebari/categoria-a","Motociclistul din imagine depăşeşte corect cele două autovehicule?","A - nu, deoarece Regulamentul interzice această manevră;","","","B - nu, deoarece se află la mai puţin de 50 m de colţul intersecţiei;","C - da, deoarece indicatorul nu interzice acest lucru.","https://scoaladrpciv.ro/intrebare/motociclistul-din-imagine-depaseste-corect-cele-doua-autovehicule-03de","https://scoaladrpciv.ro/storage/questions/34.jpeg","<div class="""">
                        Art. 45<br>(1) Depasirea este manevra prin care un vehicul trece inaintea altui vehicul ori pe langa un obstacol, aflat pe acelasi sens de circulatie, prin schimbarea directiei de mers si iesirea de pe banda de circulatie sau din sirul de vehicule in care s-a aflat initial.<br>(2) Conducatorul vehiculului care se angajeaza in depasire trebuie sa se asigure ca vehiculul care circula in fata sau in spatele lui nu a initiat o asemenea manevra.<br>(3) Atunci cand prin manevra de depasire se trece peste axa care separa sensurile de circulatie, conducatorii de vehicule trebuie sa se asigure ca din sens opus nu se apropie un vehicul si ca dispun de spatiu suficient pentru a reintra pe banda initiala, unde au obligatia sa revina dupa efectuarea manevrei de depasire.<br>(4) Nu constituie depasire, in sensul alin.(1), situatia in care un vehicul circula mai repede pe una dintre benzi decat vehiculele care circula pe alta banda in acelasi sens de circulatie.<br>(5) Depasirea se efectueaza numai pe partea stanga a vehiculului depasit. Tramvaiul sau vehiculul al carui conducator a semnalizat intentia si s-a incadrat corespunzator parasirii sensului de mers spre stanga se depaseste prin partea dreapta.<br>(6) Tramvaiul aflat in mers poate fi depasit si pe partea stanga atunci cand drumul este cu sens unic sau cand intre sina din dreapta si marginea trotuarului nu exista spatiu suficient.


                    </div>","https://scoaladrpciv.ro/intrebari/categoria-a/depasirea"
"1790502476-235","https://scoaladrpciv.ro/intrebari/categoria-a","Motociclistul din imagine depăşeşte corect autocamionul?","B - da, deoarece din sens invers nu se apropie niciun vehicul;","","","A - nu, deoarece a trecut de axul drumului;","C - nu, deoarece indicatorul din imagine interzice depăşirea.","https://scoaladrpciv.ro/intrebare/motociclistul-din-imagine-depaseste-corect-autocamionul-e442","https://scoaladrpciv.ro/storage/questions/21.jpeg","<div class="""">
                        Indicatorul din imagine le interzice doar autovehiculelor destinate transportului de mărfuri să depășească; motociclistul s-a asigurat, a semnalizat; din sens invers nu se apropie nici un vehicul. Deci, depășirea este efectuată corect.


                    </div>","https://scoaladrpciv.ro/intrebari/categoria-a/depasirea"
"1790502478-236","https://scoaladrpciv.ro/intrebari/categoria-a","Care dintre conducători procedează neregulamentar?","C - motociclistul, deoarece nu s-a apropiat de marginea din dreapta a drumului, cu toate că a fost semnalizat că urmează să fie depăşit.","","","A - ambii conducători;","B - niciunul;","https://scoaladrpciv.ro/intrebare/care-dintre-conducatori-procedeaza-neregulamentar-9a04","https://scoaladrpciv.ro/storage/questions/14.jpeg","<div class="""">
                        Art. 119<br>Conducătorul de vehicul care urmează să fie depăşit este obligat:<br>a) să nu mărească viteza de deplasare;<br>b) să circule cât mai aproape de marginea din dreapta a părţii carosabile sau a benzii pe care se deplasează. 


                    </div>","https://scoaladrpciv.ro/intrebari/categoria-a/depasirea"
"1790502481-237","https://scoaladrpciv.ro/intrebari/categoria-a","Este corectă depăşirea efectuată de motociclistul din imagine?","B - da, procedează regulamentar;","","","A - nu, deoarece se află la mai puţin de 50 m de colţul intersecţiei;","C - nu, deoarece din sens invers circulă un alt autovehicul.","https://scoaladrpciv.ro/intrebare/este-corecta-depasirea-efectuata-de-motociclistul-din-imagine-6e4c","https://scoaladrpciv.ro/storage/questions/9.jpeg","<div class="""">
                        Art. 45<br>(1) Depasirea este manevra prin care un vehicul trece inaintea altui vehicul ori pe langa un obstacol, aflat pe acelasi sens de circulatie, prin schimbarea directiei de mers si iesirea de pe banda de circulatie sau din sirul de vehicule in care s-a aflat initial.<br>(2) Conducatorul vehiculului care se angajeaza in depasire trebuie sa se asigure ca vehiculul care circula in fata sau in spatele lui nu a initiat o asemenea manevra.<br>(3) Atunci cand prin manevra de depasire se trece peste axa care separa sensurile de circulatie, conducatorii de vehicule trebuie sa se asigure ca din sens opus nu se apropie un vehicul si ca dispun de spatiu suficient pentru a reintra pe banda initiala, unde au obligatia sa revina dupa efectuarea manevrei de depasire.<br>(4) Nu constituie depasire, in sensul alin.(1), situatia in care un vehicul circula mai repede pe una dintre benzi decat vehiculele care circula pe alta banda in acelasi sens de circulatie.<br>(5) Depasirea se efectueaza numai pe partea stanga a vehiculului depasit. Tramvaiul sau vehiculul al carui conducator a semnalizat intentia si s-a incadrat corespunzator parasirii sensului de mers spre stanga se depaseste prin partea dreapta.<br>(6) Tramvaiul aflat in mers poate fi depasit si pe partea stanga atunci cand drumul este cu sens unic sau cand intre sina din dreapta si marginea trotuarului nu exista spatiu suficient.


                    </div>","https://scoaladrpciv.ro/intrebari/categoria-a/depasirea"
"1790502483-238","https://scoaladrpciv.ro/intrebari/categoria-a","Motociclistul depăşeşte corect autocamionul?","B - nu, deoarece din sens invers se apropie un autovehicul;","","","A - da, depăşirea este, în acest caz, regulamentară;","C - nu, deoarece indicatorul interzice depăşirea.","https://scoaladrpciv.ro/intrebare/motociclistul-depaseste-corect-autocamionul-48c4","https://scoaladrpciv.ro/storage/questions/5.jpeg","<div class="""">
                        <p>Art. 120<br>(1) Se interzice depăşirea vehiculelor:<br>a) în intersecţii cu circulaţia nedirijată;<br>b) în apropierea vârfurilor de rampă, când vizibilitatea este redusă sub 50 m;<br>c) în curbe şi în orice alte locuri unde vizibilitatea este redusă sub 50 m;<br>d) pe pasaje denivelate, pe poduri, sub poduri şi în tuneluri. Prin excepţie, pot fi depăşite în aceste locuri vehiculele cu tracţiune animală, motocicletele fără ataş, mopedele şi bicicletele, dacă vizibilitatea asupra drumului este asigurată pe o distanţă mai mare de 20 m, iar lăţimea drumului este de cel puţin 7 m;<br>e) pe trecerile pentru pietoni semnalizate prin indicatoare şi marcaje;<br>f) pe trecerile la nivel cu calea ferată curentă şi la mai puţin de 50 m înainte de acestea;<br>g) în dreptul staţiei pentru tramvai, atunci când acesta este oprit, iar staţia nu este prevăzută cu refugiu pentru pietoni;<br>h) în zona de acţiune a indicatorului „Depăşirea interzisă“;<br><span style=""background-color:hsl(60, 75%, 60%);"">i) când pentru efectuarea manevrei se încalcă marcajul continuu, simplu sau dublu, care desparte sensurile de mers, iar autovehiculul circulă, chiar şi parţial, pe sensul opus, ori se încalcă marcajul care delimitează spaţiul de interzicere;</span><br>j) când din sens opus se apropie un alt vehicul, iar conducătorul acestuia este obligat să efectueze manevre de evitare a coliziunii;<br>k) pe sectorul de drum unde s-a format o coloană de vehicule în aşteptare, dacă prin aceasta se intră pe sensul opus de circulaţie.&nbsp;<br>(2) Se interzice depăşirea coloanei oficiale.</p>


                    </div>","https://scoaladrpciv.ro/intrebari/categoria-a/depasirea"
"1790502488-239","https://scoaladrpciv.ro/intrebari/categoria-a","În care dintre situaţii conducătorul unei motociclete este obligat, pe timp de noapte, să schimbe lumina de drum cu cea de întâlnire?","C - în cazul în care din sens opus se apropie un autovehicul, de la o distanţă de cel puţin 200 m.","","","A - când drumul este neiluminat;","B - când circulă în localitate, pe un drum cu mai multe benzi pe sens;","https://scoaladrpciv.ro/intrebare/in-care-dintre-situatii-conducatorul-unei-motociclete-este-obligat-pe-timp-de-noapte-sa-schimbe-lumina-de-drum-cu-cea-de-intalnire-4cdb","","<div class="""">
                        Art. 114.<br>(1) Conducătorii de autovehicule, tramvaie şi mopede sunt obligaţi să folosească instalaţiile de iluminare şi/sau semnalizare a acestora, după cum urmează:<br>a) luminile de poziţie sau de staţionare pe timpul imobilizării vehiculului pe partea carosabilă în afara localităţilor, de la lăsarea serii şi până în zorii zilei, ziua când plouă torenţial, ninge abundent sau este ceaţă densă ori în alte condiţii care reduc vizibilitatea pe drumul public;<br>b) luminile de întâlnire sau de drum, în mers, atât în localităţi, cât şi în afara acestora, după gradul de iluminare a drumului public;<br>c) luminile de întâlnire şi cele de ceaţă pe timp de ceaţă densă;<br>d) luminile de întâlnire ale autovehiculelor care însoţesc coloane militare sau cortegii, transportă grupuri organizate de persoane şi cele care tractează alte vehicule sau care transportă mărfuri ori produse periculoase, în timpul zilei;<br>e) luminile de întâlnire atunci când plouă torenţial, ninge abundent ori în alte condiţii care reduc vizibilitatea pe drum;<br>f) luminile pentru mersul înapoi atunci când vehiculul este manevrat către înapoi;<br>g) luminile indicatoare de direcţie pentru semnalizarea schimbării direcţiei de mers, inclusiv la punerea în mişcare a vehiculului de pe loc. <br>(2) Pe timpul nopţii, la apropierea a două vehicule care circulă din sensuri opuse, conducătorii acestora sunt obligaţi ca de la o distanţă de cel puţin 200 m să folosească luminile de întâlnire concomitent cu reducerea vitezei. Când conducătorul de autovehicul se apropie de un autovehicul care circulă în faţa sa, acesta este obligat sa folosească luminile de întâlnire de la o distanţă de cel puţin 100 m. <br><br>(3) Pe timpul nopţii sau în condiţii de vizibilitate redusă conducătorii de autovehicule şi tramvaie care se apropie de o intersecţie nedirijată prin semnale luminoase sau de către poliţişti sunt obligaţi să semnalizeze prin folosirea alternantă a luminilor de întâlnire cu cele de drum dacă nu încalcă astfel prevederile alin. (2). <br>(4) Pe timpul nopţii sau în condiţii de vizibilitate redusă autovehiculele sau remorcile cu defecţiuni la sistemul de iluminare şi semnalizare luminoasă nu pot fi conduse sau remorcate fără a avea în funcţiune pe partea stângă, în faţă o lumină de întâlnire şi în spate una de poziţie. <br>(5) Luminile de avarie se folosesc în următoarele situaţii:<br>a) când vehiculul este imobilizat involuntar pe partea carosabilă;<br>b) când vehiculul se deplasează foarte lent şi/sau constituie el însuşi un pericol pentru ceilalţi participanţi la trafic;<br>c) când autovehiculul sau tramvaiul este remorcat. <br>(6) În situaţiile prevăzute la alin. (5), conducătorii de autovehicule, tramvaie sau mopede trebuie să pună în funcţiune luminile de avarie, în mod succesiv, în ordinea opririi şi în cazul în care această manevră este impusă de blocarea circulaţiei pe sensul de mers. <br>(7) Când circulă prin tunel conducătorul de vehicul este obligat să folosească luminile de întâlnire. 


                    </div>","https://scoaladrpciv.ro/intrebari/categoria-a/pozitia-in-timpul-mersului-si-semnalele-conducatorilor-de-autovehicule"
"1790502490-240","https://scoaladrpciv.ro/intrebari/categoria-a","Cum trebuie să procedaţi când ajungeţi în spatele unui tramvai oprit într-o staţie fără refugiu pentru pietoni?","B - să opriţi în spatele acestuia şi să vă reluaţi deplasarea numai după ce uşile tramvaiului au fost închise;","","","A - să opriţi în dreptul ultimei uşi;","C - să reduceţi viteza şi să vă continuaţi deplasarea.","https://scoaladrpciv.ro/intrebare/cum-trebuie-sa-procedati-cand-ajungeti-in-spatele-unui-tramvai-oprit-intr-o-statie-fara-refugiu-pentru-pietoni-d8a3","","<div class="""">
                        Art. 107<br>(1) La intersecţiile prevăzute cu indicatoare şi/sau cu marcaje pentru semnalizarea direcţiei de mers, conducătorii de vehicule trebuie să se încadreze pe benzile corespunzătoare direcţiei de mers voite cu cel puţin 50 m înainte de intersecţie şi sunt obligaţi să respecte semnificaţia indicatoarelor şi marcajelor. <br>(2) La intersecţiile fără marcaje de delimitare a benzilor, conducătorii vehiculelor ocupă în mers, cu cel puţin 50 m înainte de intersecţie, următoarele poziţii:<br>a) rândul de lângă bordură sau acostament, cei care vor să schimbe direcţia de mers spre dreapta;<br>b) rândul de lângă axa drumului sau de lângă marcajul de separare a sensurilor, cei care vor să schimbe direcţia de mers spre stânga. Când circulaţia se desfăşoară pe drumuri cu sens unic, conducătorii de vehicule care intenţionează să vireze la stânga sunt obligaţi să ocupe rândul de lângă bordura sau acostamentul din partea stângă;<br>c) oricare dintre rânduri, cei care vor să meargă înainte. <br>(3) Dacă în intersecţie circulă şi tramvaie, iar spaţiul dintre şina din dreapta şi trotuar nu permite circulaţia pe două sau mai multe rânduri, toţi conducătorii de vehicule, indiferent de direcţia de deplasare, vor circula pe un singur rând, lăsând liber traseul tramvaiului. <br>(4) În cazul în care tramvaiul este oprit într-o staţie fără refugiu pentru pietoni, vehiculele trebuie să oprească în ordinea sosirii, în spatele acestuia, şi să îşi reia deplasarea numai după ce uşile tramvaiului au fost închise şi s-au asigurat că nu pun în pericol siguranţa pietonilor angajaţi în traversarea drumului public. 


                    </div>","https://scoaladrpciv.ro/intrebari/categoria-a/pozitia-in-timpul-mersului-si-semnalele-conducatorilor-de-autovehicule"
"1790502492-241","https://scoaladrpciv.ro/intrebari/categoria-a","Schimbarea repetată a luminii de drum cu lumina de întâlnire se foloseşte pe timp de noapte:","A - în intersecţiile care nu sunt dirijate prin semnale luminoase sau de către un poliţist rutier;","","","B - la semnalizarea conducătorului de motocicletă care s-a angajat într-o depăşire periculoasă;","C - la întâlnirea vehiculelor care vin din sens opus.","https://scoaladrpciv.ro/intrebare/schimbarea-repetata-a-luminii-de-drum-cu-lumina-de-intalnire-se-foloseste-pe-timp-de-noapte-800c","","<div class="""">
                        Art. 114<br>(1) Conducătorii de autovehicule, tramvaie şi mopede sunt obligaţi să folosească instalaţiile de iluminare şi/sau semnalizare a acestora, după cum urmează:<br>a) luminile de poziţie sau de staţionare pe timpul imobilizării vehiculului pe partea carosabilă în afara localităţilor, de la lăsarea serii şi până în zorii zilei, ziua când plouă torenţial, ninge abundent sau este ceaţă densă ori în alte condiţii care reduc vizibilitatea pe drumul public;<br>b) luminile de întâlnire sau de drum, în mers, atât în localităţi, cât şi în afara acestora, după gradul de iluminare a drumului public;<br>c) luminile de întâlnire şi cele de ceaţă pe timp de ceaţă densă;<br>d) luminile de întâlnire ale autovehiculelor care însoţesc coloane militare sau cortegii, transportă grupuri organizate de persoane şi cele care tractează alte vehicule sau care transportă mărfuri ori produse periculoase, în timpul zilei;<br>e) luminile de întâlnire atunci când plouă torenţial, ninge abundent ori în alte condiţii care reduc vizibilitatea pe drum;<br>f) luminile pentru mersul înapoi atunci când vehiculul este manevrat către înapoi;<br>g) luminile indicatoare de direcţie pentru semnalizarea schimbării direcţiei de mers, inclusiv la punerea în mişcare a vehiculului de pe loc. <br>(2) Pe timpul nopţii, la apropierea a două vehicule care circulă din sensuri opuse, conducătorii acestora sunt obligaţi ca de la o distanţă de cel puţin 200 m să folosească luminile de întâlnire concomitent cu reducerea vitezei. Când conducătorul de autovehicul se apropie de un autovehicul care circulă în faţa sa, acesta este obligat sa folosească luminile de întâlnire de la o distanţă de cel puţin 100 m. <br>(3) Pe timpul nopţii sau în condiţii de vizibilitate redusă conducătorii de autovehicule şi tramvaie care se apropie de o intersecţie nedirijată prin semnale luminoase sau de către poliţişti sunt obligaţi să semnalizeze prin folosirea alternantă a luminilor de întâlnire cu cele de drum dacă nu încalcă astfel prevederile alin. (2). <br><br>(4) Pe timpul nopţii sau în condiţii de vizibilitate redusă autovehiculele sau remorcile cu defecţiuni la sistemul de iluminare şi semnalizare luminoasă nu pot fi conduse sau remorcate fără a avea în funcţiune pe partea stângă, în faţă o lumină de întâlnire şi în spate una de poziţie. <br>(5) Luminile de avarie se folosesc în următoarele situaţii:<br>a) când vehiculul este imobilizat involuntar pe partea carosabilă;<br>b) când vehiculul se deplasează foarte lent şi/sau constituie el însuşi un pericol pentru ceilalţi participanţi la trafic;<br>c) când autovehiculul sau tramvaiul este remorcat. <br>(6) În situaţiile prevăzute la alin. (5), conducătorii de autovehicule, tramvaie sau mopede trebuie să pună în funcţiune luminile de avarie, în mod succesiv, în ordinea opririi şi în cazul în care această manevră este impusă de blocarea circulaţiei pe sensul de mers. <br>(7) Când circulă prin tunel conducătorul de vehicul este obligat să folosească luminile de întâlnire. 


                    </div>","https://scoaladrpciv.ro/intrebari/categoria-a/pozitia-in-timpul-mersului-si-semnalele-conducatorilor-de-autovehicule"
"1790502495-242","https://scoaladrpciv.ro/intrebari/categoria-a","De la ce distanţă trebuie să folosească conducătorul unei motociclete mijloacele de avertizare sonoră, pentru a preveni pietonii şi pe ceilalţi conducători de vehicule?","C - de la cel puţin 25 m de aceştia.","","","A - legea nu prevede o anumită distanţă;","B - de la cel mult 30 m de aceştia;","https://scoaladrpciv.ro/intrebare/de-la-ce-distanta-trebuie-sa-foloseasca-conducatorul-unei-motociclete-mijloacele-de-avertizare-sonora-pentru-a-preveni-pietonii-si-pe-ceilalti-conducatori-de-vehicule-af41","","<div class="""">
                        Art. 113<br>(1) Mijloacele de avertizare sonoră trebuie folosite de la o distanţă de cel puţin 25 m faţă de cei cărora li se adresează, pe o durată de timp care să asigure perceperea semnalului şi fără să îi determine pe aceştia la manevre ce pot pune în pericol siguranţa circulaţiei. <br>(2) Semnalizarea cu mijloacele de avertizare sonoră nu poate fi folosită în zonele de acţiune a indicatorului „Claxonarea interzisă“. <br>(3) Se exceptează de la prevederile alin. (2):<br>a) conducătorii autovehiculelor cu regim de circulaţie prioritară când se deplasează în acţiuni de intervenţii sau în misiuni care au caracter de urgenţă;<br>b) conducătorii autovehiculelor care folosesc acest semnal pentru evitarea unui pericol imediat. 


                    </div>","https://scoaladrpciv.ro/intrebari/categoria-a/pozitia-in-timpul-mersului-si-semnalele-conducatorilor-de-autovehicule"
"1790502497-243","https://scoaladrpciv.ro/intrebari/categoria-a","Schimbarea direcţiei de mers spre stânga, într-o intersecţie neprevăzută cu marcaje de ghidare, se face:","B - prin stânga centrului imaginar al intersecţiei, fără a intersecta traiectoria celor care se deplasează din sens opus şi care virează la stânga;","","","A - prin ocolirea centrului imaginar al intersecţiei;","C - la libera înţelegere cu cei care se deplasează din sens opus.","https://scoaladrpciv.ro/intrebare/schimbarea-directiei-de-mers-spre-stanga-intr-o-intersectie-neprevazuta-cu-marcaje-de-ghidare-se-face-ade2","","<div class="""">
                        (1) În situaţiile în care există benzi speciale pentru executarea manevrei, schimbarea direcţiei de deplasare se face prin stânga centrului imaginar al intersecţiei, iar dacă există un marcaj de ghidare, cu respectarea semnificaţiei acestuia.<br>(2) Schimbarea direcţiei de mers spre stânga, în cazul vehiculelor care intră într-o intersecţie circulând pe acelaşi drum în aliniament, dar din sensuri opuse, se efectuează prin stânga centrului intersecţiei, fără intersectarea traiectoriei acestora.<br>(3) Amenajările rutiere sau obstacolele din zona mediană a părţii carosabile se ocolesc prin partea dreaptă.


                    </div>","https://scoaladrpciv.ro/intrebari/categoria-a/pozitia-in-timpul-mersului-si-semnalele-conducatorilor-de-autovehicule"
"1790502499-244","https://scoaladrpciv.ro/intrebari/categoria-a","Sunteţi obligat să folosiţi luminile de întâlnire în timpul zilei:","A - pe toate categoriile de drumuri;","","","B - numai pe drumurile judeţene, comunale şi locale;","C - numai pe autostrăzi.","https://scoaladrpciv.ro/intrebare/sunteti-obligat-sa-folositi-luminile-de-intalnire-in-timpul-zilei-3d2b","","<div class="""">
                        Art. 44<br>(1) In circulatia pe drumurile publice conducatorii de vehicule pot folosi, in conditiile prevazute de regulament, mijloacele de avertizare sonora si luminoasa aflate in dotare si omologate.<br>(2) In circulatia pe autostrazi, pe drumurile expres si cele nationale europene (E) conducatorii de autovehicule sunt obligati sa foloseasca si in timpul zilei luminile de intalnire.<br>(3) Conducatorii motocicletelor si mopedelor sunt obligati sa foloseasca luminile de intalnire pe toata durata deplasarii acestora pe drumurile publice.<br>(4) In circulatia pe drumurile publice se interzice detinerea la vedere, montarea si folosirea mijloacelor speciale de avertizare sonora si luminoasa pe si in alte autovehicule decat cele prevazute la art.32 alin.(2), precum si detinerea, montarea sau folosirea pe autovehicule a sistemelor care perturba buna functionare a dispozitivelor de supraveghere a traficului.<br>(5) Conducatorii de autovehicule pot fi avertizati de politia rutiera in legatura cu prezenta in trafic a dispozitivelor de masurare a vitezei, prin mass-media sau panouri de avertizare. Conducatorii de autovehicule pot folosi mijloace proprii de detectare a dispozitivelor de masurare a vitezei.


                    </div>","https://scoaladrpciv.ro/intrebari/categoria-a/pozitia-in-timpul-mersului-si-semnalele-conducatorilor-de-autovehicule"
"1790502501-245","https://scoaladrpciv.ro/intrebari/categoria-a","Când este interzisă schimbarea direcţiei de mers la dreapta, deşi este în funcţiune semnalul verde?","C - când banda pe care se află încadrat conducătorul motocicletei este marcată cu săgeţi direcţionale care indică mersul înainte.","","","A - când semaforul nu este însoţit de un panou adiţional ce conţine o săgeată cu vârful către dreapta;","B - când la dreapta se află o stradă cu sens unic;","https://scoaladrpciv.ro/intrebare/cand-este-interzisa-schimbarea-directiei-de-mers-la-dreapta-desi-este-in-functiune-semnalul-verde-7c63","","<div class="""">
                        Art. 107<br>(1) La intersecţiile prevăzute cu indicatoare şi/sau cu marcaje pentru semnalizarea direcţiei de mers, conducătorii de vehicule trebuie să se încadreze pe benzile corespunzătoare direcţiei de mers voite cu cel puţin 50 m înainte de intersecţie şi sunt obligaţi să respecte semnificaţia indicatoarelor şi marcajelor. <br>(2) La intersecţiile fără marcaje de delimitare a benzilor, conducătorii vehiculelor ocupă în mers, cu cel puţin 50 m înainte de intersecţie, următoarele poziţii:<br>a) rândul de lângă bordură sau acostament, cei care vor să schimbe direcţia de mers spre dreapta;<br>b) rândul de lângă axa drumului sau de lângă marcajul de separare a sensurilor, cei care vor să schimbe direcţia de mers spre stânga. Când circulaţia se desfăşoară pe drumuri cu sens unic, conducătorii de vehicule care intenţionează să vireze la stânga sunt obligaţi să ocupe rândul de lângă bordura sau acostamentul din partea stângă;<br>c) oricare dintre rânduri, cei care vor să meargă înainte. <br>(3) Dacă în intersecţie circulă şi tramvaie, iar spaţiul dintre şina din dreapta şi trotuar nu permite circulaţia pe două sau mai multe rânduri, toţi conducătorii de vehicule, indiferent de direcţia de deplasare, vor circula pe un singur rând, lăsând liber traseul tramvaiului. <br>(4) În cazul în care tramvaiul este oprit într-o staţie fără refugiu pentru pietoni, vehiculele trebuie să oprească în ordinea sosirii, în spatele acestuia, şi să îşi reia deplasarea numai după ce uşile tramvaiului au fost închise şi s-au asigurat că nu pun în pericol siguranţa pietonilor angajaţi în traversarea drumului public. 


                    </div>","https://scoaladrpciv.ro/intrebari/categoria-a/pozitia-in-timpul-mersului-si-semnalele-conducatorilor-de-autovehicule"
"1790502504-246","https://scoaladrpciv.ro/intrebari/categoria-a","Pe drumul public cu cel mult două benzi pe sens şi cu o a treia bandă pe care este amplasată linia tramvaiului lângă axa drumului, conducătorii de motociclete:","A - pot folosi banda pe care este amplasată linia tramvaiului, fără să incomodeze circulaţia acestuia;","","","B - nu pot folosi banda pe care este amplasată linia tramvaiului;","C - legal, nu este prevăzut.","https://scoaladrpciv.ro/intrebare/pe-drumul-public-cu-cel-mult-doua-benzi-pe-sens-si-cu-o-a-treia-banda-pe-care-este-amplasata-linia-tramvaiului-langa-axa-drumului-conducatorii-de-motociclete-8adf","","<div class="""">
                        Art. 103<br>Pe drumul public cu cel mult două benzi pe sens şi cu o a treia bandă pe care este amplasată linia tramvaiului lângă axa drumului, conducătorii de vehicule pot folosi această bandă, cu obligaţia să lase liberă calea tramvaiului, la apropierea acestuia. 


                    </div>","https://scoaladrpciv.ro/intrebari/categoria-a/pozitia-in-timpul-mersului-si-semnalele-conducatorilor-de-autovehicule"
"1790502506-247","https://scoaladrpciv.ro/intrebari/categoria-a","În care dintre situaţii se poate folosi semnalizarea cu mijloace de avertizare sonoră într-o localitate în care claxonatul este interzis?","C - ori de câte ori este necesar, pentru evitarea unui pericol imediat.","","","A - la trecerile pentru pietoni;","B - în intersecţiile nedirijate;","https://scoaladrpciv.ro/intrebare/in-care-dintre-situatii-se-poate-folosi-semnalizarea-cu-mijloace-de-avertizare-sonora-intr-o-localitate-in-care-claxonatul-este-interzis-0b10","","<div class="""">
                        Art. 113<br>(1) Mijloacele de avertizare sonoră trebuie folosite de la o distanţă de cel puţin 25 m faţă de cei cărora li se adresează, pe o durată de timp care să asigure perceperea semnalului şi fără să îi determine pe aceştia la manevre ce pot pune în pericol siguranţa circulaţiei. <br>(2) Semnalizarea cu mijloacele de avertizare sonoră nu poate fi folosită în zonele de acţiune a indicatorului „Claxonarea interzisă“. <br>(3) Se exceptează de la prevederile alin. (2):<br>a) conducătorii autovehiculelor cu regim de circulaţie prioritară când se deplasează în acţiuni de intervenţii sau în misiuni care au caracter de urgenţă;<br>b) conducătorii autovehiculelor care folosesc acest semnal pentru evitarea unui pericol imediat. 


                    </div>","https://scoaladrpciv.ro/intrebari/categoria-a/pozitia-in-timpul-mersului-si-semnalele-conducatorilor-de-autovehicule"
"1790502508-248","https://scoaladrpciv.ro/intrebari/categoria-a","Ce obligaţii are un motociclist care intenţionează să intre pe prima stradă la dreapta, într-o intersecţie cu sens giratoriu?","B - semnalizează intenţia de a executa manevra, se asigură, se angajează cât mai aproape de marginea din dreapta, apoi intră pe strada respectivă;","","","A - ocoleşte sensul giratoriu, apoi schimbă direcţia de mers spre dreapta;","C - opreşte motocicleta, se asigură şi execută schimbarea direcţiei de mers spre dreapta.","https://scoaladrpciv.ro/intrebare/ce-obligatii-are-un-motociclist-care-intentioneaza-sa-intre-pe-prima-strada-la-dreapta-intr-o-intersectie-cu-sens-giratoriu-0296","","<div class="""">
                        Art. 41<br>(1) Vehiculele si animalele, atunci cand circula pe drumurile publice pe care le este permis accesul, trebuie conduse pe partea din dreapta a drumului public, in sensul de circulatie, cat mai aproape de marginea partii carosabile, cu respectarea semnificatiei semnalizarii rutiere si a regulilor de circulatie.<br>(2) Numerotarea benzilor de circulatie pe fiecare sens se efectueaza in ordine crescatoare de la marginea din partea dreapta a drumului catre axa acestuia. In cazul autostrazilor, banda de urgenta nu intra in numerotarea benzilor de circulatie.<br>(3) Daca un drum este prevazut cu o pista speciala destinata circulatiei bicicletelor, acestea, precum si mopedele vor fi conduse numai pe pista respectiva.<br><br>Art. 116<br>(1) Conducătorii de vehicule sunt obligaţi să semnalizeze schimbarea direcţiei de deplasare, depăşirea, oprirea şi punerea în mişcare. <br>(2) Intenţia conducătorilor de autovehicule, tramvaie sau mopede de a schimba direcţia de mers, de a ieşi dintr-un rând de vehicule staţionate sau de a intra într-un asemenea rând, de a trece pe o altă bandă de circulaţie sau de a vira spre dreapta ori spre stânga sau care urmează să efectueze întoarcere, depăşire ori oprire se semnalizează prin punerea în funcţiune a luminilor indicatoare de direcţie cu cel puţin 50 m în localităţi şi 100 m în afara localităţilor, înainte de începerea efectuării manevrelor. <br>(3) Reducerea vitezei de deplasare sau oprirea autovehiculelor, tramvaielor sau mopedelor pe partea carosabilă se semnalizează cu lumina roşie din spate. 


                    </div>","https://scoaladrpciv.ro/intrebari/categoria-a/pozitia-in-timpul-mersului-si-semnalele-conducatorilor-de-autovehicule"
"1790502510-249","https://scoaladrpciv.ro/intrebari/categoria-a","Ce obligaţie îi revine conducătorului unei motociclete care schimbă direcţia de mers la dreapta, la semnalul verde al semaforului, în timp ce pietonii sunt angajaţi la rândul lor în traversare?","A - să semnalizeze schimbarea direcţiei de mers şi să acorde prioritate de trecere pietonilor angajaţi în traversarea străzii pe care urmează să intre;","","","B - să semnalizeze schimbarea direcţiei de mers şi să-şi continue deplasarea cu prudenţă, pietonii fiind obligaţi să-i cedeze trecerea;","C - să semnalizeze schimbarea direcţiei de mers şi să păstreze o distanţă laterală suficientă faţă de bordura din dreapta.","https://scoaladrpciv.ro/intrebare/ce-obligatie-ii-revine-conducatorului-unei-motociclete-care-schimba-directia-de-mers-la-dreapta-la-semnalul-verde-al-semaforului-in-timp-ce-pietonii-sunt-angajati-la-randul-lor-in-traversare-3b96","","<div class="""">
                        Art. 116<br>(1) Conducătorii de vehicule sunt obligaţi să semnalizeze schimbarea direcţiei de deplasare, depăşirea, oprirea şi punerea în mişcare. <br>(2) Intenţia conducătorilor de autovehicule, tramvaie sau mopede de a schimba direcţia de mers, de a ieşi dintr-un rând de vehicule staţionate sau de a intra într-un asemenea rând, de a trece pe o altă bandă de circulaţie sau de a vira spre dreapta ori spre stânga sau care urmează să efectueze întoarcere, depăşire ori oprire se semnalizează prin punerea în funcţiune a luminilor indicatoare de direcţie cu cel puţin 50 m în localităţi şi 100 m în afara localităţilor, înainte de începerea efectuării manevrelor. <br>(3) Reducerea vitezei de deplasare sau oprirea autovehiculelor, tramvaielor sau mopedelor pe partea carosabilă se semnalizează cu lumina roşie din spate. <br><br>Art. 135<br>Conducătorul de vehicul este obligat să acorde prioritate de trecere şi în următoarele situaţii:<br>a) la intersecţia nedirijată atunci când pătrunde pe un drum naţional venind de pe un drum judeţean, comunal sau local;<br>b) la intersecţia nedirijată atunci când pătrunde pe un drum judeţean venind de pe un drum comunal sau local;<br>c) la intersecţia nedirijată atunci când pătrunde pe un drum comunal venind de pe un drum local;<br>d) când urmează să pătrundă într-o intersecţie cu circulaţie în sens giratoriu faţă de cel care circulă în interiorul acesteia;<br>e) când circulă în pantă faţă de cel care urcă, dacă pe sensul de mers al celui care urcă se află un obstacol imobil. În această situaţie manevra nu este considerată depăşire în sensul prevederilor art. 120 lit. j);<br>f) când se pune în mişcare sau la pătrunderea pe drumul public venind de pe o proprietate alăturată acestuia faţă de vehiculul care circulă pe drumul public, indiferent de direcţia de deplasare;<br>g) când efectuează un viraj spre stânga sau spre dreapta şi se intersectează cu un biciclist care circulă pe o pistă pentru biciclete, semnalizată ca atare;<br>h) pietonului care traversează drumul public, prin loc special amenajat, marcat şi semnalizat corespunzător ori la culoarea verde a semaforului destinat lui, atunci când acesta se află pe sensul de mers al vehiculului. 


                    </div>","https://scoaladrpciv.ro/intrebari/categoria-a/pozitia-in-timpul-mersului-si-semnalele-conducatorilor-de-autovehicule"
"1790502513-250","https://scoaladrpciv.ro/intrebari/categoria-a","În localitate sunteţi obligat să semnalizaţi schimbarea direcţiei de mers de la:","A - cel puţin 50 m;","","","B - 25 m;","C - 100 m.","https://scoaladrpciv.ro/intrebare/in-localitate-sunteti-obligat-sa-semnalizati-schimbarea-directiei-de-mers-de-la-68bc","","<div class="""">
                        Art. 116<br>(1) Conducătorii de vehicule sunt obligaţi să semnalizeze schimbarea direcţiei de deplasare, depăşirea, oprirea şi punerea în mişcare. <br>(2) Intenţia conducătorilor de autovehicule, tramvaie sau mopede de a schimba direcţia de mers, de a ieşi dintr-un rând de vehicule staţionate sau de a intra într-un asemenea rând, de a trece pe o altă bandă de circulaţie sau de a vira spre dreapta ori spre stânga sau care urmează să efectueze întoarcere, depăşire ori oprire se semnalizează prin punerea în funcţiune a luminilor indicatoare de direcţie cu cel puţin 50 m în localităţi şi 100 m în afara localităţilor, înainte de începerea efectuării manevrelor. <br>(3) Reducerea vitezei de deplasare sau oprirea autovehiculelor, tramvaielor sau mopedelor pe partea carosabilă se semnalizează cu lumina roşie din spate. 


                    </div>","https://scoaladrpciv.ro/intrebari/categoria-a/pozitia-in-timpul-mersului-si-semnalele-conducatorilor-de-autovehicule"
"1790502515-251","https://scoaladrpciv.ro/intrebari/categoria-a","Luminile de avarie se folosesc în următoarea situație:","B - când motocicleta este imobilizată involuntar pe partea carosabilă;","","","A - când sunteți dezorientat în privința traseului de urmat;","C - când luminile de drum s-au defectat.","https://scoaladrpciv.ro/intrebare/luminile-de-avarie-se-folosesc-in-urmatoarea-situatie-b0a7","","<div class="""">
                        Art. 114<br>(1) Conducătorii de autovehicule, tramvaie şi mopede sunt obligaţi să folosească instalaţiile de iluminare şi/sau semnalizare a acestora, după cum urmează:<br>a) luminile de poziţie sau de staţionare pe timpul imobilizării vehiculului pe partea carosabilă în afara localităţilor, de la lăsarea serii şi până în zorii zilei, ziua când plouă torenţial, ninge abundent sau este ceaţă densă ori în alte condiţii care reduc vizibilitatea pe drumul public;<br>b) luminile de întâlnire sau de drum, în mers, atât în localităţi, cât şi în afara acestora, după gradul de iluminare a drumului public;<br>c) luminile de întâlnire şi cele de ceaţă pe timp de ceaţă densă;<br>d) luminile de întâlnire ale autovehiculelor care însoţesc coloane militare sau cortegii, transportă grupuri organizate de persoane şi cele care tractează alte vehicule sau care transportă mărfuri ori produse periculoase, în timpul zilei;<br>e) luminile de întâlnire atunci când plouă torenţial, ninge abundent ori în alte condiţii care reduc vizibilitatea pe drum;<br>f) luminile pentru mersul înapoi atunci când vehiculul este manevrat către înapoi;<br>g) luminile indicatoare de direcţie pentru semnalizarea schimbării direcţiei de mers, inclusiv la punerea în mişcare a vehiculului de pe loc. <br>(2) Pe timpul nopţii, la apropierea a două vehicule care circulă din sensuri opuse, conducătorii acestora sunt obligaţi ca de la o distanţă de cel puţin 200 m să folosească luminile de întâlnire concomitent cu reducerea vitezei. Când conducătorul de autovehicul se apropie de un autovehicul care circulă în faţa sa, acesta este obligat sa folosească luminile de întâlnire de la o distanţă de cel puţin 100 m. <br>(3) Pe timpul nopţii sau în condiţii de vizibilitate redusă conducătorii de autovehicule şi tramvaie care se apropie de o intersecţie nedirijată prin semnale luminoase sau de către poliţişti sunt obligaţi să semnalizeze prin folosirea alternantă a luminilor de întâlnire cu cele de drum dacă nu încalcă astfel prevederile alin. (2). <br>(4) Pe timpul nopţii sau în condiţii de vizibilitate redusă autovehiculele sau remorcile cu defecţiuni la sistemul de iluminare şi semnalizare luminoasă nu pot fi conduse sau remorcate fără a avea în funcţiune pe partea stângă, în faţă o lumină de întâlnire şi în spate una de poziţie. <br>(5) Luminile de avarie se folosesc în următoarele situaţii:<br>a) când vehiculul este imobilizat involuntar pe partea carosabilă;<br>b) când vehiculul se deplasează foarte lent şi/sau constituie el însuşi un pericol pentru ceilalţi participanţi la trafic;<br>c) când autovehiculul sau tramvaiul este remorcat. <br>(6) În situaţiile prevăzute la alin. (5), conducătorii de autovehicule, tramvaie sau mopede trebuie să pună în funcţiune luminile de avarie, în mod succesiv, în ordinea opririi şi în cazul în care această manevră este impusă de blocarea circulaţiei pe sensul de mers. <br>(7) Când circulă prin tunel conducătorul de vehicul este obligat să folosească luminile de întâlnire. 


                    </div>","https://scoaladrpciv.ro/intrebari/categoria-a/pozitia-in-timpul-mersului-si-semnalele-conducatorilor-de-autovehicule"
"1790502517-252","https://scoaladrpciv.ro/intrebari/categoria-a","Cum trebuie să se încadreze un motociclist, dacă intenţionează să schimbe direcţia de mers spre stânga într-o intersecţie prin care circulă şi tramvaie, iar spaţiul dintre şina din dreapta şi bordura trotuarului permite deplasarea vehiculelor doar pe un singur rând?","B - pe singurul rând rămas la dispoziţie, lăsând liber traseul tramvaiului;","","","A - pe linia tramvaiului;","C - în această situaţie nu se poate schimba direcţia de mers spre stânga.","https://scoaladrpciv.ro/intrebare/cum-trebuie-sa-se-incadreze-un-motociclist-daca-intentioneaza-sa-schimbe-directia-de-mers-spre-stanga-intr-o-intersectie-prin-care-circula-si-tramvaie-iar-spatiul-dintre-sina-din-dreapta-si-bordura-trotuarului-permite-deplasarea-vehiculelor-doar-pe-un-singur-rand-b9dc","","<div class="""">
                        Art. 107<br>(1) La intersecţiile prevăzute cu indicatoare şi/sau cu marcaje pentru semnalizarea direcţiei de mers, conducătorii de vehicule trebuie să se încadreze pe benzile corespunzătoare direcţiei de mers voite cu cel puţin 50 m înainte de intersecţie şi sunt obligaţi să respecte semnificaţia indicatoarelor şi marcajelor. <br>(2) La intersecţiile fără marcaje de delimitare a benzilor, conducătorii vehiculelor ocupă în mers, cu cel puţin 50 m înainte de intersecţie, următoarele poziţii:<br>a) rândul de lângă bordură sau acostament, cei care vor să schimbe direcţia de mers spre dreapta;<br>b) rândul de lângă axa drumului sau de lângă marcajul de separare a sensurilor, cei care vor să schimbe direcţia de mers spre stânga. Când circulaţia se desfăşoară pe drumuri cu sens unic, conducătorii de vehicule care intenţionează să vireze la stânga sunt obligaţi să ocupe rândul de lângă bordura sau acostamentul din partea stângă;<br>c) oricare dintre rânduri, cei care vor să meargă înainte. <br>(3) Dacă în intersecţie circulă şi tramvaie, iar spaţiul dintre şina din dreapta şi trotuar nu permite circulaţia pe două sau mai multe rânduri, toţi conducătorii de vehicule, indiferent de direcţia de deplasare, vor circula pe un singur rând, lăsând liber traseul tramvaiului. <br>(4) În cazul în care tramvaiul este oprit într-o staţie fără refugiu pentru pietoni, vehiculele trebuie să oprească în ordinea sosirii, în spatele acestuia, şi să îşi reia deplasarea numai după ce uşile tramvaiului au fost închise şi s-au asigurat că nu pun în pericol siguranţa pietonilor angajaţi în traversarea drumului public. 


                    </div>","https://scoaladrpciv.ro/intrebari/categoria-a/pozitia-in-timpul-mersului-si-semnalele-conducatorilor-de-autovehicule"
"1790502520-253","https://scoaladrpciv.ro/intrebari/categoria-a","La intersecţiile fără marcaje, motocicliştii care vor să circule pe direcţia înainte vor ocupa:","C - oricare dintre rânduri.","","","A - rândul din stânga;","B - rândul din dreapta;","https://scoaladrpciv.ro/intrebare/la-intersectiile-fara-marcaje-motociclistii-care-vor-sa-circule-pe-directia-inainte-vor-ocupa-2bab","","<div class="""">
                        Art. 107<br>(1) La intersecţiile prevăzute cu indicatoare şi/sau cu marcaje pentru semnalizarea direcţiei de mers, conducătorii de vehicule trebuie să se încadreze pe benzile corespunzătoare direcţiei de mers voite cu cel puţin 50 m înainte de intersecţie şi sunt obligaţi să respecte semnificaţia indicatoarelor şi marcajelor. <br>(2) La intersecţiile fără marcaje de delimitare a benzilor, conducătorii vehiculelor ocupă în mers, cu cel puţin 50 m înainte de intersecţie, următoarele poziţii:<br>a) rândul de lângă bordură sau acostament, cei care vor să schimbe direcţia de mers spre dreapta;<br>b) rândul de lângă axa drumului sau de lângă marcajul de separare a sensurilor, cei care vor să schimbe direcţia de mers spre stânga. Când circulaţia se desfăşoară pe drumuri cu sens unic, conducătorii de vehicule care intenţionează să vireze la stânga sunt obligaţi să ocupe rândul de lângă bordura sau acostamentul din partea stângă;<br>c) oricare dintre rânduri, cei care vor să meargă înainte. <br>(3) Dacă în intersecţie circulă şi tramvaie, iar spaţiul dintre şina din dreapta şi trotuar nu permite circulaţia pe două sau mai multe rânduri, toţi conducătorii de vehicule, indiferent de direcţia de deplasare, vor circula pe un singur rând, lăsând liber traseul tramvaiului. <br>(4) În cazul în care tramvaiul este oprit într-o staţie fără refugiu pentru pietoni, vehiculele trebuie să oprească în ordinea sosirii, în spatele acestuia, şi să îşi reia deplasarea numai după ce uşile tramvaiului au fost închise şi s-au asigurat că nu pun în pericol siguranţa pietonilor angajaţi în traversarea drumului public. 


                    </div>","https://scoaladrpciv.ro/intrebari/categoria-a/pozitia-in-timpul-mersului-si-semnalele-conducatorilor-de-autovehicule"
"1790502522-254","https://scoaladrpciv.ro/intrebari/categoria-a","Ce rând trebuie să ocupaţi şi de la ce distanţă, pentru a putea executa virajul la stânga într-o intersecţie nedirijată?","A - rândul din stânga, de la o distanţă de cel puţin 50 m;","","","B - rândul din mijloc, de la o distanţă de cel puţin 100 m;","C - rândul de lângă bordură, de la o distanţă de cel puţin 50 m.","https://scoaladrpciv.ro/intrebare/ce-rand-trebuie-sa-ocupati-si-de-la-ce-distanta-pentru-a-putea-executa-virajul-la-stanga-intr-o-intersectie-nedirijata-9f04","","<div class="""">
                        Art. 107<br>(1) La intersecţiile prevăzute cu indicatoare şi/sau cu marcaje pentru semnalizarea direcţiei de mers, conducătorii de vehicule trebuie să se încadreze pe benzile corespunzătoare direcţiei de mers voite cu cel puţin 50 m înainte de intersecţie şi sunt obligaţi să respecte semnificaţia indicatoarelor şi marcajelor. <br>(2) La intersecţiile fără marcaje de delimitare a benzilor, conducătorii vehiculelor ocupă în mers, cu cel puţin 50 m înainte de intersecţie, următoarele poziţii:<br>a) rândul de lângă bordură sau acostament, cei care vor să schimbe direcţia de mers spre dreapta;<br>b) rândul de lângă axa drumului sau de lângă marcajul de separare a sensurilor, cei care vor să schimbe direcţia de mers spre stânga. Când circulaţia se desfăşoară pe drumuri cu sens unic, conducătorii de vehicule care intenţionează să vireze la stânga sunt obligaţi să ocupe rândul de lângă bordura sau acostamentul din partea stângă;<br>c) oricare dintre rânduri, cei care vor să meargă înainte. <br>(3) Dacă în intersecţie circulă şi tramvaie, iar spaţiul dintre şina din dreapta şi trotuar nu permite circulaţia pe două sau mai multe rânduri, toţi conducătorii de vehicule, indiferent de direcţia de deplasare, vor circula pe un singur rând, lăsând liber traseul tramvaiului. <br>(4) În cazul în care tramvaiul este oprit într-o staţie fără refugiu pentru pietoni, vehiculele trebuie să oprească în ordinea sosirii, în spatele acestuia, şi să îşi reia deplasarea numai după ce uşile tramvaiului au fost închise şi s-au asigurat că nu pun în pericol siguranţa pietonilor angajaţi în traversarea drumului public. 


                    </div>","https://scoaladrpciv.ro/intrebari/categoria-a/pozitia-in-timpul-mersului-si-semnalele-conducatorilor-de-autovehicule"
"1790502524-255","https://scoaladrpciv.ro/intrebari/categoria-a","Cât timp trebuie menţinută semnalizarea schimbării direcţiei de mers?","B - pe întreaga durată a executării manevrei;","","","A - 10 secunde de la începerea manevrei;","C - legea nu prevede nimic cu privire la acest aspect.","https://scoaladrpciv.ro/intrebare/cat-timp-trebuie-mentinuta-semnalizarea-schimbarii-directiei-de-mers-dcbf","","<div class="""">
                        Art. 116<br>(1) Conducătorii de vehicule sunt obligaţi să semnalizeze schimbarea direcţiei de deplasare, depăşirea, oprirea şi punerea în mişcare. <br>(2) Intenţia conducătorilor de autovehicule, tramvaie sau mopede de a schimba direcţia de mers, de a ieşi dintr-un rând de vehicule staţionate sau de a intra într-un asemenea rând, de a trece pe o altă bandă de circulaţie sau de a vira spre dreapta ori spre stânga sau care urmează să efectueze întoarcere, depăşire ori oprire se semnalizează prin punerea în funcţiune a luminilor indicatoare de direcţie cu cel puţin 50 m în localităţi şi 100 m în afara localităţilor, înainte de începerea efectuării manevrelor. <br>(3) Reducerea vitezei de deplasare sau oprirea autovehiculelor, tramvaielor sau mopedelor pe partea carosabilă se semnalizează cu lumina roşie din spate. <br><br>Art. 54<br>(1) Conducatorul de vehicul care executa o manevra de schimbare a directiei de mers, de iesire dintr-un rand de vehicule stationate sau de intrare intr-un asemenea rand, de trecere pe o alta banda de circulatie sau de virare spre dreapta ori spre stanga sau care urmeaza sa efectueze o intoarcere ori sa mearga cu spatele este obligat sa semnalizeze din timp si sa se asigure ca o poate face fara sa perturbe circulatia sau sa puna in pericol siguranta celorlalti participanti la trafic.<br>(2) Semnalizarea schimbarii directiei de mers trebuie sa fie mentinuta pe intreaga durata a manevrei.


                    </div>","https://scoaladrpciv.ro/intrebari/categoria-a/pozitia-in-timpul-mersului-si-semnalele-conducatorilor-de-autovehicule"
"1790502526-256","https://scoaladrpciv.ro/intrebari/categoria-a","Cum trebuie să semnalizaţi intenţia de a depăşi alte vehicule, atunci când conduceţi motocicleta noaptea, pe un drum neiluminat dintr-o localitate?","C - cu luminile indicatoare de direcţie.","","","A - cu luminile farurilor;","B - prin folosirea luminii de drum sau a claxonului;","https://scoaladrpciv.ro/intrebare/cum-trebuie-sa-semnalizati-intentia-de-a-depasi-alte-vehicule-atunci-cand-conduceti-motocicleta-noaptea-pe-un-drum-neiluminat-dintr-o-localitate-a0cc","","<div class="""">
                        Art. 116<br>(1) Conducătorii de vehicule sunt obligaţi să semnalizeze schimbarea direcţiei de deplasare, depăşirea, oprirea şi punerea în mişcare. <br>(2) Intenţia conducătorilor de autovehicule, tramvaie sau mopede de a schimba direcţia de mers, de a ieşi dintr-un rând de vehicule staţionate sau de a intra într-un asemenea rând, de a trece pe o altă bandă de circulaţie sau de a vira spre dreapta ori spre stânga sau care urmează să efectueze întoarcere, depăşire ori oprire se semnalizează prin <b>punerea în funcţiune a luminilor indicatoare de direcţie</b> cu cel puţin 50 m în localităţi şi 100 m în afara localităţilor, înainte de începerea efectuării manevrelor. <br>(3) Reducerea vitezei de deplasare sau oprirea autovehiculelor, tramvaielor sau mopedelor pe partea carosabilă se semnalizează cu lumina roşie din spate. 


                    </div>","https://scoaladrpciv.ro/intrebari/categoria-a/pozitia-in-timpul-mersului-si-semnalele-conducatorilor-de-autovehicule"
"1790502529-257","https://scoaladrpciv.ro/intrebari/categoria-a","Când aveţi obligaţia de a folosi sistemul de lumini al motocicletei pe care o conduceţi?","A - pe toată durata deplasării acesteia pe drumul public;","","","B - când parcaţi motocicleta în locuri special amenajate, dar neiluminate în mod corespunzător;","C - la întâlnirea cortegiilor.","https://scoaladrpciv.ro/intrebare/cand-aveti-obligatia-de-a-folosi-sistemul-de-lumini-al-motocicletei-pe-care-o-conduceti-9542","","<div class="""">
                        Art. 44<br>(1) In circulatia pe drumurile publice conducatorii de vehicule pot folosi, in conditiile prevazute de regulament, mijloacele de avertizare sonora si luminoasa aflate in dotare si omologate.<br>(2) In circulatia pe autostrazi, pe drumurile expres si cele nationale europene (E) conducatorii de autovehicule sunt obligati sa foloseasca si in timpul zilei luminile de intalnire.<br>(3) Conducatorii motocicletelor si mopedelor sunt obligati sa foloseasca luminile de intalnire pe toata durata deplasarii acestora pe drumurile publice.<br>(4) In circulatia pe drumurile publice se interzice detinerea la vedere, montarea si folosirea mijloacelor speciale de avertizare sonora si luminoasa pe si in alte autovehicule decat cele prevazute la art.32 alin.(2), precum si detinerea, montarea sau folosirea pe autovehicule a sistemelor care perturba buna functionare a dispozitivelor de supraveghere a traficului.<br>(5) Conducatorii de autovehicule pot fi avertizati de politia rutiera in legatura cu prezenta in trafic a dispozitivelor de masurare a vitezei, prin mass-media sau panouri de avertizare. Conducatorii de autovehicule pot folosi mijloace proprii de detectare a dispozitivelor de masurare a vitezei.


                    </div>","https://scoaladrpciv.ro/intrebari/categoria-a/pozitia-in-timpul-mersului-si-semnalele-conducatorilor-de-autovehicule"
"1790502531-258","https://scoaladrpciv.ro/intrebari/categoria-a","Cum trebuie să procedaţi când circulaţi pe timp de noapte şi din sens opus se apropie un alt autovehicul?","A - reduceţi viteza;","B - folosiţi luminile de întâlnire de la cel puţin 200 m;","","C - vă angajaţi cât mai aproape de marginea din dreapta a drumului.","","https://scoaladrpciv.ro/intrebare/cum-trebuie-sa-procedati-cand-circulati-pe-timp-de-noapte-si-din-sens-opus-se-apropie-un-alt-autovehicul-3f29","","<div class="""">
                        <p>Art. 114<br>(1) Conducătorii de autovehicule, tramvaie şi mopede sunt obligaţi să folosească instalaţiile de iluminare şi/sau semnalizare a acestora, după cum urmează:<br>a) luminile de poziţie sau de staţionare pe timpul imobilizării vehiculului pe partea carosabilă în afara localităţilor, de la lăsarea serii şi până în zorii zilei, ziua când plouă torenţial, ninge abundent sau este ceaţă densă ori în alte condiţii care reduc vizibilitatea pe drumul public;<br>b) luminile de întâlnire sau de drum, în mers, atât în localităţi, cât şi în afara acestora, după gradul de iluminare a drumului public;<br>c) luminile de întâlnire şi cele de ceaţă pe timp de ceaţă densă;<br>d) luminile de întâlnire ale autovehiculelor care însoţesc coloane militare sau cortegii, transportă grupuri organizate de persoane şi cele care tractează alte vehicule sau care transportă mărfuri ori produse periculoase, în timpul zilei;<br>e) luminile de întâlnire atunci când plouă torenţial, ninge abundent ori în alte condiţii care reduc vizibilitatea pe drum;<br>f) luminile pentru mersul înapoi atunci când vehiculul este manevrat către înapoi;<br>g) luminile indicatoare de direcţie pentru semnalizarea schimbării direcţiei de mers, inclusiv la punerea în mişcare a vehiculului de pe loc. <br><span style=""background-color: #f1c40f;"">(2) Pe timpul nopţii, la apropierea a două vehicule care circulă din sensuri opuse, conducătorii acestora sunt obligaţi ca de la o distanţă de cel puţin 200 m să folosească luminile de întâlnire concomitent cu reducerea vitezei. Când conducătorul de autovehicul se apropie de un autovehicul care circulă în faţa sa, acesta este obligat sa folosească luminile de întâlnire de la o distanţă de cel puţin 100 m.</span> <br>(3) Pe timpul nopţii sau în condiţii de vizibilitate redusă conducătorii de autovehicule şi tramvaie care se apropie de o intersecţie nedirijată prin semnale luminoase sau de către poliţişti sunt obligaţi să semnalizeze prin folosirea alternantă a luminilor de întâlnire cu cele de drum dacă nu încalcă astfel prevederile alin. (2). <br>(4) Pe timpul nopţii sau în condiţii de vizibilitate redusă autovehiculele sau remorcile cu defecţiuni la sistemul de iluminare şi semnalizare luminoasă nu pot fi conduse sau remorcate fără a avea în funcţiune pe partea stângă, în faţă o lumină de întâlnire şi în spate una de poziţie. <br>(5) Luminile de avarie se folosesc în următoarele situaţii:<br>a) când vehiculul este imobilizat involuntar pe partea carosabilă;<br>b) când vehiculul se deplasează foarte lent şi/sau constituie el însuşi un pericol pentru ceilalţi participanţi la trafic;<br>c) când autovehiculul sau tramvaiul este remorcat. <br>(6) În situaţiile prevăzute la alin. (5), conducătorii de autovehicule, tramvaie sau mopede trebuie să pună în funcţiune luminile de avarie, în mod succesiv, în ordinea opririi şi în cazul în care această manevră este impusă de blocarea circulaţiei pe sensul de mers. <br>(7) Când circulă prin tunel conducătorul de vehicul este obligat să folosească luminile de întâlnire.</p>


                    </div>","https://scoaladrpciv.ro/intrebari/categoria-a/pozitia-in-timpul-mersului-si-semnalele-conducatorilor-de-autovehicule"
"1790502533-259","https://scoaladrpciv.ro/intrebari/categoria-a","De la ce distanţă faţă de vehiculul care circulă din sens opus, pe timp de noapte, conducătorul unei motociclete este obligat să folosească lumina de întâlnire?","C - de la cel puţin 200 m.","","","A - de la cel puţin 100 m;","B - de la cel puţin 150 m;","https://scoaladrpciv.ro/intrebare/de-la-ce-distanta-fata-de-vehiculul-care-circula-din-sens-opus-pe-timp-de-noapte-conducatorul-unei-motociclete-este-obligat-sa-foloseasca-lumina-de-intalnire-03ff","","<div class="""">
                        Art. 114<br>(1) Conducătorii de autovehicule, tramvaie şi mopede sunt obligaţi să folosească instalaţiile de iluminare şi/sau semnalizare a acestora, după cum urmează:<br>a) luminile de poziţie sau de staţionare pe timpul imobilizării vehiculului pe partea carosabilă în afara localităţilor, de la lăsarea serii şi până în zorii zilei, ziua când plouă torenţial, ninge abundent sau este ceaţă densă, ori în alte condiţii care reduc vizibilitatea pe drumul public;<br>b) luminile de întâlnire sau de drum, în mers, atât în localităţi, cât şi în afara acestora, după gradul de iluminare a drumului public;<br>c) luminile de întâlnire şi cele de ceaţă pe timp de ceaţă densă;<br>d) luminile de întâlnire ale autovehiculelor care însoţesc coloane militare sau cortegii, transportă grupuri organizate de persoane şi cele care tractează alte vehicule sau care transportă mărfuri ori produse periculoase, în timpul zilei;<br>e) luminile de întâlnire atunci când plouă torenţial, ninge abundent ori în alte condiţii care reduc vizibilitatea pe drum;<br>f) luminile pentru mersul înapoi atunci când vehiculul este manevrat către înapoi;<br>g) luminile indicatoare de direcţie pentru semnalizarea schimbării direcţiei de mers, inclusiv la punerea în mişcare a vehiculului de pe loc.<br>(2) Pe timpul nopţii, la apropierea a două vehicule care circulă din sensuri opuse, conducătorii acestora sunt obligaţi ca de la o distanţă de cel puţin 200 m să folosească luminile de întâlnire concomitent cu reducerea vitezei. Când conducătorul de autovehicul se apropie de un autovehicul care circula în faţa sa, acesta este obligat sa folosească luminile de întâlnire de la o distanţă de cel puţin 100 m.<br>(3) Pe timpul nopţii sau în condiţii de vizibilitate redusă conducătorii de autovehicule şi tramvaie care se apropie de o intersecţie nedirijată prin semnale luminoase sau de către poliţişti, sunt obligaţi să semnalizeze prin folosirea alternantă a luminilor de întâlnire cu cele de drum dacă nu încalcă astfel prevederile alin. (2).<br>(4) Pe timpul nopţii sau în condiţii de vizibilitate redusă autovehiculele sau remorcile cu defecţiuni la sistemul de iluminare şi semnalizare luminoasă nu pot fi conduse sau remorcate fără a avea în funcţiune pe partea stângă, în faţă o lumină de întâlnire şi în spate una de poziţie.<br>(5) Luminile de avarie se folosesc în următoarele situaţii:<br>a) când vehiculul este imobilizat involuntar pe partea carosabilă;<br>b) când vehiculul se deplasează foarte lent şi/sau constituie el însuşi un pericol pentru ceilalţi participanţi la trafic;<br>c) când autovehiculul sau tramvaiul este remorcat.<br>(6) În situaţiile prevăzute la alin.(5), conducătorii de autovehicule, tramvaie sau mopede trebuie să pună în funcţiune luminile de avarie, în mod succesiv, în ordinea opririi şi în cazul în care această manevră este impusă de blocarea circulaţiei pe sensul de mers.<br>(7) Când circulă prin tunel conducătorul de vehicul este obligat să folosească luminile de întâlnire.


                    </div>","https://scoaladrpciv.ro/intrebari/categoria-a/pozitia-in-timpul-mersului-si-semnalele-conducatorilor-de-autovehicule"
"1790502536-260","https://scoaladrpciv.ro/intrebari/categoria-a","Ce se înţelege prin distanţa de 100 m pentru semnalizarea schimbării direcţiei de mers în afara localităţii?","B - distanţa parcursă din momentul semnalizării intenţiei de a efectua manevra şi locul unde se produce schimbarea direcţiei de mers;","","","A - distanţa faţă de vehiculul care circulă din spate;","C - distanţa faţă de locul terminării manevrei de depăşire.","https://scoaladrpciv.ro/intrebare/ce-se-intelege-prin-distanta-de-100-m-pentru-semnalizarea-schimbarii-directiei-de-mers-in-afara-localitatii-bce2","","<div class="""">
                        Art. 116<br>(1) Conducătorii de vehicule sunt obligaţi să semnalizeze schimbarea direcţiei de deplasare, depăşirea, oprirea şi punerea în mişcare. <br>(2) Intenţia conducătorilor de autovehicule, tramvaie sau mopede de a schimba direcţia de mers, de a ieşi dintr-un rând de vehicule staţionate sau de a intra într-un asemenea rând, de a trece pe o altă bandă de circulaţie sau de a vira spre dreapta ori spre stânga sau care urmează să efectueze întoarcere, depăşire ori oprire se semnalizează prin punerea în funcţiune a luminilor indicatoare de direcţie cu cel puţin 50 m în localităţi şi 100 m în afara localităţilor, înainte de începerea efectuării manevrelor.<br>(3) Reducerea vitezei de deplasare sau oprirea autovehiculelor, tramvaielor sau mopedelor pe partea carosabilă se semnalizează cu lumina roşie din spate. 


                    </div>","https://scoaladrpciv.ro/intrebari/categoria-a/pozitia-in-timpul-mersului-si-semnalele-conducatorilor-de-autovehicule"
"1790502538-261","https://scoaladrpciv.ro/intrebari/categoria-a","Ce măsuri trebuie să luaţi atunci când circulaţi în condiţii atmosferice ce împiedică mult vizibilitatea?","C - să folosiţi luminile de întâlnire.","","","A - să circulaţi pe distanţe scurte şi cu luminile de poziţie în funcţiune;","B - să folosiţi luminile de poziţie şi să circulaţi cât mai aproape de marginea din dreapta a drumului;","https://scoaladrpciv.ro/intrebare/ce-masuri-trebuie-sa-luati-atunci-cand-circulati-in-conditii-atmosferice-ce-impiedica-mult-vizibilitatea-7904","","<div class="""">
                        Art. 114<br>(1) Conducătorii de autovehicule, tramvaie şi mopede sunt obligaţi să folosească instalaţiile de iluminare şi/sau semnalizare a acestora, după cum urmează:<br>a) luminile de poziţie sau de staţionare pe timpul imobilizării vehiculului pe partea carosabilă în afara localităţilor, de la lăsarea serii şi până în zorii zilei, ziua când plouă torenţial, ninge abundent sau este ceaţă densă ori în alte condiţii care reduc vizibilitatea pe drumul public;<br>b) luminile de întâlnire sau de drum, în mers, atât în localităţi, cât şi în afara acestora, după gradul de iluminare a drumului public;<br>c) luminile de întâlnire şi cele de ceaţă pe timp de ceaţă densă;<br>d) luminile de întâlnire ale autovehiculelor care însoţesc coloane militare sau cortegii, transportă grupuri organizate de persoane şi cele care tractează alte vehicule sau care transportă mărfuri ori produse periculoase, în timpul zilei;<br>e) luminile de întâlnire atunci când plouă torenţial, ninge abundent ori în alte condiţii care reduc vizibilitatea pe drum;<br>f) luminile pentru mersul înapoi atunci când vehiculul este manevrat către înapoi;<br>g) luminile indicatoare de direcţie pentru semnalizarea schimbării direcţiei de mers, inclusiv la punerea în mişcare a vehiculului de pe loc. <br>(2) Pe timpul nopţii, la apropierea a două vehicule care circulă din sensuri opuse, conducătorii acestora sunt obligaţi ca de la o distanţă de cel puţin 200 m să folosească luminile de întâlnire concomitent cu reducerea vitezei. Când conducătorul de autovehicul se apropie de un autovehicul care circulă în faţa sa, acesta este obligat sa folosească luminile de întâlnire de la o distanţă de cel puţin 100 m. <br>(3) Pe timpul nopţii sau în condiţii de vizibilitate redusă conducătorii de autovehicule şi tramvaie care se apropie de o intersecţie nedirijată prin semnale luminoase sau de către poliţişti sunt obligaţi să semnalizeze prin folosirea alternantă a luminilor de întâlnire cu cele de drum dacă nu încalcă astfel prevederile alin. (2). <br>(4) Pe timpul nopţii sau în condiţii de vizibilitate redusă autovehiculele sau remorcile cu defecţiuni la sistemul de iluminare şi semnalizare luminoasă nu pot fi conduse sau remorcate fără a avea în funcţiune pe partea stângă, în faţă o lumină de întâlnire şi în spate una de poziţie. <br>(5) Luminile de avarie se folosesc în următoarele situaţii:<br>a) când vehiculul este imobilizat involuntar pe partea carosabilă;<br>b) când vehiculul se deplasează foarte lent şi/sau constituie el însuşi un pericol pentru ceilalţi participanţi la trafic;<br>c) când autovehiculul sau tramvaiul este remorcat. <br>(6) În situaţiile prevăzute la alin. (5), conducătorii de autovehicule, tramvaie sau mopede trebuie să pună în funcţiune luminile de avarie, în mod succesiv, în ordinea opririi şi în cazul în care această manevră este impusă de blocarea circulaţiei pe sensul de mers. <br>(7) Când circulă prin tunel conducătorul de vehicul este obligat să folosească luminile de întâlnire. 


                    </div>","https://scoaladrpciv.ro/intrebari/categoria-a/pozitia-in-timpul-mersului-si-semnalele-conducatorilor-de-autovehicule"
"1790502540-262","https://scoaladrpciv.ro/intrebari/categoria-a","Pe care dintre benzi trebuie să se încadreze motociclistul şi de la ce distanţă faţă de intersecţie, pentru a schimba direcţia de mers spre dreapta, într-o localitate?","B - pe banda din dreapta, de la cel puţin 50 m;","","","A - pe banda de lângă axul drumului, de la cel puţin 100 m;","C - pe oricare bandă, de la cel puţin 50 m.","https://scoaladrpciv.ro/intrebare/pe-care-dintre-benzi-trebuie-sa-se-incadreze-motociclistul-si-de-la-ce-distanta-fata-de-intersectie-pentru-a-schimba-directia-de-mers-spre-dreapta-intr-o-localitate-c2d3","","<div class="""">
                        Art. 107<br>(1) La intersecţiile prevăzute cu indicatoare şi/sau cu marcaje pentru semnalizarea direcţiei de mers, conducătorii de vehicule trebuie să se încadreze pe benzile corespunzătoare direcţiei de mers voite cu cel puţin 50 m înainte de intersecţie şi sunt obligaţi să respecte semnificaţia indicatoarelor şi marcajelor. <br>(2) La intersecţiile fără marcaje de delimitare a benzilor, conducătorii vehiculelor ocupă în mers, cu cel puţin 50 m înainte de intersecţie, următoarele poziţii:<br>a) rândul de lângă bordură sau acostament, cei care vor să schimbe direcţia de mers spre dreapta;<br>b) rândul de lângă axa drumului sau de lângă marcajul de separare a sensurilor, cei care vor să schimbe direcţia de mers spre stânga. Când circulaţia se desfăşoară pe drumuri cu sens unic, conducătorii de vehicule care intenţionează să vireze la stânga sunt obligaţi să ocupe rândul de lângă bordura sau acostamentul din partea stângă;<br>c) oricare dintre rânduri, cei care vor să meargă înainte. <br>(3) Dacă în intersecţie circulă şi tramvaie, iar spaţiul dintre şina din dreapta şi trotuar nu permite circulaţia pe două sau mai multe rânduri, toţi conducătorii de vehicule, indiferent de direcţia de deplasare, vor circula pe un singur rând, lăsând liber traseul tramvaiului. <br>(4) În cazul în care tramvaiul este oprit într-o staţie fără refugiu pentru pietoni, vehiculele trebuie să oprească în ordinea sosirii, în spatele acestuia, şi să îşi reia deplasarea numai după ce uşile tramvaiului au fost închise şi s-au asigurat că nu pun în pericol siguranţa pietonilor angajaţi în traversarea drumului public. 


                    </div>","https://scoaladrpciv.ro/intrebari/categoria-a/pozitia-in-timpul-mersului-si-semnalele-conducatorilor-de-autovehicule"
"1790502545-263","https://scoaladrpciv.ro/intrebari/categoria-a","În momentul apropierii de o intersecție, dacă semnalul verde se schimbă cu cel galben, ești obligat:","C - să oprești motocicleta în fața marcajului de oprire sau a marcajului pentru trecerea pietonilor ori în dreptul semaforului.","","","A - să grăbești traversarea;","B - să traversezi intersecția cu viteză redusă;","https://scoaladrpciv.ro/intrebare/in-momentul-apropierii-de-o-intersectie-daca-semnalul-verde-se-schimba-cu-cel-galben-esti-obligat-e2a8","","<div class="""">
                        <h4>Articolul 52</h4>
<p>(1)&nbsp;&nbsp; Semnalul de culoare roșie interzice trecerea.</p>
<p><span style=""background-color: #fbeeb8;"">(2)&nbsp;&nbsp; La semnalul de culoare roșie vehiculul trebuie oprit înaintea marcajului pentru oprire sau, dupã caz, pentru trecerea pietonilor, iar în lipsa acestuia, în dreptul semaforului. Dacã semaforul este instalat deasupra ori de cealaltã parte a intersecției, în lipsa marcajului pentru oprire sau pentru trecerea pietonilor, vehiculul trebuie oprit înainte de marginea pãrții carosabile a drumului ce urmeazã a fi intersectat.</span></p>
<p>(3)&nbsp;&nbsp; Atunci când semnalul de culoare roșie funcționeazã concomitent cu cel de culoare galbenã, acesta anunțã apariția semnalului de culoare verde.</p>
<h4>Articolul 53</h4>
<p><span style=""background-color: #fbeeb8;"">(1)&nbsp;&nbsp; Când semnalul de culoare galbenã apare dupã semnalul de culoare verde, conducãtorul vehiculului care se apropie de intersecție nu trebuie sã treacã de locurile prevãzute la art. 52 alin.</span></p>
<p>(2), cu excepția situației în care, la apariția semnalului, se aflã atât de aproape de acele locuri încât nu ar mai putea opri vehiculul în condiții de siguranțã.</p>
<p>(2)&nbsp;&nbsp; Semnalul de culoare galbenã intermitent permite trecerea, conducãtorul de vehicul fiind obligat sã circule cu viteza redusã, sã respecte semnificația semnalizãrii rutiere și a regulilor de circulație aplicabile în acel loc.</p>


                    </div>","https://scoaladrpciv.ro/intrebari/categoria-a/semnale-luminoase"
"1790502547-264","https://scoaladrpciv.ro/intrebari/categoria-a","Care este limita maximă de viteză cu care aveţi voie să conduceţi, pe drumurile naţionale europene din afara localităţilor, un autovehicul aparţinând categoriei A?","C - 100 km/h.","","","A - 70 km/h;","B - 90 km/h;","https://scoaladrpciv.ro/intrebare/care-este-limita-maxima-de-viteza-cu-care-aveti-voie-sa-conduceti-pe-drumurile-nationale-europene-din-afara-localitatilor-un-autovehicul-apartinand-categoriei-a-5ee6","","","https://scoaladrpciv.ro/intrebari/categoria-a/semnale-luminoase"
"1790502549-265","https://scoaladrpciv.ro/intrebari/categoria-a","Ce obligaţii aveţi dacă întâlniţi un vehicul care semnalizează cu luminile speciale de avertizare de culoare albastră şi semnalele sonore?","C - reduceţi viteza, circulaţi cât mai aproape de bordură sau acostament şi acordaţi prioritate vehiculului respectiv.","","","A - nicio obligaţie, deoarece semnalul albastru se adresează coloanelor în mişcare;","B - opriţi cât mai aproape de marginea drumului;","https://scoaladrpciv.ro/intrebare/ce-obligatii-aveti-daca-intalniti-un-vehicul-care-semnalizeaza-cu-luminile-speciale-de-avertizare-de-culoare-albastra-si-semnalele-sonore-96ce","","<div class="""">
                        Art. 37<br>(1) Conducatorii de vehicule sunt obligati sa opreasca imediat, pe acostament sau, in lipsa acestuia, cat mai aproape de marginea drumului sau bordura trotuarului, in sensul de deplasare, la apropierea si la trecerea autovehiculelor cu regim de circulatie prioritara care au in functiune mijloacele speciale de avertizare luminoasa de culoare rosie si sonore.<br>(2) Conducatorii de vehicule sunt obligati sa reduca viteza, sa circule cat mai aproape de marginea drumului in sensul de deplasare si sa acorde prioritate la trecerea autovehiculelor cu regim de circulatie prioritara care au in functiune mijloacele speciale de avertizare luminoasa de culoare albastra si sonore.<br>(3) In situatiile prevazute la alin.(1) si (2), pietonilor le sunt interzise traversarea si circulatia pe carosabil pana la trecerea vehiculelor respective.


                    </div>","https://scoaladrpciv.ro/intrebari/categoria-a/semnale-luminoase"
"1790502552-266","https://scoaladrpciv.ro/intrebari/categoria-a","Semnalul galben intermitent al semaforului vă avertizează că:","A - sunteţi obligat să respectaţi regulile de circulaţie aplicabile în acea intersecţie;","","","B - vă este interzisă intrarea în intersecţie;","C - semaforul este defect.","https://scoaladrpciv.ro/intrebare/semnalul-galben-intermitent-al-semaforului-va-avertizeaza-ca-63dd","","<div class="""">
                        Art. 53<br>(1) Când semnalul de culoare galbenă apare după semnalul de culoare verde, conducătorul vehiculului care se apropie de intersecţie nu trebuie să treacă de locurile prevăzute la art. 52 alin. (2), cu excepţia situaţiei în care, la apariţia semnalului, se află atât de aproape de acele locuri încât nu ar mai putea opri vehiculul în condiţii de siguranţă. <br>(2) Semnalul de culoare galbenă intermitent permite trecerea, conducătorul de vehicul fiind obligat să circule cu viteză redusă, să respecte semnificaţia semnalizării rutiere şi a regulilor de circulaţie aplicabile în acel loc. 


                    </div>","https://scoaladrpciv.ro/intrebari/categoria-a/semnale-luminoase"
"1790502554-267","https://scoaladrpciv.ro/intrebari/categoria-a","Care dintre autovehicule trebuie să oprească la semnalul roşu?","B - autoturismul;","","","A - ambele;","C - motocicleta.","https://scoaladrpciv.ro/intrebare/care-dintre-autovehicule-trebuie-sa-opreasca-la-semnalul-rosu-6ef9","https://scoaladrpciv.ro/storage/questions/345.jpeg","<div class="""">
                        Art. 48<br>(1) Semafoarele care emit semnale luminoase pentru dirijarea circulaţiei în intersecţii se instalează obligatoriu înainte de intersecţie, astfel încât să fie vizibile de la o distanţă de cel puţin 50 m. Acestea pot fi repetate în mijlocul, deasupra ori de cealaltă parte a intersecţiei. <br>(2) Semnificaţia semnalelor luminoase pentru dirijarea circulaţiei vehiculelor este valabilă pe întreaga lăţime a părţii carosabile deschise circulaţiei conducătorilor cărora li se adresează. Pe drumurile cu două sau mai multe benzi pe sens, pentru direcţii diferite, delimitate prin marcaje longitudinale, semafoarele se pot instala deasupra uneia sau unora dintre benzi, caz în care semnificaţia semnalelor luminoase se limitează la banda sau benzile astfel semnalizate. 


                    </div>","https://scoaladrpciv.ro/intrebari/categoria-a/semnale-luminoase"
"1790502556-268","https://scoaladrpciv.ro/intrebari/categoria-a","Semaforul instalat pe trotuar are în funcţiune semnalul roşu, iar cel suspendat, pentru direcţia de mers la stânga, semnalul verde. Conducătorul unei motociclete care doreşte să meargă înainte are dreptul să intre în intersecţie?","B - nu, deoarece semaforul de pe trotuar, care i se adresează, are semnalul roşu în funcţiune;","","","A - da, deoarece semaforul suspendat are semnalul verde în funcţiune;","C - nu, deoarece deplasarea pe direcţia înainte este permisă numai atunci când semnalul verde este în funcţiune la ambele semafoare.","https://scoaladrpciv.ro/intrebare/semaforul-instalat-pe-trotuar-are-in-functiune-semnalul-rosu-iar-cel-suspendat-pentru-directia-de-mers-la-stanga-semnalul-verde-conducatorul-unei-motociclete-care-doreste-sa-mearga-inainte-are-dreptul-sa-intre-in-intersectie-e4c6","","<div class="""">
                        Art. 51<br>(1) Semnalul de culoare verde permite trecerea. <br>(2) Când semaforul este însoţit de una sau mai multe lămpi care emit lumina intermitentă de culoare verde sub forma uneia sau unor săgeţi pe fond negru către dreapta, acestea permit trecerea numai în direcţia indicată, oricare ar fi în acel moment semnalul în funcţiune al semaforului. <br><br>Art. 48<br>(1) Semafoarele care emit semnale luminoase pentru dirijarea circulaţiei în intersecţii se instalează obligatoriu înainte de intersecţie, astfel încât să fie vizibile de la o distanţă de cel puţin 50 m. Acestea pot fi repetate în mijlocul, deasupra ori de cealaltă parte a intersecţiei. <br>(2) Semnificaţia semnalelor luminoase pentru dirijarea circulaţiei vehiculelor este valabilă pe întreaga lăţime a părţii carosabile deschise circulaţiei conducătorilor cărora li se adresează. Pe drumurile cu două sau mai multe benzi pe sens, pentru direcţii diferite, delimitate prin marcaje longitudinale, semafoarele se pot instala deasupra uneia sau unora dintre benzi, caz în care semnificaţia semnalelor luminoase se limitează la banda sau benzile astfel semnalizate. 


                    </div>","https://scoaladrpciv.ro/intrebari/categoria-a/semnale-luminoase"
"1790502558-269","https://scoaladrpciv.ro/intrebari/categoria-a","Precizaţi dacă motociclistul din imagine are voie să intre în intersecţie:","B - nu, deoarece trebuie să respecte semnificaţia semnalului roşu al semaforului din dreapta;","","","A - da, deoarece semafoarele sunt defecte;","C - da, deoarece niciunul dintre semafoare nu i se adresează.","https://scoaladrpciv.ro/intrebare/precizati-daca-motociclistul-din-imagine-are-voie-sa-intre-in-intersectie-0418","https://scoaladrpciv.ro/storage/questions/312.jpeg","<div class="""">
                        Art. 48<br>(1) Semafoarele care emit semnale luminoase pentru dirijarea circulaţiei în intersecţii se instalează obligatoriu înainte de intersecţie, astfel încât să fie vizibile de la o distanţă de cel puţin 50 m. Acestea pot fi repetate în mijlocul, deasupra ori de cealaltă parte a intersecţiei. <br>(2) Semnificaţia semnalelor luminoase pentru dirijarea circulaţiei vehiculelor este valabilă pe întreaga lăţime a părţii carosabile deschise circulaţiei conducătorilor cărora li se adresează. Pe drumurile cu două sau mai multe benzi pe sens, pentru direcţii diferite, delimitate prin marcaje longitudinale, semafoarele se pot instala deasupra uneia sau unora dintre benzi, caz în care semnificaţia semnalelor luminoase se limitează la banda sau benzile astfel semnalizate. 


                    </div>","https://scoaladrpciv.ro/intrebari/categoria-a/semnale-luminoase"
"1790502561-270","https://scoaladrpciv.ro/intrebari/categoria-a","Ce obligaţii are motociclistul la semnalul roşu care apare concomitent cu cel galben?","B - să oprească;","","","A - să intre în intersecţie, deoarece urmează semnalul verde;","C - să respecte regula de circulaţie aplicabilă zonei în care se află, deoarece semaforul este defect.","https://scoaladrpciv.ro/intrebare/ce-obligatii-are-motociclistul-la-semnalul-rosu-care-apare-concomitent-cu-cel-galben-0875","","<div class="""">
                        Art. 52<br>(1) Semnalul de culoare roşie interzice trecerea. <br>(2) La semnalul de culoare roşie vehiculul trebuie oprit înaintea marcajului pentru oprire sau, după caz, pentru trecerea pietonilor, iar în lipsa acestuia, în dreptul semaforului. Dacă semaforul este instalat deasupra ori de cealaltă parte a intersecţiei, în lipsa marcajului pentru oprire sau pentru trecerea pietonilor, vehiculul trebuie oprit înainte de marginea părţii carosabile a drumului ce urmează a fi intersectat. <br>(3) Atunci când semnalul de culoare roşie funcţionează concomitent cu cel de culoare galbenă, acesta anunţă apariţia semnalului de culoare verde. 


                    </div>","https://scoaladrpciv.ro/intrebari/categoria-a/semnale-luminoase"
"1790502563-271","https://scoaladrpciv.ro/intrebari/categoria-a","Ce trebuie să respecte motociclistul când întâlneşte indicatorul „Oprire“, instalat împreună cu semaforul în funcţiune?","B - semnificaţia culorii semaforului;","","","A - semnificaţia indicatorului;","C - regula de circulaţie aplicabilă acelui loc.","https://scoaladrpciv.ro/intrebare/ce-trebuie-sa-respecte-motociclistul-cand-intalneste-indicatorul-oprire-instalat-impreuna-cu-semaforul-in-functiune-be31","","<div class="""">
                        Art. 31<br>Participantii la trafic trebuie sa respecte regulile de circulatie, semnalele, indicatiile si dispozitiile politistului rutier, precum si semnificatia diferitelor tipuri de mijloace de semnalizare rutiera, in urmatoarea ordine de prioritate:<br>a) semnalele, indicatiile si dispozitiile politistului rutier;<br>b) semnalele speciale de avertizare, luminoase sau sonore ale autovehiculelor, prevazute la art.32 alin.(2) lit.a) si b);<br>c) semnalizarea temporara care modifica regimul normal de desfasurare a circulatiei;<br><b>d) semnalele luminoase sau sonore;</b><br><b>e) indicatoarele;</b><br>f) marcajele;<br>g) regulile de circulatie.


                    </div>","https://scoaladrpciv.ro/intrebari/categoria-a/semnale-luminoase"
"1790502565-272","https://scoaladrpciv.ro/intrebari/categoria-a","Puteţi schimba direcţia de mers la dreapta la semnalul roşu al semaforului?","B - nu;","","","A - da;","C - numai dacă nu sunt pietoni pe trecere.","https://scoaladrpciv.ro/intrebare/puteti-schimba-directia-de-mers-la-dreapta-la-semnalul-rosu-al-semaforului-27fa","","<div class="""">
                        Art. 30<br>(1) Mijloacele de semnalizare rutiera sunt:<br>a) sistemele de semnalizare luminoasa sau sonora;<br>b) indicatoarele;<br>c) marcajele;<br>d) alte dispozitive speciale.<br>(2) Mijloacele de semnalizare rutiera se constituie intr-un sistem unitar, se realizeaza si se instaleaza astfel incat sa fie observate cu usurinta si de la o distanta adecvata, atat pe timp de zi, cat si pe timp de noapte, de cei carora li se adreseaza si trebuie sa fie in deplina concordanta intre ele, precum si intr-o stare tehnica de functionare corespunzatoare.<br>(3) Semnalele luminoase pentru dirijarea circulatiei in intersectii au urmatoarele semnificatii:<br>a) semnalul de culoare verde permite trecerea;<br>b) semnalul de culoare rosie interzice trecerea;<br>c) semnalul de culoare galbena, impreuna cu cel de culoare rosie, interzic trecerea.<br>(4) Mijloacele de semnalizare rutiera, precum si alte dispozitive speciale de acest fel se asigura, se instaleaza si se intretin prin grija administratorului drumului public respectiv ori al caii ferate, dupa caz. Instalarea mijloacelor de semnalizare rutiera si a dispozitivelor speciale se executa numai cu avizul prealabil al politiei rutiere.<br>(5) Mijloacele de semnalizare si presemnalizare a intersectiilor dintre doua drumuri de categorii diferite se asigura, se instaleaza si se intretin de catre administratorul fiecarui drum, cu respectarea modului de reglementare a circulatiei stabilit in nodul rutier respectiv.<br>(6) Mijloacele de semnalizare rutiera pot fi insotite si de dispozitive speciale de avertizare.<br>(7) Se interzic:<br>a) amplasarea, in zona drumului public, de constructii, panouri sau dispozitive ce pot fi confundate cu indicatoarele sau cu instalatiile ce servesc la semnalizarea rutiera ori realizarea de amenajari sau alte obstacole care sunt de natura sa limiteze vizibilitatea ori eficacitatea acestora, sa stanjeneasca participantii la trafic sau sa le distraga atentia, punand in pericol siguranta circulatiei;<br>b) lipirea de afise, inscriptii sau inscrisuri pe indicatoarele ori dispozitivele ce servesc la semnalizarea rutiera, inclusiv pe suporturile acestora.


                    </div>","https://scoaladrpciv.ro/intrebari/categoria-a/semnale-luminoase"
"1790502567-273","https://scoaladrpciv.ro/intrebari/categoria-a","Când deasupra fiecărei benzi de circulaţie se află în funcţiune câte un semafor, conducătorul unei motociclete trebuie:","C - să respecte semnificaţia semnalului luminos instalat deasupra benzii pe care se află.","","","A - să respecte semnificaţia semnalului luminos al semaforului instalat deasupra benzii din stânga;","B - să respecte semnificaţia semnalului luminos al semaforului instalat pe trotuar;","https://scoaladrpciv.ro/intrebare/cand-deasupra-fiecarei-benzi-de-circulatie-se-afla-in-functiune-cate-un-semafor-conducatorul-unei-motociclete-trebuie-a0a8","","<div class="""">
                        Art. 48<br>(1) Semafoarele care emit semnale luminoase pentru dirijarea circulaţiei în intersecţii se instalează obligatoriu înainte de intersecţie, astfel încât să fie vizibile de la o distanţă de cel puţin 50 m. Acestea pot fi repetate în mijlocul, deasupra ori de cealaltă parte a intersecţiei. <br>(2) Semnificaţia semnalelor luminoase pentru dirijarea circulaţiei vehiculelor este valabilă pe întreaga lăţime a părţii carosabile deschise circulaţiei conducătorilor cărora li se adresează. Pe drumurile cu două sau mai multe benzi pe sens, pentru direcţii diferite, delimitate prin marcaje longitudinale, semafoarele se pot instala deasupra uneia sau unora dintre benzi, caz în care semnificaţia semnalelor luminoase se limitează la banda sau benzile astfel semnalizate. 


                    </div>","https://scoaladrpciv.ro/intrebari/categoria-a/semnale-luminoase"
"1790502570-274","https://scoaladrpciv.ro/intrebari/categoria-a","Semnalul verde al semaforului permite deplasarea:","A - pe oricare direcţie, dacă printr-un mijloc de semnalizare nu se dispune altfel;","","","B - numai pe direcţia înainte;","C - pe oricare direcţie, dacă vehiculul se află pe banda din mijloc.","https://scoaladrpciv.ro/intrebare/semnalul-verde-al-semaforului-permite-deplasarea-71fd","","<div class="""">
                        Art. 30<br>(3) Semnalele luminoase pentru dirijarea circulatiei in intersectii au urmatoarele semnificatii:<br>a) semnalul de culoare verde permite trecerea;<br>b) semnalul de culoare rosie interzice trecerea;<br>c) semnalul de culoare galbena, impreuna cu cel de culoare rosie, interzic trecerea.<br><br>Art. 57<br>Conducătorul vehiculului care intră într-o intersecţie la culoarea verde a semaforului este obligat să respecte şi semnificaţia indicatoarelor instalate în interiorul acesteia. 


                    </div>","https://scoaladrpciv.ro/intrebari/categoria-a/semnale-luminoase"
"1790502572-275","https://scoaladrpciv.ro/intrebari/categoria-a","Cum procedaţi când vă apropiaţi de o intersecţie unde, în afara semaforului care are în funcţiune semnalul de culoare verde, întâlniţi şi indicatorul „Cedează trecerea“?","A - respectaţi semnificaţia culorii semaforului;","","","B - respectaţi semnificaţia indicatorului rutier;","C - respectaţi semnificaţia semaforului şi acordaţi prioritate de trecere vehiculelor care circulă pe drumul prioritar.","https://scoaladrpciv.ro/intrebare/cum-procedati-cand-va-apropiati-de-o-intersectie-unde-in-afara-semaforului-care-are-in-functiune-semnalul-de-culoare-verde-intalniti-si-indicatorul-cedeaza-trecerea-6b86","","<div class="""">
                        Art. 31<br>Participantii la trafic trebuie sa respecte regulile de circulatie, semnalele, indicatiile si dispozitiile politistului rutier, precum si semnificatia diferitelor tipuri de mijloace de semnalizare rutiera, in urmatoarea ordine de prioritate:<br>a) semnalele, indicatiile si dispozitiile politistului rutier;<br>b) semnalele speciale de avertizare, luminoase sau sonore ale autovehiculelor, prevazute la art.32 alin.(2) lit.a) si b);<br>c) semnalizarea temporara care modifica regimul normal de desfasurare a circulatiei;<br><b>d) semnalele luminoase sau sonore;</b><br><b>e) indicatoarele;</b><br>f) marcajele;<br>g) regulile de circulatie.


                    </div>","https://scoaladrpciv.ro/intrebari/categoria-a/semnale-luminoase"
"1790502574-276","https://scoaladrpciv.ro/intrebari/categoria-a","Câte corpuri de iluminat are semaforul care se adresează pietonilor şi bicicliştilor?","A - două corpuri;","","","B - trei corpuri;","C - patru corpuri.","https://scoaladrpciv.ro/intrebare/cate-corpuri-de-iluminat-are-semaforul-care-se-adreseaza-pietonilor-si-biciclistilor-a7d9","","<div class="""">
                        Art. 47<br>(1) Semnalele luminoase sunt lumini albe sau colorate diferit, emise succesiv, continuu sau intermitent, de unul sau mai multe corpuri de iluminat care compun un semafor. <br>(2) După numărul corpurilor de iluminat, semafoarele sunt:<br>a) cu un corp de iluminat, cu lumina intermitentă de avertizare;<br>b) cu două corpuri de iluminat, pentru pietoni şi biciclişti;<br>c) cu trei corpuri de iluminat, pentru vehicule;<br>d) cu patru sau mai multe corpuri de iluminat, pentru tramvaie. <br>(3) Semafoarele se montează în axul vertical al stâlpului sau pe consolă, pe portal ori suspendate pe cabluri, succesiunea culorilor lentilelor, de sus în jos, fiind următoarea:<br>a) la semaforul cu trei culori ordinea semnalelor este: roşu, galben, verde;<br>b) la semaforul cu două culori ordinea semnalelor este: roşu, verde;<br>c) la semaforul pentru tramvaie sunt dispuse trei pe orizontală la partea superioară şi unul la partea inferioară, toate cu lumina albă. 


                    </div>","https://scoaladrpciv.ro/intrebari/categoria-a/semnale-luminoase"
"1790502576-277","https://scoaladrpciv.ro/intrebari/categoria-a","Ce vehicule au voie să pătrundă în intersecţie la culoarea roşie a semaforului?","A - niciun vehicul, cu excepţia celor destinate stingerii incendiilor, ale ambulanţei şi ale poliţiei, când se deplasează în acţiuni de intervenţie sau în misiuni care impun urgenţă;","","","B - autovehiculele care virează la stânga;","C - autovehiculele poliţiei şi cele care execută virajul la stânga.","https://scoaladrpciv.ro/intrebare/ce-vehicule-au-voie-sa-patrunda-in-intersectie-la-culoarea-rosie-a-semaforului-c1c5","","<div class="""">
                        <p>Art. 52<br>(1) Semnalul de culoare roşie interzice trecerea.&nbsp;<br><span style=""background-color:hsl(60, 75%, 60%);"">(2) La semnalul de culoare roşie vehiculul trebuie oprit înaintea marcajului pentru oprire sau, după caz, pentru trecerea pietonilor, iar în lipsa acestuia, în dreptul semaforului. Dacă semaforul este instalat deasupra ori de cealaltă parte a intersecţiei, în lipsa marcajului pentru oprire sau pentru trecerea pietonilor, vehiculul trebuie oprit înainte de marginea părţii carosabile a drumului ce urmează a fi intersectat.&nbsp;</span><br>(3) Atunci când semnalul de culoare roşie funcţionează concomitent cu cel de culoare galbenă, acesta anunţă apariţia semnalului de culoare verde.<br><br>Art. 61<br><span style=""background-color:hsl(60, 75%, 60%);"">(1) Pentru a avea prioritate de trecere, autovehiculele prevazute la art.32 alin.(2) lit.a) si b), atunci cand se deplaseaza in actiuni de interventie sau in misiuni care au caracter de urgenta, trebuie sa aiba in functiune semnalele luminoase si sonore.</span><br>(2) Conducatorii autovehiculelor aflati in situatiile prevazute la alin.(1) pot incalca regimul legal de viteza sau alte reguli de circulatie, cu exceptia celor care reglementeaza trecerea la nivel cu calea ferata.<br>(3) Cand pe drumul public circulatia este dirijata de un politist rutier, conducatorii autovehiculelor prevazute la alin.(1) trebuie sa respecte semnalele, indicatiile si dispozitiile acestuia.<br><br>Art. 62<br><span style=""background-color:hsl(60, 75%, 60%);"">(1) La intrarea in intersectiile unde lumina rosie a semaforului este in functiune ori indicatoarele obliga la acordarea prioritatii de trecere, conducatorii autovehiculelor prevazute la art.61 alin.(1) trebuie sa reduca viteza si sa circule cu atentie sporita pentru evitarea producerii unor accidente de circulatie, in caz contrar urmand sa raspunda, potrivit legii.</span><br>(2) Cand doua autovehicule cu regim de circulatie prioritara, care se deplaseaza in misiune avand semnalele luminoase si sonore in functiune, se apropie de o intersectie, venind din directii diferite, vehiculul care circula din partea dreapta are prioritate.</p>


                    </div>","https://scoaladrpciv.ro/intrebari/categoria-a/semnale-luminoase"
"1790502579-278","https://scoaladrpciv.ro/intrebari/categoria-a","Semnalul galben intermitent al semaforului:","B - obligă conducătorul unei motociclete să reducă viteza şi să circule respectând regulile de circulaţie aplicabile în acea intersecţie;","","","A - anunţă apariţia semnalului roşu;","C - interzice intrarea în intersecţie.","https://scoaladrpciv.ro/intrebare/semnalul-galben-intermitent-al-semaforului-b07a","","<div class="""">
                        <p>Art. 53<br>(1) Când semnalul de culoare galbenă apare după semnalul de culoare verde, conducătorul vehiculului care se apropie de intersecţie nu trebuie să treacă de locurile prevăzute la art. 52 alin. (2), cu excepţia situaţiei în care, la apariţia semnalului, se află atât de aproape de acele locuri încât nu ar mai putea opri vehiculul în condiţii de siguranţă.&nbsp;<br><span style=""background-color:hsl(60, 75%, 60%);"">(2) Semnalul de culoare galbenă intermitent permite trecerea, conducătorul de vehicul fiind obligat să circule cu viteză redusă, să respecte semnificaţia semnalizării rutiere şi a regulilor de circulaţie aplicabile în acel loc.</span></p>


                    </div>","https://scoaladrpciv.ro/intrebari/categoria-a/semnale-luminoase"
"1790502581-279","https://scoaladrpciv.ro/intrebari/categoria-a","Ce trebuie să facă un motociclist dacă pătrunde într-o intersecţie în momentul schimbării semnalului verde şi apariţiei celui galben?","C - să continue deplasarea.","","","A - să vireze obligatoriu la dreapta;","B - să oprească;","https://scoaladrpciv.ro/intrebare/ce-trebuie-sa-faca-un-motociclist-daca-patrunde-intr-o-intersectie-in-momentul-schimbarii-semnalului-verde-si-aparitiei-celui-galben-33d7","","<div class="""">
                        Art. 53<br>(1) Când semnalul de culoare galbenă apare după semnalul de culoare verde, conducătorul vehiculului care se apropie de intersecţie nu trebuie să treacă de locurile prevăzute la art. 52 alin. (2), cu excepţia situaţiei în care, la apariţia semnalului, se află atât de aproape de acele locuri încât nu ar mai putea opri vehiculul în condiţii de siguranţă. <br>(2) Semnalul de culoare galbenă intermitent permite trecerea, conducătorul de vehicul fiind obligat să circule cu viteză redusă, să respecte semnificaţia semnalizării rutiere şi a regulilor de circulaţie aplicabile în acel loc. 


                    </div>","https://scoaladrpciv.ro/intrebari/categoria-a/semnale-luminoase"
"1790502583-280","https://scoaladrpciv.ro/intrebari/categoria-a","Când semaforul arată culoarea verde, motociclistul poate să circule prin intersecţie:","A - în toate direcţiile;","","","B - pe direcţia înainte sau la dreapta;","C - numai pe direcţia înainte.","https://scoaladrpciv.ro/intrebare/cand-semaforul-arata-culoarea-verde-motociclistul-poate-sa-circule-prin-intersectie-2e11","","<div class="""">
                        Art. 51<br>(1) Semnalul de culoare verde permite trecerea. <br>(2) Când semaforul este însoţit de una sau mai multe lămpi care emit lumina intermitentă de culoare verde sub forma uneia sau unor săgeţi pe fond negru către dreapta, acestea permit trecerea numai în direcţia indicată, oricare ar fi în acel moment semnalul în funcţiune al semaforului. 


                    </div>","https://scoaladrpciv.ro/intrebari/categoria-a/semnale-luminoase"
"1790502585-281","https://scoaladrpciv.ro/intrebari/categoria-a","Lumina galbenă intermitentă a corpului de iluminat instalat în zona trecerilor pentru pietoni vă obligă la:","C - reducerea vitezei şi respectarea semnalizării şi a regulilor de circulaţie aplicabile în acea zonă.","","","A - reducerea vitezei, având grijă să evitaţi pietonii care traversează;","B - reducerea vitezei şi folosirea luminii farurilor, pentru avertizarea pietonilor care intenţionează să se angajeze în traversare;","https://scoaladrpciv.ro/intrebare/lumina-galbena-intermitenta-a-corpului-de-iluminat-instalat-in-zona-trecerilor-pentru-pietoni-va-obliga-la-3182","","<div class="""">
                        Art. 53<br>(1) Când semnalul de culoare galbenă apare după semnalul de culoare verde, conducătorul vehiculului care se apropie de intersecţie nu trebuie să treacă de locurile prevăzute la art. 52 alin. (2), cu excepţia situaţiei în care, la apariţia semnalului, se află atât de aproape de acele locuri încât nu ar mai putea opri vehiculul în condiţii de siguranţă. <br>(2) Semnalul de culoare galbenă intermitent permite trecerea, conducătorul de vehicul fiind obligat să circule cu viteză redusă, să respecte semnificaţia semnalizării rutiere şi a regulilor de circulaţie aplicabile în acel loc. 


                    </div>","https://scoaladrpciv.ro/intrebari/categoria-a/semnale-luminoase"
"1790502588-282","https://scoaladrpciv.ro/intrebari/categoria-a","Semnalul galben al semaforului:","C - interzice intrarea în intersecţie, dacă motocicleta poate fi oprită în condiţii de siguranţă.","","","A - permite intrarea în intersecţie, dacă urmează după lumina verde;","B - permite schimbarea direcţiei de mers către dreapta;","https://scoaladrpciv.ro/intrebare/semnalul-galben-al-semaforului-61a8","","<div class="""">
                        Art. 30<br>(1) Mijloacele de semnalizare rutiera sunt:<br>a) sistemele de semnalizare luminoasa sau sonora;<br>b) indicatoarele;<br>c) marcajele;<br>d) alte dispozitive speciale.<br>(2) Mijloacele de semnalizare rutiera se constituie intr-un sistem unitar, se realizeaza si se instaleaza astfel incat sa fie observate cu usurinta si de la o distanta adecvata, atat pe timp de zi, cat si pe timp de noapte, de cei carora li se adreseaza si trebuie sa fie in deplina concordanta intre ele, precum si intr-o stare tehnica de functionare corespunzatoare.<br>(3) Semnalele luminoase pentru dirijarea circulatiei in intersectii au urmatoarele semnificatii:<br>a) semnalul de culoare verde permite trecerea;<br>b) semnalul de culoare rosie interzice trecerea;<br>c) semnalul de culoare galbena, impreuna cu cel de culoare rosie, interzic trecerea.<br>(4) Mijloacele de semnalizare rutiera, precum si alte dispozitive speciale de acest fel se asigura, se instaleaza si se intretin prin grija administratorului drumului public respectiv ori al caii ferate, dupa caz. Instalarea mijloacelor de semnalizare rutiera si a dispozitivelor speciale se executa numai cu avizul prealabil al politiei rutiere.<br>(5) Mijloacele de semnalizare si presemnalizare a intersectiilor dintre doua drumuri de categorii diferite se asigura, se instaleaza si se intretin de catre administratorul fiecarui drum, cu respectarea modului de reglementare a circulatiei stabilit in nodul rutier respectiv.<br>(6) Mijloacele de semnalizare rutiera pot fi insotite si de dispozitive speciale de avertizare.<br>(7) Se interzic:<br>a) amplasarea, in zona drumului public, de constructii, panouri sau dispozitive ce pot fi confundate cu indicatoarele sau cu instalatiile ce servesc la semnalizarea rutiera ori realizarea de amenajari sau alte obstacole care sunt de natura sa limiteze vizibilitatea ori eficacitatea acestora, sa stanjeneasca participantii la trafic sau sa le distraga atentia, punand in pericol siguranta circulatiei;<br>b) lipirea de afise, inscriptii sau inscrisuri pe indicatoarele ori dispozitivele ce servesc la semnalizarea rutiera, inclusiv pe suporturile acestora.<br><br>Art. 53<br>(1) Când semnalul de culoare galbenă apare după semnalul de culoare verde, conducătorul vehiculului care se apropie de intersecţie nu trebuie să treacă de locurile prevăzute la art. 52 alin. (2), cu excepţia situaţiei în care, la apariţia semnalului, se află atât de aproape de acele locuri încât nu ar mai putea opri vehiculul în condiţii de siguranţă. <br>(2) Semnalul de culoare galbenă intermitent permite trecerea, conducătorul de vehicul fiind obligat să circule cu viteză redusă, să respecte semnificaţia semnalizării rutiere şi a regulilor de circulaţie aplicabile în acel loc. 


                    </div>","https://scoaladrpciv.ro/intrebari/categoria-a/semnale-luminoase"
"1790502593-283","https://scoaladrpciv.ro/intrebari/categoria-a","Aveţi obligaţia de a opri motocicleta la semnalele adresate de:","A - membrii patrulelor şcolare de circulaţie, de la trecerile pentru pietoni din apropierea unităţilor de învăţământ;","","","B - personalul autorizat din cadrul Ministerului Transporturilor;","C - funcționarii ce îşi desfăşoară activitatea în cadrul Administraţiei Drumurilor.","https://scoaladrpciv.ro/intrebare/aveti-obligatia-de-a-opri-motocicleta-la-semnalele-adresate-de-a6b6","","<div class="""">
                        Art. 89<br>(1) Oprirea participanţilor la trafic este obligatorie şi la semnalele date de:<br>a) poliţiştii de frontieră;<br>b) îndrumătorii de circulaţie ai Ministerului Apărării;<br>c) agenţii de cale ferată, la trecerile la nivel;<br>d) personalul autorizat din zona lucrărilor pe drumurile publice;<br>e) membrii patrulelor şcolare de circulaţie, la trecerile pentru pietoni din apropierea unităţilor de învăţământ;<br>f) nevăzători, prin ridicarea bastonului alb, atunci când aceştia traversează strada. <br>(2) Persoanele prevăzute la alin. (1) lit. a)–d) pot efectua şi următoarele semnale:<br>a) balansarea braţului în plan vertical, cu palma mâinii orientată către sol sau cu un mijloc de semnalizare, care semnifică reducerea vitezei;<br>b) rotirea vioaie a braţului, care semnifică mărirea vitezei de deplasare a vehiculelor, inclusiv grăbirea traversării drumului de către pietoni.


                    </div>","https://scoaladrpciv.ro/intrebari/categoria-a/semnalele-politistilor"
"1790502595-284","https://scoaladrpciv.ro/intrebari/categoria-a","Precizaţi care dintre vehicule trebuie să oprească la semnalul poliţistului:","C - autocamionul şi bicicleta.","","","A - motocicleta şi autoturismul;","B - motocicleta şi bicicleta;","https://scoaladrpciv.ro/intrebare/precizati-care-dintre-vehicule-trebuie-sa-opreasca-la-semnalul-politistului-bde1","https://scoaladrpciv.ro/storage/questions/364.jpeg","<div class="""">
                        Art. 88<br>(1) Semnalele poliţistului care dirijează circulaţia au următoarele semnificaţii:<br>a) braţul ridicat vertical semnifică „atenţie, oprire“ pentru toţi participanţii la trafic care se apropie, cu excepţia conducătorilor de vehicule care nu ar mai putea opri în condiţii de siguranţă. Dacă semnalul este dat într-o intersecţie, aceasta nu impune oprirea conducătorilor de vehicule care se află deja angajaţi în traversare;<br>b) braţul sau braţele întinse orizontal semnifică „oprire“ pentru toţi participanţii la trafic care, indiferent de sensul lor de mers, circulă din direcţia sau direcţiile intersectate de braţul sau braţele întinse. După ce a dat acest semnal, poliţistul poate coborî braţul sau braţele, poziţia sa însemnând, de asemenea, „oprire“ pentru participanţii la trafic care vin din faţă ori din spate;<br>c) balansarea, pe timp de noapte, în plan vertical, a unui dispozitiv cu lumină roşie ori a bastonului fluorescent-reflectorizant semnifică „oprire“ pentru participanţii la trafic spre care este îndreptat;<br>d) balansarea pe verticală a braţului, având palma orientată către sol, semnifică reducerea vitezei;<br>e) rotirea vioaie a braţului semnifică mărirea vitezei de deplasare a vehiculelor sau grăbirea traversării drumului de către pietoni. <br>(2) Poliţistul care dirijează circulaţia poate efectua semnal cu braţul ca vehiculul să avanseze, să depăşească, să treacă prin faţa ori prin spatele său, să îl ocolească prin partea sa stângă sau dreaptă, iar pietonii să traverseze drumul ori să se oprească. <br>(3) La efectuarea comenzilor prevăzute la alin. (1) şi (2), poliţistul poate folosi şi fluierul. 


                    </div>","https://scoaladrpciv.ro/intrebari/categoria-a/semnalele-politistilor"
"1790502597-285","https://scoaladrpciv.ro/intrebari/categoria-a","Scoaterea, pe partea laterală din dreapta, a bastonului reflectorizant de către poliţistul care însoţeşte o coloană oficială de autovehicule obligă conducătorii care circulă în spatele acesteia:","B - să oprească cât mai aproape de marginea drumului, iar acolo unde este posibil, să scoată vehiculul în afara părţii carosabile;","","","A - să reducă imediat viteza şi să circule cât mai aproape de marginea drumului;","C - să reducă viteza şi să iasă în afara drumului imediat ce este posibil, prin viraj la dreapta.","https://scoaladrpciv.ro/intrebare/scoaterea-pe-partea-laterala-din-dreapta-a-bastonului-reflectorizant-de-catre-politistul-care-insoteste-o-coloana-oficiala-de-autovehicule-obliga-conducatorii-care-circula-in-spatele-acesteia-40a4","","<div class="""">
                        Balansarea bastonului reflectorizant sau a braţului semnifică oprire: <br><b>a) dat din partea dreapta a vehiculului poliţiei - pentru cei din spate;</b><br>b) dat din partea stânga a vehiculului poliţiei - pentru cei din faţă sau cei care circulă pe bandă/benzile din stânga în acelaşi sens.


                    </div>","https://scoaladrpciv.ro/intrebari/categoria-a/semnalele-politistilor"
"1790502600-286","https://scoaladrpciv.ro/intrebari/categoria-a","Cum procedaţi atunci când, deplasându-vă cu motocicleta pe un drum public, întâlniţi un poliţist rutier orientat cu spatele către dumneavoastră şi cu braţele întinse orizontal?","A - opriţi motocicleta;","","","B - vă continuaţi drumul;","C - reduceţi viteza.","https://scoaladrpciv.ro/intrebare/cum-procedati-atunci-cand-deplasandu-va-cu-motocicleta-pe-un-drum-public-intalniti-un-politist-rutier-orientat-cu-spatele-catre-dumneavoastra-si-cu-bratele-intinse-orizontal-31a4","","<div class="""">
                        Art. 88<br>(1) Semnalele poliţistului care dirijează circulaţia au următoarele semnificaţii:<br>a) braţul ridicat vertical semnifică „atenţie, oprire“ pentru toţi participanţii la trafic care se apropie, cu excepţia conducătorilor de vehicule care nu ar mai putea opri în condiţii de siguranţă. Dacă semnalul este dat într-o intersecţie, aceasta nu impune oprirea conducătorilor de vehicule care se află deja angajaţi în traversare;<br>b) braţul sau braţele întinse orizontal semnifică „oprire“ pentru toţi participanţii la trafic care, indiferent de sensul lor de mers, circulă din direcţia sau direcţiile intersectate de braţul sau braţele întinse. După ce a dat acest semnal, poliţistul poate coborî braţul sau braţele, poziţia sa însemnând, de asemenea, „oprire“ pentru participanţii la trafic care vin din faţă ori din spate;<br>c) balansarea, pe timp de noapte, în plan vertical, a unui dispozitiv cu lumină roşie ori a bastonului fluorescent-reflectorizant semnifică „oprire“ pentru participanţii la trafic spre care este îndreptat;<br>d) balansarea pe verticală a braţului, având palma orientată către sol, semnifică reducerea vitezei;<br>e) rotirea vioaie a braţului semnifică mărirea vitezei de deplasare a vehiculelor sau grăbirea traversării drumului de către pietoni. <br>(2) Poliţistul care dirijează circulaţia poate efectua semnal cu braţul ca vehiculul să avanseze, să depăşească, să treacă prin faţa ori prin spatele său, să îl ocolească prin partea sa stângă sau dreaptă, iar pietonii să traverseze drumul ori să se oprească. <br>(3) La efectuarea comenzilor prevăzute la alin. (1) şi (2), poliţistul poate folosi şi fluierul. 


                    </div>","https://scoaladrpciv.ro/intrebari/categoria-a/semnalele-politistilor"
"1790502602-287","https://scoaladrpciv.ro/intrebari/categoria-a","Care dintre cele două vehicule din imagine are dreptul să treacă prin intersecţie?","A - motocicleta;","","","B - niciunul;","C - tramvaiul.","https://scoaladrpciv.ro/intrebare/care-dintre-cele-doua-vehicule-din-imagine-are-dreptul-sa-treaca-prin-intersectie-46ab","https://scoaladrpciv.ro/storage/questions/343.jpeg","<div class="""">
                        Art. 88<br>(1) Semnalele poliţistului care dirijează circulaţia au următoarele semnificaţii:<br>a) braţul ridicat vertical semnifică „atenţie, oprire“ pentru toţi participanţii la trafic care se apropie, cu excepţia conducătorilor de vehicule care nu ar mai putea opri în condiţii de siguranţă. Dacă semnalul este dat într-o intersecţie, aceasta nu impune oprirea conducătorilor de vehicule care se află deja angajaţi în traversare;<br>b) braţul sau braţele întinse orizontal semnifică „oprire“ pentru toţi participanţii la trafic care, indiferent de sensul lor de mers, circulă din direcţia sau direcţiile intersectate de braţul sau braţele întinse. După ce a dat acest semnal, poliţistul poate coborî braţul sau braţele, poziţia sa însemnând, de asemenea, „oprire“ pentru participanţii la trafic care vin din faţă ori din spate;<br>c) balansarea, pe timp de noapte, în plan vertical, a unui dispozitiv cu lumină roşie ori a bastonului fluorescent-reflectorizant semnifică „oprire“ pentru participanţii la trafic spre care este îndreptat;<br>d) balansarea pe verticală a braţului, având palma orientată către sol, semnifică reducerea vitezei;<br>e) rotirea vioaie a braţului semnifică mărirea vitezei de deplasare a vehiculelor sau grăbirea traversării drumului de către pietoni. <br>(2) Poliţistul care dirijează circulaţia poate efectua semnal cu braţul ca vehiculul să avanseze, să depăşească, să treacă prin faţa ori prin spatele său, să îl ocolească prin partea sa stângă sau dreaptă, iar pietonii să traverseze drumul ori să se oprească. <br>(3) La efectuarea comenzilor prevăzute la alin. (1) şi (2), poliţistul poate folosi şi fluierul. 


                    </div>","https://scoaladrpciv.ro/intrebari/categoria-a/semnalele-politistilor"
"1790502604-288","https://scoaladrpciv.ro/intrebari/categoria-a","Dacă lumina roşie a semaforului este în funcţiune, iar poliţistul face semn motociclistului să treacă, acesta trebuie:","B - să respecte semnalul făcut de poliţist;","","","A - să aştepte lumina verde care îi permite trecerea;","C - să aştepte ca semnificaţia luminii semaforului să corespundă cu cea a semnalului poliţistului.","https://scoaladrpciv.ro/intrebare/daca-lumina-rosie-a-semaforului-este-in-functiune-iar-politistul-face-semn-motociclistului-sa-treaca-acesta-trebuie-fba8","","<div class="""">
                        Art. 31<br>Participantii la trafic trebuie sa respecte regulile de circulatie, semnalele, indicatiile si dispozitiile politistului rutier, precum si semnificatia diferitelor tipuri de mijloace de semnalizare rutiera, in urmatoarea ordine de prioritate:<br><b>a) semnalele, indicatiile si dispozitiile politistului rutier;</b><br>b) semnalele speciale de avertizare, luminoase sau sonore ale autovehiculelor, prevazute la art.32 alin.(2) lit.a) si b);<br>c) semnalizarea temporara care modifica regimul normal de desfasurare a circulatiei;<br><b>d) semnalele luminoase sau sonore;</b><br>e) indicatoarele;<br>f) marcajele;<br>g) regulile de circulatie.


                    </div>","https://scoaladrpciv.ro/intrebari/categoria-a/semnalele-politistilor"
"1790502606-289","https://scoaladrpciv.ro/intrebari/categoria-a","Cum procedaţi la semnalul poliţistului cu braţul ridicat vertical?","A - opriţi, indiferent din ce direcţie vă apropiaţi, şi aşteptaţi următorul său semnal;","","","B - reduceţi viteza şi circulaţi în direcţia permisă de poziţia braţului;","C - reduceţi viteza şi îl ocoliţi.","https://scoaladrpciv.ro/intrebare/cum-procedati-la-semnalul-politistului-cu-bratul-ridicat-vertical-b8bc","","<div class="""">
                        Art. 88<br>(1) Semnalele poliţistului care dirijează circulaţia au următoarele semnificaţii:<br>a) braţul ridicat vertical semnifică „atenţie, oprire” pentru toţi participanţii la trafic care se apropie, cu excepţia conducătorilor de vehicule care nu ar mai putea opri în condiţii de siguranţă. Dacă semnalul este dat într-o intersecţie, aceasta nu impune oprirea conducătorilor de vehicule care se află deja angajaţi în traversare;<br>b) braţul sau braţele întinse orizontal semnifică „oprire” pentru toţi participanţii la trafic care, indiferent de sensul lor de mers, circulă din direcţia sau direcţiile intersectate de braţul sau braţele întinse. După ce a dat acest semnal, poliţistul poate coborî braţul sau braţele, poziţia sa însemnând, de asemenea, „oprire” pentru participanţii la trafic care vin din faţă ori din spate;<br>c) balansarea, pe timp de noapte, în plan vertical, a unui dispozitiv cu lumină roşie ori a bastonului fluorescent-reflectorizant, semnifică „oprire” pentru participanţii la trafic, spre care este îndreptat;<br>d) balansarea pe verticală a braţului, având palma orientată către sol, semnifică reducerea vitezei;<br>e) rotirea vioaie a braţului semnifică mărirea vitezei de deplasare a vehiculelor sau grăbirea traversării drumului de către pietoni.<br>(2) Poliţistul care dirijează circulaţia poate efectua semnal cu braţul ca vehiculul să avanseze, să depăşească, să treacă prin faţa ori prin spatele său, să îl ocolească prin partea sa stângă sau dreaptă, iar pietonii să traverseze drumul ori să se oprească.<br>(3) La efectuarea comenzilor prevăzute la alin. (1) şi (2), poliţistul poate folosi şi fluierul.


                    </div>","https://scoaladrpciv.ro/intrebari/categoria-a/semnalele-politistilor"
"1790502609-290","https://scoaladrpciv.ro/intrebari/categoria-a","Când este obligat conducătorul unei motociclete să oprească?","B - la semnalul patrulelor şcolare de circulaţie la trecerile pentru pietoni din apropierea unităţilor şcolare;","","","A - la semnalul conducătorului grupurilor organizate;","C - când se apropie de o intersecţie sau când este semnalizat cu farurile de un alt participant la trafic.","https://scoaladrpciv.ro/intrebare/cand-este-obligat-conducatorul-unei-motociclete-sa-opreasca-cdfa","","<div class="""">
                        Art. 89<br>(1) Oprirea participanţilor la trafic este obligatorie şi la semnalele date de:<br>a) poliţiştii de frontieră;<br>b) îndrumătorii de circulaţie ai Ministerului Apărării;<br>c) agenţii de cale ferată, la trecerile la nivel;<br>d) personalul autorizat din zona lucrărilor pe drumurile publice;<br>e) membrii patrulelor şcolare de circulaţie, la trecerile pentru pietoni din apropierea unităţilor de învăţământ;<br>f) nevăzători, prin ridicarea bastonului alb, atunci când aceştia traversează strada. <br>(2) Persoanele prevăzute la alin. (1) lit. a)–d) pot efectua şi următoarele semnale:<br>a) balansarea braţului în plan vertical, cu palma mâinii orientată către sol sau cu un mijloc de semnalizare, care semnifică reducerea vitezei;<br>b) rotirea vioaie a braţului, care semnifică mărirea vitezei de deplasare a vehiculelor, inclusiv grăbirea traversării drumului de către pietoni. 


                    </div>","https://scoaladrpciv.ro/intrebari/categoria-a/semnalele-politistilor"
"1790502611-291","https://scoaladrpciv.ro/intrebari/categoria-a","Cum procedaţi dacă, într-o intersecţie, poliţistul este orientat cu spatele către dumneavoastră şi cu braţul stâng întins orizontal?","B - continuaţi drumul;","","","A - viraţi la stânga;","C - reduceţi viteza motocicletei şi opriţi în spatele acestuia.","https://scoaladrpciv.ro/intrebare/cum-procedati-daca-intr-o-intersectie-politistul-este-orientat-cu-spatele-catre-dumneavoastra-si-cu-bratul-stang-intins-orizontal-e9a2","","<div class="""">
                        Art. 88<br>(1) Semnalele poliţistului care dirijează circulaţia au următoarele semnificaţii:<br>a) braţul ridicat vertical semnifică „atenţie, oprire“ pentru toţi participanţii la trafic care se apropie, cu excepţia conducătorilor de vehicule care nu ar mai putea opri în condiţii de siguranţă. Dacă semnalul este dat într-o intersecţie, aceasta nu impune oprirea conducătorilor de vehicule care se află deja angajaţi în traversare;<br>b) braţul sau braţele întinse orizontal semnifică „oprire“ pentru toţi participanţii la trafic care, indiferent de sensul lor de mers, circulă din direcţia sau direcţiile intersectate de braţul sau braţele întinse. După ce a dat acest semnal, poliţistul poate coborî braţul sau braţele, poziţia sa însemnând, de asemenea, „oprire“ pentru participanţii la trafic care vin din faţă ori din spate; (<b>polițistul fiind cu spatele către dvs., nu vă intersectați cu brațul acestuia, deci puteți continua deplasarea)</b><br>c) balansarea, pe timp de noapte, în plan vertical, a unui dispozitiv cu lumină roşie ori a bastonului fluorescent-reflectorizant semnifică „oprire“ pentru participanţii la trafic spre care este îndreptat;<br>d) balansarea pe verticală a braţului, având palma orientată către sol, semnifică reducerea vitezei;<br>e) rotirea vioaie a braţului semnifică mărirea vitezei de deplasare a vehiculelor sau grăbirea traversării drumului de către pietoni. <br>(2) Poliţistul care dirijează circulaţia poate efectua semnal cu braţul ca vehiculul să avanseze, să depăşească, să treacă prin faţa ori prin spatele său, să îl ocolească prin partea sa stângă sau dreaptă, iar pietonii să traverseze drumul ori să se oprească. <br>(3) La efectuarea comenzilor prevăzute la alin. (1) şi (2), poliţistul poate folosi şi fluierul. 


                    </div>","https://scoaladrpciv.ro/intrebari/categoria-a/semnalele-politistilor"
"1790502613-292","https://scoaladrpciv.ro/intrebari/categoria-a","Cum trebuie să procedeze conducătorul de motocicletă atunci când, într-o intersecție, întâlnește un polițist orientat cu fața spre el, care îi face semn să-și continue deplasarea?","C - se conformează semnalului polițistului.","","","A - oprește până când polițistul își schimbă poziția;","B - fiind un semnal în afara Regulamentului, oprește și așteaptă revenirea la o poziție care să-i permită continuarea drumului;","https://scoaladrpciv.ro/intrebare/cum-trebuie-sa-procedeze-conducatorul-de-motocicleta-atunci-cand-intr-o-intersectie-intalneste-un-politist-orientat-cu-fata-spre-el-care-ii-face-semn-sa-si-continue-deplasarea-bca1","","<div class="""">
                        Art. 88<br>(1) Semnalele poliţistului care dirijează circulaţia au următoarele semnificaţii:<br>a) braţul ridicat vertical semnifică „atenţie, oprire“ pentru toţi participanţii la trafic care se apropie, cu excepţia conducătorilor de vehicule care nu ar mai putea opri în condiţii de siguranţă. Dacă semnalul este dat într-o intersecţie, aceasta nu impune oprirea conducătorilor de vehicule care se află deja angajaţi în traversare;<br>b) braţul sau braţele întinse orizontal semnifică „oprire“ pentru toţi participanţii la trafic care, indiferent de sensul lor de mers, circulă din direcţia sau direcţiile intersectate de braţul sau braţele întinse. După ce a dat acest semnal, poliţistul poate coborî braţul sau braţele, poziţia sa însemnând, de asemenea, „oprire“ pentru participanţii la trafic care vin din faţă ori din spate;<br>c) balansarea, pe timp de noapte, în plan vertical, a unui dispozitiv cu lumină roşie ori a bastonului fluorescent-reflectorizant semnifică „oprire“ pentru participanţii la trafic spre care este îndreptat;<br>d) balansarea pe verticală a braţului, având palma orientată către sol, semnifică reducerea vitezei;<br>e) rotirea vioaie a braţului semnifică mărirea vitezei de deplasare a vehiculelor sau grăbirea traversării drumului de către pietoni. <br>(2) Poliţistul care dirijează circulaţia poate efectua semnal cu braţul ca vehiculul să avanseze, să depăşească, să treacă prin faţa ori prin spatele său, să îl ocolească prin partea sa stângă sau dreaptă, iar pietonii să traverseze drumul ori să se oprească. <br>(3) La efectuarea comenzilor prevăzute la alin. (1) şi (2), poliţistul poate folosi şi fluierul. 


                    </div>","https://scoaladrpciv.ro/intrebari/categoria-a/semnalele-politistilor"
"1790502616-293","https://scoaladrpciv.ro/intrebari/categoria-a","Aveţi obligaţia de a opri imediat motocicleta la semnalele adresate de:","A - poliţiştii de frontieră;","","","B - poliţiştii comunitari;","C - personalul autorizat din cadrul serviciului de examinări.","https://scoaladrpciv.ro/intrebare/aveti-obligatia-de-a-opri-imediat-motocicleta-la-semnalele-adresate-de-04ec","","<div class="""">
                        <h4>Articolul 89</h4><p>(1)&nbsp;&nbsp; Oprirea participanților la trafic este obligatorie și la semnalele date de:</p><ul style=""list-style-type:circle;""><li><span style=""background-color:hsl(60, 75%, 60%);"">a)&nbsp; polițiștii de frontierã;</span></li><li>b)&nbsp;&nbsp; îndrumãtorii de circulație ai Ministerului Apãrãrii;</li><li>&nbsp;c)&nbsp; agenții de cale feratã, la trecerile la nivel;</li><li>&nbsp;d)&nbsp;&nbsp; personalul autorizat din zona lucrãrilor pe drumurile publice;</li><li>&nbsp;e)&nbsp;&nbsp; membrii patrulelor școlare de circulație, la trecerile pentru pietoni din apropierea unitãților de învãțãmânt;</li><li>&nbsp;f)&nbsp;&nbsp; nevãzãtori, prin ridicarea bastonului alb, atunci când aceștia traverseazã strada.</li></ul><p>(2)&nbsp;&nbsp; Persoanele prevãzute la alin. (1) lit. a)-d) pot efectua și urmãtoarele semnale:</p><ul style=""list-style-type:circle;""><li>a)&nbsp;&nbsp; balansarea brațului în plan vertical, cu palma mâinii orientatã cãtre sol sau cu un mijloc de semnalizare, care semnificã reducerea vitezei;</li><li>b)&nbsp;&nbsp; rotirea vioaie a brațului, care semnificã mãrirea vitezei de deplasare a vehiculelor, inclusiv grãbirea traversãrii drumului de cãtre pietoni.</li></ul>


                    </div>","https://scoaladrpciv.ro/intrebari/categoria-a/semnalele-politistilor"
"1790502618-294","https://scoaladrpciv.ro/intrebari/categoria-a","Semnalele date dintr-un autovehicul al poliţiei, care însoţeşte o coloană oficială de vehicule, prin folosirea mijloacelor speciale de avertizare sonoră şi luminoasă, obligă la:","B - oprirea, de îndată, în afara părţii carosabile sau cât mai aproape de bordură ori acostament, până la trecerea coloanei;","","","A - părăsirea drumului pe prima stradă la dreapta;","C - reducerea vitezei şi deplasarea cât mai aproape de bordură sau acostament.","https://scoaladrpciv.ro/intrebare/semnalele-date-dintr-un-autovehicul-al-politiei-care-insoteste-o-coloana-oficiala-de-vehicule-prin-folosirea-mijloacelor-speciale-de-avertizare-sonora-si-luminoasa-obliga-la-1989","","<div class="""">
                        11. coloana oficiala - unul sau mai multe vehicule care circula pe drumul public si sunt insotite de unul sau mai multe autovehicule ale politiei rutiere, care au in functiune semnale speciale de avertizare sonore si luminoase de culoare rosie;<br>/nArt. 32<br>(1) Semnalele speciale de avertizare luminoase sunt emise intermitent de dispozitive de iluminare montate pe autovehicule si au urmatoarele semnificatii:<br>a) lumina rosie obliga participantii la trafic sa opreasca in directia de mers cat mai aproape de marginea drumului;<br>b) lumina albastra obliga participantii la trafic sa acorde prioritate de trecere;<br>c) lumina galbena obliga participantii la trafic sa circule cu atentie.<br>(2) Sunt autorizate sa utilizeze semnale speciale de avertizare luminoase:<br>a) pentru lumina rosie - autovehiculele apartinand politiei si pompierilor;<br>b) pentru lumina albastra - autovehiculele apartinand politiei, jandarmeriei, politiei de frontiera, serviciului de ambulanta sau medicina legala, protectiei civile, Ministerului Apararii care insotesc coloane militare, unitatilor speciale ale Serviciului Roman de Informatii si ale Serviciului de Protectie si Paza, Administratiei Nationale a Penitenciarelor din cadrul Ministerului Justitiei, autovehiculele de serviciu ale procurorilor criminalisti din Ministerul Public, precum si cele apartinand Departamentului National Anticoruptie, atunci cand se deplaseaza in actiuni de interventie sau in misiuni care au caracter de urgenta;<br>c) pentru lumina galbena - autovehiculele cu mase si/sau dimensiuni de gabarit depasite ori care insotesc asemenea vehicule, cele care transporta anumite marfuri sau substante periculoase, cele destinate intretinerii, repararii ori verificarii unor lucrari efectuate in partea carosabila sau executarii unor lucrari de drumuri, curateniei strazilor, deszapezirii sau tractarii, transportului si depanarii autovehiculelor ramase in pana sau avariate, precum si tractoarele care tracteaza utilajele agricole si tehnologice agabaritice. Inspectoratul General al Politiei Romane poate autoriza utilizarea dispozitivelor speciale luminoase de culoare galbena pentru autovehiculele stabilite prin prezenta ordonanta de urgenta.<br>(3) Autovehiculele prevazute la alin.(2) lit.a) si b) trebuie sa fie echipate si cu mijloace speciale sonore de avertizare.<br>(4) Pe autovehiculele apartinand politiei si pe cele prevazute la alin.(2) lit.c) pot fi instalate si dispozitive luminoase cu mesaje variabile, destinate participantilor la trafic.<br>(5) Mijloacele speciale de avertizare, luminoase sau sonore, se certifica sau se omologheaza de autoritatea competenta, potrivit legii. Conditiile de utilizare a acestora se stabilesc prin regulament.


                    </div>","https://scoaladrpciv.ro/intrebari/categoria-a/semnalele-politistilor"
"1790502620-295","https://scoaladrpciv.ro/intrebari/categoria-a","Cum procedaţi în situaţia în care semnalul roşu al semaforului este în funcţiune, iar poliţistul vă adresează semnalul de a trece?","C - respectaţi semnalul poliţistului.","","","A - aşteptaţi apariţia semnalului de culoare verde, care vă permite să circulaţi cu motocicleta prin intersecţie;","B - atrageţi atenţia poliţistului că există neconcordanţă între semnalul său şi cel al semaforului;","https://scoaladrpciv.ro/intrebare/cum-procedati-in-situatia-in-care-semnalul-rosu-al-semaforului-este-in-functiune-iar-politistul-va-adreseaza-semnalul-de-a-trece-ce22","","<div class="""">
                        Art. 31<br>Participantii la trafic trebuie sa respecte regulile de circulatie, semnalele, indicatiile si dispozitiile politistului rutier, precum si semnificatia diferitelor tipuri de mijloace de semnalizare rutiera, in urmatoarea ordine de prioritate:<br><b>a) semnalele, indicatiile si dispozitiile politistului rutier;</b><br>b) semnalele speciale de avertizare, luminoase sau sonore ale autovehiculelor, prevazute la art.32 alin.(2) lit.a) si b);<br>c) semnalizarea temporara care modifica regimul normal de desfasurare a circulatiei;<br><b>d) semnalele luminoase sau sonore;</b><br>e) indicatoarele;<br>f) marcajele;<br>g) regulile de circulatie.


                    </div>","https://scoaladrpciv.ro/intrebari/categoria-a/semnalele-politistilor"
"1790502622-296","https://scoaladrpciv.ro/intrebari/categoria-a","Când poliţistul se află cu spatele la motocicleta care se apropie şi cu braţul stâng întins orizontal, conducătorul acesteia trebuie:","A - să continue deplasarea, deoarece semnalul de oprire nu i se adresează;","","","B - să schimbe direcţia de mers spre stânga;","C - să oprească, deoarece semnalul i se adresează.","https://scoaladrpciv.ro/intrebare/cand-politistul-se-afla-cu-spatele-la-motocicleta-care-se-apropie-si-cu-bratul-stang-intins-orizontal-conducatorul-acesteia-trebuie-90f8","","<div class="""">
                        Art. 88<br>(1) Semnalele poliţistului care dirijează circulaţia au următoarele semnificaţii:<br>a) braţul ridicat vertical semnifică „atenţie, oprire“ pentru toţi participanţii la trafic care se apropie, cu excepţia conducătorilor de vehicule care nu ar mai putea opri în condiţii de siguranţă. Dacă semnalul este dat într-o intersecţie, aceasta nu impune oprirea conducătorilor de vehicule care se află deja angajaţi în traversare;<br>b) braţul sau braţele întinse orizontal semnifică „oprire“ pentru toţi participanţii la trafic care, indiferent de sensul lor de mers, circulă din direcţia sau direcţiile intersectate de braţul sau braţele întinse. După ce a dat acest semnal, poliţistul poate coborî braţul sau braţele, poziţia sa însemnând, de asemenea, „oprire“ pentru participanţii la trafic care vin din faţă ori din spate;<br>c) balansarea, pe timp de noapte, în plan vertical, a unui dispozitiv cu lumină roşie ori a bastonului fluorescent-reflectorizant semnifică „oprire“ pentru participanţii la trafic spre care este îndreptat;<br>d) balansarea pe verticală a braţului, având palma orientată către sol, semnifică reducerea vitezei;<br>e) rotirea vioaie a braţului semnifică mărirea vitezei de deplasare a vehiculelor sau grăbirea traversării drumului de către pietoni. <br>(2) Poliţistul care dirijează circulaţia poate efectua semnal cu braţul ca vehiculul să avanseze, să depăşească, să treacă prin faţa ori prin spatele său, să îl ocolească prin partea sa stângă sau dreaptă, iar pietonii să traverseze drumul ori să se oprească. <br>(3) La efectuarea comenzilor prevăzute la alin. (1) şi (2), poliţistul poate folosi şi fluierul.


                    </div>","https://scoaladrpciv.ro/intrebari/categoria-a/semnalele-politistilor"
"1790502625-297","https://scoaladrpciv.ro/intrebari/categoria-a","Semnalele date dintr-un autovehicul al poliţiei, ce însoţeşte o coloană oficială, prin folosirea avertizoarelor sonore şi luminoase, obligă la:","B - oprirea de îndată pe partea dreaptă a drumului, cât mai aproape de trotuar sau de acostament ori, dacă este posibil, în afara părţii carosabile;","","","A - intrarea pe prima stradă în dreapta;","C - reducerea vitezei şi deplasarea pe lângă bordură sau acostament.","https://scoaladrpciv.ro/intrebare/semnalele-date-dintr-un-autovehicul-al-politiei-ce-insoteste-o-coloana-oficiala-prin-folosirea-avertizoarelor-sonore-si-luminoase-obliga-la-1e73","","<div class="""">
                        11. coloana oficiala - unul sau mai multe vehicule care circula pe drumul public si sunt insotite de unul sau mai multe autovehicule ale politiei rutiere, care au in functiune semnale speciale de avertizare sonore si luminoase de culoare rosie;<br>/nArt. 32<br>(1) Semnalele speciale de avertizare luminoase sunt emise intermitent de dispozitive de iluminare montate pe autovehicule si au urmatoarele semnificatii:<br>a) lumina rosie obliga participantii la trafic sa opreasca in directia de mers cat mai aproape de marginea drumului;<br>b) lumina albastra obliga participantii la trafic sa acorde prioritate de trecere;<br>c) lumina galbena obliga participantii la trafic sa circule cu atentie.<br>(2) Sunt autorizate sa utilizeze semnale speciale de avertizare luminoase:<br>a) pentru lumina rosie - autovehiculele apartinand politiei si pompierilor;<br>b) pentru lumina albastra - autovehiculele apartinand politiei, jandarmeriei, politiei de frontiera, serviciului de ambulanta sau medicina legala, protectiei civile, Ministerului Apararii care insotesc coloane militare, unitatilor speciale ale Serviciului Roman de Informatii si ale Serviciului de Protectie si Paza, Administratiei Nationale a Penitenciarelor din cadrul Ministerului Justitiei, autovehiculele de serviciu ale procurorilor criminalisti din Ministerul Public, precum si cele apartinand Departamentului National Anticoruptie, atunci cand se deplaseaza in actiuni de interventie sau in misiuni care au caracter de urgenta;<br>c) pentru lumina galbena - autovehiculele cu mase si/sau dimensiuni de gabarit depasite ori care insotesc asemenea vehicule, cele care transporta anumite marfuri sau substante periculoase, cele destinate intretinerii, repararii ori verificarii unor lucrari efectuate in partea carosabila sau executarii unor lucrari de drumuri, curateniei strazilor, deszapezirii sau tractarii, transportului si depanarii autovehiculelor ramase in pana sau avariate, precum si tractoarele care tracteaza utilajele agricole si tehnologice agabaritice. Inspectoratul General al Politiei Romane poate autoriza utilizarea dispozitivelor speciale luminoase de culoare galbena pentru autovehiculele stabilite prin prezenta ordonanta de urgenta.<br>(3) Autovehiculele prevazute la alin.(2) lit.a) si b) trebuie sa fie echipate si cu mijloace speciale sonore de avertizare.<br>(4) Pe autovehiculele apartinand politiei si pe cele prevazute la alin.(2) lit.c) pot fi instalate si dispozitive luminoase cu mesaje variabile, destinate participantilor la trafic.<br>(5) Mijloacele speciale de avertizare, luminoase sau sonore, se certifica sau se omologheaza de autoritatea competenta, potrivit legii. Conditiile de utilizare a acestora se stabilesc prin regulament.


                    </div>","https://scoaladrpciv.ro/intrebari/categoria-a/semnalele-politistilor"
"1790502627-298","https://scoaladrpciv.ro/intrebari/categoria-a","Ce obligaţii aveţi la semnalul membrilor patrulelor şcolare de circulaţie, la trecerile pentru pietoni din apropierea unităţilor de învăţământ?","C - să opriţi.","","","A - să reduceţi viteza şi să circulaţi cu atenţie;","B - să treceţi pe banda de lângă axul drumului;","https://scoaladrpciv.ro/intrebare/ce-obligatii-aveti-la-semnalul-membrilor-patrulelor-scolare-de-circulatie-la-trecerile-pentru-pietoni-din-apropierea-unitatilor-de-invatamant-7058","","<div class="""">
                        Art. 89<br>(1) Oprirea participanţilor la trafic este obligatorie şi la semnalele date de:<br>a) poliţiştii de frontieră;<br>b) îndrumătorii de circulaţie ai Ministerului Apărării;<br>c) agenţii de cale ferată, la trecerile la nivel;<br>d) personalul autorizat din zona lucrărilor pe drumurile publice;<br>e) membrii patrulelor şcolare de circulaţie, la trecerile pentru pietoni din apropierea unităţilor de învăţământ;<br>f) nevăzători, prin ridicarea bastonului alb, atunci când aceştia traversează strada. <br>(2) Persoanele prevăzute la alin. (1) lit. a)–d) pot efectua şi următoarele semnale:<br>a) balansarea braţului în plan vertical, cu palma mâinii orientată către sol sau cu un mijloc de semnalizare, care semnifică reducerea vitezei;<br>b) rotirea vioaie a braţului, care semnifică mărirea vitezei de deplasare a vehiculelor, inclusiv grăbirea traversării drumului de către pietoni. 


                    </div>","https://scoaladrpciv.ro/intrebari/categoria-a/semnalele-politistilor"
"1790502629-299","https://scoaladrpciv.ro/intrebari/categoria-a","Braţul drept, întins orizontal, al poliţistului indică „Oprire“ pentru:","B - vehiculele şi pietonii care vin din spate;","","","A - vehiculele şi pietonii care vin din faţă;","C - vehiculele şi pietonii care vin din faţă şi din spate.","https://scoaladrpciv.ro/intrebare/bratul-drept-intins-orizontal-al-politistului-indica-oprire-pentru-db7d","","<div class="""">
                        Art. 88<br>(1) Semnalele poliţistului care dirijează circulaţia au următoarele semnificaţii:<br>a) braţul ridicat vertical semnifică „atenţie, oprire“ pentru toţi participanţii la trafic care se apropie, cu excepţia conducătorilor de vehicule care nu ar mai putea opri în condiţii de siguranţă. Dacă semnalul este dat într-o intersecţie, aceasta nu impune oprirea conducătorilor de vehicule care se află deja angajaţi în traversare;<br>b) braţul sau braţele întinse orizontal semnifică „oprire“ pentru toţi participanţii la trafic care, indiferent de sensul lor de mers, circulă din direcţia sau direcţiile intersectate de braţul sau braţele întinse. După ce a dat acest semnal, poliţistul poate coborî braţul sau braţele, poziţia sa însemnând, de asemenea, „oprire“ pentru participanţii la trafic care vin din faţă ori din spate;<br>c) balansarea, pe timp de noapte, în plan vertical, a unui dispozitiv cu lumină roşie ori a bastonului fluorescent-reflectorizant semnifică „oprire“ pentru participanţii la trafic spre care este îndreptat;<br>d) balansarea pe verticală a braţului, având palma orientată către sol, semnifică reducerea vitezei;<br>e) rotirea vioaie a braţului semnifică mărirea vitezei de deplasare a vehiculelor sau grăbirea traversării drumului de către pietoni. <br>(2) Poliţistul care dirijează circulaţia poate efectua semnal cu braţul ca vehiculul să avanseze, să depăşească, să treacă prin faţa ori prin spatele său, să îl ocolească prin partea sa stângă sau dreaptă, iar pietonii să traverseze drumul ori să se oprească. <br>(3) La efectuarea comenzilor prevăzute la alin. (1) şi (2), poliţistul poate folosi şi fluierul.


                    </div>","https://scoaladrpciv.ro/intrebari/categoria-a/semnalele-politistilor"
"1790502631-300","https://scoaladrpciv.ro/intrebari/categoria-a","Semnalul poliţistului rutier aflat într-un autovehicul al poliţiei, efectuat cu braţul, cu sau fără baston reflectorizant, scos pe partea laterală dreaptă a vehiculului, semnifică:","A - oprire pentru conducătorii vehiculelor care circulă în spatele autovehiculului poliţiei;","","","B - reducerea vitezei de către cei care circulă în spatele autovehiculului poliţiei;","C - semnalul se adresează celor care circulă din sens opus.","https://scoaladrpciv.ro/intrebare/semnalul-politistului-rutier-aflat-intr-un-autovehicul-al-politiei-efectuat-cu-bratul-cu-sau-fara-baston-reflectorizant-scos-pe-partea-laterala-dreapta-a-vehiculului-semnifica-422f","","<div class="""">
                        Art. 92<br>(1) Poliţistul rutier aflat într-un autovehicul al poliţiei poate utiliza şi dispozitive luminoase cu mesaje variabile pentru a transmite o dispoziţie sau o indicaţie participanţilor la trafic. Aceste semnale pot fi adresate concomitent cu transmiterea unui apel prin amplificatorul de voce. <br>(2) Poliţistul rutier aflat într-un autovehicul al poliţiei poate executa semnale cu braţul, cu sau fără baston reflectorizant, scos pe partea laterală dreaptă a vehiculului. Acest semnal semnifică oprire pentru conducătorii vehiculelor care circulă în spatele autovehiculului poliţiei. Acelaşi semnal efectuat pe partea stângă a autovehiculului semnifică oprire pentru conducătorii vehiculelor care circulă pe banda din partea stângă în acelaşi sens de mers ori în sens opus celui al autovehiculului poliţiei. 


                    </div>","https://scoaladrpciv.ro/intrebari/categoria-a/semnalele-politistilor"
"1790502634-301","https://scoaladrpciv.ro/intrebari/categoria-a","Rotirea vioaie a braţului poliţistului semnifică:","A - mărirea vitezei de deplasare sau grăbirea traversării drumului de către pietoni;","","","B - oprirea temporară a circulaţiei;","C - reducerea vitezei de deplasare.","https://scoaladrpciv.ro/intrebare/rotirea-vioaie-a-bratului-politistului-semnifica-5855","","<div class="""">
                        Art. 88<br>(1) Semnalele poliţistului care dirijează circulaţia au următoarele semnificaţii:<br>a) braţul ridicat vertical semnifică „atenţie, oprire“ pentru toţi participanţii la trafic care se apropie, cu excepţia conducătorilor de vehicule care nu ar mai putea opri în condiţii de siguranţă. Dacă semnalul este dat într-o intersecţie, aceasta nu impune oprirea conducătorilor de vehicule care se află deja angajaţi în traversare;<br>b) braţul sau braţele întinse orizontal semnifică „oprire“ pentru toţi participanţii la trafic care, indiferent de sensul lor de mers, circulă din direcţia sau direcţiile intersectate de braţul sau braţele întinse. După ce a dat acest semnal, poliţistul poate coborî braţul sau braţele, poziţia sa însemnând, de asemenea, „oprire“ pentru participanţii la trafic care vin din faţă ori din spate;<br>c) balansarea, pe timp de noapte, în plan vertical, a unui dispozitiv cu lumină roşie ori a bastonului fluorescent-reflectorizant semnifică „oprire“ pentru participanţii la trafic spre care este îndreptat;<br>d) balansarea pe verticală a braţului, având palma orientată către sol, semnifică reducerea vitezei;<br>e) rotirea vioaie a braţului semnifică mărirea vitezei de deplasare a vehiculelor sau grăbirea traversării drumului de către pietoni. <br>(2) Poliţistul care dirijează circulaţia poate efectua semnal cu braţul ca vehiculul să avanseze, să depăşească, să treacă prin faţa ori prin spatele său, să îl ocolească prin partea sa stângă sau dreaptă, iar pietonii să traverseze drumul ori să se oprească. <br>(3) La efectuarea comenzilor prevăzute la alin. (1) şi (2), poliţistul poate folosi şi fluierul. 


                    </div>","https://scoaladrpciv.ro/intrebari/categoria-a/semnalele-politistilor"
"1790502636-302","https://scoaladrpciv.ro/intrebari/categoria-a","Aveţi obligaţia de a opri imediat motocicleta la semnalele adresate de:","A - îndrumătorii de circulaţie ai Ministerului Apărării;","","","B - un conducător auto rămas în pană;","C - poliţiştii comunitari.","https://scoaladrpciv.ro/intrebare/aveti-obligatia-de-a-opri-imediat-motocicleta-la-semnalele-adresate-de-e0fa","","<div class="""">
                        <h4>Articolul 89</h4><p>(1)&nbsp;&nbsp; Oprirea participanților la trafic este obligatorie și la semnalele date de:</p><ul style=""list-style-type:circle;""><li>a)&nbsp; polițiștii de frontierã;</li><li><span style=""background-color:hsl(60, 75%, 60%);"">b)&nbsp;&nbsp; îndrumãtorii de circulație ai Ministerului Apãrãrii;</span></li><li>&nbsp;c)&nbsp; agenții de cale feratã, la trecerile la nivel;</li><li>&nbsp;d)&nbsp;&nbsp; personalul autorizat din zona lucrãrilor pe drumurile publice;</li><li>&nbsp;e)&nbsp;&nbsp; membrii patrulelor școlare de circulație, la trecerile pentru pietoni din apropierea unitãților de învãțãmânt;</li><li>&nbsp;f)&nbsp;&nbsp; nevãzãtori, prin ridicarea bastonului alb, atunci când aceștia traverseazã strada.</li></ul><p>(2)&nbsp;&nbsp; Persoanele prevãzute la alin. (1) lit. a)-d) pot efectua și urmãtoarele semnale:</p><ul style=""list-style-type:circle;""><li>a)&nbsp;&nbsp; balansarea brațului în plan vertical, cu palma mâinii orientatã cãtre sol sau cu un mijloc de semnalizare, care semnificã reducerea vitezei;</li><li>b)&nbsp;&nbsp; rotirea vioaie a brațului, care semnificã mãrirea vitezei de deplasare a vehiculelor, inclusiv grãbirea traversãrii drumului de cãtre pietoni.</li></ul>


                    </div>","https://scoaladrpciv.ro/intrebari/categoria-a/semnalele-politistilor"
"1790502638-303","https://scoaladrpciv.ro/intrebari/categoria-a","La semnalul poliţistului având braţul stâng întins orizontal, orientat cu faţa către motocicleta care se apropie, conducătorul acesteia trebuie:","B - să oprească imediat;","","","A - să reducă viteza;","C - să continue deplasarea.","https://scoaladrpciv.ro/intrebare/la-semnalul-politistului-avand-bratul-stang-intins-orizontal-orientat-cu-fata-catre-motocicleta-care-se-apropie-conducatorul-acesteia-trebuie-6971","","<div class="""">
                        Art. 88<br>(1) Semnalele poliţistului care dirijează circulaţia au următoarele semnificaţii:<br>a) braţul ridicat vertical semnifică „atenţie, oprire“ pentru toţi participanţii la trafic care se apropie, cu excepţia conducătorilor de vehicule care nu ar mai putea opri în condiţii de siguranţă. Dacă semnalul este dat într-o intersecţie, aceasta nu impune oprirea conducătorilor de vehicule care se află deja angajaţi în traversare;<br>b) braţul sau braţele întinse orizontal semnifică „oprire“ pentru toţi participanţii la trafic care, indiferent de sensul lor de mers, circulă din direcţia sau direcţiile intersectate de braţul sau braţele întinse. După ce a dat acest semnal, poliţistul poate coborî braţul sau braţele, poziţia sa însemnând, de asemenea, „oprire“ pentru participanţii la trafic care vin din faţă ori din spate;<br>c) balansarea, pe timp de noapte, în plan vertical, a unui dispozitiv cu lumină roşie ori a bastonului fluorescent-reflectorizant semnifică „oprire“ pentru participanţii la trafic spre care este îndreptat;<br>d) balansarea pe verticală a braţului, având palma orientată către sol, semnifică reducerea vitezei;<br>e) rotirea vioaie a braţului semnifică mărirea vitezei de deplasare a vehiculelor sau grăbirea traversării drumului de către pietoni. <br>(2) Poliţistul care dirijează circulaţia poate efectua semnal cu braţul ca vehiculul să avanseze, să depăşească, să treacă prin faţa ori prin spatele său, să îl ocolească prin partea sa stângă sau dreaptă, iar pietonii să traverseze drumul ori să se oprească. <br>(3) La efectuarea comenzilor prevăzute la alin. (1) şi (2), poliţistul poate folosi şi fluierul. 


                    </div>","https://scoaladrpciv.ro/intrebari/categoria-a/semnalele-politistilor"
"1790502641-304","https://scoaladrpciv.ro/intrebari/categoria-a","În situaţia în care poliţistul se află cu faţa la o motocicletă care se apropie, având braţul drept întins orizontal, conducătorul acesteia trebuie:","B - să continue deplasarea, deoarece semnalul nu i se adresează;","","","A - să oprească, deoarece semnalul i se adresează;","C - să schimbe direcţia de mers spre stânga.","https://scoaladrpciv.ro/intrebare/in-situatia-in-care-politistul-se-afla-cu-fata-la-o-motocicleta-care-se-apropie-avand-bratul-drept-intins-orizontal-conducatorul-acesteia-trebuie-3660","","<div class="""">
                        <h4>Articolul 88</h4><p>(1)&nbsp;&nbsp; Semnalele polițistului care dirijeazã circulația au urmãtoarele semnificații:</p><ul style=""list-style-type:circle;""><li>a)&nbsp;&nbsp; brațul ridicat vertical semnificã ""atenție, oprire"" pentru toți participanții la trafic care se apropie, cu excepția conducãtorilor de vehicule care nu ar mai putea opri în condiții de siguranțã. Dacã semnalul este dat într-o intersecție, aceasta nu impune oprirea conducãtorilor de vehicule care se aflã deja angajați în traversare;</li><li><span style=""background-color:hsl(60,75%,60%);"">b)&nbsp;&nbsp; brațul sau brațele întinse orizontal semnificã ""oprire"" pentru toți participanții la trafic care, indiferent de sensul lor de mers, circulã din direcția sau direcțiile <strong>intersectate de brațul sau brațele întinse</strong>. Dupã ce a dat acest semnal, polițistul poate cobori brațul sau brațele, poziția sã însemnând, de asemenea, ""oprire"" pentru participanții la trafic care vin din fațã ori din spate;</span></li><li>c)&nbsp;&nbsp; balansarea, pe timp de noapte, în plan vertical, a unui dispozitiv cu luminã roșie ori a bastonului fluorescent-reflectorizant semnificã ""oprire"" pentru participanții la trafic spre care este îndreptat;</li><li>d)&nbsp;&nbsp; balansarea pe verticalã a brațului, având palma orientatã cãtre sol, semnificã reducerea vitezei;</li><li>e)&nbsp;&nbsp; rotirea vioaie a brațului semnificã mãrirea vitezei de deplasare a vehiculelor sau grãbirea traversãrii drumului de cãtre pietoni.</li></ul><p>&nbsp;(2)&nbsp;&nbsp; Polițistul care dirijeazã circulația poate efectua semnal cu brațul ca vehiculul sã avanseze, sã depãșeascã, sã treacã prin fațã ori prin spatele sau, sã îl ocoleascã prin partea sã stânga sau dreapta, iar pietonii sã traverseze drumul ori sã se opreascã.</p><p>(3)&nbsp;&nbsp; La efectuarea comenzilor prevãzute la alin. (1) și (2), polițistul poate folosi și fluierul.</p>


                    </div>","https://scoaladrpciv.ro/intrebari/categoria-a/semnalele-politistilor"
"1790502643-305","https://scoaladrpciv.ro/intrebari/categoria-a","Dacă poliţistul se află în intersecţie cu faţa către conducătorul motocicletei şi îi adresează acestuia un alt semnal decât poziţia sa, care înseamnă „Oprire“, conducătorul trebuie:","A - să respecte semnalul poliţistului;","","","B - să continue mersul, deoarece semnele poliţistului sunt contradictorii;","C - să oprească şi să aştepte semnalul pentru continuarea deplasării.","https://scoaladrpciv.ro/intrebare/daca-politistul-se-afla-in-intersectie-cu-fata-catre-conducatorul-motocicletei-si-ii-adreseaza-acestuia-un-alt-semnal-decat-pozitia-sa-care-inseamna-oprire-conducatorul-trebuie-1c1e","","<div class="""">
                        Art. 88<br>(1) Semnalele poliţistului care dirijează circulaţia au următoarele semnificaţii:<br>a) braţul ridicat vertical semnifică „atenţie, oprire“ pentru toţi participanţii la trafic care se apropie, cu excepţia conducătorilor de vehicule care nu ar mai putea opri în condiţii de siguranţă. Dacă semnalul este dat într-o intersecţie, aceasta nu impune oprirea conducătorilor de vehicule care se află deja angajaţi în traversare;<br>b) braţul sau braţele întinse orizontal semnifică „oprire“ pentru toţi participanţii la trafic care, indiferent de sensul lor de mers, circulă din direcţia sau direcţiile intersectate de braţul sau braţele întinse. După ce a dat acest semnal, poliţistul poate coborî braţul sau braţele, poziţia sa însemnând, de asemenea, „oprire“ pentru participanţii la trafic care vin din faţă ori din spate;<br>c) balansarea, pe timp de noapte, în plan vertical, a unui dispozitiv cu lumină roşie ori a bastonului fluorescent-reflectorizant semnifică „oprire“ pentru participanţii la trafic spre care este îndreptat;<br>d) balansarea pe verticală a braţului, având palma orientată către sol, semnifică reducerea vitezei;<br>e) rotirea vioaie a braţului semnifică mărirea vitezei de deplasare a vehiculelor sau grăbirea traversării drumului de către pietoni. <br>(2) Poliţistul care dirijează circulaţia poate efectua semnal cu braţul ca vehiculul să avanseze, să depăşească, să treacă prin faţa ori prin spatele său, să îl ocolească prin partea sa stângă sau dreaptă, iar pietonii să traverseze drumul ori să se oprească. <br>(3) La efectuarea comenzilor prevăzute la alin. (1) şi (2), poliţistul poate folosi şi fluierul. 


                    </div>","https://scoaladrpciv.ro/intrebari/categoria-a/semnalele-politistilor"
"1790502645-306","https://scoaladrpciv.ro/intrebari/categoria-a","La semnalul dat de personalul autorizat din zona lucrărilor pe drumurile publice, prin rotirea vioaie a braţului, aveţi obligaţia:","A - să măriţi viteza de deplasare a motocicletei;","","","B - să ocoliţi obstacolul creat în carosabil, circulând în sens giratoriu;","C - să ocoliţi obstacolul indicat de acesta.","https://scoaladrpciv.ro/intrebare/la-semnalul-dat-de-personalul-autorizat-din-zona-lucrarilor-pe-drumurile-publice-prin-rotirea-vioaie-a-bratului-aveti-obligatia-79d1","","<div class="""">
                        Art. 89<br>(1) Oprirea participanţilor la trafic este obligatorie şi la semnalele date de:<br>a) poliţiştii de frontieră;<br>b) îndrumătorii de circulaţie ai Ministerului Apărării;<br>c) agenţii de cale ferată, la trecerile la nivel;<br>d) personalul autorizat din zona lucrărilor pe drumurile publice;<br>e) membrii patrulelor şcolare de circulaţie, la trecerile pentru pietoni din apropierea unităţilor de învăţământ;<br>f) nevăzători, prin ridicarea bastonului alb, atunci când aceştia traversează strada. <br>(2) Persoanele prevăzute la alin. (1) lit. a)–d) pot efectua şi următoarele semnale:<br>a) balansarea braţului în plan vertical, cu palma mâinii orientată către sol sau cu un mijloc de semnalizare, care semnifică reducerea vitezei;<br>b) rotirea vioaie a braţului, care semnifică mărirea vitezei de deplasare a vehiculelor, inclusiv grăbirea traversării drumului de către pietoni. 


                    </div>","https://scoaladrpciv.ro/intrebari/categoria-a/semnalele-politistilor"
"1790502647-307","https://scoaladrpciv.ro/intrebari/categoria-a","Ce semnificaţie are, după coborârea braţelor, poziţia corpului unui poliţist care dirijează circulaţia, pentru participanţii la trafic care circulă din faţa şi spatele său?","C - oprire.","","","A - nicio semnificaţie;","B - permisiunea de a circula;","https://scoaladrpciv.ro/intrebare/ce-semnificatie-are-dupa-coborarea-bratelor-pozitia-corpului-unui-politist-care-dirijeaza-circulatia-pentru-participantii-la-trafic-care-circula-din-fata-si-spatele-sau-747f","","<div class="""">
                        Art. 88<br>(1) Semnalele poliţistului care dirijează circulaţia au următoarele semnificaţii:<br>a) braţul ridicat vertical semnifică „atenţie, oprire“ pentru toţi participanţii la trafic care se apropie, cu excepţia conducătorilor de vehicule care nu ar mai putea opri în condiţii de siguranţă. Dacă semnalul este dat într-o intersecţie, aceasta nu impune oprirea conducătorilor de vehicule care se află deja angajaţi în traversare;<br>b) braţul sau braţele întinse orizontal semnifică „oprire“ pentru toţi participanţii la trafic care, indiferent de sensul lor de mers, circulă din direcţia sau direcţiile intersectate de braţul sau braţele întinse. După ce a dat acest semnal, poliţistul poate coborî braţul sau braţele, poziţia sa însemnând, de asemenea, „oprire“ pentru participanţii la trafic care vin din faţă ori din spate;<br>c) balansarea, pe timp de noapte, în plan vertical, a unui dispozitiv cu lumină roşie ori a bastonului fluorescent-reflectorizant semnifică „oprire“ pentru participanţii la trafic spre care este îndreptat;<br>d) balansarea pe verticală a braţului, având palma orientată către sol, semnifică reducerea vitezei;<br>e) rotirea vioaie a braţului semnifică mărirea vitezei de deplasare a vehiculelor sau grăbirea traversării drumului de către pietoni. <br>(2) Poliţistul care dirijează circulaţia poate efectua semnal cu braţul ca vehiculul să avanseze, să depăşească, să treacă prin faţa ori prin spatele său, să îl ocolească prin partea sa stângă sau dreaptă, iar pietonii să traverseze drumul ori să se oprească. <br>(3) La efectuarea comenzilor prevăzute la alin. (1) şi (2), poliţistul poate folosi şi fluierul. 


                    </div>","https://scoaladrpciv.ro/intrebari/categoria-a/semnalele-politistilor"
"1790502650-308","https://scoaladrpciv.ro/intrebari/categoria-a","La semnalul poliţistului situat într-o intersecţie, cu braţul ridicat vertical, aveţi obligaţia:","C - să opriţi, indiferent din ce direcţie circulaţi.","","","A - să circulaţi cu prudenţă maximă;","B - să reduceţi viteza;","https://scoaladrpciv.ro/intrebare/la-semnalul-politistului-situat-intr-o-intersectie-cu-bratul-ridicat-vertical-aveti-obligatia-5462","","<div class="""">
                        Art. 88<br>(1) Semnalele poliţistului care dirijează circulaţia au următoarele semnificaţii:<br>a) braţul ridicat vertical semnifică „atenţie, oprire“ pentru toţi participanţii la trafic care se apropie, cu excepţia conducătorilor de vehicule care nu ar mai putea opri în condiţii de siguranţă. Dacă semnalul este dat într-o intersecţie, aceasta nu impune oprirea conducătorilor de vehicule care se află deja angajaţi în traversare;<br>b) braţul sau braţele întinse orizontal semnifică „oprire“ pentru toţi participanţii la trafic care, indiferent de sensul lor de mers, circulă din direcţia sau direcţiile intersectate de braţul sau braţele întinse. După ce a dat acest semnal, poliţistul poate coborî braţul sau braţele, poziţia sa însemnând, de asemenea, „oprire“ pentru participanţii la trafic care vin din faţă ori din spate;<br>c) balansarea, pe timp de noapte, în plan vertical, a unui dispozitiv cu lumină roşie ori a bastonului fluorescent-reflectorizant semnifică „oprire“ pentru participanţii la trafic spre care este îndreptat;<br>d) balansarea pe verticală a braţului, având palma orientată către sol, semnifică reducerea vitezei;<br>e) rotirea vioaie a braţului semnifică mărirea vitezei de deplasare a vehiculelor sau grăbirea traversării drumului de către pietoni. <br>(2) Poliţistul care dirijează circulaţia poate efectua semnal cu braţul ca vehiculul să avanseze, să depăşească, să treacă prin faţa ori prin spatele său, să îl ocolească prin partea sa stângă sau dreaptă, iar pietonii să traverseze drumul ori să se oprească. <br>(3) La efectuarea comenzilor prevăzute la alin. (1) şi (2), poliţistul poate folosi şi fluierul. 


                    </div>","https://scoaladrpciv.ro/intrebari/categoria-a/semnalele-politistilor"
"1790502652-309","https://scoaladrpciv.ro/intrebari/categoria-a","Braţul stâng, întins orizontal, al poliţistului semnifică oprire pentru:","A - vehiculele care vin din faţă;","","","B - vehiculele care vin din spate;","C - vehiculele care vin din faţă şi din spate.","https://scoaladrpciv.ro/intrebare/bratul-stang-intins-orizontal-al-politistului-semnifica-oprire-pentru-1185","","<div class="""">
                        Art. 88<br>(1) Semnalele poliţistului care dirijează circulaţia au următoarele semnificaţii:<br>a) braţul ridicat vertical semnifică „atenţie, oprire“ pentru toţi participanţii la trafic care se apropie, cu excepţia conducătorilor de vehicule care nu ar mai putea opri în condiţii de siguranţă. Dacă semnalul este dat într-o intersecţie, aceasta nu impune oprirea conducătorilor de vehicule care se află deja angajaţi în traversare;<br>b) braţul sau braţele întinse orizontal semnifică „oprire“ pentru toţi participanţii la trafic care, indiferent de sensul lor de mers, circulă din direcţia sau direcţiile intersectate de braţul sau braţele întinse. După ce a dat acest semnal, poliţistul poate coborî braţul sau braţele, poziţia sa însemnând, de asemenea, „oprire“ pentru participanţii la trafic care vin din faţă ori din spate;<br>c) balansarea, pe timp de noapte, în plan vertical, a unui dispozitiv cu lumină roşie ori a bastonului fluorescent-reflectorizant semnifică „oprire“ pentru participanţii la trafic spre care este îndreptat;<br>d) balansarea pe verticală a braţului, având palma orientată către sol, semnifică reducerea vitezei;<br>e) rotirea vioaie a braţului semnifică mărirea vitezei de deplasare a vehiculelor sau grăbirea traversării drumului de către pietoni. <br>(2) Poliţistul care dirijează circulaţia poate efectua semnal cu braţul ca vehiculul să avanseze, să depăşească, să treacă prin faţa ori prin spatele său, să îl ocolească prin partea sa stângă sau dreaptă, iar pietonii să traverseze drumul ori să se oprească. <br>(3) La efectuarea comenzilor prevăzute la alin. (1) şi (2), poliţistul poate folosi şi fluierul. 


                    </div>","https://scoaladrpciv.ro/intrebari/categoria-a/semnalele-politistilor"
"1790502654-310","https://scoaladrpciv.ro/intrebari/categoria-a","Aveţi obligaţia de a opri imediat motocicleta la semnalele adresate de:","C - personalul autorizat din zona lucrărilor pe drumurile publice.","","","A - poliţiştii comunitari;","B - personalul autorizat din cadrul serviciului examinări;","https://scoaladrpciv.ro/intrebare/aveti-obligatia-de-a-opri-imediat-motocicleta-la-semnalele-adresate-de-eea3","","<div class="""">
                        <h4>Articolul 89</h4><p>(1)&nbsp;&nbsp; Oprirea participanților la trafic este obligatorie și la semnalele date de:</p><ul style=""list-style-type:circle;""><li>a)&nbsp; polițiștii de frontierã;</li><li>b)&nbsp;&nbsp; îndrumãtorii de circulație ai Ministerului Apãrãrii;</li><li>&nbsp;c)&nbsp; agenții de cale feratã, la trecerile la nivel;</li><li><span style=""background-color:hsl(60, 75%, 60%);"">&nbsp;d)&nbsp;&nbsp; personalul autorizat din zona lucrãrilor pe drumurile publice;</span></li><li>&nbsp;e)&nbsp;&nbsp; membrii patrulelor școlare de circulație, la trecerile pentru pietoni din apropierea unitãților de învãțãmânt;</li><li>&nbsp;f)&nbsp;&nbsp; nevãzãtori, prin ridicarea bastonului alb, atunci când aceștia traverseazã strada.</li></ul><p>(2)&nbsp;&nbsp; Persoanele prevãzute la alin. (1) lit. a)-d) pot efectua și urmãtoarele semnale:</p><ul style=""list-style-type:circle;""><li>a)&nbsp;&nbsp; balansarea brațului în plan vertical, cu palma mâinii orientatã cãtre sol sau cu un mijloc de semnalizare, care semnificã reducerea vitezei;</li><li>b)&nbsp;&nbsp; rotirea vioaie a brațului, care semnificã mãrirea vitezei de deplasare a vehiculelor, inclusiv grãbirea traversãrii drumului de cãtre pietoni.</li></ul>


                    </div>","https://scoaladrpciv.ro/intrebari/categoria-a/semnalele-politistilor"
"1790502659-311","https://scoaladrpciv.ro/intrebari/categoria-a","Ce semnificaţie are indicatorul din imagine?","C - „Semafoare“.","","","A - „Trecere pentru pietoni“;","B - „Alte pericole“;","https://scoaladrpciv.ro/intrebare/ce-semnificatie-are-indicatorul-din-imagine-bbb0","https://scoaladrpciv.ro/storage/questions/195.jpeg","<div class="""">
                        Se instalează la 30-200 m de locul în care se află semaforul, dacă se consideră că prezenţa semaforului ar putea surprinde conducătorii auto.


                    </div>","https://scoaladrpciv.ro/intrebari/categoria-a/indicatoare-si-marcaje"
"1790502661-312","https://scoaladrpciv.ro/intrebari/categoria-a","Indicatorul din imaginea următoare vă avertizează că:","B - urmează o trecere la nivel cu calea ferată prevăzută cu bariere sau semibariere;","","","A - urmează un drum pe care sunt montaţi parapeţi de protecţie;","C - urmează o trecere pentru pietoni.","https://scoaladrpciv.ro/intrebare/indicatorul-din-imaginea-urmatoare-va-avertizeaza-ca-36fe","https://scoaladrpciv.ro/storage/questions/194.jpeg","<div class="""">
                        <p>Acest indicator amplasează la 50 m in localitate si 150 m în afară localităţilor înainte de trecerea la nivel cu o cale ferată cu bariere sau semibariere. Conducătorul auto este obligat să reducă viteză la întâlnirea acestui indicator (la mai puţin de 50 m)</p>


                    </div>","https://scoaladrpciv.ro/intrebari/categoria-a/indicatoare-si-marcaje"
"1790502663-313","https://scoaladrpciv.ro/intrebari/categoria-a","Ce semnificaţie are indicatorul din imagine?","C - sfârşitul sectorului de drum unde depăşirea este interzisă.","","","A - depăşirea interzisă;","B - circulaţia interzisă automobilelor;","https://scoaladrpciv.ro/intrebare/ce-semnificatie-are-indicatorul-din-imagine-bf47","https://scoaladrpciv.ro/storage/questions/193.jpeg","<div class="""">
                        Indicatorul din imagine este instalat în zona în care se termină interzicerea de a depăşi.


                    </div>","https://scoaladrpciv.ro/intrebari/categoria-a/indicatoare-si-marcaje"
"1790502666-314","https://scoaladrpciv.ro/intrebari/categoria-a","Care dintre cele două indicatoare obligă la schimbarea direcţiei de mers spre dreapta, după depăşirea locului unde este instalat?","A - indicatorul 2;","","","B - indicatorul 1;","C - ambele indicatoare.","https://scoaladrpciv.ro/intrebare/care-dintre-cele-doua-indicatoare-obliga-la-schimbarea-directiei-de-mers-spre-dreapta-dupa-depasirea-locului-unde-este-instalat-271a","https://scoaladrpciv.ro/storage/questions/191.jpeg","<div class="""">
                        Indicatorul 1 obligă la schimbarea direcției de mers spre dreapta <b>înaintea</b> locului în care este instalat.<br>Indicatorul 2 obligă la schimbarea direcției de mers spre dreapta <b>după</b> locul in care este instalat.


                    </div>","https://scoaladrpciv.ro/intrebari/categoria-a/indicatoare-si-marcaje"
"1790502668-315","https://scoaladrpciv.ro/intrebari/categoria-a","Cine are prioritate de trecere în intersecţia din imagine?","C - autobuzul şi autoturismul.","","","A - motocicleta;","B - motocicleta şi autobuzul;","https://scoaladrpciv.ro/intrebare/cine-are-prioritate-de-trecere-in-intersectia-din-imagine-fbc8","https://scoaladrpciv.ro/storage/questions/183.jpeg","<div class="""">
                        Autobuzul și autoturismul au instalat pe direcția din care vin indicatorul ""Drum cu prioritate"", deci ei sunt cei care au prioritate in intersecție.


                    </div>","https://scoaladrpciv.ro/intrebari/categoria-a/indicatoare-si-marcaje"
"1790502670-316","https://scoaladrpciv.ro/intrebari/categoria-a","Indicatorul din imagine semnifică:","A - „Circulaţie în ambele sensuri“;","","","B - „Circulaţia interzisă în ambele sensuri“;","C - „Prioritate pentru circulaţia din sens invers“.","https://scoaladrpciv.ro/intrebare/indicatorul-din-imagine-semnifica-474d","https://scoaladrpciv.ro/storage/questions/170.jpeg","<div class="""">
                        Este întâlnit la ieşirea de pe un drum public cu sens unic. Are rolul de a atenţiona conducătorul auto că pe sectorul de drum următor se va circula în ambele sensuri.


                    </div>","https://scoaladrpciv.ro/intrebari/categoria-a/indicatoare-si-marcaje"
"1790502673-317","https://scoaladrpciv.ro/intrebari/categoria-a","Indicatorul din imagine vă anunţă că:","C - drumul are o bandă destinată circulaţiei vehiculelor lente.","","","A - trebuie să vă retrageţi din timp pe banda din dreapta, deoarece cea din stânga se întrerupe;","B - banda de lângă acostament este în lucru;","https://scoaladrpciv.ro/intrebare/indicatorul-din-imagine-va-anunta-ca-5b7f","https://scoaladrpciv.ro/storage/questions/164.jpeg","<div class="""">
                        Este amplasat pe drumurile publice şi are rolul de a orienta conducătorii auto asupra benzii pe care se deplasează vehiculele lente, cu viteze mai mici decât cea inscripţionată pe panou.


                    </div>","https://scoaladrpciv.ro/intrebari/categoria-a/indicatoare-si-marcaje"
"1790502679-318","https://scoaladrpciv.ro/intrebari/categoria-a","Ce semnificaţie are indicatorul alăturat?","B - circulaţia interzisă în ambele sensuri;","","","A - accesul interzis;","C - drum circular.","https://scoaladrpciv.ro/intrebare/ce-semnificatie-are-indicatorul-alaturat-22dd","https://scoaladrpciv.ro/storage/questions/163.jpeg","<div class="""">
                        Se amplasează la intrarea pe drumurile publice pe care accesul tuturor vehiculelor este interzis în ambele sensuri. Se poate permite accesul riveranilor (persoanele care locuiesc în zonă). Acest indicator poate fi însoţit şi de un panou adiţional pe care sunt precizate categoriile de autovehicule exceptate.


                    </div>","https://scoaladrpciv.ro/intrebari/categoria-a/indicatoare-si-marcaje"
"1790502681-319","https://scoaladrpciv.ro/intrebari/categoria-a","Ce semnificaţie are indicatorul alăturat?","C - accesul interzis.","","","A - circulaţia interzisă în ambele sensuri;","B - drum înfundat;","https://scoaladrpciv.ro/intrebare/ce-semnificatie-are-indicatorul-alaturat-c0b8","https://scoaladrpciv.ro/storage/questions/162.jpeg","<div class="""">
                        În general, se amplasează pe drumurile cu sens unic, pe sensul pe care nu este permisă circulaţia. Interzice accesul tuturor vehiculelor (inclusiv bicicletelor şi vehiculelor cu tracţiune animală). Acest indicator poate fi însoţit şi de un panou adiţional pe care sunt precizate categoriile de autovehicule care au voie să intre pe sectorul de drum respectiv, cărora nu li se adresează deci restricţia de faţă.


                    </div>","https://scoaladrpciv.ro/intrebari/categoria-a/indicatoare-si-marcaje"
"1790502684-320","https://scoaladrpciv.ro/intrebari/categoria-a","Care este semnificaţia indicatorului însoţit de panoul adiţional?","B - marchează începutul zonei unde este interzisă oprirea;","","","A - marchează sfârşitul zonei unde este interzisă oprirea;","C - marchează începutul zonei unde este interzisă staţionarea.","https://scoaladrpciv.ro/intrebare/care-este-semnificatia-indicatorului-insotit-de-panoul-aditional-8fba","https://scoaladrpciv.ro/storage/questions/161.jpeg","<div class="""">
                        


                    </div>","https://scoaladrpciv.ro/intrebari/categoria-a/indicatoare-si-marcaje"
"1790502686-321","https://scoaladrpciv.ro/intrebari/categoria-a","Vă deplasaţi pe direcţia înainte. Cui trebuie să acordaţi prioritate în prima intersecţie?","A - niciunui vehicul;","","","B - vehiculelor care circulă din dreapta;","C - vehiculelor care circulă din sens opus şi virează la stânga.","https://scoaladrpciv.ro/intrebare/va-deplasati-pe-directia-inainte-cui-trebuie-sa-acordati-prioritate-in-prima-intersectie-ad67","https://scoaladrpciv.ro/storage/questions/160.jpeg","<div class="""">
                        Se instalează la începutul drumului cu prioritate sau înaintea intersecțiilor cu un drum fără prioritate. Are rolul de a anunța conducătorul auto că are prioritate in intersecțiile în care va pătrunde. Drumurile care intersectează drumul cu prioritate vor avea instalate unul dintre indicatoarele ""Oprire"" sau ""Cedează trecerea"". Cand este amplasat înaintea unei intersecții, acest indicator poate fi însoțit și de un panou adițional care va preciza direcția drumului cu prioritate.


                    </div>","https://scoaladrpciv.ro/intrebari/categoria-a/indicatoare-si-marcaje"
"1790502688-322","https://scoaladrpciv.ro/intrebari/categoria-a","În cazul în care autocamionul se deplasează cu o viteză mai mică de 40 km/h, poate fi depăşit de motocicletă pe partea dreaptă?","C - nu, în acest caz este interzisă depăşirea prin partea dreaptă.","","","A - da, deoarece motocicleta are gabarit mic;","B - nu, deoarece axul drumului este marcat cu linie continuă;","https://scoaladrpciv.ro/intrebare/in-cazul-in-care-autocamionul-se-deplaseaza-cu-o-viteza-mai-mica-de-40-km-h-poate-fi-depasit-de-motocicleta-pe-partea-dreapta-80d8","https://scoaladrpciv.ro/storage/questions/159.jpeg","<div class="""">
                        Art. 45<br>(1) Depasirea este manevra prin care un vehicul trece inaintea altui vehicul ori pe langa un obstacol, aflat pe acelasi sens de circulatie, prin schimbarea directiei de mers si iesirea de pe banda de circulatie sau din sirul de vehicule in care s-a aflat initial.<br>(2) Conducatorul vehiculului care se angajeaza in depasire trebuie sa se asigure ca vehiculul care circula in fata sau in spatele lui nu a initiat o asemenea manevra.<br>(3) Atunci cand prin manevra de depasire se trece peste axa care separa sensurile de circulatie, conducatorii de vehicule trebuie sa se asigure ca din sens opus nu se apropie un vehicul si ca dispun de spatiu suficient pentru a reintra pe banda initiala, unde au obligatia sa revina dupa efectuarea manevrei de depasire.<br>(4) Nu constituie depasire, in sensul alin.(1), situatia in care un vehicul circula mai repede pe una dintre benzi decat vehiculele care circula pe alta banda in acelasi sens de circulatie.<br>(5) Depasirea se efectueaza numai pe partea stanga a vehiculului depasit. Tramvaiul sau vehiculul al carui conducator a semnalizat intentia si s-a incadrat corespunzator parasirii sensului de mers spre stanga se depaseste prin partea dreapta.<br>(6) Tramvaiul aflat in mers poate fi depasit si pe partea stanga atunci cand drumul este cu sens unic sau cand intre sina din dreapta si marginea trotuarului nu exista spatiu suficient.


                    </div>","https://scoaladrpciv.ro/intrebari/categoria-a/indicatoare-si-marcaje"
"1790502690-323","https://scoaladrpciv.ro/intrebari/categoria-a","Cum trebuie să procedaţi la întâlnirea acestui indicator:","A - opriţi în locul în care aveţi vizibilitate maximă, fără să depăşiţi colţul intersecţiei, vă asiguraţi şi acordaţi prioritate de trecere vehiculelor care circulă pe drumul prioritar;","","","B - reduceţi viteza, vă asiguraţi şi continuaţi deplasarea dacă nu trece alt vehicul în acel moment;","C - opriţi în locul cu vizibilitate maximă şi acordaţi prioritate vehiculelor care vin din dreapta.","https://scoaladrpciv.ro/intrebare/cum-trebuie-sa-procedati-la-intalnirea-acestui-indicator-3a75","https://scoaladrpciv.ro/storage/questions/156.jpeg","<div class="""">
                        Este instalat pe drumul public fara prioritate, la intersectia acestuia cu un drum public prioritar, cand vizibilitatea este redusa. Conducatorul de vehicul care intalneste acest indicator este obligat sa opreasca in locul cu vizibilitate maxima, fara a depasi coltul intersectiei, si sa acorde prioritate tuturor vehiculelor care circula pe drumul prioritar.


                    </div>","https://scoaladrpciv.ro/intrebari/categoria-a/indicatoare-si-marcaje"
"1790502693-324","https://scoaladrpciv.ro/intrebari/categoria-a","Semnificaţia acestui indicator este:","B - „Drum cu denivelări“;","","","A - „Drum în rampă şi în pantă“;","C - „Lucrări“.","https://scoaladrpciv.ro/intrebare/semnificatia-acestui-indicator-este-488f","https://scoaladrpciv.ro/storage/questions/155.jpeg","<div class="""">
                        Se amplaseaza la 50-200 m de locul periculos. Daca lungimea sectorului de drum depaseste 0,3 km, indicatorul este insotit de un panou aditional pe care este specificata lungimea sectorului de drum cu denivelari. La intalnirea acestui indicator conducatorii auto sunt obligati sa reduca viteza la max. 30 km/h in localitate si max. 50 km/h in afara localitatii.


                    </div>","https://scoaladrpciv.ro/intrebari/categoria-a/indicatoare-si-marcaje"
"1790502695-325","https://scoaladrpciv.ro/intrebari/categoria-a","Ce obligaţii are un motociclist atunci când vrea să execute o depăşire?","B - să se asigure, să semnalizeze intenţia, să păstreze o distanţă laterală suficient de mare faţă de vehiculul depăşit şi să reintre pe partea dreaptă, după ce s-a convins că aceasta se poate face fără pericol;","","","A - să se apropie de axul drumului, să semnalizeze şi să revină pe partea dreaptă după depăşire;","C - să se asigure că din faţă nu se apropie niciun vehicul.","https://scoaladrpciv.ro/intrebare/ce-obligatii-are-un-motociclist-atunci-cand-vrea-sa-execute-o-depasire-1ce0","","<div class="""">
                        Art. 118<br>Conducătorul de vehicul care efectuează depăşirea este obligat:<br>a) să se asigure că acela care îl urmează sau îl precedă nu a semnalizat intenţia începerii unei manevre similare şi că poate depăşi fără a pune în pericol sau fără a stânjeni circulaţia din sens opus;<br>b) să semnalizeze intenţia de efectuare a depăşirii;<br>c) să păstreze în timpul depăşirii o distanţă laterală suficientă faţă de vehiculul depăşit;<br>d) să reintre pe banda sau în şirul de circulaţie iniţial după ce a semnalizat şi s-a asigurat că poate efectua această manevră în condiţii de siguranţă pentru vehiculul depăşit şi pentru ceilalţi participanţi la trafic.<br>


                    </div>","https://scoaladrpciv.ro/intrebari/categoria-a/indicatoare-si-marcaje"
"1790502697-326","https://scoaladrpciv.ro/intrebari/categoria-a","Urmează să pătrundeţi în intersecţie. La care dintre cele două indicatoare acordaţi prioritate?","A - la al doilea indicator întâlnit;","","","B - la primul indicator întâlnit;","C - la ambele indicatoare.","https://scoaladrpciv.ro/intrebare/urmeaza-sa-patrundeti-in-intersectie-la-care-dintre-cele-doua-indicatoare-acordati-prioritate-ad92","https://scoaladrpciv.ro/storage/questions/122.jpeg","<div class="""">
                        Primul indicator (însoțit de panoul adițional) înștințează că în 50 de metri urmează o intersecție unde conducătorul motocicletei va ceda trecerea.


                    </div>","https://scoaladrpciv.ro/intrebari/categoria-a/indicatoare-si-marcaje"
"1790502700-327","https://scoaladrpciv.ro/intrebari/categoria-a","Indicatorul din imagine interzice:","C - accesul motocicletelor.","","","A - accesul vehiculelor cu două roţi;","B - accesul autovehiculelor, cu excepţia motocicletelor fără ataş;","https://scoaladrpciv.ro/intrebare/indicatorul-din-imagine-interzice-e70a","https://scoaladrpciv.ro/storage/questions/119.jpeg","<div class="""">
                        Se amplasează la intrarea pe drumurile publice pe care accesul motocicletelor este interzis.


                    </div>","https://scoaladrpciv.ro/intrebari/categoria-a/indicatoare-si-marcaje"
"1790502702-328","https://scoaladrpciv.ro/intrebari/categoria-a","Care dintre indicatoare se adresează motocicliştilor?","C - indicatorul 3.","","","A - indicatorul 1;","B - indicatorul 2;","https://scoaladrpciv.ro/intrebare/care-dintre-indicatoare-se-adreseaza-motociclistilor-752c","https://scoaladrpciv.ro/storage/questions/93.jpeg","<div class="""">
                        Indicatorul 1 - Drum pentru <b>pietoni</b><br>Indicatorul 2 - Accesul interzis <b>pietonilor</b><br>Indicatorul 3 - Presemnalizare trecere pietoni (<b>atenție la examen la această întrebare!</b>)


                    </div>","https://scoaladrpciv.ro/intrebari/categoria-a/indicatoare-si-marcaje"
"1790502704-329","https://scoaladrpciv.ro/intrebari/categoria-a","Ce vă avertizează indicatorul din imagine însoţit de panoul adiţional?","C - urmează o coborâre periculoasă care începe la 300 m de locul unde este instalat.","","","A - urmează o porţiune de drum cu alunecări de teren la 300 m de indicator;","B - urmează o coborâre periculoasă pe o distanţă de 300 m;","https://scoaladrpciv.ro/intrebare/ce-va-avertizeaza-indicatorul-din-imagine-insotit-de-panoul-aditional-81b2","https://scoaladrpciv.ro/storage/questions/90.jpeg","<div class="""">
                        


                    </div>","https://scoaladrpciv.ro/intrebari/categoria-a/indicatoare-si-marcaje"
"1790502707-330","https://scoaladrpciv.ro/intrebari/categoria-a","Panoul alăturat indică:","A - o zonă cu viteză recomandată de 30 km/h;","","","B - o zonă pietonală;","C - o zonă rezidenţială.","https://scoaladrpciv.ro/intrebare/panoul-alaturat-indica-a80e","https://scoaladrpciv.ro/storage/questions/86.jpeg","<div class="""">
                        


                    </div>","https://scoaladrpciv.ro/intrebari/categoria-a/indicatoare-si-marcaje"
"1790502709-331","https://scoaladrpciv.ro/intrebari/categoria-a","Indicatorul din imagine avertizează că:","B - urmează o intersecţie cu trecere la nivel cu linia de tramvai;","","","A - în apropierea străzii există un depou de tramvaie;","C - se apropie o staţie de tramvai.","https://scoaladrpciv.ro/intrebare/indicatorul-din-imagine-avertizeaza-ca-795e","https://scoaladrpciv.ro/storage/questions/85.jpeg","<div class="""">
                        indicatorul se amplaseaza cu 50-200 m inaintea intersectiilor in care tramvaiele urmeaza sa vireze la dreapta ori la stanga. La intalnirea acestui indicator, conducatorul auto este obligat sa reduca viteza si sa acorde prioritate tramvaiului.


                    </div>","https://scoaladrpciv.ro/intrebari/categoria-a/indicatoare-si-marcaje"
"1790502711-332","https://scoaladrpciv.ro/intrebari/categoria-a","Ce trebuie să faceţi când întâlniţi indicatorul din imagine?","B - reduceţi viteza şi circulaţi cu atenţie, deoarece intraţi într-o curbă deosebit de periculoasă;","","","A - semnalizaţi înscrierea în curbă prin mijloace specifice;","C - semnalizaţi sonor intrarea în curbă.","https://scoaladrpciv.ro/intrebare/ce-trebuie-sa-faceti-cand-intalniti-indicatorul-din-imagine-dc2c","https://scoaladrpciv.ro/storage/questions/74.jpeg","<div class="""">
                        Acest indicator se montează în curbe cu raze mai mici de 100 m, sensul săgeților indicând sensul virajului. Conducătorul trebuie sa circule cu viteza de max. 30 km/h în localitate și max. 50 km/h în afara localității, toate manevrele (depășirea, oprirea, staționarea, mersul înapoi, întoarcerea) fiind interzise.


                    </div>","https://scoaladrpciv.ro/intrebari/categoria-a/indicatoare-si-marcaje"
"1790502713-333","https://scoaladrpciv.ro/intrebari/categoria-a","Care dintre indicatoare conferă prioritatea de trecere?","A - indicatorul 1;","","","B - indicatorul 2;","C - indicatorul 3.","https://scoaladrpciv.ro/intrebare/care-dintre-indicatoare-confera-prioritatea-de-trecere-be49","https://scoaladrpciv.ro/storage/questions/72.jpeg","<div class="""">
                        <p>Indicatorul 1 - Prioritate față de circulația din sens invers&nbsp;<br>Indicatorul 2 - Circulația în ambele sensuri<br>Indicatorul 3 - Prioritate pentru circulația din sens invers&nbsp;<br><br></p>
<h4>Articolul 129</h4>
<p>(1)&nbsp;&nbsp; Vehiculul care circulã pe un drum public pe care este instalat unul dintre indicatoarele având semnificația: ""Drum cu prioritate"", ""Intersecție cu un drum fãrã prioritate"" sau <strong>""Prioritate fațã de circulația din sens invers""</strong> are prioritate de trecere.</p>


                    </div>","https://scoaladrpciv.ro/intrebari/categoria-a/indicatoare-si-marcaje"
"1790502716-334","https://scoaladrpciv.ro/intrebari/categoria-a","Indicatorul semnifică:","C - viteza minimă obligatorie.","","","A - viteza maximă obligatorie;","B - limitare de viteză pentru vehiculele care transportă mărfuri;","https://scoaladrpciv.ro/intrebare/indicatorul-semnifica-8c9d","https://scoaladrpciv.ro/storage/questions/64.jpeg","<div class="""">
                        Se montează în zona în care se impune o viteză de circulaţie minimă. La întâlnirea acestui indicator, conducătorul auto este obligat să circule cu o viteză superioară celei inscripţionate pe indicator, dar mai mică decât cea maximă legală admisă pe sectorul de drum respectiv.


                    </div>","https://scoaladrpciv.ro/intrebari/categoria-a/indicatoare-si-marcaje"
"1790502718-335","https://scoaladrpciv.ro/intrebari/categoria-a","Ce obligaţii aveţi la întâlnirea indicatorului?","A - nicio obligaţie;","","","B - să întoarceţi, deoarece urmează un sector de drum interzis circulaţiei autovehiculelor;","C - să opriţi în dreptul indicatorului.","https://scoaladrpciv.ro/intrebare/ce-obligatii-aveti-la-intalnirea-indicatorului-f149","https://scoaladrpciv.ro/storage/questions/63.jpeg","<div class="""">
                        Indicatoul se află amplasat la intrarea pe drumurile pe care este permisă doar circulaţia autovehiculelor.


                    </div>","https://scoaladrpciv.ro/intrebari/categoria-a/indicatoare-si-marcaje"
"1790502720-336","https://scoaladrpciv.ro/intrebari/categoria-a","Care dintre indicatoarele din imagine semnalizează o staţie de tramvai?","A - indicatorul 1;","","","B - indicatorul 2;","C - niciunul.","https://scoaladrpciv.ro/intrebare/care-dintre-indicatoarele-din-imagine-semnalizeaza-o-statie-de-tramvai-966f","https://scoaladrpciv.ro/storage/questions/61.jpeg","<div class="""">
                        Indicatoul 1 semnalizează o stație de tramvai. Indicatorul 2 Se amplaseaza cu 50-200 m inaintea intersectiilor in care tramvaiele urmeaza sa vireze la dreapta ori la stanga.


                    </div>","https://scoaladrpciv.ro/intrebari/categoria-a/indicatoare-si-marcaje"
"1790502722-337","https://scoaladrpciv.ro/intrebari/categoria-a","Ce semnificaţie au panourile alăturate?","A - panouri suplimentare la nodurile rutiere de pe autostrăzi;","","","B - panouri suplimentare pentru intersecţia cu calea ferată;","C - panouri succesive la apropierea de drumurile europene.","https://scoaladrpciv.ro/intrebare/ce-semnificatie-au-panourile-alaturate-d546","https://scoaladrpciv.ro/storage/questions/48.jpeg","<div class="""">
                        Se montează la 300 m (primul panou), 200 m (al doilea panou) și la 100 m (al treilea panou) de următoare bifurcație de pe o autostradă. Fiecare linie albă înseamnă 100 m. 


                    </div>","https://scoaladrpciv.ro/intrebari/categoria-a/indicatoare-si-marcaje"
"1790502725-338","https://scoaladrpciv.ro/intrebari/categoria-a","Căror vehicule trebuie să li se acorde prioritate de trecere la întâlnirea indicatorului, însoţit de panoul adiţional?","C - tuturor vehiculelor.","","","A - vehiculelor care circulă pe drumul prioritar, indicat prin linia groasă pe semnul adiţional;","B - vehiculelor care circulă din partea dreaptă;","https://scoaladrpciv.ro/intrebare/caror-vehicule-trebuie-sa-li-se-acorde-prioritate-de-trecere-la-intalnirea-indicatorului-insotit-de-panoul-aditional-174a","https://scoaladrpciv.ro/storage/questions/41.jpeg","<div class="""">
                        Art. 57<br>(1) La intersectiile cu circulatie nedirijata, conducatorul de vehicul este obligat sa cedeze trecerea tuturor vehiculelor care vin din partea dreapta.<br>(2) La intersectiile cu circulatie dirijata prin indicatoare, semafoare sau de catre politistul rutier, conducatorul de vehicul este obligat sa respecte semnificatia sau indicatiile acestuia.<br>(3) Patrunderea unui vehicul intr-o intersectie este interzisa daca prin aceasta se produce blocarea intersectiei.<br>(4) In intersectiile cu sens giratoriu, semnalizate ca atare, vehiculele care circula in interiorul acestora au prioritate fata de cele care urmeaza sa patrunda in intersectie.<br><br>Art. 59<br>(1) In intersectiile cu circulatie nedirijata, conducatorul de vehicul este obligat sa acorde prioritate de trecere vehiculelor care circula pe sine. Acestea pierd prioritatea de trecere cand efectueaza virajul spre stanga sau cand semnalizarea rutiera din acea zona stabileste o alta regula de circulatie.<br>(2) In intersectii, conducatorii vehiculelor care vireaza spre stanga sunt obligati sa acorde prioritate de trecere vehiculelor cu care se intersecteaza si care circula din partea dreapta.<br>(3) In intersectiile cu circulatie dirijata prin indicatoare de prioritate, regula prioritatii de dreapta se respecta numai in cazul in care doua vehicule urmeaza sa se intalneasca, fiecare intrand in intersectie de pe un drum semnalizat cu un indicator avand aceeasi semnificatie de prioritate sau de pierdere a prioritatii.<br>(4) Cand un semafor cu trei culori are o lumina verde intermitenta suplimentara, montata la acelasi nivel cu lumina verde normala a semaforului, sub forma unei sageti verzi pe fond negru, cu varful spre dreapta, aprinderea acesteia semnifica permisiunea pentru vehicule de a-si continua drumul in directia indicata de sageata, indiferent de culoarea semaforului electric, cu conditia acordarii prioritatii de trecere vehiculelor si pietonilor care au drept de circulatie.


                    </div>","https://scoaladrpciv.ro/intrebari/categoria-a/indicatoare-si-marcaje"
"1790502727-339","https://scoaladrpciv.ro/intrebari/categoria-a","Ce semnificaţie are marcajul din imagine?","A - marcaj de traversare pentru pietoni;","","","B - bandă rezervată circulaţiei vehiculelor lente;","C - spaţiu destinat cântăririi autovehiculelor.","https://scoaladrpciv.ro/intrebare/ce-semnificatie-are-marcajul-din-imagine-99fa","https://scoaladrpciv.ro/storage/questions/13.jpeg","<div class="""">
                        


                    </div>","https://scoaladrpciv.ro/intrebari/categoria-a/indicatoare-si-marcaje"
"1790502729-340","https://scoaladrpciv.ro/intrebari/categoria-a","Aveţi posibilitatea de a trece pe sensul opus de mers, la întâlnirea unui astfel de marcaj rutier?","B - da;","","","A - legal, nu este stabilit acest aspect;","C - nu.","https://scoaladrpciv.ro/intrebare/aveti-posibilitatea-de-a-trece-pe-sensul-opus-de-mers-la-intalnirea-unui-astfel-de-marcaj-rutier-7bc0","https://scoaladrpciv.ro/storage/questions/11.jpeg","<div class="""">
                        Art. 78<br>Marcajul longitudinal format dintr-o linie discontinuă simplă sau dublă permite trecerea peste acesta, dacă manevra sau reglementările instituite impun acest lucru. 


                    </div>","https://scoaladrpciv.ro/intrebari/categoria-a/indicatoare-si-marcaje"
