web_scraper_order,web_scraper_start_url,data,raspuns_corect_1,raspuns_corect_2,raspuns_corect_3,raspuns_1,raspuns_2,data3,image,explicatie,categorii
"1790533525-1","https://scoaladrpciv.ro/intrebari/categoria-d","Care este rulajul la care se recomandă controlul bujiilor şi reglarea distanţei dintre electrozi?","C - 5000 km.","","","A - 10000 km;","B - 15000 km;","https://scoaladrpciv.ro/intrebare/care-este-rulajul-la-care-se-recomanda-controlul-bujiilor-si-reglarea-distantei-dintre-electrozi-6b73","","<div class="""">
                        


                    </div>","https://scoaladrpciv.ro/intrebari/categoria-d/notiuni-de-mecanica"
"1790533528-2","https://scoaladrpciv.ro/intrebari/categoria-d","Circuitul de înaltă presiune al instalaţiei de alimentare a motoarelor Diesel are în componenţă:","B - pompa de injecţie, injectoarele şi conductele de legătură;","","","A - pompa de alimentare, injectoarele şi conductele de legătură;","C - pompa de alimentare, pompa de injecţie şi filtrele.","https://scoaladrpciv.ro/intrebare/circuitul-de-inalta-presiune-al-instalatiei-de-alimentare-a-motoarelor-diesel-are-in-componenta-71fc","","<div class="""">
                        


                    </div>","https://scoaladrpciv.ro/intrebari/categoria-d/notiuni-de-mecanica"
"1790533530-3","https://scoaladrpciv.ro/intrebari/categoria-d","Griparea (înţepenirea) pistoanelor în cilindri se poate datora:","A - supraîncălzirii motorului, din cauza lipsei lichidului din instalaţia de răcire;","","","B - folosirii defectuoase a ambreiajului;","C - rulării cu viteză redusă, fără motiv întemeiat, pe timp de vară.","https://scoaladrpciv.ro/intrebare/griparea-intepenirea-pistoanelor-in-cilindri-se-poate-datora-6d47","","<div class="""">
                        


                    </div>","https://scoaladrpciv.ro/intrebari/categoria-d/notiuni-de-mecanica"
"1790533533-4","https://scoaladrpciv.ro/intrebari/categoria-d","Piesele cele mai solicitate în timpul funcţionării transmisiei sunt:","C - ambreiajul.","","","A - planetarele;","B - diferenţialul;","https://scoaladrpciv.ro/intrebare/piesele-cele-mai-solicitate-in-timpul-functionarii-transmisiei-sunt-dd54","","<div class="""">
                        


                    </div>","https://scoaladrpciv.ro/intrebari/categoria-d/notiuni-de-mecanica"
"1790533535-5","https://scoaladrpciv.ro/intrebari/categoria-d","Cele mai frecvente pene ale motoarelor pe benzină sunt cauzate de:","A - instalaţia de aprindere;","","","B - instalaţia de iluminare;","C - sistemul de evacuare a gazelor arse.","https://scoaladrpciv.ro/intrebare/cele-mai-frecvente-pene-ale-motoarelor-pe-benzina-sunt-cauzate-de-ea87","","<div class="""">
                        


                    </div>","https://scoaladrpciv.ro/intrebari/categoria-d/notiuni-de-mecanica"
"1790533537-6","https://scoaladrpciv.ro/intrebari/categoria-d","În timpul mersului, autovehiculul tinde să devieze spre dreapta. Care este cauza?","B - presiunea în pneul din dreapta faţă este prea mică;","","","A - jocurile din articulaţii depăşesc limitele admise;","C - presiunea în pneul din stânga faţă este prea mică.","https://scoaladrpciv.ro/intrebare/in-timpul-mersului-autovehiculul-tinde-sa-devieze-spre-dreapta-care-este-cauza-67fe","","<div class="""">
                        


                    </div>","https://scoaladrpciv.ro/intrebari/categoria-d/notiuni-de-mecanica"
"1790533541-7","https://scoaladrpciv.ro/intrebari/categoria-d","Care dintre cauzele enumerate mai jos provoacă la viraj şocuri în volanul unui sistem de direcţie cu servomecanism hidraulic?","A - pătrunderea aerului în instalaţia hidraulică;","","","B - gresajul defectuos al articulaţiilor;","C - geometria roţilor dereglată.","https://scoaladrpciv.ro/intrebare/care-dintre-cauzele-enumerate-mai-jos-provoaca-la-viraj-socuri-in-volanul-unui-sistem-de-directie-cu-servomecanism-hidraulic-7a60","","<div class="""">
                        


                    </div>","https://scoaladrpciv.ro/intrebari/categoria-d/notiuni-de-mecanica"
"1790533544-8","https://scoaladrpciv.ro/intrebari/categoria-d","Furca de debreiere acţionează pe:","B - rulmentul de presiune;","","","A - discul de ambreiaj;","C - placa de presiune.","https://scoaladrpciv.ro/intrebare/furca-de-debreiere-actioneaza-pe-a3e7","","<div class="""">
                        


                    </div>","https://scoaladrpciv.ro/intrebari/categoria-d/notiuni-de-mecanica"
"1790533546-9","https://scoaladrpciv.ro/intrebari/categoria-d","Care este rolul alternatorului de curent?","B - asigură încărcarea bateriei de acumulatori şi alimentează cu energie electrică consumatorii;","","","A - alimentează consumatorii electrici, când motorul este oprit;","C - alimentează cu energie electrică farurile.","https://scoaladrpciv.ro/intrebare/care-este-rolul-alternatorului-de-curent-3d1e","","<div class="""">
                        


                    </div>","https://scoaladrpciv.ro/intrebari/categoria-d/notiuni-de-mecanica"
"1790533549-10","https://scoaladrpciv.ro/intrebari/categoria-d","Care dintre următoarele cauze determină scăderea presiunii uleiului?","A - îmbâcsirea sorbului pompei de ulei;","","","B - funcţionarea motorului la turaţii mici;","C - montarea incorectă a filtrului de ulei.","https://scoaladrpciv.ro/intrebare/care-dintre-urmatoarele-cauze-determina-scaderea-presiunii-uleiului-ee7b","","<div class="""">
                        


                    </div>","https://scoaladrpciv.ro/intrebari/categoria-d/notiuni-de-mecanica"
"1790533553-11","https://scoaladrpciv.ro/intrebari/categoria-d","Încetinitorul (retarderul) de pe eşapament permite utilizarea motorului ca pe un compresor, întrerupând:","C - injecţia de carburant, obturând şi ieşirea gazelor de eşapament.","","","A - frânarea de securitate;","B - frânarea de serviciu;","https://scoaladrpciv.ro/intrebare/incetinitorul-retarderul-de-pe-esapament-permite-utilizarea-motorului-ca-pe-un-compresor-intrerupand-35bd","","<div class="""">
                        


                    </div>","https://scoaladrpciv.ro/intrebari/categoria-d/notiuni-de-mecanica"
"1790533555-12","https://scoaladrpciv.ro/intrebari/categoria-d","Ce se înţelege prin „valoarea termică“ a bujiei?","A - timpul în secunde, până când bujia ajunge la temperatura de autocurăţare a electrozilor;","","","B - capacitatea bujiei de a lucra mai bine la temperaturi înalte;","C - însuşirea bujiei de a conecta şi deconecta funcţionarea termostatului.","https://scoaladrpciv.ro/intrebare/ce-se-intelege-prin-valoarea-termica-a-bujiei-2c48","","<div class="""">
                        


                    </div>","https://scoaladrpciv.ro/intrebari/categoria-d/notiuni-de-mecanica"
"1790533558-13","https://scoaladrpciv.ro/intrebari/categoria-d","Intenţionaţi să remorcaţi un autoturism cu servodirecţie rămas în pană de motor. Ce trebuie să aveţi în vedere?","B - manevrarea volanului autoturismului tractat solicită un efort fizic mai mare, de aceea veţi efectua tractarea cu atenţie;","","","A - blocaţi direcţia;","C - nu aveţi voie să-l remorcaţi în această situaţie.","https://scoaladrpciv.ro/intrebare/intentionati-sa-remorcati-un-autoturism-cu-servodirectie-ramas-in-pana-de-motor-ce-trebuie-sa-aveti-in-vedere-b25e","","<div class="""">
                        


                    </div>","https://scoaladrpciv.ro/intrebari/categoria-d/notiuni-de-mecanica"
"1790533560-14","https://scoaladrpciv.ro/intrebari/categoria-d","Zgomotul metalic ascuţit uniform, la accelerarea bruscă a motorului, se poate datora:","A - ruperii bolţului pistonului;","","","B - decalibrării clapetei de acceleraţie;","C - defecţiunilor la pompa de injecţie.","https://scoaladrpciv.ro/intrebare/zgomotul-metalic-ascutit-uniform-la-accelerarea-brusca-a-motorului-se-poate-datora-20a9","","<div class="""">
                        


                    </div>","https://scoaladrpciv.ro/intrebari/categoria-d/notiuni-de-mecanica"
"1790533562-15","https://scoaladrpciv.ro/intrebari/categoria-d","Care dintre următoarele defecţiuni produc vibraţii puternice în timpul deplasării automobilului?","C - dezechilibrarea arborilor cardanici.","","","A - uzura pinioanelor cutiei de viteze;","B - ruperea transmisiei longitudinale;","https://scoaladrpciv.ro/intrebare/care-dintre-urmatoarele-defectiuni-produc-vibratii-puternice-in-timpul-deplasarii-automobilului-5691","","<div class="""">
                        


                    </div>","https://scoaladrpciv.ro/intrebari/categoria-d/notiuni-de-mecanica"
"1790533564-16","https://scoaladrpciv.ro/intrebari/categoria-d","Care este avantajul pneurilor cu carcasă radială?","B - durata de exploatare este mai mare cu 30-80% decât în cazul celor cu carcasă diagonală;","","","A - au dimensiuni şi greutăţi specifice mai mici decât cele cu carcasă diagonală;","C - oferă posibilitatea exploatării eficiente pe timp de vară.","https://scoaladrpciv.ro/intrebare/care-este-avantajul-pneurilor-cu-carcasa-radiala-c914","","<div class="""">
                        


                    </div>","https://scoaladrpciv.ro/intrebari/categoria-d/notiuni-de-mecanica"
"1790533567-17","https://scoaladrpciv.ro/intrebari/categoria-d","Ce cauze pot conduce la un consum exagerat de combustibil?","A - turaţia la ralanti prea mare;","","","B - temperatura mediului ambiant;","C - lipsa filtrului de benzină.","https://scoaladrpciv.ro/intrebare/ce-cauze-pot-conduce-la-un-consum-exagerat-de-combustibil-c062","","<div class="""">
                        


                    </div>","https://scoaladrpciv.ro/intrebari/categoria-d/notiuni-de-mecanica"
"1790533570-18","https://scoaladrpciv.ro/intrebari/categoria-d","Amestecul carburant foarte bogat provoacă rateuri în:","A - galeria de evacuare sau în toba de eşapament;","","","B - galeria de admisie;","C - carburator sau în pompa de benzină.","https://scoaladrpciv.ro/intrebare/amestecul-carburant-foarte-bogat-provoaca-rateuri-in-585d","","<div class="""">
                        


                    </div>","https://scoaladrpciv.ro/intrebari/categoria-d/notiuni-de-mecanica"
"1790533572-19","https://scoaladrpciv.ro/intrebari/categoria-d","Care dintre următoarele defecţiuni creează joc mare la volan?","B - uzura pronunţată a angrenajelor din caseta de direcţie;","C - uzura pronunţată a capetelor de bară.","","A - pinionul nu are joc faţă de cremalieră;","","https://scoaladrpciv.ro/intrebare/care-dintre-urmatoarele-defectiuni-creeaza-joc-mare-la-volan-5dec","","<div class="""">
                        


                    </div>","https://scoaladrpciv.ro/intrebari/categoria-d/notiuni-de-mecanica"
"1790533575-20","https://scoaladrpciv.ro/intrebari/categoria-d","Pompa de înaltă presiune din componenţa sistemului de direcţie cu servomecanism hidraulic este antrenată de:","A - arborele cotit al motorului;","","","B - axul secundar al cutiei de viteze;","C - axa cu came.","https://scoaladrpciv.ro/intrebare/pompa-de-inalta-presiune-din-componenta-sistemului-de-directie-cu-servomecanism-hidraulic-este-antrenata-de-cb32","","<div class="""">
                        


                    </div>","https://scoaladrpciv.ro/intrebari/categoria-d/notiuni-de-mecanica"
"1790533577-21","https://scoaladrpciv.ro/intrebari/categoria-d","Surplusul de motorină de la injectoare este refulat:","A - în rezervor;","","","B - în pompa de injecţie;","C - în pompa de alimentare.","https://scoaladrpciv.ro/intrebare/surplusul-de-motorina-de-la-injectoare-este-refulat-3808","","<div class="""">
                        


                    </div>","https://scoaladrpciv.ro/intrebari/categoria-d/notiuni-de-mecanica"
"1790533579-22","https://scoaladrpciv.ro/intrebari/categoria-d","Unde se formează amestecul carburant la motoarele cu aprindere prin compresie?","B - în cilindrii motorului;","","","A - în galeria de admisie;","C - în pompa de injecţie.","https://scoaladrpciv.ro/intrebare/unde-se-formeaza-amestecul-carburant-la-motoarele-cu-aprindere-prin-compresie-1d27","","<div class="""">
                        


                    </div>","https://scoaladrpciv.ro/intrebari/categoria-d/notiuni-de-mecanica"
"1790533582-23","https://scoaladrpciv.ro/intrebari/categoria-d","Care dintre cauzele de mai jos determină jocul mare la volan?","B - jocul mare al fuzetei pe pivot;","","","A - lubrifiantul articulaţiilor este prea vâscos;","C - lubrifiantul articulaţiilor este prea fluid.","https://scoaladrpciv.ro/intrebare/care-dintre-cauzele-de-mai-jos-determina-jocul-mare-la-volan-5cc3","","<div class="""">
                        


                    </div>","https://scoaladrpciv.ro/intrebari/categoria-d/notiuni-de-mecanica"
"1790533584-24","https://scoaladrpciv.ro/intrebari/categoria-d","Care dintre următoarele cauze provoacă manipularea greoaie a volanului, în situaţia în care acesta este acţionat rapid, la un sistem de direcţie cu servomecanism hidraulic?","A - pompa nu debitează ulei în cantitate suficientă;","","","B - existenţa unor jocuri prea strânse în angrenaj;","C - dereglarea geometriei direcţiei.","https://scoaladrpciv.ro/intrebare/care-dintre-urmatoarele-cauze-provoaca-manipularea-greoaie-a-volanului-in-situatia-in-care-acesta-este-actionat-rapid-la-un-sistem-de-directie-cu-servomecanism-hidraulic-a049","","<div class="""">
                        


                    </div>","https://scoaladrpciv.ro/intrebari/categoria-d/notiuni-de-mecanica"
"1790533586-25","https://scoaladrpciv.ro/intrebari/categoria-d","Motorul Diesel funcționeazã optim la o temperaturã de:","B - 80-90 grade C;","","","A - 75 grade C;","C - 100-120 grade C.","https://scoaladrpciv.ro/intrebare/motorul-diesel-functioneaza-optim-la-o-temperatura-de-c10b","","<div class="""">
                        


                    </div>","https://scoaladrpciv.ro/intrebari/categoria-d/notiuni-de-mecanica"
"1790533588-26","https://scoaladrpciv.ro/intrebari/categoria-d","Fazele principale ale funcţionării motorului cu ardere internă sunt, în ordine, următoarele:","C - admisia, compresia, arderea, destinderea şi evacuarea.","","","A - admisia, destinderea, arderea, compresia şi evacuarea;","B - compresia, evacuarea, arderea, destinderea şi admisia;","https://scoaladrpciv.ro/intrebare/fazele-principale-ale-functionarii-motorului-cu-ardere-interna-sunt-in-ordine-urmatoarele-f8dd","","<div class="""">
                        


                    </div>","https://scoaladrpciv.ro/intrebari/categoria-d/notiuni-de-mecanica"
"1790533591-27","https://scoaladrpciv.ro/intrebari/categoria-d","Circuitul de înaltă tensiune din cadrul instalaţiei de aprindere prin scânteie cuprinde:","B - înfăşurarea secundară a bobinei de inducţie, distribuitorul, rotorul, fişele şi bujiile;","","","A - condensatorul, bobinajul rotorului demarorului şi releul electroventilatorului;","C - conductorii electrici marcaţi cu izolatori de culoare roşie şi siguranţele.","https://scoaladrpciv.ro/intrebare/circuitul-de-inalta-tensiune-din-cadrul-instalatiei-de-aprindere-prin-scanteie-cuprinde-6f9d","","<div class="""">
                        


                    </div>","https://scoaladrpciv.ro/intrebari/categoria-d/notiuni-de-mecanica"
"1790533594-28","https://scoaladrpciv.ro/intrebari/categoria-d","Arborele cu came antrenează:","A - pompa de ulei;","B - ruptorul-distribuitor;","","C - ventilatorul radiatorului.","","https://scoaladrpciv.ro/intrebare/arborele-cu-came-antreneaza-973c","","<div class="""">
                        


                    </div>","https://scoaladrpciv.ro/intrebari/categoria-d/notiuni-de-mecanica"
"1790533596-29","https://scoaladrpciv.ro/intrebari/categoria-d","Care este rolul bateriei de acumulatori?","B - alimentează consumatorii cu energie electrică în raport de necesităţi;","","","A - transformă curentul de joasă tensiune în curent de înaltă tensiune;","C - transformă energia chimică în energie mecanică.","https://scoaladrpciv.ro/intrebare/care-este-rolul-bateriei-de-acumulatori-8e20","","<div class="""">
                        


                    </div>","https://scoaladrpciv.ro/intrebari/categoria-d/notiuni-de-mecanica"
"1790533599-30","https://scoaladrpciv.ro/intrebari/categoria-d","Instalaţia de pornire a motorului este alcătuită din:","A - demarorul, contactul de pornire cu cheie, conductoarele de legătură şi bateria de acumulatori;","","","B - mecanismul bielă-manivelă, carburatorul şi rezervorul de combustibil;","C - roţile motoare, punţile, ambreiajul şi racul fixat pe arborele motor.","https://scoaladrpciv.ro/intrebare/instalatia-de-pornire-a-motorului-este-alcatuita-din-0cdf","","<div class="""">
                        


                    </div>","https://scoaladrpciv.ro/intrebari/categoria-d/notiuni-de-mecanica"
"1790533603-31","https://scoaladrpciv.ro/intrebari/categoria-d","Utilizarea sistemului de climatizare are ca efect:","A - creşterea consumului de combustibil;","","","B - reducerea consumului de combustibil;","C - scăderea puternică a gradului de confort.","https://scoaladrpciv.ro/intrebare/utilizarea-sistemului-de-climatizare-are-ca-efect-7959","","","https://scoaladrpciv.ro/intrebari/categoria-d/conducerea-ecologica"
"1790533606-32","https://scoaladrpciv.ro/intrebari/categoria-d","Conduita ecologică în conducerea unui autovehicul înseamnă:","C - să fiţi calm şi să anticipaţi situaţiile astfel încât să evitaţi accelerarea şi frânarea bruscă.","","","A - să nu poluaţi fonic mediul înconjurător, folosind sistemul de sonorizare la putere maximă;","B - să întreţineţi în permanenţă autovehiculul curat, prin spălare şi degresare zilnică;","https://scoaladrpciv.ro/intrebare/conduita-ecologica-in-conducerea-unui-autovehicul-inseamna-6cde","","","https://scoaladrpciv.ro/intrebari/categoria-d/conducerea-ecologica"
"1790533608-33","https://scoaladrpciv.ro/intrebari/categoria-d","Ce se înţelege prin conducere ecologică a unui autovehicul?","C - un ansamblu de măsuri comportamentale, de control sau de verificare a vehiculului, prin care se realizează o importantă economie de energie şi protecţia mediului.","","","A - obligaţia de a folosi în permanenţă carburant biodegradabil;","B - deplasări urbane cu bicicleta, pe jos sau cu alte mijloace care nu poluează atmosfera;","https://scoaladrpciv.ro/intrebare/ce-se-intelege-prin-conducere-ecologica-a-unui-autovehicul-69e2","","<div class="""">
                        


                    </div>","https://scoaladrpciv.ro/intrebari/categoria-d/conducerea-ecologica"
"1790533610-34","https://scoaladrpciv.ro/intrebari/categoria-d","Utilizarea pe autostradă a limitatorului de viteză pentru autovehiculele dotate cu acest sistem are ca efect:","B - reducerea consumului de combustibil, datorită vitezei constante;","","","A - creşterea consumului de combustibil, datorită unei viteze mai mici;","C - acest sistem nu are efecte asupra consumului de combustibil.","https://scoaladrpciv.ro/intrebare/utilizarea-pe-autostrada-a-limitatorului-de-viteza-pentru-autovehiculele-dotate-cu-acest-sistem-are-ca-efect-211b","","<div class="""">
                        


                    </div>","https://scoaladrpciv.ro/intrebari/categoria-d/conducerea-ecologica"
"1790533612-35","https://scoaladrpciv.ro/intrebari/categoria-d","Pentru a conduce ecologic un autovehicul, se recomandă:","B - menţinerea unei viteze constante, de preferinţă medie;","","","A - folosirea motorului la relanti, în cazul în care staţionaţi mai mult timp în acelaşi loc;","C - oprirea motorului în timp ce coborâţi o pantă, pentru a economisi carburant.","https://scoaladrpciv.ro/intrebare/pentru-a-conduce-ecologic-un-autovehicul-se-recomanda-4047","","<div class="""">
                        


                    </div>","https://scoaladrpciv.ro/intrebari/categoria-d/conducerea-ecologica"
"1790533615-36","https://scoaladrpciv.ro/intrebari/categoria-d","Cum trebuie să conduceţi, astfel încât să reduceţi poluarea?","B - porniţi motorul fără să acţionaţi pedala de acceleraţie şi demaraţi fără să staţionaţi aşteptând încălzirea motorului;","","","A - porniţi motorul acţionând pedala de acceleraţie la un sfert din cursă şi aşteptaţi ca acesta să se încălzească, pentru a reduce ulterior consumul de carburant;","C - apăsaţi până la capăt pedala de acceleraţie, porniţi motorul şi demaraţi cu o viteză cât mai mare.","https://scoaladrpciv.ro/intrebare/cum-trebuie-sa-conduceti-astfel-incat-sa-reduceti-poluarea-67c8","","<div class="""">
                        


                    </div>","https://scoaladrpciv.ro/intrebari/categoria-d/conducerea-ecologica"
"1790533617-37","https://scoaladrpciv.ro/intrebari/categoria-d","Pentru a conduce ecologic un autovehicul, se recomandă:","C - utilizarea climatizării numai în situaţiile absolut necesare.","","","A - utilizarea climatizării numai în cazul traseelor scurte;","B - utilizarea climatizării numai pe timp de noapte;","https://scoaladrpciv.ro/intrebare/pentru-a-conduce-ecologic-un-autovehicul-se-recomanda-a928","","<div class="""">
                        


                    </div>","https://scoaladrpciv.ro/intrebari/categoria-d/conducerea-ecologica"
"1790533619-38","https://scoaladrpciv.ro/intrebari/categoria-d","În care dintre situaţii consumul de carburant al unui motor creşte?","A - atunci când motorul nu atinge temperatura de funcţionare;","B - atunci când fumul de eşapament este de culoare neagră;","C - atunci când motorul funcţionează cu întreruperi.","","","https://scoaladrpciv.ro/intrebare/in-care-dintre-situatii-consumul-de-carburant-al-unui-motor-creste-69e3","","<div class="""">
                        


                    </div>","https://scoaladrpciv.ro/intrebari/categoria-d/conducerea-ecologica"
"1790533621-39","https://scoaladrpciv.ro/intrebari/categoria-d","Comportamentul ecologic în conducerea unui autovehiculul presupune:","A - planificarea traseului pentru a economisi timp şi combustibil;","B - evitarea zonelor cu circulaţie densă, cu lucrări pe carosabil sau cu teren accidentat;","","C - viteză şi acceleraţie mai mari, pentru a scurta timpul de deplasare.","","https://scoaladrpciv.ro/intrebare/comportamentul-ecologic-in-conducerea-unui-autovehiculul-presupune-9dae","","<div class="""">
                        


                    </div>","https://scoaladrpciv.ro/intrebari/categoria-d/conducerea-ecologica"
"1790533626-40","https://scoaladrpciv.ro/intrebari/categoria-d","Ce trebuie să faceţi pentru evitarea complicaţiilor în cazul unei fracturi?","A - să imobilizaţi zona fracturată;","","","B - să sterilizaţi şi să pansaţi zona fracturată;","C - să aplicaţi un garou de cauciuc deasupra fracturii.","https://scoaladrpciv.ro/intrebare/ce-trebuie-sa-faceti-pentru-evitarea-complicatiilor-in-cazul-unei-fracturi-fff0","","<div class="""">
                        


                    </div>","https://scoaladrpciv.ro/intrebari/categoria-d/masuri-de-prim-ajutor"
"1790533629-41","https://scoaladrpciv.ro/intrebari/categoria-d","Bandajele se folosesc:","B - pentru acoperirea şi pentru susţinerea rănilor, precum şi pentru oprirea hemoragiilor;","","","A - pentru susţinerea părţilor lezate;","C - pentru imobilizarea fracturilor.","https://scoaladrpciv.ro/intrebare/bandajele-se-folosesc-49b8","","<div class="""">
                        


                    </div>","https://scoaladrpciv.ro/intrebari/categoria-d/masuri-de-prim-ajutor"
"1790533631-42","https://scoaladrpciv.ro/intrebari/categoria-d","Ce trebuie să aveţi în vedere înaintea transportării unei victime la spital?","A - ca funcţia respiratorie şi funcţia circulatorie să fie asigurate;","","","B - ca punctul sanitar către care vă îndreptaţi să nu fie la o distanţă mai mare de 50 km;","C - ca autovehiculul cu care va fi transportată victima să asigure confortul necesar.","https://scoaladrpciv.ro/intrebare/ce-trebuie-sa-aveti-in-vedere-inaintea-transportarii-unei-victime-la-spital-2022","","<div class="""">
                        


                    </div>","https://scoaladrpciv.ro/intrebari/categoria-d/masuri-de-prim-ajutor"
"1790533633-43","https://scoaladrpciv.ro/intrebari/categoria-d","Persoanele accidentate, cu arsuri multiple pe corp şi membre, trebuie să fie:","B - transportate urgent la o unitate medicală;","","","A - dezbrăcate rapid de haine, după stingerea flăcărilor;","C - spălate, bandajate şi apoi transportate la cea mai apropiată unitate sanitară.","https://scoaladrpciv.ro/intrebare/persoanele-accidentate-cu-arsuri-multiple-pe-corp-si-membre-trebuie-sa-fie-398c","","<div class="""">
                        


                    </div>","https://scoaladrpciv.ro/intrebari/categoria-d/masuri-de-prim-ajutor"
"1790533635-44","https://scoaladrpciv.ro/intrebari/categoria-d","Trusa pentru primul ajutor medical trebuie să conţină, în principal:","A - foarfece cu vârfuri boante, dispozitiv intermediar pentru respiraţie „gură la gură“, comprese sterile, feşe, pansamente, mănuşi de unică folosinţă din latex, folie de supravieţuire izotermă, broşură de prim ajutor autorizată de Ministerul Sănătăţii Publice;","","","B - role de leucoplast, plasturi, alcool medicinal, dispozitive pentru suspendarea membrelor accidentate şi adresele personalului medical care sunt de serviciu la camerele de gardă;","C - butelie cu oxigen tehnic, un furtun de legătură şi un manometru care să reziste la o presiune de cel puţin 6 atmosfere, o mască din pansament steril şi dispozitive pentru curăţarea rănilor.","https://scoaladrpciv.ro/intrebare/trusa-pentru-primul-ajutor-medical-trebuie-sa-contina-in-principal-10c0","","<div class="""">
                        


                    </div>","https://scoaladrpciv.ro/intrebari/categoria-d/masuri-de-prim-ajutor"
"1790533638-45","https://scoaladrpciv.ro/intrebari/categoria-d","Într-un pansament, pe plagă, se aplică:","B - o compresă din tifon steril;","","","A - o compresă de vată sterilă;","C - o compresă oarecare.","https://scoaladrpciv.ro/intrebare/intr-un-pansament-pe-plaga-se-aplica-7ee2","","<div class="""">
                        


                    </div>","https://scoaladrpciv.ro/intrebari/categoria-d/masuri-de-prim-ajutor"
"1790533640-46","https://scoaladrpciv.ro/intrebari/categoria-d","În rănile cu hemoragie se va avea în vedere, în faza iniţială:","C - oprirea hemoragiei.","","","A - curăţarea şi pansarea rănii;","B - pansarea rănii;","https://scoaladrpciv.ro/intrebare/in-ranile-cu-hemoragie-se-va-avea-in-vedere-in-faza-initiala-018c","","<div class="""">
                        


                    </div>","https://scoaladrpciv.ro/intrebari/categoria-d/masuri-de-prim-ajutor"
"1790533642-47","https://scoaladrpciv.ro/intrebari/categoria-d","Primul ajutor în caz de traumatism al capului constă în:","C - bandajarea fracturii deschise, deschiderea căilor respiratorii dacă se impune şi culcarea victimei pe o targă plană pentru transport.","","","A - aplicarea unor comprese reci pe frunte şi bandajarea părţilor lovite;","B - observarea respiraţiei şi a circulaţiei sanguine şi aplecarea capului către bărbie;","https://scoaladrpciv.ro/intrebare/primul-ajutor-in-caz-de-traumatism-al-capului-consta-in-f480","","<div class="""">
                        


                    </div>","https://scoaladrpciv.ro/intrebari/categoria-d/masuri-de-prim-ajutor"
"1790533645-48","https://scoaladrpciv.ro/intrebari/categoria-d","În cazul unei entorse a gleznei, procedaţi astfel:","B - ridicaţi piciorul afectat, aplicaţi un bandaj elastic strâns, apoi, dacă se poate, aplicaţi gheaţă prin bandaj;","","","A - interziceţi victimei să se sprijine pe glezna respectivă;","C - nu interveniţi şi aşteptaţi ca victima să fie transportată la spital.","https://scoaladrpciv.ro/intrebare/in-cazul-unei-entorse-a-gleznei-procedati-astfel-cf60","","<div class="""">
                        


                    </div>","https://scoaladrpciv.ro/intrebari/categoria-d/masuri-de-prim-ajutor"
"1790533647-49","https://scoaladrpciv.ro/intrebari/categoria-d","În cazul unui accidentat cu hemoragie masivă, acţionaţi astfel:","C - aşezaţi persoana pe spate, cu picioarele ridicate, imobilizaţi eventualele fracturi, nu îi daţi să bea lichide şi o protejaţi contra frigului.","","","A - aşezaţi persoana pe abdomen şi îi daţi să bea cât mai multe lichide;","B - aşezaţi persoana pe un scaun în poziţia şezând şi vorbiţi cu ea;","https://scoaladrpciv.ro/intrebare/in-cazul-unui-accidentat-cu-hemoragie-masiva-actionati-astfel-2cef","","<div class="""">
                        


                    </div>","https://scoaladrpciv.ro/intrebari/categoria-d/masuri-de-prim-ajutor"
"1790533649-50","https://scoaladrpciv.ro/intrebari/categoria-d","Ce trebuie să aibă în vedere prima intervenţie, la faţa locului, pentru salvarea victimei?","B - degajarea căilor respiratorii şi asigurarea funcţiei respiratorii;","","","A - spălarea rănilor vizibile;","C - igienizarea şi pansarea rănilor.","https://scoaladrpciv.ro/intrebare/ce-trebuie-sa-aiba-in-vedere-prima-interventie-la-fata-locului-pentru-salvarea-victimei-7733","","<div class="""">
                        


                    </div>","https://scoaladrpciv.ro/intrebari/categoria-d/masuri-de-prim-ajutor"
"1790533652-51","https://scoaladrpciv.ro/intrebari/categoria-d","Fracturile rezultate în urma unui accident rutier pot fi recunoscute prin:","C - segmentul fracturat, care are o mişcare anormală.","","","A - culoarea diferită a locului fracturii;","B - segmentul osos fracturat, devenit elastic;","https://scoaladrpciv.ro/intrebare/fracturile-rezultate-in-urma-unui-accident-rutier-pot-fi-recunoscute-prin-b5ec","","<div class="""">
                        


                    </div>","https://scoaladrpciv.ro/intrebari/categoria-d/masuri-de-prim-ajutor"
"1790533656-52","https://scoaladrpciv.ro/intrebari/categoria-d","Cum se opresc hemoragiile la trunchi şi cap?","C - prin aplicarea compreselor sterile şi a pansamentelor compresive.","","","A - prin orice mijloace;","B - prin aplicarea unui garou de cauciuc;","https://scoaladrpciv.ro/intrebare/cum-se-opresc-hemoragiile-la-trunchi-si-cap-0308","","<div class="""">
                        


                    </div>","https://scoaladrpciv.ro/intrebari/categoria-d/masuri-de-prim-ajutor"
"1790533658-53","https://scoaladrpciv.ro/intrebari/categoria-d","Ce măsuri se iau în cazul accidentării foarte grave a unei persoane, într-un accident de circulaţie?","C - acordarea primului ajutor, până la sosirea ambulanţei.","","","A - transportul imediat la cea mai apropiată unitate sanitară, cu orice mijloc de transport posibil;","B - transportul imediat până la prima localitate şi anunţarea ambulanţei;","https://scoaladrpciv.ro/intrebare/ce-masuri-se-iau-in-cazul-accidentarii-foarte-grave-a-unei-persoane-intr-un-accident-de-circulatie-31dc","","<div class="""">
                        


                    </div>","https://scoaladrpciv.ro/intrebari/categoria-d/masuri-de-prim-ajutor"
"1790533660-54","https://scoaladrpciv.ro/intrebari/categoria-d","Până la transportarea victimei la spital, poziţia de aşteptare poate fi:","B - o poziţie care să permită o bună respiraţie;","","","A - o poziţie cât mai comodă;","C - o poziţie comodă pentru transport.","https://scoaladrpciv.ro/intrebare/pana-la-transportarea-victimei-la-spital-pozitia-de-asteptare-poate-fi-f4e7","","<div class="""">
                        


                    </div>","https://scoaladrpciv.ro/intrebari/categoria-d/masuri-de-prim-ajutor"
"1790533663-55","https://scoaladrpciv.ro/intrebari/categoria-d","Ce funcţii poate avea un bandaj de tifon aplicat pe o rană deschisă?","A - protejează împotriva infectării rănii;","B - opreşte hemoragia;","","C - scade tensiunea arterială.","","https://scoaladrpciv.ro/intrebare/ce-functii-poate-avea-un-bandaj-de-tifon-aplicat-pe-o-rana-deschisa-5caa","","<div class="""">
                        


                    </div>","https://scoaladrpciv.ro/intrebari/categoria-d/masuri-de-prim-ajutor"
"1790533665-56","https://scoaladrpciv.ro/intrebari/categoria-d","Substanţele antiseptice se folosesc pentru:","A - dezinfectarea rănilor;","","","B - calmarea durerilor;","C - oprirea hemoragiei.","https://scoaladrpciv.ro/intrebare/substantele-antiseptice-se-folosesc-pentru-aad1","","<div class="""">
                        


                    </div>","https://scoaladrpciv.ro/intrebari/categoria-d/masuri-de-prim-ajutor"
"1790533667-57","https://scoaladrpciv.ro/intrebari/categoria-d","Oprirea hemoragiei se face prin legarea strânsă a braţului:","B - deasupra rănii;","","","A - în dreptul rănii;","C - sub rană.","https://scoaladrpciv.ro/intrebare/oprirea-hemoragiei-se-face-prin-legarea-stransa-a-bratului-421d","","<div class="""">
                        


                    </div>","https://scoaladrpciv.ro/intrebari/categoria-d/masuri-de-prim-ajutor"
"1790533669-58","https://scoaladrpciv.ro/intrebari/categoria-d","Stopul respirator, în cazul persoanelor accidentate, poate fi determinat de:","C - astuparea căilor respiratorii.","","","A - multiple fracturi ale membrelor;","B - pierderea intensă de sânge;","https://scoaladrpciv.ro/intrebare/stopul-respirator-in-cazul-persoanelor-accidentate-poate-fi-determinat-de-4358","","<div class="""">
                        


                    </div>","https://scoaladrpciv.ro/intrebari/categoria-d/masuri-de-prim-ajutor"
"1790533672-59","https://scoaladrpciv.ro/intrebari/categoria-d","Când gura unui rănit rămâne încleştată, respiraţia artificială se poate face:","B - prin nările victimei;","","","A - prin gura închisă a victimei;","C - în acest caz nu se mai face respiraţie artificială.","https://scoaladrpciv.ro/intrebare/cand-gura-unui-ranit-ramane-inclestata-respiratia-artificiala-se-poate-face-d6f3","","<div class="""">
                        


                    </div>","https://scoaladrpciv.ro/intrebari/categoria-d/masuri-de-prim-ajutor"
"1790533674-60","https://scoaladrpciv.ro/intrebari/categoria-d","O hemoragie produsă la unul dintre membrele unei persoane rănite se va opri prin:","C - acţiunea compresivă asupra vasului lezat sau aplicarea garoului.","","","A - dezinfectarea rănii, pansarea şi aplicarea atelelor;","B - ridicarea membrului accidentat în poziţie verticală;","https://scoaladrpciv.ro/intrebare/o-hemoragie-produsa-la-unul-dintre-membrele-unei-persoane-ranite-se-va-opri-prin-5b74","","<div class="""">
                        


                    </div>","https://scoaladrpciv.ro/intrebari/categoria-d/masuri-de-prim-ajutor"
"1790533676-61","https://scoaladrpciv.ro/intrebari/categoria-d","Ce trebuie să conţină biletul care se prinde lângă garoul aplicat unei persoane rănite?","C - ora şi minutul aplicării garoului.","","","A - datele de stare civilă ale persoanei;","B - poziţia în care a fost găsită victima;","https://scoaladrpciv.ro/intrebare/ce-trebuie-sa-contina-biletul-care-se-prinde-langa-garoul-aplicat-unei-persoane-ranite-fcef","","<div class="""">
                        


                    </div>","https://scoaladrpciv.ro/intrebari/categoria-d/masuri-de-prim-ajutor"
"1790533679-62","https://scoaladrpciv.ro/intrebari/categoria-d","Cum trebuie să fie atelele pentru imobilizarea unei fracturi?","A - suficient de lungi pentru a acoperi în întregime atât zona de deasupra, cât şi cea de sub fractură;","B - rigide;","C - uşoare.","","","https://scoaladrpciv.ro/intrebare/cum-trebuie-sa-fie-atelele-pentru-imobilizarea-unei-fracturi-3bb0","","<div class="""">
                        


                    </div>","https://scoaladrpciv.ro/intrebari/categoria-d/masuri-de-prim-ajutor"
"1790533684-63","https://scoaladrpciv.ro/intrebari/categoria-d","În cazul persoanelor accidentate, care prezintă fracturi de coloană, este recomandabil să se folosească:","B - mijloacele de transport cu platformă (furgonete, camioane), chiar dacă au viteze de deplasare mai mici;","","","A - orice mijloc de transport, dacă se deplasează în direcţia unei unităţi sanitare;","C - autoturismele, întrucât asigură confort şi rapiditate în deplasare.","https://scoaladrpciv.ro/intrebare/in-cazul-persoanelor-accidentate-care-prezinta-fracturi-de-coloana-este-recomandabil-sa-se-foloseasca-a339","","<div class="""">
                        


                    </div>","https://scoaladrpciv.ro/intrebari/categoria-d/masuri-de-prim-ajutor"
"1790533689-64","https://scoaladrpciv.ro/intrebari/categoria-d","Gravitatea unei hemoragii se apreciază în funcţie de:","A - cantitatea sângelui pierdut;","","","B - culoarea sângelui scurs;","C - fluiditatea sângelui scurs.","https://scoaladrpciv.ro/intrebare/gravitatea-unei-hemoragii-se-apreciaza-in-functie-de-96e6","","<div class="""">
                        


                    </div>","https://scoaladrpciv.ro/intrebari/categoria-d/masuri-de-prim-ajutor"
"1790533694-65","https://scoaladrpciv.ro/intrebari/categoria-d","Imobilizarea unui braţ fracturat se face:","C - cuprinzând osul fracturat şi cele două articulaţii, respectiv cea superioară şi inferioară.","","","A - în dreptul osului fracturat;","B - cuprinzând osul fracturat şi articulaţia superioară;","https://scoaladrpciv.ro/intrebare/imobilizarea-unui-brat-fracturat-se-face-1d90","","<div class="""">
                        


                    </div>","https://scoaladrpciv.ro/intrebari/categoria-d/masuri-de-prim-ajutor"
"1790533700-66","https://scoaladrpciv.ro/intrebari/categoria-d","La imobilizarea cu atele, în cazul fracturilor, se va ţine cont ca:","C - atela să fie suficient de lungă, pentru a acoperi zona de deasupra şi de sub fractură.","","","A - atela să nu fie rigidă;","B - nu sunt necesare criterii pentru imobilizarea fracturilor cu atele;","https://scoaladrpciv.ro/intrebare/la-imobilizarea-cu-atele-in-cazul-fracturilor-se-va-tine-cont-ca-e4df","","<div class="""">
                        


                    </div>","https://scoaladrpciv.ro/intrebari/categoria-d/masuri-de-prim-ajutor"
"1790533702-67","https://scoaladrpciv.ro/intrebari/categoria-d","Resuscitarea cardio-respiratorie trebuie efectuată:","B - accidentaţilor aflaţi în stare de inconştienţă, care nu respiră şi nu au puls;","","","A - oricărui accidentat;","C - numai accidentaţilor care au suferit fracturi uşoare.","https://scoaladrpciv.ro/intrebare/resuscitarea-cardio-respiratorie-trebuie-efectuata-bcfb","","<div class="""">
                        


                    </div>","https://scoaladrpciv.ro/intrebari/categoria-d/masuri-de-prim-ajutor"
"1790533704-68","https://scoaladrpciv.ro/intrebari/categoria-d","Semnele unei fracturi sunt:","B - poziţie nefirească, mişcare nenaturală, braţ sau picior mai scurt;","","","A - durere în zona afectată;","C - temperatură mărită şi transpiraţie abundentă.","https://scoaladrpciv.ro/intrebare/semnele-unei-fracturi-sunt-5180","","<div class="""">
                        


                    </div>","https://scoaladrpciv.ro/intrebari/categoria-d/masuri-de-prim-ajutor"
"1790533706-69","https://scoaladrpciv.ro/intrebari/categoria-d","În cazul unui accident cu victime şi cu deformarea accentuată a caroseriei, procedaţi astfel:","A - victimele conştiente sunt sfătuite să nu se mişte, iar degajarea acestora trebuie să se realizeze cât mai repede şi numai de către echipaje specializate;","","","B - degajarea victimelor trebuie să se realizeze cât mai repede, prin orice mijloace;","C - se administrează calmante victimelor care sunt conştiente.","https://scoaladrpciv.ro/intrebare/in-cazul-unui-accident-cu-victime-si-cu-deformarea-accentuata-a-caroseriei-procedati-astfel-d770","","<div class="""">
                        


                    </div>","https://scoaladrpciv.ro/intrebari/categoria-d/masuri-de-prim-ajutor"
"1790533711-70","https://scoaladrpciv.ro/intrebari/categoria-d","Ce trebuie să aveţi în vedere atunci când intenţionaţi să treceţi de un autobuz oprit într-o staţie?","B - treceţi cu atenţie la o distanţă corespunzătoare, pentru că din faţa autobuzului ar putea să apară în mod neaşteptat pietoni;","","","A - aprindeţi luminile intermitente de averizare şi circulaţi mai departe cu atenţie;","C - circulaţi mai departe fără ezitare.","https://scoaladrpciv.ro/intrebare/ce-trebuie-sa-aveti-in-vedere-atunci-cand-intentionati-sa-treceti-de-un-autobuz-oprit-intr-o-statie-2263","","<div class="""">
                        


                    </div>","https://scoaladrpciv.ro/intrebari/categoria-d/conducerea-preventiva"
"1790533713-71","https://scoaladrpciv.ro/intrebari/categoria-d","La depăşirea căror vehicule trebuie să păstraţi o distanţă laterală mai mare?","B - la depăşirea bicicletelor;","","","A - la depăşirea autobuzelor;","C - la depăşirea camioanelor.","https://scoaladrpciv.ro/intrebare/la-depasirea-caror-vehicule-trebuie-sa-pastrati-o-distanta-laterala-mai-mare-1c6b","","<div class="""">
                        


                    </div>","https://scoaladrpciv.ro/intrebari/categoria-d/conducerea-preventiva"
"1790533716-72","https://scoaladrpciv.ro/intrebari/categoria-d","La întâlnirea unui vehicul greu cu unul uşor, pe un drum public îngust, pentru a face posibilă trecerea va manevra cu spatele:","A - vehiculul uşor;","","","B - vehiculul greu;","C - la libera înţelegere.","https://scoaladrpciv.ro/intrebare/la-intalnirea-unui-vehicul-greu-cu-unul-usor-pe-un-drum-public-ingust-pentru-a-face-posibila-trecerea-va-manevra-cu-spatele-23d0","","<div class="""">
                        <h4>Articolul 127</h4><p>(1)&nbsp;&nbsp; Pe drumurile publice înguste și/sau cu declivitate, unde trecerea vehiculelor care circulã din sensuri opuse, unele pe lângã altele, este imposibilã sau periculoasã, se procedeazã dupã cum urmeazã:</p><p>a)&nbsp;&nbsp; la întâlnirea unui ansamblu de vehicule cu un vehicul conducãtorul acestuia din urma trebuie sã manevreze cu spatele;</p><p>b)&nbsp;&nbsp; la întâlnirea unui vehicul greu cu un vehicul ușor, conducãtorul acestuia din urma trebuie sã manevreze cu spatele;</p><p>c)&nbsp;&nbsp; la întâlnirea unui vehicul care efectueazã transport public de persoane cu un vehicul de transport mãrfuri conducãtorul acestuia din urma trebuie sã manevreze cu spatele.</p><p>(2)&nbsp;&nbsp; În cazul vehiculelor de aceeași categorie, obligația de a efectua o manevrã de mers înapoi revine conducãtorului care urca, cu excepția cazului când este mai ușor și existã condiții pentru conducãtorul care coboarã sã execute aceastã manevrã, mai ales atunci când se aflã aproape de un refugiu.</p>


                    </div>","https://scoaladrpciv.ro/intrebari/categoria-d/conducerea-preventiva"
"1790533718-73","https://scoaladrpciv.ro/intrebari/categoria-d","Vă deplasaţi pe şosea într-o coloană. Cum vă comportaţi?","B - păstraţi o distanţă corespunzătoare faţă de cel care circulă în faţă şi sunteţi atent la ceilalţi participanţi la trafic;","","","A - depăşiţi coloana, pe cât posibil printr-o singură manevră;","C - circulaţi foarte aproape de vehiculul din faţă, pentru a nu rămâne în urmă.","https://scoaladrpciv.ro/intrebare/va-deplasati-pe-sosea-intr-o-coloana-cum-va-comportati-4b2b","","<div class="""">
                        


                    </div>","https://scoaladrpciv.ro/intrebari/categoria-d/conducerea-preventiva"
"1790533720-74","https://scoaladrpciv.ro/intrebari/categoria-d","Cum trebuie să procedaţi pentru a vă păstra starea de vigilenţă pe tot parcursul deplasării?","B - vă concentraţi atenţia, dar adoptaţi o atitudine relaxată la volan, având control asupra efectuării  tuturor manevrelor de care depinde siguranţa călătoriei;","","","A - conduceţi cât mai încordat, cu faţa cât mai aproape de parbriz, pentru a vedea tot ce se întâmplă pe drumul public, în faţa dvs.;","C - vă găsiţi o preocupare mai plăcută, cum ar fi manevrarea aparaturii radio-video, întreţinerea  unor discuţii cu pasagerii sau folosirea telefonului mobil.","https://scoaladrpciv.ro/intrebare/cum-trebuie-sa-procedati-pentru-a-va-pastra-starea-de-vigilenta-pe-tot-parcursul-deplasarii-84a0","","<div class="""">
                        


                    </div>","https://scoaladrpciv.ro/intrebari/categoria-d/conducerea-preventiva"
"1790533723-75","https://scoaladrpciv.ro/intrebari/categoria-d","Cum veți proceda noaptea, când vizibilitatea este redusă din cauza ceții, din punct de vedere al circulației preventive?","C - păstrați o distanță egală între axa drumului și marginea din dreapta a părții carosabile, rulând cu o viteză care să asigure oprirea într-un spațiu mai mic decât cel de vizibilitate.","","","A - circulați cât mai aproape de axa drumului;","B - circulați cât mai aproape de marginea din dreapta a drumului public;","https://scoaladrpciv.ro/intrebare/cum-veti-proceda-noaptea-cand-vizibilitatea-este-redusa-din-cauza-cetii-din-punct-de-vedere-al-circulatiei-preventive-b04d","","<div class="""">
                        


                    </div>","https://scoaladrpciv.ro/intrebari/categoria-d/conducerea-preventiva"
"1790533725-76","https://scoaladrpciv.ro/intrebari/categoria-d","Care dintre următoarele tipuri de carosabil este cel mai periculos în condiţii de ploaie?","C - carosabilul cu piatră cubică.","","","A - carosabilul cu suprafaţa asfaltată;","B - carosabilul cu suprafaţa betonată;","https://scoaladrpciv.ro/intrebare/care-dintre-urmatoarele-tipuri-de-carosabil-este-cel-mai-periculos-in-conditii-de-ploaie-9f95","","<div class="""">
                        


                    </div>","https://scoaladrpciv.ro/intrebari/categoria-d/conducerea-preventiva"
"1790533727-77","https://scoaladrpciv.ro/intrebari/categoria-d","La frânare, autobuzul derapează. Cum reacţionaţi corect?","B - nu acţionaţi frâna şi rotiţi volanul în sens invers derapării;","","","A - frânaţi la maximum;","C - opriţi motorul.","https://scoaladrpciv.ro/intrebare/la-franare-autobuzul-derapeaza-cum-reactionati-corect-9140","","<div class="""">
                        


                    </div>","https://scoaladrpciv.ro/intrebari/categoria-d/conducerea-preventiva"
"1790533729-78","https://scoaladrpciv.ro/intrebari/categoria-d","Ce măsuri se recomandă atunci când urmează să străbateţi o porţiune de drum public acoperită cu piatră cubică?","B - să reduceţi din timp viteza, evitând bruscarea comenzilor;","","","A - să folosiţi numai frâna de ajutor pentru a evita derapajul;","C - să circulaţi cât mai aproape de axul drumului, pentru a evita lovirea acostamentului.","https://scoaladrpciv.ro/intrebare/ce-masuri-se-recomanda-atunci-cand-urmeaza-sa-strabateti-o-portiune-de-drum-public-acoperita-cu-piatra-cubica-70a9","","<div class="""">
                        


                    </div>","https://scoaladrpciv.ro/intrebari/categoria-d/conducerea-preventiva"
"1790533732-79","https://scoaladrpciv.ro/intrebari/categoria-d","Ce obligaţii are conducătorul unui autobuz, dacă pe drumul pe care circulă observă evenimente de natură a pune în pericol siguranţa circulaţiei?","C - să sesizeze cea mai apropiată unitate de poliţie în legătură cu obstacolele sau situaţiile care pun în pericol siguranţa circulaţiei.","","","A - să semnalizeze participanţii la trafic care circulă din sens opus, schimbând alternativ lumina de drum cu lumina de întâlnire;","B - să emită semnale acustice ori de câte ori se întâlneşte cu un alt vehicul circulând din sens opus;","https://scoaladrpciv.ro/intrebare/ce-obligatii-are-conducatorul-unui-autobuz-daca-pe-drumul-pe-care-circula-observa-evenimente-de-natura-a-pune-in-pericol-siguranta-circulatiei-ef3a","","<div class="""">
                        


                    </div>","https://scoaladrpciv.ro/intrebari/categoria-d/conducerea-preventiva"
"1790533734-80","https://scoaladrpciv.ro/intrebari/categoria-d","Ce trebuie să faceţi pentru a evita un accident de circulaţie?","C - să anticipaţi şi să evitaţi la timp manevrele imprudente ale partenerilor de drum şi să respectaţi permanent regulile de circulaţie.","","","A - să nu conduceţi autobuzul decât atunci când probleme grave impun acest lucru;","B - să vă asiguraţi întotdeauna un partener care să cunoască bine traseul parcurs;","https://scoaladrpciv.ro/intrebare/ce-trebuie-sa-faceti-pentru-a-evita-un-accident-de-circulatie-e806","","<div class="""">
                        


                    </div>","https://scoaladrpciv.ro/intrebari/categoria-d/conducerea-preventiva"
"1790533736-81","https://scoaladrpciv.ro/intrebari/categoria-d","Conducătorul de autobuze prevăzător are în vedere:","A - să fie odihnit, iar autobuzul să corespundă din punct de vedere tehnic pentru circulaţia pe drumurile publice;","","","B - să aibă asigurată presiunea normală la roata de rezervă;","C - să observe înaintea altora locurile în care este amplasat aparatul RADAR.","https://scoaladrpciv.ro/intrebare/conducatorul-de-autobuze-prevazator-are-in-vedere-e4d7","","<div class="""">
                        


                    </div>","https://scoaladrpciv.ro/intrebari/categoria-d/conducerea-preventiva"
"1790533738-82","https://scoaladrpciv.ro/intrebari/categoria-d","Factorii principali care ajută un conducător de autobuze să piloteze preventiv sunt:","A - atitudinea pozitivă în trafic, calmul, cunoştinţele dobândite şi politeţea;","","","B - iscusinţa şi priceperea de a-şi impune calităţile fizice dobândite;","C - mijloacele de semnalizare rutieră şi agenţii de poliţie rutieră.","https://scoaladrpciv.ro/intrebare/factorii-principali-care-ajuta-un-conducator-de-autobuze-sa-piloteze-preventiv-sunt-4722","","<div class="""">
                        


                    </div>","https://scoaladrpciv.ro/intrebari/categoria-d/conducerea-preventiva"
"1790533741-83","https://scoaladrpciv.ro/intrebari/categoria-d","Cum trebuie să procedeze conducătorul unui autobuz dacă i-a fost prescris un tratament medicamentos?","A - să se asigure că administrarea acestuia nu-i va afecta capacitatea de a conduce;","","","B - să nu îşi administreze medicamentele înainte de a se urca la volan;","C - să se informeze care este doza minimă care poate fi administrată pe perioada cât se află la volan.","https://scoaladrpciv.ro/intrebare/cum-trebuie-sa-procedeze-conducatorul-unui-autobuz-daca-i-a-fost-prescris-un-tratament-medicamentos-a6b4","","<div class="""">
                        


                    </div>","https://scoaladrpciv.ro/intrebari/categoria-d/conducerea-preventiva"
"1790533743-84","https://scoaladrpciv.ro/intrebari/categoria-d","Din sens opus, un vehicul depăşeşte un altul şi nu poate reveni pe banda sa. Cum vă comportaţi corect?","B - reduceţi viteza şi vă angajaţi mult spre dreapta;","","","A - circulaţi mai departe cu viteză mărită;","C - avertizaţi cu farurile vehiculele care circulă din sens opus.","https://scoaladrpciv.ro/intrebare/din-sens-opus-un-vehicul-depaseste-un-altul-si-nu-poate-reveni-pe-banda-sa-cum-va-comportati-corect-d96e","","<div class="""">
                        


                    </div>","https://scoaladrpciv.ro/intrebari/categoria-d/conducerea-preventiva"
"1790533745-85","https://scoaladrpciv.ro/intrebari/categoria-d","Poate fi redusă capacitatea de conducere a unui autovehicul / tractol agricol sau forestier, după consumul unei cantități relativ mici de alcool?","B - chiar și cantitățile mici de alcool pot reduce capacitatea de conducere;","","","A - nu, dacă se consumă și o ceașcă de cafea;","C - nu, cantitățile mici nu dăunează cu nimic.","https://scoaladrpciv.ro/intrebare/poate-fi-redusa-capacitatea-de-conducere-a-unui-autovehicul-tractol-agricol-sau-forestier-dupa-consumul-unei-cantitati-relativ-mici-de-alcool-0c22","","<div class="""">
                        


                    </div>","https://scoaladrpciv.ro/intrebari/categoria-d/conducerea-preventiva"
"1790533747-86","https://scoaladrpciv.ro/intrebari/categoria-d","Conducătorul autobuzului din imaginea alăturată este surprins de schimbarea semnalului semaforului, după ce a pătruns în intersecţie. Ce trebuie să facă în acest caz?","C - să-şi continue deplasarea cu viteză redusă, deoarece blochează intersecţia.","","","A - să-şi continue deplasarea, deoarece are prioritate faţă de autovehiculele care urmează să intre în intersecţie;","B - să oprească imediat;","https://scoaladrpciv.ro/intrebare/conducatorul-autobuzului-din-imaginea-alaturata-este-surprins-de-schimbarea-semnalului-semaforului-dupa-ce-a-patruns-in-intersectie-ce-trebuie-sa-faca-in-acest-caz-aebd","https://scoaladrpciv.ro/storage/questions/2254.jpeg","<div class="""">
                        


                    </div>","https://scoaladrpciv.ro/intrebari/categoria-d/conducerea-preventiva"
"1790533750-87","https://scoaladrpciv.ro/intrebari/categoria-d","În ce situaţii se reduce viteza în trafic?","A - în toate cazurile prevăzute în legislaţia rutieră pentru aplicarea legii privind circulaţia pe drumurile publice;","B - preventiv, în toate situaţiile în care se prevede o stare de pericol, care poate fi evitată rulând cu o viteză inferioară;","","C - atunci când sunteţi obosit, indispus sau suferiţi de o afecţiune care vă diminuează capacitatea de a conduce.","","https://scoaladrpciv.ro/intrebare/in-ce-situatii-se-reduce-viteza-in-trafic-9402","","<div class="""">
                        


                    </div>","https://scoaladrpciv.ro/intrebari/categoria-d/conducerea-preventiva"
"1790533752-88","https://scoaladrpciv.ro/intrebari/categoria-d","Care este principalul factor de risc pe care trebuie să-l aveţi în vedere la conducerea autobuzului prin tunele rutiere?","B - dificultăţi în adaptarea vederii la intrarea şi la ieşirea din asemenea pasaje;","","","A - viteza redusă de deplasare şi mersul în coloană;","C - posibilitatea existenţei unor denivelări ale părţii carosabile.","https://scoaladrpciv.ro/intrebare/care-este-principalul-factor-de-risc-pe-care-trebuie-sa-l-aveti-in-vedere-la-conducerea-autobuzului-prin-tunele-rutiere-1eb3","","<div class="""">
                        


                    </div>","https://scoaladrpciv.ro/intrebari/categoria-d/conducerea-preventiva"
"1790533754-89","https://scoaladrpciv.ro/intrebari/categoria-d","Care dintre următorii factori reprezintă baza conduitei preventive?","A - cunoaşterea normelor de circulaţie şi a regulilor de conducere a autobuzului;","B - capacitatea de a fi politicos şi disciplinat în traficul rutier;","","C - încadrarea în baremurile legale privind sănătatea.","","https://scoaladrpciv.ro/intrebare/care-dintre-urmatorii-factori-reprezinta-baza-conduitei-preventive-b8d6","","<div class="""">
                        


                    </div>","https://scoaladrpciv.ro/intrebari/categoria-d/conducerea-preventiva"
"1790533756-90","https://scoaladrpciv.ro/intrebari/categoria-d","Vă apropiaţi de o intersecţie fără indicatoare de circulaţie. Vizibilitatea în ambele direcţii este imposibilă, din cauza vehiculelor staţionate. Cum procedaţi?","A - intraţi încet în intersecţie, cu atenţie mărită;","","","B - traversaţi cât mai rapid intersecţia;","C - semnalizaţi luminos şi intraţi în intersecţie.","https://scoaladrpciv.ro/intrebare/va-apropiati-de-o-intersectie-fara-indicatoare-de-circulatie-vizibilitatea-in-ambele-directii-este-imposibila-din-cauza-vehiculelor-stationate-cum-procedati-ee74","","<div class="""">
                        


                    </div>","https://scoaladrpciv.ro/intrebari/categoria-d/conducerea-preventiva"
"1790533759-91","https://scoaladrpciv.ro/intrebari/categoria-d","Cum trebuie să procedaţi atunci când un autobuz şcolar opreşte cu luminile de avarie aprinse?","B - circulaţi cu atenţie sporită;","","","A - luminile intermitente de avertizare ale autobuzelor şcolare vă obligă să opriţi;","C - nu aveţi nicio obligaţie.","https://scoaladrpciv.ro/intrebare/cum-trebuie-sa-procedati-atunci-cand-un-autobuz-scolar-opreste-cu-luminile-de-avarie-aprinse-390f","","<div class="""">
                        


                    </div>","https://scoaladrpciv.ro/intrebari/categoria-d/conducerea-preventiva"
"1790533761-92","https://scoaladrpciv.ro/intrebari/categoria-d","La ce vă puteţi aştepta dacă circulaţi în spatele unui camion cu remorcă, ce intenţionează să vireze la dreapta pe o stradă îngustă?","B - înainte de a vira, camionul se angajează iniţial spre stânga, din cauza gabaritului;","","","A - înainte de a vira, camionul se opreşte;","C - camionul se comportă ca orice autoturism.","https://scoaladrpciv.ro/intrebare/la-ce-va-puteti-astepta-daca-circulati-in-spatele-unui-camion-cu-remorca-ce-intentioneaza-sa-vireze-la-dreapta-pe-o-strada-ingusta-179d","","<div class="""">
                        


                    </div>","https://scoaladrpciv.ro/intrebari/categoria-d/conducerea-preventiva"
"1790533763-93","https://scoaladrpciv.ro/intrebari/categoria-d","Cum procedaţi în situaţia în care observaţi în faţa dvs. o minge care se rostogoleşte?","B - avertizaţi sonor, reduceţi viteza şi circulaţi cu atenţie;","","","A - continuaţi să circulaţi cu aceeaşi viteză, întrucât trecerea peste minge nu este periculoasă pentru autobuz;","C - viraţi brusc în direcţia opusă de rostogolire a mingii.","https://scoaladrpciv.ro/intrebare/cum-procedati-in-situatia-in-care-observati-in-fata-dvs-o-minge-care-se-rostogoleste-f24d","","<div class="""">
                        


                    </div>","https://scoaladrpciv.ro/intrebari/categoria-d/conducerea-preventiva"
"1790533766-94","https://scoaladrpciv.ro/intrebari/categoria-d","Cum este recomandat să procedaţi pentru a depăşi, în condiţii de siguranţă, un tramvai oprit într-o staţie cu refugiu?","C - să reduceţi viteza de deplasare.","","","A - să avertizaţi sonor persoanele aflate în zona staţiei;","B - să semnalizaţi din timp intenţia de depăşire a tramvaiului;","https://scoaladrpciv.ro/intrebare/cum-este-recomandat-sa-procedati-pentru-a-depasi-in-conditii-de-siguranta-un-tramvai-oprit-intr-o-statie-cu-refugiu-a784","","<div class="""">
                        


                    </div>","https://scoaladrpciv.ro/intrebari/categoria-d/conducerea-preventiva"
"1790533768-95","https://scoaladrpciv.ro/intrebari/categoria-d","La o intersecţie semaforizată, semnalul verde se schimbă în galben. Conducătorul unui autovehicul, fiind foarte aproape de semafor, opreşte brusc şi este lovit din spate de conducătorul care îl urma. Care dintre cei doi conducători a greşit?","B - conducătorul autovehiculului din spate, care nu a păstrat distanţa de siguranţă în mers;","","","A - conducătorul primului autovehicul, care a oprit brusc;","C - ambii conducători.","https://scoaladrpciv.ro/intrebare/la-o-intersectie-semaforizata-semnalul-verde-se-schimba-in-galben-conducatorul-unui-autovehicul-fiind-foarte-aproape-de-semafor-opreste-brusc-si-este-lovit-din-spate-de-conducatorul-care-il-urma-care-dintre-cei-doi-conducatori-a-gresit-d8da","","<div class="""">
                        


                    </div>","https://scoaladrpciv.ro/intrebari/categoria-d/conducerea-preventiva"
"1790533770-96","https://scoaladrpciv.ro/intrebari/categoria-d","Sunteţi depăşit de un autovehicul care a apreciat greşit distanţa şi viteza cu care se apropie din sens opus un alt vehicul. Cum trebuie să procedaţi pentru a evita un accident rutier?","C - reduceţi imediat viteza şi circulaţi cât mai aproape de marginea din dreapta a părţii carosabile, pentru a-i permite efectuarea depăşirii şi reintrarea pe sensul normal de mers.","","","A - măriţi viteza de deplasare, pentru a-l determina pe cel ce vă depăşeşte să renunţe la manevră;","B - claxonaţi şi îi faceţi semn cu braţul să nu mai depăşească;","https://scoaladrpciv.ro/intrebare/sunteti-depasit-de-un-autovehicul-care-a-apreciat-gresit-distanta-si-viteza-cu-care-se-apropie-din-sens-opus-un-alt-vehicul-cum-trebuie-sa-procedati-pentru-a-evita-un-accident-rutier-943e","","<div class="""">
                        


                    </div>","https://scoaladrpciv.ro/intrebari/categoria-d/conducerea-preventiva"
"1790533773-97","https://scoaladrpciv.ro/intrebari/categoria-d","Cum procedaţi în cazul în care o persoană în vârstă traversează neregulamentar drumul public, în faţa dvs.?","B - reduceţi din timp viteza şi luaţi toate măsurile de evitare a lovirii persoanei care traversează;","","","A - semnalizaţi cu claxonul şi cu luminile, pentru a împiedica persoana respectivă să traverseze;","C - legal nu aveţi nicio obligaţie, iar în caz de accident, pietonul imprudent va răspunde, inclusiv pentru eventualele avarii produse.","https://scoaladrpciv.ro/intrebare/cum-procedati-in-cazul-in-care-o-persoana-in-varsta-traverseaza-neregulamentar-drumul-public-in-fata-dvs-1a92","","<div class="""">
                        


                    </div>","https://scoaladrpciv.ro/intrebari/categoria-d/conducerea-preventiva"
"1790533775-98","https://scoaladrpciv.ro/intrebari/categoria-d","În faţa dvs. circulă un tractor cu două remorci, pe ultima fiind scris „FĂRĂ SEMNALIZARE“. Intenţionaţi să-l depăşiţi înainte de intrarea într-o intersecţie. Cum procedaţi?","A - aşteptaţi să treceţi de respectiva intersecţie, chiar dacă pierdeţi din timpul planificat al călătoriei;","","","B - vă angajaţi în depăşire, întrucât autobuzul dvs. vă permite să rulaţi, în mod legal, cu o viteză mai mare;","C - semnalizaţi efectuarea depăşirii şi acceleraţi, pentru ca manevra să dureze cât mai puţin.","https://scoaladrpciv.ro/intrebare/in-fata-dvs-circula-un-tractor-cu-doua-remorci-pe-ultima-fiind-scris-fara-semnalizare-intentionati-sa-l-depasiti-inainte-de-intrarea-intr-o-intersectie-cum-procedati-52e3","","<div class="""">
                        


                    </div>","https://scoaladrpciv.ro/intrebari/categoria-d/conducerea-preventiva"
"1790533777-99","https://scoaladrpciv.ro/intrebari/categoria-d","Ce se poate întâmpla dacă, circulând printr-o curbă, frânaţi dintr-odată puternic?","B - autobuzul derapează;","","","A - autobuzul se înclină spre interiorul curbei;","C - autobuzul îşi menţine direcţia.","https://scoaladrpciv.ro/intrebare/ce-se-poate-intampla-daca-circuland-printr-o-curba-franati-dintr-odata-puternic-d968","","<div class="""">
                        


                    </div>","https://scoaladrpciv.ro/intrebari/categoria-d/conducerea-preventiva"
"1790533782-100","https://scoaladrpciv.ro/intrebari/categoria-d","Se consideră contravenţie:","A - nerespectarea prevederilor privind utilizarea unor diagrame tahografice murdare sau deteriorate;","B - nerespectarea prevederilor în vigoare, privind utilizarea unei cartele tahografice defecte sau expirate;","","C - utilizarea DVD-urilor sau a altor aparate electronice.","","https://scoaladrpciv.ro/intrebare/se-considera-contraventie-5349","","<div class="""">
                        


                    </div>","https://scoaladrpciv.ro/intrebari/categoria-d/reguli-generale"
"1790533784-101","https://scoaladrpciv.ro/intrebari/categoria-d","Se consideră contravenţie:","B - nerespectarea prevederilor privind scoaterea neautorizată a diagramei tahografice din tahograf sau a cartelei tahografice din tahograful digital, înaintea terminării zilei de lucru, sau utilizarea pentru o perioadă mai lungă decât cea prevăzută;","","","A - folosirea unui tahograf electronic;","C - întreţinerea de conversaţii cu persoanele aflate în cabină.","https://scoaladrpciv.ro/intrebare/se-considera-contraventie-beae","","<div class="""">
                        


                    </div>","https://scoaladrpciv.ro/intrebari/categoria-d/reguli-generale"
"1790533787-102","https://scoaladrpciv.ro/intrebari/categoria-d","Este obligatorie dotarea autovehiculelor cu trusă medicală de prim ajutor?","C - da, pentru toate autovehiculele care circulă pe drumurile publice.","","","A - da, numai la autovehiculele cu o greutate mai mare de 3,5 t;","B - nu, fiind doar o recomandare legală;","https://scoaladrpciv.ro/intrebare/este-obligatorie-dotarea-autovehiculelor-cu-trusa-medicala-de-prim-ajutor-3700","","<div class="""">
                        <h4>Articolul 8</h4>
<p>Pentru a fi conduse pe drumurile publice, fiecare autovehicul, tractor agricol sau forestier și tramvai trebuie să fie dotat cu trusă medicală de prim ajutor, două triunghiuri reflectorizante și un stingător de incendiu, omologate.</p>
<p>&nbsp;</p>


                    </div>","https://scoaladrpciv.ro/intrebari/categoria-d/reguli-generale"
"1790533789-103","https://scoaladrpciv.ro/intrebari/categoria-d","Care este durata maximă de conducere săptămânală?","B - 56 de ore;","","","A - 48 de ore;","C - 40 de ore.","https://scoaladrpciv.ro/intrebare/care-este-durata-maxima-de-conducere-saptamanala-501e","","<div class="""">
                        


                    </div>","https://scoaladrpciv.ro/intrebari/categoria-d/reguli-generale"
"1790533791-104","https://scoaladrpciv.ro/intrebari/categoria-d","Le este permis persoanelor să călătorească pe scări sau pe părţile exterioare ale caroseriei autobuzului, troleibuzului sau tramvaiului?","B - nu, fără nicio excepţie;","","","A - da, atunci când este aglomeraţie şi traficul a fost întrerupt mai mult;","C - da, numai cu consimţământul conducătorului auto.","https://scoaladrpciv.ro/intrebare/le-este-permis-persoanelor-sa-calatoreasca-pe-scari-sau-pe-partile-exterioare-ale-caroseriei-autobuzului-troleibuzului-sau-tramvaiului-2f76","","<div class="""">
                        <h4>Articolul 152</h4><p>Se interzice pasagerilor mijloacelor de transport public de persoane:</p><p>a)&nbsp;&nbsp; sã urce, sã coboare, sã tina deschise ușile ori sã le deschidã în timpul mersului vehiculului;</p><p>b)&nbsp;&nbsp; sã cãlãtoreascã pe scãri sau pe pãrțile exterioare ale caroseriei vehiculului;</p><p>c)&nbsp;&nbsp; sã arunce din vehicul orice fel de obiecte, materiale sau substanțe.</p>


                    </div>","https://scoaladrpciv.ro/intrebari/categoria-d/reguli-generale"
"1790533794-105","https://scoaladrpciv.ro/intrebari/categoria-d","Care dintre obligaţiile de mai jos revin conducătorilor auto angajaţi de către operatorii de transport rutier?","A - să respecte perioadele de conducere şi perioadele de odihnă, conform reglementărilor legale în vigoare, şi să utilizeze corect aparatul tahograf;","C - să nu intervină asupra aparatului tahograf sau a limitatorului de viteză pentru scoaterea acestuia din uz sau pentru modificarea caracteristicilor de funcţionare.","","B - să circule, numai pe timp de zi, fără a depăşi viteza indicată de tahometru şi să se odihnească pe timpul nopţii;","","https://scoaladrpciv.ro/intrebare/care-dintre-obligatiile-de-mai-jos-revin-conducatorilor-auto-angajati-de-catre-operatorii-de-transport-rutier-3de0","","<div class="""">
                        


                    </div>","https://scoaladrpciv.ro/intrebari/categoria-d/reguli-generale"
"1790533796-106","https://scoaladrpciv.ro/intrebari/categoria-d","Se consideră contravenţie:","A - necompletarea pe diagrama tahograf a datelor prevăzute de legislaţia în vigoare;","C - omisiunea de a introduce în tahograful digital datele prevăzute de legislaţia în vigoare.","","B - completarea diagramei tahograf cu pixul sau cu stiloul;","","https://scoaladrpciv.ro/intrebare/se-considera-contraventie-ba10","","<div class="""">
                        


                    </div>","https://scoaladrpciv.ro/intrebari/categoria-d/reguli-generale"
"1790533798-107","https://scoaladrpciv.ro/intrebari/categoria-d","Permisul de conducere valabil pentru categoria DE vă permite să conduceţi:","A - un ansamblu de vehicule constând dintr-un autovehicul tractor din categoria D şi o remorcă, a cărei masă totală autorizată este mai mare de 750 kg şi care nu este destinată transportului de persoane;","","","B - un ansamblu de vehicule constând dintr-un autocamion destinat transportului de mărfuri şi o remorcă, amenajată pentru transportul de persoane;","C - un autovehicul format din două sau mai multe remorci, destinate transportului de persoane în zone turistice.","https://scoaladrpciv.ro/intrebare/permisul-de-conducere-valabil-pentru-categoria-de-va-permite-sa-conduceti-0618","","<div class="""">
                        <h4>Articolul 20</h4>
<p>(1) Pentru a conduce pe drumurile publice autovehicule, tramvaie ori tractoare agricole sau forestiere, conducătorii acestora trebuie să posede permis de conducere corespunzător.</p>
<p>(2)&nbsp;Permisele de conducere se eliberează pentru următoarele categorii de vehicule: AM, A1, A2, A, B1, B, BE, C1, C1E, C, CE, D1, D1E, D, DE, Tr, Tb sau Tv.</p>
<p>(3)&nbsp;Descrierea categoriilor de vehicule prevăzute la alin. (2), pentru care se eliberează permise de conducere, este prevăzută în anexa nr. 1*).</p>
<p>(4)&nbsp; Vârsta minimă pentru obținerea permisului de conducere este de:</p>
<ul>
<li>&nbsp;a)&nbsp; 16 ani împliniți, pentru categoriile de vehicule AM, A1 și B1;</li>
<li>&nbsp;b)&nbsp; 18 ani împliniți, pentru categoriile de vehicule A2, B, BE, C1, C1E și Tr;</li>
<li>&nbsp;c)&nbsp;20 de ani împliniți, dacă persoana are o experiență de cel puțin 2 ani de conducere a motocicletelor din categoria A2, sau 24 de ani împliniți, pentru motocicletele din categoria A;</li>
<li>d)&nbsp;21 de ani pentru categoriile de vehicule C, CE, D1 și D1E, precum și pentru triciclurile cu motor din categoria A;</li>
<li>e)&nbsp; 24 de ani pentru categoriile de vehicule D, DE, Tb și Tv.</li>
</ul>
<p>(5) Prin excepție de la vârsta minimă prevăzută la alin. (4) lit. d), permisul de conducere pentru categoriile de vehicule C și CE se eliberează de la vârsta de 18 ani cu înscrierea în acesta a codului național pentru atestarea valabilității categoriei numai în cazul conducerii vehiculului pe teritoriul României în prezența instructorului auto atestat sau a examinatorului din cadrul autorității competente în timpul desfășurării cursului practic, respectiv a probelor practice pentru obținerea certificatului de calificare profesională inițială, denumit în continuare CPI, astfel cum acesta este reglementat prin art. 1 alin. (3) din Normele privind pregătirea și atestarea profesională a anumitor categorii de conducători auto, aprobate prin Ordinul ministrului transporturilor nr. 1.214/2015 pentru aprobarea normelor privind pregătirea și atestarea profesională a personalului de specialitate din domeniul transporturilor rutiere, cu modificările și completările ulterioare, sau cu înscrierea codului european armonizat privind deținerea unui CPI.</p>
<p>(6)&nbsp; Prin excepție de la vârsta minimă prevăzută la alin. (4) lit. e), permisul de conducere pentru categoriile de vehicule D și DE se eliberează de la vârsta de 21 de ani, cu înscrierea în acesta a codului național pentru atestarea valabilității categoriei numai în cazul conducerii vehiculului pe teritoriul României în prezența instructorului auto atestat sau a examinatorului din cadrul autorității competente în timpul desfășurării cursului practic, respectiv a probelor practice pentru obținerea CPI sau cu înscrierea codului european armonizat privind deținerea unui CPI.</p>


                    </div>","https://scoaladrpciv.ro/intrebari/categoria-d/reguli-generale"
"1790533800-108","https://scoaladrpciv.ro/intrebari/categoria-d","Reglementările referitoare la stabilirea perioadelor de conducere şi de odihnă a conducătorilor auto se referă la:","B - vehiculele destinate transportului de mărfuri, a căror masă totală maximă autorizată, inclusiv remorca sau semiremorca, depăşeşte 3,5 tone;","","","A - vehiculele sau ansamblurile de vehicule a căror masă totală maximă autorizată nu depăşeşte 7,5 tone, utilizate pentru transportul de mărfuri în scopuri  necomerciale;","C - vehiculele destinate transportului de persoane, a căror masă totală maximă autorizată nu depăşeşte 7,5 tone.","https://scoaladrpciv.ro/intrebare/reglementarile-referitoare-la-stabilirea-perioadelor-de-conducere-si-de-odihna-a-conducatorilor-auto-se-refera-la-4813","","<div class="""">
                        


                    </div>","https://scoaladrpciv.ro/intrebari/categoria-d/reguli-generale"
"1790533803-109","https://scoaladrpciv.ro/intrebari/categoria-d","„Perioada de odihnă săptămânală normală“ reprezintă:","B - orice perioadă de odihnă de cel puţin 45 de ore consecutive;","","","A - perioada de odihnă de cel puţin 24 de ore consecutive;","C - perioada de odihnă de cel puţin 3 zile consecutive.","https://scoaladrpciv.ro/intrebare/perioada-de-odihna-saptamanala-normala-reprezinta-54da","","<div class="""">
                        


                    </div>","https://scoaladrpciv.ro/intrebari/categoria-d/reguli-generale"
"1790533805-110","https://scoaladrpciv.ro/intrebari/categoria-d","Când trebuie scoasă din vehicul diagrama tahograf?","B - nu înainte de sfârşitul perioadei zilnice de lucru;","C - pe orice perioadă a zilei, dacă acest lucru a fost autorizat (control rutier, schimbarea vehiculului, defectarea aparatului).","","A - ori de câte ori este nevoie;","","https://scoaladrpciv.ro/intrebare/cand-trebuie-scoasa-din-vehicul-diagrama-tahograf-211e","","<div class="""">
                        


                    </div>","https://scoaladrpciv.ro/intrebari/categoria-d/reguli-generale"
"1790533807-111","https://scoaladrpciv.ro/intrebari/categoria-d","Care este durata maximă de utilizare a foilor de înregistrare a diagramelor tahograf, proprii fiecărui conducător?","A - 24 de ore;","","","B - 48 de ore;","C - 72 de ore.","https://scoaladrpciv.ro/intrebare/care-este-durata-maxima-de-utilizare-a-foilor-de-inregistrare-a-diagramelor-tahograf-proprii-fiecarui-conducator-6949","","<div class="""">
                        


                    </div>","https://scoaladrpciv.ro/intrebari/categoria-d/reguli-generale"
"1790533809-112","https://scoaladrpciv.ro/intrebari/categoria-d","„Durata de conducere zilnică“ reprezintă:","A - durata totală de conducere acumulată între două perioade de odihnă zilnică;","","","B - perioada de conducere în care autovehiculul rulează neîntrerupt;","C - perioada de conducere între două puncte ale traseului, prevăzute într-o singură zi.","https://scoaladrpciv.ro/intrebare/durata-de-conducere-zilnica-reprezinta-2efb","","<div class="""">
                        


                    </div>","https://scoaladrpciv.ro/intrebari/categoria-d/reguli-generale"
"1790533812-113","https://scoaladrpciv.ro/intrebari/categoria-d","Cum se realizează transportul rutier public de persoane cu autobuzul?","A - prin servicii regulate;","B - prin servicii regulate speciale;","C - prin servicii ocazionale.","","","https://scoaladrpciv.ro/intrebare/cum-se-realizeaza-transportul-rutier-public-de-persoane-cu-autobuzul-3696","","<div class="""">
                        


                    </div>","https://scoaladrpciv.ro/intrebari/categoria-d/reguli-generale"
"1790533814-114","https://scoaladrpciv.ro/intrebari/categoria-d","Se consideră contravenţie:","A - conducerea unui vehicul dotat cu tahograf fără a utiliza diagrame tahograf;","C - conducerea unui vehicul dotat cu tahograf digital fără a utiliza cartela tahografică.","","B - utilizarea tahografului fără avizul poliţiei rutiere;","","https://scoaladrpciv.ro/intrebare/se-considera-contraventie-ffa5","","<div class="""">
                        


                    </div>","https://scoaladrpciv.ro/intrebari/categoria-d/reguli-generale"
"1790533816-115","https://scoaladrpciv.ro/intrebari/categoria-d","Conducătorul auto acţionează asupra aparatului tahograf cu scopul:","B - de a înregistra corect şi distinct perioadele de activitate;","","","A - de a lua legătura cu dispeceratul;","C - de a mări sau micşora efectul sonor.","https://scoaladrpciv.ro/intrebare/conducatorul-auto-actioneaza-asupra-aparatului-tahograf-cu-scopul-782a","","<div class="""">
                        


                    </div>","https://scoaladrpciv.ro/intrebari/categoria-d/reguli-generale"
"1790533818-116","https://scoaladrpciv.ro/intrebari/categoria-d","Aveţi voie să efectuaţi transport de persoane cu autobuze care circulă în baza autorizaţiei pentru probe?","B - nu;","","","A - da, numai în interiorul localităţilor;","C - da, numai în afara localităţilor, pe o distanţă de maximum 50 km.","https://scoaladrpciv.ro/intrebare/aveti-voie-sa-efectuati-transport-de-persoane-cu-autobuze-care-circula-in-baza-autorizatiei-pentru-probe-cd82","","<div class="""">
                        <h4>Articolul 7</h4><p>Orice vehicul care circulă pe drumurile publice trebuie să corespundă normelor tehnice privind siguranța circulației rutiere, protecția mediului și utilizarea conform destinației.</p>


                    </div>","https://scoaladrpciv.ro/intrebari/categoria-d/reguli-generale"
"1790533821-117","https://scoaladrpciv.ro/intrebari/categoria-d","Care este durata maximă de conducere zilnică?","A - 9 ore;","","","B - 8 ore;","C - 12 ore.","https://scoaladrpciv.ro/intrebare/care-este-durata-maxima-de-conducere-zilnica-55a5","","<div class="""">
                        


                    </div>","https://scoaladrpciv.ro/intrebari/categoria-d/reguli-generale"
"1790533823-118","https://scoaladrpciv.ro/intrebari/categoria-d","Cum se defineşte „pauza“, potrivit reglementărilor care stabilesc perioadele de conducere şi de odihnă ale conducătorilor auto?","B - orice perioadă în timpul căreia conducătorul nu are dreptul să conducă sau să efectueze alte sarcini, al cărei scop unic este odihna;","","","A - perioada în care conducătorul auto poate efectua numai lucrări de întreţinere şi reparaţii, fără a conduce autovehiculul;","C - perioada în care conducătorul auto alimentează autovehiculul cu combustibil, asigură gresarea şi întreţinerea acestuia, precum şi completarea documentelor de transport obligatorii.","https://scoaladrpciv.ro/intrebare/cum-se-defineste-pauza-potrivit-reglementarilor-care-stabilesc-perioadele-de-conducere-si-de-odihna-ale-conducatorilor-auto-2087","","<div class="""">
                        


                    </div>","https://scoaladrpciv.ro/intrebari/categoria-d/reguli-generale"
"1790533825-119","https://scoaladrpciv.ro/intrebari/categoria-d","Este permisă încredinţarea conducerii unui vehicul destinat transportului public de persoane pentru a fi condus pe drumurile publice de către un alt conducător?","C - da, în situaţia în care acesta posedă atât permis de conducere corespunzător, cât şi atestatul profesional valabil, emis de autoritatea competentă.","","","A - da, în situaţia în care acesta posedă permis de conducere corespunzător;","B - nu, acest lucru este interzis de Regulament;","https://scoaladrpciv.ro/intrebare/este-permisa-incredintarea-conducerii-unui-vehicul-destinat-transportului-public-de-persoane-pentru-a-fi-condus-pe-drumurile-publice-de-catre-un-alt-conducator-26a2","","<div class="""">
                        


                    </div>","https://scoaladrpciv.ro/intrebari/categoria-d/reguli-generale"
"1790533828-120","https://scoaladrpciv.ro/intrebari/categoria-d","Ce vehicul poate îndeplini funcţia de remorcă?","B - orice vehicul destinat să fie tractat de un autovehicul sau de un autotractor;","","","A - orice autovehicul cu o putere mai mică de 11 kW;","C - orice vehicul dotat cu 4 roţi şi o osie.","https://scoaladrpciv.ro/intrebare/ce-vehicul-poate-indeplini-functia-de-remorca-2f2e","","<div class="""">
                        <h4>Articolul 6</h4>
<p>În sensul prezentei ordonanțe de urgență, expresiile și termenii de mai jos au următorul înțeles:</p>
<p>[...]</p>
<p>27.&nbsp; remorcă - vehiculul fără motor destinat a fi tractat de un autovehicul sau de un tractor agricol sau forestier;</p>
<p>[...]</p>


                    </div>","https://scoaladrpciv.ro/intrebari/categoria-d/reguli-generale"
"1790533830-121","https://scoaladrpciv.ro/intrebari/categoria-d","La partea din spate a vehiculului care efectuează transport public de persoane se aplică:","A - indicatorul cu limitele de viteză admise pentru categoria din care face parte vehiculul condus;","","","B - un semn distinctiv pentru avertizarea celorlalţi participanţi la trafic;","C - legal, nu este permisă aplicarea vreunei inscripţii sau atenţionări.","https://scoaladrpciv.ro/intrebare/la-partea-din-spate-a-vehiculului-care-efectueaza-transport-public-de-persoane-se-aplica-d886","","<div class="""">
                        


                    </div>","https://scoaladrpciv.ro/intrebari/categoria-d/reguli-generale"
"1790533832-122","https://scoaladrpciv.ro/intrebari/categoria-d","„Perioada de odihnă zilnică redusă“ se referă la:","B - orice perioadă de odihnă de cel puţin 9 ore, dar care să nu depăşească 11 ore;","","","A - perioada de somn de minimum 6 ore;","C - intervalul neîntrerupt de cel puţin 11 ore de odihnă.","https://scoaladrpciv.ro/intrebare/perioada-de-odihna-zilnica-redusa-se-refera-la-13e8","","<div class="""">
                        


                    </div>","https://scoaladrpciv.ro/intrebari/categoria-d/reguli-generale"
"1790533834-123","https://scoaladrpciv.ro/intrebari/categoria-d","Autovehiculele destinate exclusiv transportului copiilor trebuie să aibă:","B - indicatorul „Copii”, montat pe caroserie, în faţă şi în spate;","","","A - o masă totală maximă autorizată de minimum 3,5 t;","C - dispozitive de detectare a aparaturii radar.","https://scoaladrpciv.ro/intrebare/autovehiculele-destinate-exclusiv-transportului-copiilor-trebuie-sa-aiba-0bf0","","<div class="""">
                        <h4>Articolul 11</h4><p>Autovehiculele destinate exclusiv transportului copiilor trebuie sã aibã montat pe caroserie, în fațã și în spate, indicatorul ""Copii!"".</p>


                    </div>","https://scoaladrpciv.ro/intrebari/categoria-d/reguli-generale"
"1790533837-124","https://scoaladrpciv.ro/intrebari/categoria-d","Care sunt datele pe care le înregistrează şi/sau stochează în mod automat sau semiautomat tahograful?","A - distanţa parcursă de vehicul şi viteza de deplasare a acestuia;","B - durata orelor de conducere, pauzele şi perioadele zilnice de odihnă;","C - timpii disponibili, precum şi alţi timpi de muncă.","","","https://scoaladrpciv.ro/intrebare/care-sunt-datele-pe-care-le-inregistreaza-si-sau-stocheaza-in-mod-automat-sau-semiautomat-tahograful-0c7f","","<div class="""">
                        


                    </div>","https://scoaladrpciv.ro/intrebari/categoria-d/reguli-generale"
"1790533839-125","https://scoaladrpciv.ro/intrebari/categoria-d","Permisul de conducere valabil pentru categoria D vă permite să conduceţi:","B - autovehicule destinate transportului de persoane având mai mult de 8 locuri pe scaune, în afara locului conducătorului, la care se poate ataşa o remorcă, a cărei masă totală maximă autorizată nu depăşeşte 750 kg;","","","A - autovehiculele destinate transportului de persoane a cărui masă depăşeşte 3500 kg;","C - autobuze şi remorci destinate transportului de bunuri şi de persoane.","https://scoaladrpciv.ro/intrebare/permisul-de-conducere-valabil-pentru-categoria-d-va-permite-sa-conduceti-9cef","","<div class="""">
                        


                    </div>","https://scoaladrpciv.ro/intrebari/categoria-d/reguli-generale"
"1790533841-126","https://scoaladrpciv.ro/intrebari/categoria-d","Care este durata maximă de conducere continuă?","C - 4 ore şi 30 de minute, urmate de o pauză de cel puţin 45 de minute.","","","A - 2 ore şi 30 de minute, urmate de o pauză de cel puţin 45 de minute;","B - 3 ore, urmate de o pauză de cel puţin 30 de minute;","https://scoaladrpciv.ro/intrebare/care-este-durata-maxima-de-conducere-continua-580b","","<div class="""">
                        


                    </div>","https://scoaladrpciv.ro/intrebari/categoria-d/reguli-generale"
"1790533844-127","https://scoaladrpciv.ro/intrebari/categoria-d","Ce este o semiremorcă?","C - o remorcă fără osia din faţă, care poate fi ataşată astfel încât o parte importantă din masa şi din încărcătura sa să fie suportată de un autotractor sau de un autovehicul.","","","A - o remorcă fără sistem propriu de direcţie, care se ataşează la un vehicul trăgător;","B - orice remorcă dotată cu cel puţin 6 roţi, destinată transportului de materiale sau de utilaje grele;","https://scoaladrpciv.ro/intrebare/ce-este-o-semiremorca-bb73","","<div class="""">
                        <h4>Articolul 6</h4>
<p>În sensul prezentei ordonanțe de urgență, expresiile și termenii de mai jos au următorul înțeles:</p>
<p>[...]</p>
<p>&nbsp;29.&nbsp; semiremorcă - remorcă a cărei masă totală maximă autorizată este preluată în parte de către un autovehicul sau de către un tractor agricol sau forestier;</p>
<p>[...]</p>


                    </div>","https://scoaladrpciv.ro/intrebari/categoria-d/reguli-generale"
"1790533846-128","https://scoaladrpciv.ro/intrebari/categoria-d","Cum se eliberează licenţa de traseu pentru transportul rutier public?","A - în trafic interjudeţean pentru fiecare cursă;","C - în trafic judeţean pentru fiecare traseu.","","B - în trafic naţional pentru fiecare categorie de drum;","","https://scoaladrpciv.ro/intrebare/cum-se-elibereaza-licenta-de-traseu-pentru-transportul-rutier-public-027e","","<div class="""">
                        


                    </div>","https://scoaladrpciv.ro/intrebari/categoria-d/reguli-generale"
"1790533848-129","https://scoaladrpciv.ro/intrebari/categoria-d","Cine stabileşte locul staţiilor mijloacelor de transport public de persoane?","A - autorităţile administraţiei publice locale, cu avizul poliţiei rutiere;","","","B - deţinătorii autovehiculelor care efectuează aceste servicii;","C - conducătorii autovehiculelor, la cererea călătorilor.","https://scoaladrpciv.ro/intrebare/cine-stabileste-locul-statiilor-mijloacelor-de-transport-public-de-persoane-59b4","","<div class="""">
                        


                    </div>","https://scoaladrpciv.ro/intrebari/categoria-d/reguli-generale"
"1790533853-130","https://scoaladrpciv.ro/intrebari/categoria-d","Retragerea permisului de conducere se dispune de către poliția rutieră în următoarele cazuri:","C - În cazul în care titularul acestuia nu a putut fi supus testării în vederea stabilirii concentrației de alcool pur în aerul expirat, iar în urma examinării medicale s-au constatat elemente clinice specifice consumului recent de băuturi alcoolice.","","","A - Atunci când unitatea de asistență medicală autorizată, în urma examenului de specialitate necesar stabilește că persoana care posedă permis de conducere este aptă medical pentru a conduce un autovehicul;","B - Atunci când valabilitatea administrativă a permisului de conducere a expirat;","https://scoaladrpciv.ro/intrebare/retragerea-permisului-de-conducere-se-dispune-de-catre-politia-rutiera-in-urmatoarele-cazuri-6466","","","https://scoaladrpciv.ro/intrebari/categoria-d/sanctiuni-si-contraventii"
"1790533855-131","https://scoaladrpciv.ro/intrebari/categoria-d","Cum se sancționează adoptarea unui comportament agresiv în conducerea vehiculelor pe drumurile publice?","C - amendă contravențională și suspendarea exercitării dreptului de a conduce pentru o perioadă de 30 de zile.","","","A - doar cu amendă contravențională;","B - amendă contravențională și puncte de penalizare;","https://scoaladrpciv.ro/intrebare/cum-se-sanctioneaza-adoptarea-unui-comportament-agresiv-in-conducerea-vehiculelor-pe-drumurile-publice-fb51","","<div class="""">
                        <h3>Articolul 100</h3>
<p>(3)&nbsp;&nbsp;&nbsp;Constituie contravenție și se sancționează cu amenda prevăzută în clasa a II-a de sancțiuni și cu aplicarea sancțiunii contravenționale complementare a suspendării exercitării dreptului de a conduce pentru o perioadă de 30 de zile săvârșirea de către conducătorul de autovehicul, tractor agricol sau forestier ori tramvai a următoarelor fapte:</p>
<ul>
<li>a)&nbsp; depășirea coloanelor de vehicule oprite la culoarea roșie a semaforului sau la trecerile la nivel cu calea ferată;</li>
<li>b)&nbsp; abrogată.</li>
<li>c)&nbsp; abrogată.</li>
<li>d)&nbsp; nerespectarea semnificației culorii roșii a semaforului;</li>
<li>e)&nbsp; abrogată.</li>
<li>f)&nbsp;&nbsp;nerespectarea semnalelor, indicațiilor și dispozițiilor polițistului rutier aflat în exercitarea atribuțiilor de serviciu;</li>
<li>g)&nbsp;&nbsp;neprezentarea la unitatea de poliție competentă pe raza căreia s-a produs un accident de circulație din care au rezultat numai pagube materiale, cu excepția cazurilor prevăzute la art. 79 alin. (2).</li>
<li>h)&nbsp;&nbsp;folosirea telefoanelor mobile atunci când conducătorii de vehicule se află în timpul deplasării pe drumurile publice, cu excepția celor prevăzute cu dispozitive tip «mâini libere», concomitent cu încălcarea unei reguli pentru circulația vehiculelor.</li>
<li><span style=""background-color: #fbeeb8;"">i)&nbsp; adoptarea unui comportament agresiv în conducerea vehiculelor pe drumurile publice.</span></li>
</ul>


                    </div>","https://scoaladrpciv.ro/intrebari/categoria-d/sanctiuni-si-contraventii"
"1790533858-132","https://scoaladrpciv.ro/intrebari/categoria-d","Cum se sancționează adoptarea unui comportament agresiv în conducerea vehiculelor pe drumurile publice, dacă prin aceasta s-a produs un accident de circulație din care au rezultat avarierea unui vehicul sau alte pagube materiale?","A - amendă contravențională și suspendarea exercitării dreptului de a conduce pentru o perioadă de 60 de zile;","","","B - anularea permisului de conducere;","C - suspendarea exercitării dreptului de a conduce pentru o perioadă de 120 de zile.","https://scoaladrpciv.ro/intrebare/cum-se-sanctioneaza-adoptarea-unui-comportament-agresiv-in-conducerea-vehiculelor-pe-drumurile-publice-daca-prin-aceasta-s-a-produs-un-accident-de-circulatie-din-care-au-rezultat-avarierea-unui-vehicul-sau-alte-pagube-materiale-0622","","<div class="""">
                        <h3>Articolul 101</h3>
<p>(3)&nbsp;&nbsp;Constituie contravenție și se sancționează cu amenda prevăzută în clasa a III-a de sancțiuni și cu aplicarea sancțiunii contravenționale complementare a suspendării dreptului de a conduce pentru o perioada de 60 de zile săvârșirea de către conducătorul de autovehicul, tractor agricol sau forestier ori tramvai a următoarelor fapte:</p>
<ul>
<li>a)&nbsp;&nbsp;nerespectarea regulilor privind trecerea la culoarea roșie a semaforului, dacă prin aceasta s-a produs un accident de circulație din care a/au rezultat numai avarierea unui vehicul sau alte pagube materiale;</li>
<li>b)&nbsp;&nbsp;nerespectarea interdicției temporare de circulație instituite pe un anumit segment de drum public;</li>
<li>c)&nbsp;&nbsp;nerespectarea regulilor de circulație la trecerea unei coloane oficiale sau intercalarea într- o astfel de coloana;</li>
<li>d)&nbsp;&nbsp;circulația pe sens opus, cu excepția cazurilor în care se efectuează regulamentar manevra de depășire.</li>
<li>e)&nbsp;&nbsp;&nbsp;neacordarea priorității de trecere pietonilor angajați în traversarea regulamentară a drumului public prin locurile special amenajate și semnalizate, aflați pe sensul de deplasare a autovehiculului, tractorului agricol sau forestier ori tramvaiului;</li>
<li>f)&nbsp; neacordarea priorității de trecere vehiculelor care au acest drept;</li>
<li>g)&nbsp; nerespectarea regulilor privind depășirea;</li>
<li><span style=""background-color: #fbeeb8;"">h)&nbsp;adoptarea unui comportament agresiv în conducerea vehiculelor pe drumurile publice, dacă prin aceasta s-a produs un accident de circulație din care au rezultat avarierea unui vehicul sau alte pagube materiale.</span></li>
</ul>


                    </div>","https://scoaladrpciv.ro/intrebari/categoria-d/sanctiuni-si-contraventii"
"1790533860-133","https://scoaladrpciv.ro/intrebari/categoria-d","Se consideră contravenţie:","A - nerespectarea prevederilor privind deţinerea, de către un conducător auto, a mai mult de o cartelă tahografică validă;","","","B - oprirea autovehiculului în afara locurilor specificate în cartela tahografică;","C - fumatul în autovehiculele dotate cu tahograf.","https://scoaladrpciv.ro/intrebare/se-considera-contraventie-c8e2","","","https://scoaladrpciv.ro/intrebari/categoria-d/sanctiuni-si-contraventii"
"1790533862-134","https://scoaladrpciv.ro/intrebari/categoria-d","Pentru care dintre faptele de mai jos se aplică amenda prevăzută în clasa a III-a de sancțiuni și suspendarea dreptului de a conduce pentru o perioada de 60 de zile?","C - adoptarea unui comportament agresiv în conducerea vehiculelor pe drumurile publice, dacă prin aceasta s-a produs un accident de circulație din care au rezultat avarierea unui vehicul sau alte pagube materiale.","","","A - implicarea într-un accident de circulație din care au rezultat numai avarierea unui vehicul sau alte pagube materiale;","B - depășirea coloanelor de vehicule oprite la culoarea roșie a semaforului;","https://scoaladrpciv.ro/intrebare/pentru-care-dintre-faptele-de-mai-jos-se-aplica-amenda-prevazuta-in-clasa-a-iii-a-de-sanctiuni-si-suspendarea-dreptului-de-a-conduce-pentru-o-perioada-de-60-de-zile-54d5","","<div class="""">
                        <p><strong>Articolul 101</strong></p>
<p>(3)&nbsp;&nbsp;Constituie contravenție și se sancționează cu amenda prevăzută în clasa a III-a de sancțiuni și cu aplicarea sancțiunii contravenționale complementare a suspendării dreptului de a conduce pentru o perioada de 60 de zile săvârșirea de către conducătorul de autovehicul, tractor agricol sau forestier ori tramvai a următoarelor fapte:</p>
<ul>
<li>a)&nbsp;&nbsp;nerespectarea regulilor privind trecerea la culoarea roșie a semaforului, dacă prin aceasta s-a produs un accident de circulație din care a/au rezultat numai avarierea unui vehicul sau alte pagube materiale;</li>
<li>b)&nbsp;&nbsp;nerespectarea interdicției temporare de circulație instituite pe un anumit segment de drum public;</li>
<li>c)&nbsp;&nbsp;nerespectarea regulilor de circulație la trecerea unei coloane oficiale sau intercalarea într- o astfel de coloana;</li>
<li>d)&nbsp;&nbsp;circulația pe sens opus, cu excepția cazurilor în care se efectuează regulamentar manevra de depășire.</li>
<li>e)&nbsp;&nbsp;&nbsp;neacordarea priorității de trecere pietonilor angajați în traversarea regulamentară a drumului public prin locurile special amenajate și semnalizate, aflați pe sensul de deplasare a autovehiculului, tractorului agricol sau forestier ori tramvaiului;</li>
<li>f)&nbsp; neacordarea priorității de trecere vehiculelor care au acest drept;</li>
<li>g)&nbsp; nerespectarea regulilor privind depășirea;</li>
<li><span style=""background-color: #fbeeb8;"">h)&nbsp;adoptarea unui comportament agresiv în conducerea vehiculelor pe drumurile publice, dacă prin aceasta s-a produs un accident de circulație din care au rezultat avarierea unui vehicul sau alte pagube materiale.</span></li>
</ul>


                    </div>","https://scoaladrpciv.ro/intrebari/categoria-d/sanctiuni-si-contraventii"
"1790533865-135","https://scoaladrpciv.ro/intrebari/categoria-d","Cum se sancționează depășirea cu mai mult de 70 km/h a vitezei maxime admise pe sectorul de drum respectiv și pentru categoria din care face parte autovehiculul condus?","B - cu amendă contravențională și suspendarea exercitării dreptului de a conduce pentru o perioadă de 120 de zile;","","","A - cu amendă contravențională și puncte de penalizare;","C - cu anularea permisului de conducere.","https://scoaladrpciv.ro/intrebare/cum-se-sanctioneaza-depasirea-cu-mai-mult-de-70-kmh-a-vitezei-maxime-admise-pe-sectorul-de-drum-respectiv-si-pentru-categoria-din-care-face-parte-autovehiculul-condus-75a6","","<div class="""">
                        <h4>Articolul 102</h4><p>(4)&nbsp;&nbsp;Constituie contravenție și se sancționează cu amenda prevăzută în clasa a IV-a de sancțiuni și cu aplicarea sancțiunii complementare a suspendării exercitării dreptului de a conduce pentru o perioadă de 120 de zile săvârșirea de către conducătorul de autovehicul ori de tractor agricol sau forestier a următoarelor fapte:</p><ul><li><span style=""background-color:hsl(60,75%,60%);"">a)&nbsp;&nbsp;&nbsp;&nbsp;depășirea cu mai mult de 70 km/h a vitezei maxime admise pe sectorul de drum respectiv și pentru categoria din care face parte autovehiculul condus, constatată, potrivit legii, cu mijloace tehnice omologate și verificate metrologic;</span></li><li>b)&nbsp; neoprirea la trecerea la nivel cu calea ferată când barierele sau semibarierele sunt coborâte ori în curs de coborâre sau când semnalele cu lumini roșii și/sau sonore sunt în funcțiune;</li><li>c)&nbsp;&nbsp;efectuarea, de către conducătorul de autovehicul, pe autostradă sau pe drumul expres, a manevrei de întoarcere sau de mers înapoi, a circulației în sens contrar sensului de circulație, a circulației sau traversării de pe un sens de circulație pe celălalt prin zonele interzise, respectiv prin zona mediană sau racordurile dintre cele două părți carosabile.</li></ul>


                    </div>","https://scoaladrpciv.ro/intrebari/categoria-d/sanctiuni-si-contraventii"
"1790533867-136","https://scoaladrpciv.ro/intrebari/categoria-d","Pentru care dintre faptele de mai jos se suspendă dreptul de a conduce pentru o perioadă de 120 de zile?","A - efectuarea manevrei de întoarcere, de mers înapoi sau circulația în sens contrar sensului de circulație, pe autostradă sau pe drumul expres;","B - circulația sau traversarea de pe un sens de circulație pe celălalt, pe autostradă sau pe drumul expres, prin zonele interzise, respectiv prin zona mediană sau racordurile dintre cele două părți carosabile;","","C - depășirea coloanelor de vehicule oprite la culoarea roșie a semaforului sau la trecerile la nivel cu calea ferată.","","https://scoaladrpciv.ro/intrebare/pentru-care-dintre-faptele-de-mai-jos-se-suspenda-dreptul-de-a-conduce-pentru-o-perioada-de-120-de-zile-7b83","","<div class="""">
                        <h4>Articolul 102</h4><p>(4)&nbsp;&nbsp;Constituie contravenție și se sancționează cu amenda prevăzută în clasa a IV-a de sancțiuni și cu aplicarea sancțiunii complementare a suspendării exercitării dreptului de a conduce pentru o perioadă de 120 de zile săvârșirea de către conducătorul de autovehicul ori de tractor agricol sau forestier a următoarelor fapte:</p><ul><li>a)&nbsp;&nbsp;&nbsp;&nbsp;depășirea cu mai mult de 70 km/h a vitezei maxime admise pe sectorul de drum respectiv și pentru categoria din care face parte autovehiculul condus, constatată, potrivit legii, cu mijloace tehnice omologate și verificate metrologic;</li><li>b)&nbsp; neoprirea la trecerea la nivel cu calea ferată când barierele sau semibarierele sunt coborâte ori în curs de coborâre sau când semnalele cu lumini roșii și/sau sonore sunt în funcțiune;</li><li><span style=""background-color:hsl(60,75%,60%);"">c)&nbsp;&nbsp;efectuarea, de către conducătorul de autovehicul, pe autostradă sau pe drumul expres, a manevrei de întoarcere sau de mers înapoi, a circulației în sens contrar sensului de circulație, a circulației sau traversării de pe un sens de circulație pe celălalt prin zonele interzise, respectiv prin zona mediană sau racordurile dintre cele două părți carosabile.</span></li></ul>


                    </div>","https://scoaladrpciv.ro/intrebari/categoria-d/sanctiuni-si-contraventii"
"1790533869-137","https://scoaladrpciv.ro/intrebari/categoria-d","Suspendarea exercitării dreptului de a conduce pentru o perioadă de 120 de zile se aplică pentru:","A - neoprirea la trecerea la nivel cu calea ferată când barierele sau semibarierele sunt coborâte ori în curs de coborâre sau când semnalele cu lumini roșii și/sau sonore sunt în funcțiune;","C - depășirea cu mai mult de 70 km/h a vitezei maxime admise pe sectorul de drum respectiv și pentru categoria din care face parte autovehiculul condus.","","B - nerespectarea semnificației culorii galbene a semaforului;","","https://scoaladrpciv.ro/intrebare/suspendarea-exercitarii-dreptului-de-a-conduce-pentru-o-perioada-de-120-de-zile-se-aplica-pentru-ded5","","<div class="""">
                        <h4>Articolul 102</h4><p>(4)&nbsp;&nbsp;Constituie contravenție și se sancționează cu amenda prevăzută în clasa a IV-a de sancțiuni și cu aplicarea sancțiunii complementare a suspendării exercitării dreptului de a conduce pentru o perioadă de 120 de zile săvârșirea de către conducătorul de autovehicul ori de tractor agricol sau forestier a următoarelor fapte:</p><ul><li><span style=""background-color:hsl(60,75%,60%);"">a)&nbsp;&nbsp;&nbsp;&nbsp;depășirea cu mai mult de 70 km/h a vitezei maxime admise pe sectorul de drum respectiv și pentru categoria din care face parte autovehiculul condus, constatată, potrivit legii, cu mijloace tehnice omologate și verificate metrologic;</span></li><li><span style=""background-color:hsl(60,75%,60%);"">b)&nbsp; neoprirea la trecerea la nivel cu calea ferată când barierele sau semibarierele sunt coborâte ori în curs de coborâre sau când semnalele cu lumini roșii și/sau sonore sunt în funcțiune;</span></li><li>c)&nbsp;&nbsp;efectuarea, de către conducătorul de autovehicul, pe autostradă sau pe drumul expres, a manevrei de întoarcere sau de mers înapoi, a circulației în sens contrar sensului de circulație, a circulației sau traversării de pe un sens de circulație pe celălalt prin zonele interzise, respectiv prin zona mediană sau racordurile dintre cele două părți carosabile.</li></ul>


                    </div>","https://scoaladrpciv.ro/intrebari/categoria-d/sanctiuni-si-contraventii"
"1790533871-138","https://scoaladrpciv.ro/intrebari/categoria-d","Cum se sancționează efectuarea manevrei de întoarcere, de mers înapoi sau circulația în sens contrar sensului de circulație, pe autostradă sau pe drumul expres?","C - cu amendă contravențională și suspendarea exercitării dreptului de a conduce pentru o perioadă de 120 de zile.","","","A - cu suspendarea exercitării dreptului de a conduce pentru o perioadă de 30 de zile;","B - cu amendă contravențională și puncte de penalizare:","https://scoaladrpciv.ro/intrebare/cum-se-sanctioneaza-efectuarea-manevrei-de-intoarcere-de-mers-inapoi-sau-circulatia-in-sens-contrar-sensului-de-circulatie-pe-autostrada-sau-pe-drumul-expres-264e","","<div class="""">
                        <h4>Articolul 102</h4><p>(4)&nbsp;&nbsp;Constituie contravenție și se sancționează cu amenda prevăzută în clasa a IV-a de sancțiuni și cu aplicarea sancțiunii complementare a suspendării exercitării dreptului de a conduce pentru o perioadă de 120 de zile săvârșirea de către conducătorul de autovehicul ori de tractor agricol sau forestier a următoarelor fapte:</p><ul><li>a)&nbsp;&nbsp;&nbsp;&nbsp;depășirea cu mai mult de 70 km/h a vitezei maxime admise pe sectorul de drum respectiv și pentru categoria din care face parte autovehiculul condus, constatată, potrivit legii, cu mijloace tehnice omologate și verificate metrologic;</li><li>b)&nbsp; neoprirea la trecerea la nivel cu calea ferată când barierele sau semibarierele sunt coborâte ori în curs de coborâre sau când semnalele cu lumini roșii și/sau sonore sunt în funcțiune;</li><li><span style=""background-color:hsl(60,75%,60%);"">c)&nbsp;&nbsp;efectuarea, de către conducătorul de autovehicul, pe autostradă sau pe drumul expres, a manevrei de întoarcere sau de mers înapoi, a circulației în sens contrar sensului de circulație, a circulației sau traversării de pe un sens de circulație pe celălalt prin zonele interzise, respectiv prin zona mediană sau racordurile dintre cele două părți carosabile.</span></li></ul>


                    </div>","https://scoaladrpciv.ro/intrebari/categoria-d/sanctiuni-si-contraventii"
"1790533874-139","https://scoaladrpciv.ro/intrebari/categoria-d","Se consideră contravenție:","A - nerespectarea prevederilor privind deținerea, de către un conducător auto, a mai mult de o cartelă tahografică validă;","","","B - oprirea autovehiculului în afara locurilor specificate în cartela tahografică;","C - pierderea cartelei tahografice.","https://scoaladrpciv.ro/intrebare/se-considera-contraventie-7646","","","https://scoaladrpciv.ro/intrebari/categoria-d/sanctiuni-si-contraventii"
"1790533876-140","https://scoaladrpciv.ro/intrebari/categoria-d","Unde trebuie să se deplaseze conducătorii de autobuze angajaţi într-un accident de circulaţie, în urma căruia au rezultat pagube materiale, pentru a obţine actul de constatare?","A - la cea mai apropiată unitate de poliţie competentă, în maximum 24 de ore;","","","B - la serviciul judeţean de poliţie rutieră;","C - la unitatea de poliţie în raza căreia domiciliază.","https://scoaladrpciv.ro/intrebare/unde-trebuie-sa-se-deplaseze-conducatorii-de-autobuze-angajati-intr-un-accident-de-circulatie-in-urma-caruia-au-rezultat-pagube-materiale-pentru-a-obtine-actul-de-constatare-c954","","","https://scoaladrpciv.ro/intrebari/categoria-d/sanctiuni-si-contraventii"
"1790533878-141","https://scoaladrpciv.ro/intrebari/categoria-d","Care sunt consecinţele unui accident uşor?","B - deteriorarea uşoară a caroseriei;","","","A - accidentarea a cel mult trei persoane;","C - rănirea uneia sau a mai multor persoane, care determină o incapacitate de muncă individuală de până la 30 de zile inclusiv sau pagube materiale de până la 60% din valoarea vehiculului rutier.","https://scoaladrpciv.ro/intrebare/care-sunt-consecintele-unui-accident-usor-0a8e","","","https://scoaladrpciv.ro/intrebari/categoria-d/sanctiuni-si-contraventii"
"1790533881-142","https://scoaladrpciv.ro/intrebari/categoria-d","Certificatul de înmatriculare se reţine atunci când:","A - vehiculul nu are efectuată inspecţia tehnică;","","","B - sunt aplicate abţibilduri pe parbriz;","C - există defecţiuni la sistemul de climatizare.","https://scoaladrpciv.ro/intrebare/certificatul-de-inmatriculare-se-retine-atunci-cand-b1c8","","<div class="""">
                        <h4>Articolul 112</h4>
<p>(1)&nbsp;&nbsp;Certificatul de înmatriculare sau de înregistrare ori dovada înlocuitoare a acestuia se reține de către poliția rutieră în următoarele cazuri:</p>
<ul>
<li><span style=""background-color: #f1c40f;"">a)&nbsp;&nbsp;&nbsp;vehiculul înregistrat nu are efectuată inspecția tehnică periodică valabilă ori aceasta este anulată;</span></li>
<li>b)&nbsp;&nbsp;&nbsp;nu sunt respectate normele tehnice constructive referitoare la transportul produselor periculoase;</li>
<li>c)&nbsp;&nbsp;vehiculul circulă noaptea fără faruri sau lămpi de semnalizare, dispozitivele de iluminare și semnalizare luminoase, mijloacele fluorescent-reflectorizante, prevăzute în normele tehnice în vigoare;</li>
<li>d)&nbsp;&nbsp;vehiculul circulă cu deficiențe majore sau periculoase la sistemele de iluminare- semnalizare sau cu alte dispozitive decât cele omologate;</li>
<li>e)&nbsp; sistemul de frânare de serviciu prezintă deficiențe majore sau periculoase;</li>
<li>f)&nbsp;&nbsp;sistemul de frânare de securitate sau de staționare prezintă deficiențe majore sau periculoase;</li>
<li>g)&nbsp; mecanismul de direcție prezintă deficiențe majore sau periculoase;</li>
<li>[...]</li>
</ul>


                    </div>","https://scoaladrpciv.ro/intrebari/categoria-d/sanctiuni-si-contraventii"
"1790533883-143","https://scoaladrpciv.ro/intrebari/categoria-d","Ce măsuri vor fi luate în cazul conducerii pe drumurile publice a unui autovehicul cu defecţiuni grave la mecanismul de direcţie?","A - amendă contravenţională, reţinerea certificatului de înmatriculare, precum şi reţinerea permisului de conducere în vederea suspendării exercitării dreptului de a conduce autovehicule;","","","B - amendă contravenţională;","C - amendă contravenţională şi reţinerea certificatului de înmatriculare.","https://scoaladrpciv.ro/intrebare/ce-masuri-vor-fi-luate-in-cazul-conducerii-pe-drumurile-publice-a-unui-autovehicul-cu-defectiuni-grave-la-mecanismul-de-directie-5031","","<div class="""">
                        <h4>Articolul 102</h4>
<p>(3)&nbsp;&nbsp;Constituie contravenție și se sancționează cu amenda prevăzută în clasa a IV-a de sancțiuni și cu aplicarea sancțiunii complementare a suspendării exercitării dreptului de a conduce pentru o perioada de 90 de zile săvârșirea de către conducătorul de autovehicul, tractor agricol sau forestier ori tramvai a următoarelor fapte:</p>
<ul>
<li>a)&nbsp;&nbsp;conducerea sub influenta băuturilor alcoolice, dacă fapta nu constituie, potrivit legii, infracțiune;</li>
<li><span style=""background-color: #f1c40f;"">b)&nbsp;&nbsp;conducerea vehiculului cu deficiențe periculoase la sistemul de frânare sau la mecanismul de direcție;</span></li>
</ul>
<ul>
<li>c)&nbsp; abrogată.</li>
</ul>
<ul>
<li>d)&nbsp; abrogată;</li>
</ul>
<ul>
<li>e)&nbsp;&nbsp;depășirea cu mai mult de 50 km/h a vitezei maxime admise pe sectorul de drum respectiv și pentru categoria din care face parte autovehiculul condus, constatată, potrivit legii, cu mijloace tehnice omologate și verificate metrologic.</li>
<li>f)&nbsp;&nbsp;&nbsp;deținerea, montarea sau folosirea în circulația pe drumurile publice a mijloacelor speciale de avertizare sonoră sau luminoasă pe vehiculele care nu au acest drept.</li>
</ul>
<ul>
<li>g) nerespectarea regulilor privind prioritatea de trecere sau depășirea, dacă prin aceasta s-a produs un accident de circulație din care au rezultat numai avarierea unui vehicul sau alte pagube materiale;</li>
</ul>
<ul>
<li>h)&nbsp; circulația nejustificată a autovehiculelor pe banda de urgență a autostrăzilor.</li>
</ul>
<h4>Articolul 112</h4>
<p>(1)&nbsp;&nbsp;Certificatul de înmatriculare sau de înregistrare ori dovada înlocuitoare a acestuia se reține de către poliția rutieră în următoarele cazuri:</p>
<ul>
<li>a)&nbsp;&nbsp;&nbsp;vehiculul înregistrat nu are efectuată inspecția tehnică periodică valabilă ori aceasta este anulată;</li>
<li>b)&nbsp;&nbsp;&nbsp;nu sunt respectate normele tehnice constructive referitoare la transportul produselor periculoase;</li>
<li>c)&nbsp;&nbsp;vehiculul circulă noaptea fără faruri sau lămpi de semnalizare, dispozitivele de iluminare și semnalizare luminoase, mijloacele fluorescent-reflectorizante, prevăzute în normele tehnice în vigoare;</li>
<li>d)&nbsp;&nbsp;vehiculul circulă cu deficiențe majore sau periculoase la sistemele de iluminare- semnalizare sau cu alte dispozitive decât cele omologate;</li>
<li>e)&nbsp; sistemul de frânare de serviciu prezintă deficiențe majore sau periculoase;</li>
<li>f)&nbsp;&nbsp;sistemul de frânare de securitate sau de staționare prezintă deficiențe majore sau periculoase;</li>
<li><span style=""background-color: #f1c40f;"">g)&nbsp; mecanismul de direcție prezintă deficiențe majore sau periculoase;</span></li>
</ul>


                    </div>","https://scoaladrpciv.ro/intrebari/categoria-d/sanctiuni-si-contraventii"
"1790533885-144","https://scoaladrpciv.ro/intrebari/categoria-d","Imobilizarea unui vehicul de către poliţistul rutier se dispune:","C - pentru refuzul de legitimare.","","","A - pentru lipsa triunghiurilor reflectorizante;","B - pentru lipsa trusei medicale de prim ajutor;","https://scoaladrpciv.ro/intrebare/imobilizarea-unui-vehicul-de-catre-politistul-rutier-se-dispune-b69b","","<div class="""">
                        <h4>Articolul 117</h4>
<p>(1)&nbsp;&nbsp; Imobilizarea unui vehicul se dispune de către polițistul rutier în cazul săvârșirii de către conducătorul acestuia a uneia dintre următoarele fapte:</p>
<ul>
<li>a)&nbsp; conducerea unui vehicul neînmatriculat sau neînregistrat ori cu număr de înmatriculare sau de înregistrare fals ori fără a avea montate plăcuțele cu numărul de înmatriculare sau de înregistrare;</li>
<li>b)&nbsp; conducerea unui vehicul care deteriorează drumul public sau afectează mediul ori care prezintă deficiențe periculoase la sistemul de frânare sau la mecanismul de direcție;</li>
</ul>
<ul>
<li>c)&nbsp;conducerea unui vehicul cu încălcarea regulilor referitoare la transportul mărfurilor periculoase ori cu gabarite și/sau mase depășite;</li>
<li>d)&nbsp;conducerea unui vehicul despre care exista date sau indicii că face obiectul unei fapte de natura penală;</li>
<li><span style=""background-color: #f1c40f;"">e)&nbsp; refuză să se legitimeze;</span></li>
<li>f)&nbsp; se află sub influența băuturilor alcoolice, a substanțelor psihoactive, iar conducerea vehiculului nu poate fi asigurată de o altă persoană;</li>
</ul>
<ul>
<li>g)&nbsp; nu respectă timpii de conducere și de odihna prevăzuți de lege.</li>
</ul>
<p>(2)&nbsp;&nbsp; Imobilizarea unui vehicul se dispune și în cazul în care conducătorul acestuia ori unul dintre pasageri săvârșește o faptă de natură penală sau este urmărit pentru săvârșirea unei infracțiuni.</p>
<p>(3)&nbsp;&nbsp;Pentru oprirea forțată sau imobilizarea în cazurile prevăzute la alin. (1) și (2), poliția rutieră poate utiliza dispozitive speciale omologate.</p>
<p>(4)&nbsp;&nbsp;Procedura de imobilizare a vehiculelor în cazurile prevăzute la alin. (1) și (2) se stabilește prin regulament.</p>


                    </div>","https://scoaladrpciv.ro/intrebari/categoria-d/sanctiuni-si-contraventii"
"1790533887-145","https://scoaladrpciv.ro/intrebari/categoria-d","În care dintre situaţii este intezis să circulaţi cu autobuzul pe drumurile publice?","B - atunci când autobuzul nu este asigurat de răspundere civilă, în caz de pagube materiale produse terţilor prin accidente de circulaţie, conform legii;","","","A - atunci când certificatul de înmatriculare este deteriorat;","C - atunci când posesorul vehiculului nu a plătit taxa de folosire a drumurilor publice.","https://scoaladrpciv.ro/intrebare/in-care-dintre-situatii-este-intezis-sa-circulati-cu-autobuzul-pe-drumurile-publice-a145","","<div class="""">
                        <h4>Articolul 112</h4>
<p>(1)&nbsp;&nbsp;Certificatul de înmatriculare sau de înregistrare ori dovada înlocuitoare a acestuia se reține de către poliția rutieră în următoarele cazuri:</p>
<ul>
<li>a)&nbsp;&nbsp;&nbsp;vehiculul înregistrat nu are efectuată inspecția tehnică periodică valabilă ori aceasta este anulată;</li>
<li>b)&nbsp;&nbsp;&nbsp;nu sunt respectate normele tehnice constructive referitoare la transportul produselor periculoase;</li>
<li>c)&nbsp;&nbsp;vehiculul circulă noaptea fără faruri sau lămpi de semnalizare, dispozitivele de iluminare și semnalizare luminoase, mijloacele fluorescent-reflectorizante, prevăzute în normele tehnice în vigoare;</li>
<li>d)&nbsp;&nbsp;vehiculul circulă cu deficiențe majore sau periculoase la sistemele de iluminare- semnalizare sau cu alte dispozitive decât cele omologate;</li>
<li>e)&nbsp; sistemul de frânare de serviciu prezintă deficiențe majore sau periculoase;</li>
<li>f)&nbsp;&nbsp;sistemul de frânare de securitate sau de staționare prezintă deficiențe majore sau periculoase;</li>
<li>g)&nbsp; mecanismul de direcție prezintă deficiențe majore sau periculoase;</li>
<li>h)&nbsp; anvelopele au alte dimensiuni sau caracteristici decât cele prevăzute în cartea de identitate a vehiculului, prezintă tăieturi sau rupturi ale cordului ori sunt uzate peste limita legal admisă;</li>
<li>h^1) autovehiculul nu este dotat, la circulația pe drumurile publice acoperite cu zăpadă, gheață sau polei, cu anvelope de iarnă, iar autovehiculul de transport marfă cu o masă totală maximă autorizată mai mare de 3,5 tone și autovehiculul de transport persoane cu mai mult de 9 locuri pe scaune, inclusiv cel al conducătorului auto, nu sunt echipate cu anvelope de iarnă pe roțile axei/axelor de tracțiune ori nu au montate pe aceste roți lanțuri sau alte echipamente antiderapante certificate;</li>
<li>i)&nbsp;zgomotul în mers sau staționare depășește limita legal admisă pentru tipul respectiv de vehicul;</li>
<li>j)&nbsp; motorul emite noxe poluante peste limitele legal admise;</li>
<li>k)&nbsp;elementele dispozitivului de cuplare pentru remorcare prezintă uzuri pronunțate ori nu sunt compatibile, fiind de natura să provoace desprinderea remorcii sau dezechilibrarea ansamblului;</li>
<li>l)autovehiculul, tractorul agricol sau forestier ori tramvaiul are aplicate pe parbriz, lunetă sau geamurile laterale afișe sau reclame publicitare, folii neomologate și/sau nemarcate corespunzător ori accesorii care restrâng sau estompează vizibilitatea în timpul mersului, atât din interior, cât și din exterior;</li>
<li>m)&nbsp;autovehiculul și tractorul agricol sau forestier are aplicat pe partea frontală și/sau posterioară a acestuia afișe, înscrisuri sau reclame care diminuează eficacitatea dispozitivelor de iluminare și semnalizare luminoasă ori citirea numărului de înmatriculare;</li>
<li>n)&nbsp; autovehiculul și tractorul agricol sau forestier prezintă scurgeri semnificative de carburant sau lubrifiant;</li>
<li>o)&nbsp;&nbsp;plăcuțele cu numărul de înmatriculare sau de înregistrare nu sunt conforme cu standardul ori au aplicate dispozitive de iluminare, altele decât cele omologate;</li>
<li>p)datele din certificatul de înmatriculare sau de înregistrare nu concordă cu caracteristicile tehnice ale vehiculului;</li>
<li>r)vehiculul nu a fost radiat din circulație în cazurile prevăzute în prezenta ordonanță de urgență;</li>
<li><span style=""background-color: #f1c40f;"">s)&nbsp;&nbsp; vehiculul nu este asigurat de răspundere civilă în caz de pagube produse terților prin accidente de circulație, conform legii;</span></li>
<li>t)&nbsp;&nbsp;deținătorul vehiculului nu a preschimbat certificatul de înmatriculare sau de înregistrare, în conformitate cu prevederile legale;</li>
<li>u)&nbsp;&nbsp;&nbsp;vehiculul nu are montată una dintre plăcuțele cu numărul de înmatriculare sau de înregistrare;</li>
<li>v)&nbsp;&nbsp; vehiculul are lipsa elemente ale caroseriei ori aceasta este într-o stare avansată de degradare;</li>
<li>x)&nbsp;&nbsp;lipsa dotărilor obligatorii pe autovehicule și tractoare agricole sau forestiere destinate învățării conducerii autovehiculelor și tractoarelor agricole sau forestiere în procesul instruirii persoanelor în vederea obținerii permisului de conducere, prevăzute de reglementările în vigoare.</li>
<li>y)&nbsp; înmatricularea vehiculului este suspendată, în condițiile legii.</li>
</ul>


                    </div>","https://scoaladrpciv.ro/intrebari/categoria-d/sanctiuni-si-contraventii"
"1790533890-146","https://scoaladrpciv.ro/intrebari/categoria-d","Suspendarea exercitării dreptului de a conduce se aplică în cazul:","C - nerespectării regulilor de circulaţie la trecerea unei coloane oficiale.","","","A - nerespectării interdicţiei de a deschide uşile autovehiculului în timpul mersului;","B - utilizării detectoarelor antiradar;","https://scoaladrpciv.ro/intrebare/suspendarea-exercitarii-dreptului-de-a-conduce-se-aplica-in-cazul-bed5","","<div class="""">
                        <p>(1)&nbsp;&nbsp; Constituie contravenții și se sancționează cu amenda prevăzută în clasa a III-a de sancțiuni următoarele fapte săvârșite de persoane fizice:</p>
<p>1.&nbsp;&nbsp;conducerea unui autovehicul și tractor agricol sau forestier cu permis de conducere a cărui valabilitate a expirat;</p>
<p>2.&nbsp; abrogat;&nbsp;</p>
<p>3.&nbsp; abrogat.</p>
<p>4.&nbsp;&nbsp; neîndeplinirea obligațiilor de preschimbare a certificatului de înmatriculare sau de înregistrare a autovehiculului și tractorului agricol sau forestier ori remorcii în cazurile prevăzute de lege;</p>
<p>5.&nbsp; nepăstrarea distantei laterale suficiente față de vehiculul care circulă din sens opus;</p>
<p>6.&nbsp;&nbsp;nerespectarea de către conducătorul de vehicul a semnificației indicatoarelor și marcajelor de interzicere sau restricție ori a celor temporare, cu excepția celor care interzic accesul sau depășirea care se încadrează în altă clasă de sancțiuni;</p>
<p>7.&nbsp;&nbsp;&nbsp;nerespectarea obligației de a permite părăsirea intersecției conducătorului vehiculului rămas în interiorul acesteia;</p>
<p>8. conducerea unei biciclete sau a unei trotinete electrice pe drumurile publice fără mijloace de iluminare și dispozitive reflectorizant-fluorescente în stare de funcționare pe timp de noapte ori fără îndeplinirea condițiilor tehnice minime stabilite prin regulament, conducerea unei biciclete sau a unei trotinete electrice pe autostradă, nerespectarea de către conducătorul unei biciclete sau trotinete electrice a interdicției de trecere la culoarea roșie a semaforului, a semnalelor agentului de cale ferată, la trecerea la nivel cu o cale ferată industrială, semnalizată corespunzător, ori a semnalelor, indicațiilor ori dispozițiilor polițistului rutier, nerespectarea de către conducătorul unei biciclete sau trotinete electrice a interdicției privind circulația sub influența alcoolului, a substanțelor psihoactive, a interdicției privind interacțiunea motrică directă cu un alt vehicul aflat în mers ori cu persoane aflate în acesta ori a interdicției privind circulația în interiorul sau în afara localităților fără a purta îmbrăcăminte cu elemente fluorescent-reflectorizante, stabilite prin regulament, sau nerespectarea de către conducătorul unei biciclete sau trotinete electrice a obligației de a circula cu viteză redusă, a obligației de a se asigura că nu se apropie un vehicul feroviar sau a obligației de a opri la trecerea la nivel cu calea ferată, stabilite prin regulament;</p>
<p>9.&nbsp; nereducerea vitezei în cazurile prevăzute de regulament;</p>
<p>10.&nbsp;&nbsp;&nbsp;montarea la autovehicul și tractor agricol sau forestier, remorcă sau tramvai a luminilor de altă culoare sau intensitate, a altor lumini ori dispozitive de avertizare sonoră sau accesorii ori modificări neomologate;</p>
<p>11. conducerea unui autovehicul, tractor agricol sau forestier, remorcă sau tramvai cu deficiențe majore la sistemul de frânare sau mecanismul de direcție, la sistemul de iluminare sau de avertizare sonoră ori când acestea lipsesc;</p>
<p>12.&nbsp; nerespectarea regulilor în cazul imobilizării involuntare în pasaje subterane și tuneluri;&nbsp;</p>
<p>13.&nbsp; nerespectarea regulilor privind transportul persoanelor și al obiectelor în sau pe vehicule;</p>
<p>14.&nbsp;&nbsp;pornirea de pe loc a autovehiculului sau tramvaiului cu ușile deschise, circulația cu ușile deschise ori deschiderea acestora în timpul mersului; deschiderea ușilor autovehiculului atunci când acesta este oprit sau staționat, fără asigurarea că nu se pune în pericol siguranța deplasării celorlalți participanți la trafic;</p>
<p>15.&nbsp;oprirea autovehiculelor destinate transportului public de persoane în alte locuri decât în stațiile semnalizate ca atare;</p>
<p>16.&nbsp; nerespectarea regulilor privind circulația pe benzi;&nbsp;</p>
<p>17.&nbsp;conducerea pe drumurile publice a vehiculelor cu două roți, fără a se asigura contactul cu partea carosabilă pe ambele roți.</p>
<p>18.&nbsp;&nbsp;&nbsp;nerespectarea obligației conducătorului de vehicul de a avea asupra să documentele prevăzute la art. 35 alin. (2).</p>
<p>19.&nbsp; folosirea telefoanelor mobile atunci când conducătorii de vehicule se află în timpul deplasării pe drumurile publice, cu excepția celor prevăzute cu dispozitive tip «mâini libere»</p>
<p>20.&nbsp;&nbsp;conducerea pe drumurile publice a altor vehicule decât cele care trebuie înmatriculate sau înregistrate, vehiculele trase sau împinse cu mâna, bicicletele și trotinetele electrice.</p>
<p>21.&nbsp;&nbsp; nerespectarea obligației de a menține permanent curate parbrizul, luneta și geamurile laterale ale autovehiculului, tractorului agricol sau forestier, dacă prin aceasta se restrânge sau se estompează vizibilitatea în timpul mersului.</p>
<p>22. refuzul conducătorului de bicicletă sau trotinetă electrică de a se supune testării privind consumul de alcool ori substanțe psihoactive.</p>
<p>(2)&nbsp;&nbsp;Amenda contravențională prevăzută la alin. (1) se aplică și conducătorului de autovehicul, tractor agricol sau forestier ori tramvai care săvârșește o faptă pentru care se aplică 4 puncte de penalizare, conform art. 108 alin. (1) lit. c).</p>
<p>(3)&nbsp;&nbsp;Constituie contravenție și se sancționează cu amenda prevăzută în clasa a III-a de sancțiuni și cu aplicarea sancțiunii contravenționale complementare a suspendării dreptului de a conduce pentru o perioada de 60 de zile săvârșirea de către conducătorul de autovehicul, tractor agricol sau forestier ori tramvai a următoarelor fapte:</p>
<ul>
<li>a)&nbsp;&nbsp;nerespectarea regulilor privind trecerea la culoarea roșie a semaforului, dacă prin aceasta s-a produs un accident de circulație din care a/au rezultat numai avarierea unui vehicul sau alte pagube materiale;</li>
<li>b)&nbsp;&nbsp;nerespectarea interdicției temporare de circulație instituite pe un anumit segment de drum public;</li>
<li><span style=""background-color: #f1c40f;"">c)&nbsp;&nbsp;nerespectarea regulilor de circulație la trecerea unei coloane oficiale sau intercalarea într- o astfel de coloana;</span></li>
<li>d)&nbsp;&nbsp;circulația pe sens opus, cu excepția cazurilor în care se efectuează regulamentar manevra de depășire.</li>
<li>e)&nbsp;&nbsp;&nbsp;neacordarea priorității de trecere pietonilor angajați în traversarea regulamentară a drumului public prin locurile special amenajate și semnalizate, aflați pe sensul de deplasare a autovehiculului, tractorului agricol sau forestier ori tramvaiului;</li>
<li>f)&nbsp; neacordarea priorității de trecere vehiculelor care au acest drept;</li>
<li>g)&nbsp; nerespectarea regulilor privind depășirea;</li>
<li>h)&nbsp;adoptarea unui comportament agresiv în conducerea vehiculelor pe drumurile publice, dacă prin aceasta s-a produs un accident de circulație din care au rezultat avarierea unui vehicul sau alte pagube materiale.</li>
</ul>


                    </div>","https://scoaladrpciv.ro/intrebari/categoria-d/sanctiuni-si-contraventii"
"1790533892-147","https://scoaladrpciv.ro/intrebari/categoria-d","În cazul implicării într-un accident, puteţi părăsi locul acestuia fără încuviinţarea poliţiei, dacă a rezultat vătămarea integrităţii corporale a unei persoane?","C - nu, întrucât săvârşiţi o infracţiune.","","","A - da, dacă accidentul nu s-a produs din vina dvs.;","B - da, în cazul în care autobuzul nu a fost avariat;","https://scoaladrpciv.ro/intrebare/in-cazul-implicarii-intr-un-accident-puteti-parasi-locul-acestuia-fara-incuviintarea-politiei-daca-a-rezultat-vatamarea-integritatii-corporale-a-unei-persoane-ae56","","<div class="""">
                        <h4>Articolul 77</h4><p>(1)&nbsp;&nbsp;&nbsp;Conducătorul unui vehicul implicat într-un accident de circulație în urma căruia a rezultat moartea sau vătămarea integrității corporale ori a sănătății unei persoane este obligat să ia măsuri de anunțare imediată a poliției, să nu modifice sau să șteargă urmele accidentului și să nu părăsească locul faptei.</p><p>(2)&nbsp;&nbsp;Orice persoană care este implicată sau are cunoștință de producerea unui accident de circulație în urma căruia a rezultat moartea sau vătămarea integrității corporale ori a sănătății uneia sau a mai multor persoane, precum și în situația în care în eveniment este implicat un vehicul care transportă mărfuri periculoase este obligată să anunțe de îndată poliția și să apeleze numărul național unic pentru apeluri de urgență 112, existent în rețelele de telefonie din România.</p><p>(3)&nbsp;&nbsp;&nbsp;Este interzis oricărei persoane să schimbe poziția vehiculului implicat într-un accident de circulație în urma căruia a rezultat moartea sau vătămarea integrității corporale ori a sănătății uneia sau a mai multor persoane, să modifice starea locului sau să șteargă urmele accidentului fără încuviințarea poliției care cercetează accidentul.</p>


                    </div>","https://scoaladrpciv.ro/intrebari/categoria-d/sanctiuni-si-contraventii"
"1790533894-148","https://scoaladrpciv.ro/intrebari/categoria-d","În ce situaţie se reţine permisul de conducere?","B - atunci când nu se respectă normele referitoare la prioritatea de trecere a pietonilor;","","","A - atunci când nu se respectă obligaţia de reducere a vitezei;","C - atunci când se încalcă normele legale referitoare la staţionare.","https://scoaladrpciv.ro/intrebare/in-ce-situatie-se-retine-permisul-de-conducere-7133","","<div class="""">
                        <p>(1)&nbsp;&nbsp; Constituie contravenții și se sancționează cu amenda prevăzută în clasa a III-a de sancțiuni următoarele fapte săvârșite de persoane fizice:</p>
<p>1.&nbsp;&nbsp;conducerea unui autovehicul și tractor agricol sau forestier cu permis de conducere a cărui valabilitate a expirat;</p>
<p>2.&nbsp; abrogat;&nbsp;</p>
<p>3.&nbsp; abrogat.</p>
<p>4.&nbsp;&nbsp; neîndeplinirea obligațiilor de preschimbare a certificatului de înmatriculare sau de înregistrare a autovehiculului și tractorului agricol sau forestier ori remorcii în cazurile prevăzute de lege;</p>
<p>5.&nbsp; nepăstrarea distantei laterale suficiente față de vehiculul care circulă din sens opus;</p>
<p>6.&nbsp;&nbsp;nerespectarea de către conducătorul de vehicul a semnificației indicatoarelor și marcajelor de interzicere sau restricție ori a celor temporare, cu excepția celor care interzic accesul sau depășirea care se încadrează în altă clasă de sancțiuni;</p>
<p>7.&nbsp;&nbsp;&nbsp;nerespectarea obligației de a permite părăsirea intersecției conducătorului vehiculului rămas în interiorul acesteia;</p>
<p>8. conducerea unei biciclete sau a unei trotinete electrice pe drumurile publice fără mijloace de iluminare și dispozitive reflectorizant-fluorescente în stare de funcționare pe timp de noapte ori fără îndeplinirea condițiilor tehnice minime stabilite prin regulament, conducerea unei biciclete sau a unei trotinete electrice pe autostradă, nerespectarea de către conducătorul unei biciclete sau trotinete electrice a interdicției de trecere la culoarea roșie a semaforului, a semnalelor agentului de cale ferată, la trecerea la nivel cu o cale ferată industrială, semnalizată corespunzător, ori a semnalelor, indicațiilor ori dispozițiilor polițistului rutier, nerespectarea de către conducătorul unei biciclete sau trotinete electrice a interdicției privind circulația sub influența alcoolului, a substanțelor psihoactive, a interdicției privind interacțiunea motrică directă cu un alt vehicul aflat în mers ori cu persoane aflate în acesta ori a interdicției privind circulația în interiorul sau în afara localităților fără a purta îmbrăcăminte cu elemente fluorescent-reflectorizante, stabilite prin regulament, sau nerespectarea de către conducătorul unei biciclete sau trotinete electrice a obligației de a circula cu viteză redusă, a obligației de a se asigura că nu se apropie un vehicul feroviar sau a obligației de a opri la trecerea la nivel cu calea ferată, stabilite prin regulament;</p>
<p>9.&nbsp; nereducerea vitezei în cazurile prevăzute de regulament;</p>
<p>10.&nbsp;&nbsp;&nbsp;montarea la autovehicul și tractor agricol sau forestier, remorcă sau tramvai a luminilor de altă culoare sau intensitate, a altor lumini ori dispozitive de avertizare sonoră sau accesorii ori modificări neomologate;</p>
<p>11. conducerea unui autovehicul, tractor agricol sau forestier, remorcă sau tramvai cu deficiențe majore la sistemul de frânare sau mecanismul de direcție, la sistemul de iluminare sau de avertizare sonoră ori când acestea lipsesc;</p>
<p>12.&nbsp; nerespectarea regulilor în cazul imobilizării involuntare în pasaje subterane și tuneluri;&nbsp;</p>
<p>13.&nbsp; nerespectarea regulilor privind transportul persoanelor și al obiectelor în sau pe vehicule;</p>
<p>14.&nbsp;&nbsp;pornirea de pe loc a autovehiculului sau tramvaiului cu ușile deschise, circulația cu ușile deschise ori deschiderea acestora în timpul mersului; deschiderea ușilor autovehiculului atunci când acesta este oprit sau staționat, fără asigurarea că nu se pune în pericol siguranța deplasării celorlalți participanți la trafic;</p>
<p>15.&nbsp;oprirea autovehiculelor destinate transportului public de persoane în alte locuri decât în stațiile semnalizate ca atare;</p>
<p>16.&nbsp; nerespectarea regulilor privind circulația pe benzi;&nbsp;</p>
<p>17.&nbsp;conducerea pe drumurile publice a vehiculelor cu două roți, fără a se asigura contactul cu partea carosabilă pe ambele roți.</p>
<p>18.&nbsp;&nbsp;&nbsp;nerespectarea obligației conducătorului de vehicul de a avea asupra să documentele prevăzute la art. 35 alin. (2).</p>
<p>19.&nbsp; folosirea telefoanelor mobile atunci când conducătorii de vehicule se află în timpul deplasării pe drumurile publice, cu excepția celor prevăzute cu dispozitive tip «mâini libere»</p>
<p>20.&nbsp;&nbsp;conducerea pe drumurile publice a altor vehicule decât cele care trebuie înmatriculate sau înregistrate, vehiculele trase sau împinse cu mâna, bicicletele și trotinetele electrice.</p>
<p>21.&nbsp;&nbsp; nerespectarea obligației de a menține permanent curate parbrizul, luneta și geamurile laterale ale autovehiculului, tractorului agricol sau forestier, dacă prin aceasta se restrânge sau se estompează vizibilitatea în timpul mersului.</p>
<p>22. refuzul conducătorului de bicicletă sau trotinetă electrică de a se supune testării privind consumul de alcool ori substanțe psihoactive.</p>
<p>(2)&nbsp;&nbsp;Amenda contravențională prevăzută la alin. (1) se aplică și conducătorului de autovehicul, tractor agricol sau forestier ori tramvai care săvârșește o faptă pentru care se aplică 4 puncte de penalizare, conform art. 108 alin. (1) lit. c).</p>
<p>(3)&nbsp;&nbsp;Constituie contravenție și se sancționează cu amenda prevăzută în clasa a III-a de sancțiuni și cu aplicarea sancțiunii contravenționale complementare a suspendării dreptului de a conduce pentru o perioada de 60 de zile săvârșirea de către conducătorul de autovehicul, tractor agricol sau forestier ori tramvai a următoarelor fapte:</p>
<ul>
<li>a)&nbsp;&nbsp;nerespectarea regulilor privind trecerea la culoarea roșie a semaforului, dacă prin aceasta s-a produs un accident de circulație din care a/au rezultat numai avarierea unui vehicul sau alte pagube materiale;</li>
<li>b)&nbsp;&nbsp;nerespectarea interdicției temporare de circulație instituite pe un anumit segment de drum public;</li>
<li>c)&nbsp;&nbsp;nerespectarea regulilor de circulație la trecerea unei coloane oficiale sau intercalarea într- o astfel de coloana;</li>
<li>d)&nbsp;&nbsp;circulația pe sens opus, cu excepția cazurilor în care se efectuează regulamentar manevra de depășire.</li>
<li><span style=""background-color: #fbeeb8;"">e)&nbsp;&nbsp;&nbsp;neacordarea priorității de trecere pietonilor angajați în traversarea regulamentară a drumului public prin locurile special amenajate și semnalizate, aflați pe sensul de deplasare a autovehiculului, tractorului agricol sau forestier ori tramvaiului;</span></li>
<li>f)&nbsp; neacordarea priorității de trecere vehiculelor care au acest drept;</li>
<li>g)&nbsp; nerespectarea regulilor privind depășirea;</li>
<li>h)&nbsp;adoptarea unui comportament agresiv în conducerea vehiculelor pe drumurile publice, dacă prin aceasta s-a produs un accident de circulație din care au rezultat avarierea unui vehicul sau alte pagube materiale.</li>
</ul>


                    </div>","https://scoaladrpciv.ro/intrebari/categoria-d/sanctiuni-si-contraventii"
"1790533899-149","https://scoaladrpciv.ro/intrebari/categoria-d","Ce trebuie să faceţi imediat după un accident cu un animal sălbatic?","A - opriţi, aprindeţi luminile de avarie şi asiguraţi locul accidentului;","","","B - înştiinţaţi societăţile de protecţie a animalelor;","C - luaţi vânatul acasă şi comunicaţi societăţii de asigurare daunele suferite de autobuz.","https://scoaladrpciv.ro/intrebare/ce-trebuie-sa-faceti-imediat-dupa-un-accident-cu-un-animal-salbatic-963e","","","https://scoaladrpciv.ro/intrebari/categoria-d/obligatiile-conducatorilor-de-autovehicule"
"1790533901-150","https://scoaladrpciv.ro/intrebari/categoria-d","Ce obligaţii are conducătorul unui autobuz, atunci când staţionează, pe timp de zi, pe partea carosabilă a unui drum, în condiţii de ceaţă densă?","A - să pună în funcţiune luminile de poziţie sau de staţionare;","","","B - să pună în funcţiune lumina galbenă intermitentă;","C - să menţină aprinsă lumina de întâlnire.","https://scoaladrpciv.ro/intrebare/ce-obligatii-are-conducatorul-unui-autobuz-atunci-cand-stationeaza-pe-timp-de-zi-pe-partea-carosabila-a-unui-drum-in-conditii-de-ceata-densa-8092","","","https://scoaladrpciv.ro/intrebari/categoria-d/obligatiile-conducatorilor-de-autovehicule"
"1790533904-151","https://scoaladrpciv.ro/intrebari/categoria-d","Când circulaţi pe un drum naţional european vă este interzisă:","C - staţionarea voluntară pe partea carosabilă.","","","A - folosirea mijloacelor de avertizare sonoră;","B - remorcarea altui autovehicul;","https://scoaladrpciv.ro/intrebare/cand-circulati-pe-un-drum-national-european-va-este-interzisa-c97d","","","https://scoaladrpciv.ro/intrebari/categoria-d/obligatiile-conducatorilor-de-autovehicule"
"1790533906-152","https://scoaladrpciv.ro/intrebari/categoria-d","Ce obligaţie are conducătorul auto când a accidentat un pieton care a traversat strada neregulamentar?","A - transportă victima la cea mai apropiată unitate sanitară, dacă nu este posibilă transportarea cu alte mijloace, şi se reîntoarce imediat la locul accidentului;","","","B - rămâne la locul accidentului până la sosirea organelor de anchetă, reţinând numele, prenumele şi adresele martorilor;","C - se prezintă la cel mai apropiat post de poliţie.","https://scoaladrpciv.ro/intrebare/ce-obligatie-are-conducatorul-auto-cand-a-accidentat-un-pieton-care-a-traversat-strada-neregulamentar-ca3f","","<div class="""">
                        <h4>Articolul 77</h4><p>(1)&nbsp;&nbsp;&nbsp;Conducătorul unui vehicul implicat într-un accident de circulație în urma căruia a rezultat moartea sau vătămarea integrității corporale ori a sănătății unei persoane este obligat să ia măsuri de anunțare imediată a poliției, să nu modifice sau să șteargă urmele accidentului și să nu părăsească locul faptei.</p><p>(2)&nbsp;&nbsp;Orice persoană care este implicată sau are cunoștință de producerea unui accident de circulație în urma căruia a rezultat moartea sau vătămarea integrității corporale ori a sănătății uneia sau a mai multor persoane, precum și în situația în care în eveniment este implicat un vehicul care transportă mărfuri periculoase este obligată să anunțe de îndată poliția și să apeleze numărul național unic pentru apeluri de urgență 112, existent în rețelele de telefonie din România.</p><p>(3)&nbsp;&nbsp;&nbsp;Este interzis oricărei persoane să schimbe poziția vehiculului implicat într-un accident de circulație în urma căruia a rezultat moartea sau vătămarea integrității corporale ori a sănătății uneia sau a mai multor persoane, să modifice starea locului sau să șteargă urmele accidentului fără încuviințarea poliției care cercetează accidentul.</p>


                    </div>","https://scoaladrpciv.ro/intrebari/categoria-d/obligatiile-conducatorilor-de-autovehicule"
"1790533908-153","https://scoaladrpciv.ro/intrebari/categoria-d","Este permis ca un conducător auto, angajat într-un accident de circulaţie din care a rezultat moartea sau lovirea unei persoane, să plece de la locul faptei?","C - nu, fără încuviinţarea organelor de poliţie.","","","A - da, cu condiţia să lase autobuzul la locul accidentului;","B - da, dacă victima a fost transportată la spital;","https://scoaladrpciv.ro/intrebare/este-permis-ca-un-conducator-auto-angajat-intr-un-accident-de-circulatie-din-care-a-rezultat-moartea-sau-lovirea-unei-persoane-sa-plece-de-la-locul-faptei-2df0","","<div class="""">
                        <h4>Articolul 77</h4><p>(1)&nbsp;&nbsp;&nbsp;Conducătorul unui vehicul implicat într-un accident de circulație în urma căruia a rezultat moartea sau vătămarea integrității corporale ori a sănătății unei persoane este obligat să ia măsuri de anunțare imediată a poliției, să nu modifice sau să șteargă urmele accidentului și să nu părăsească locul faptei.</p><p>(2)&nbsp;&nbsp;Orice persoană care este implicată sau are cunoștință de producerea unui accident de circulație în urma căruia a rezultat moartea sau vătămarea integrității corporale ori a sănătății uneia sau a mai multor persoane, precum și în situația în care în eveniment este implicat un vehicul care transportă mărfuri periculoase este obligată să anunțe de îndată poliția și să apeleze numărul național unic pentru apeluri de urgență 112, existent în rețelele de telefonie din România.</p><p>(3)&nbsp;&nbsp;&nbsp;Este interzis oricărei persoane să schimbe poziția vehiculului implicat într-un accident de circulație în urma căruia a rezultat moartea sau vătămarea integrității corporale ori a sănătății uneia sau a mai multor persoane, să modifice starea locului sau să șteargă urmele accidentului fără încuviințarea poliției care cercetează accidentul.</p>


                    </div>","https://scoaladrpciv.ro/intrebari/categoria-d/obligatiile-conducatorilor-de-autovehicule"
"1790533910-154","https://scoaladrpciv.ro/intrebari/categoria-d","Oprirea autovehiculelor destinate transportului public de persoane se face:","B - numai în staţiile semnalizate ca atare;","","","A - în orice loc solicitat de către călători;","C - numai în spaţiile de parcare semnalizate corespunzător.","https://scoaladrpciv.ro/intrebare/oprirea-autovehiculelor-destinate-transportului-public-de-persoane-se-face-692f","","<div class="""">
                        <h4>Articolul 151</h4><p>Conducãtorul de autovehicul sau de tramvai care efectueazã transport public de persoane este obligat:</p><p>a)&nbsp;&nbsp; sã opreascã pentru urcarea sau coborârea pasagerilor numai în stațiile semnalizate ca atare, cu excepția transportului public de persoane în regim de taxi. Dacã stația este prevãzutã cu alveolã, oprirea se va face numai în interiorul acesteia;</p><p>b)&nbsp;&nbsp; sã deschidã ușile numai dupã ce vehiculul a fost oprit în stație;</p><p>c)&nbsp; sã închidã ușile numai dupã ce pasagerii au coborât ori au urcat;</p><p>d)&nbsp;&nbsp; sã repunã în mișcare autovehiculul sau tramvaiul din stație dupã ce a semnalizat intenția și s-a asigurat cã poate efectua în siguranțã aceastã manevrã.</p>


                    </div>","https://scoaladrpciv.ro/intrebari/categoria-d/obligatiile-conducatorilor-de-autovehicule"
"1790533913-155","https://scoaladrpciv.ro/intrebari/categoria-d","Care dintre următoarele obligaţii revin conducătorului de autobuz?","B - să menţină curate plăcuţele cu numărul de înmatriculare, pentru a fi vizibile;","","","A - să reducă viteza, atunci când trece pe lângă un poliţist de circulaţie aflat în serviciu pe drumul public;","C - să circule cu o viteză inferioară celei prescrise de indicatorul „Viteză minimă obligatorie“.","https://scoaladrpciv.ro/intrebare/care-dintre-urmatoarele-obligatii-revin-conducatorului-de-autobuz-66c8","","<div class="""">
                        <h4>Articolul 147</h4><p>Conducãtorul de autovehicul, tractor agricol sau forestier ori tramvai este obligat:</p><p>1.&nbsp;&nbsp; sã aibã asupra sa actul de identitate, permisul de conducere, certificatul de înmatriculare sau de înregistrare și, dupã caz, atestatul profesional, precum și celelalte documente prevãzute de legislația în vigoare;2.&nbsp;&nbsp; sã circule numai pe sectoarele de drum pe care îi este permis accesul și sã respecte normele referitoare la masele totale maxime autorizate și admise și/sau la dimensiunile maxime admise de autoritatea competentã pentru autovehiculele, tractoarele agricole sau forestiere conduse;</p><p>3.&nbsp;&nbsp; sã verifice funcționarea sistemului de lumini și de semnalizare, a instalației de climatizare, sã menținã permanent curate parbrizul, luneta și geamurile laterale ale autovehiculului, tractorului agricol sau forestier, precum și plãcuțele cu numãrul de înmatriculare sau înregistrare ale autovehiculului, tractorului agricol sau forestier și remorcii;</p><p>4.&nbsp;&nbsp; sã permitã controlul stãrii tehnice a vehiculului, precum și al bunurilor transportate, în condițiile legii;</p><p>5.&nbsp;&nbsp; sã se prezinte la verificarea medicalã periodicã, potrivit legii, precum și la examinarea medicalã de specialitate la trimiterea medicului în condițiile art. 22 alin. (6) din Ordonanța de urgențã a Guvernului nr. 195/2002, republicatã, cu modificãrile și completãrile ulterioare;</p><p>6.&nbsp;&nbsp; sã aplice pe parbrizul și pe luneta autovehiculului, tractorului agricol sau forestier semnul distinctiv stabilit pentru conducãtorii de autovehicule începãtori, dacã are o vechime mai micã de un an de la obținerea permisului de conducere.</p>


                    </div>","https://scoaladrpciv.ro/intrebari/categoria-d/obligatiile-conducatorilor-de-autovehicule"
"1790533915-156","https://scoaladrpciv.ro/intrebari/categoria-d","Vă este permis să porniţi de pe loc autobuzul sau tramvaiul cu uşile deschise, să circulaţi cu uşile deschise sau să le deschideţi în timpul mersului?","B - nu, acest lucru este interzis prin Regulament;","","","A - da, când toţi călătorii sunt aşezaţi pe scaune şi este foarte cald;","C - da, în condiţiile în care toţi călătorii au centura de siguranţă fixată.","https://scoaladrpciv.ro/intrebare/va-este-permis-sa-porniti-de-pe-loc-autobuzul-sau-tramvaiul-cu-usile-deschise-sa-circulati-cu-usile-deschise-sau-sa-le-deschideti-in-timpul-mersului-4c12","","<div class="""">
                        <h4>Articolul 151</h4><p>Conducãtorul de autovehicul sau de tramvai care efectueazã transport public de persoane este obligat:</p><p>a)&nbsp;&nbsp; sã opreascã pentru urcarea sau coborârea pasagerilor numai în stațiile semnalizate ca atare, cu excepția transportului public de persoane în regim de taxi. Dacã stația este prevãzutã cu alveolã, oprirea se va face numai în interiorul acesteia;</p><p>b)&nbsp;&nbsp; sã deschidã ușile numai dupã ce vehiculul a fost oprit în stație;</p><p>c)&nbsp; sã închidã ușile numai dupã ce pasagerii au coborât ori au urcat;</p><p>d)&nbsp;&nbsp; sã repunã în mișcare autovehiculul sau tramvaiul din stație dupã ce a semnalizat intenția și s-a asigurat cã poate efectua în siguranțã aceastã manevrã.</p>


                    </div>","https://scoaladrpciv.ro/intrebari/categoria-d/obligatiile-conducatorilor-de-autovehicule"
"1790533917-157","https://scoaladrpciv.ro/intrebari/categoria-d","Dacă aveţi cunoştinţă de producerea unui accident de circulaţie, în urma căruia a rezultat moartea sau vătămarea corporală a unei persoane, ce obligaţii aveţi:","B - opriţi, anunţaţi de îndată poliţia şi apelaţi numărul naţional unic pentru apeluri de urgenţă 112;","","","A - legal, nu vă revine nicio obligaţie;","C - vă informaţi asupra împrejurărilor care au determinat accidentul.","https://scoaladrpciv.ro/intrebare/daca-aveti-cunostinta-de-producerea-unui-accident-de-circulatie-in-urma-caruia-a-rezultat-moartea-sau-vatamarea-corporala-a-unei-persoane-ce-obligatii-aveti-3bc8","","<div class="""">
                        <h4>Articolul 77</h4><p>(1)&nbsp;&nbsp;&nbsp;Conducătorul unui vehicul implicat într-un accident de circulație în urma căruia a rezultat moartea sau vătămarea integrității corporale ori a sănătății unei persoane este obligat să ia măsuri de anunțare imediată a poliției, să nu modifice sau să șteargă urmele accidentului și să nu părăsească locul faptei.</p><p>(2)&nbsp;&nbsp;Orice persoană care este implicată sau are cunoștință de producerea unui accident de circulație în urma căruia a rezultat moartea sau vătămarea integrității corporale ori a sănătății uneia sau a mai multor persoane, precum și în situația în care în eveniment este implicat un vehicul care transportă mărfuri periculoase este obligată să anunțe de îndată poliția și să apeleze numărul național unic pentru apeluri de urgență 112, existent în rețelele de telefonie din România.</p><p>(3)&nbsp;&nbsp;&nbsp;Este interzis oricărei persoane să schimbe poziția vehiculului implicat într-un accident de circulație în urma căruia a rezultat moartea sau vătămarea integrității corporale ori a sănătății uneia sau a mai multor persoane, să modifice starea locului sau să șteargă urmele accidentului fără încuviințarea poliției care cercetează accidentul.</p>


                    </div>","https://scoaladrpciv.ro/intrebari/categoria-d/obligatiile-conducatorilor-de-autovehicule"
"1790533920-158","https://scoaladrpciv.ro/intrebari/categoria-d","Ce obligaţie are conducătorul unui autobuz imobilizat într-un pasaj subteran?","A - să oprească motorul şi să acţioneze luminile de avarie;","","","B - să tracteze autobuzul până la ieşirea din pasajul subteran;","C - să anunţe imediat pompierii în legătură cu locul în care se află.","https://scoaladrpciv.ro/intrebare/ce-obligatie-are-conducatorul-unui-autobuz-imobilizat-intr-un-pasaj-subteran-5c76","","<div class="""">
                        <h4>Articolul 141</h4><p>(1)&nbsp;&nbsp; Conducãtorii autovehiculelor, tractoarelor agricole sau forestiere imobilizate pe drumurile publice, care se îndepãrteazã de acestea, sunt obligați sã acționeze frânã de ajutor, sã opreascã funcționarea motorului și sã cupleze într-o treaptã de vitezã inferioarã sau în cea de parcare dacã autovehiculul, tractorul agricol sau forestier are transmisie automatã.</p><p>(2)&nbsp;&nbsp; În cazul imobilizãrii involuntare a autovehiculului, tractorului agricol sau forestier în panta sau în rampa, pe lângã obligațiile prevãzute la alin. (1) conducãtorul trebuie sã bracheze rotile directoare.</p><p>(3)&nbsp;&nbsp; În cazul imobilizãrii involuntare a autovehiculului, tractorului agricol sau forestier în pasaje subterane sau în tuneluri, conducãtorul acestuia este obligat sã opreascã funcționarea motorului.</p><p>(4)&nbsp;&nbsp; În localitãți, pe drumurile cu sens unic, oprirea sau staționarea voluntarã a vehiculelor este permisã și pe partea stânga, dacã rãmâne liberã cel puțin o bandã de circulație.</p><p>(5)&nbsp;&nbsp; În afara localitãților oprirea sau staționarea voluntarã a vehiculelor se face în afara pãrții carosabile, iar atunci când nu este posibil, cât mai aproape de marginea din dreapta a drumului, paralel cu axa acestuia.</p><p>(6)&nbsp;&nbsp; Nu este permisã staționarea pe partea carosabilã, în timpul nopții, a tractoarelor agricole sau forestiere, a remorcilor, a mopedelor, a bicicletelor, a trotinetelor electrice, a vehiculelor cu tracțiune animalã ori a celor trase sau împinse cu mâna.</p><p>(7)&nbsp;&nbsp; Nu este permisã oprirea sau staționarea în tuneluri. În situații de urgențã sau de pericol conducãtorului de autovehicul îi este permisã oprirea sau staționarea numai în locurile special amenajate și semnalizate corespunzãtor. În caz de imobilizare prelungitã a autovehiculului în tunel, conducãtorul de vehicul este obligat sã opreascã motorul.</p><p>(8)&nbsp;&nbsp; Se considerã staționare pe partea carosabilã situația în care oricare dintre roțile vehiculului sau remorcii se regãsește pe partea carosabilã.</p>


                    </div>","https://scoaladrpciv.ro/intrebari/categoria-d/obligatiile-conducatorilor-de-autovehicule"
"1790533922-159","https://scoaladrpciv.ro/intrebari/categoria-d","Conducătorilor de autobuze le este interzis:","A - să profereze injurii;","B - să săvârşească acte sau gesturi obscene;","C - să adreseze celorlalţi participanţi la trafic expresii jignitoare sau vulgare.","","","https://scoaladrpciv.ro/intrebare/conducatorilor-de-autobuze-le-este-interzis-ef1a","","<div class="""">
                        <h4>Articolul 148</h4><p>Se interzice conducãtorului de autovehicul, tractor agricol sau forestier ori tramvai:</p><p>1.&nbsp;&nbsp; sã conducã un autovehicul, tractor agricol sau forestier ori tramvai cu dovada înlocuitoare a permisului de conducere eliberatã fãrã drept de circulație sau a cãrei valabilitate a expirat;</p><p>2.&nbsp;&nbsp; sã transporte în autovehicul, tractor agricol sau forestier ori tramvai mai multe persoane decât numãrul de locuri stabilite în certificatul de înmatriculare sau de înregistrare;</p><p>3.&nbsp;&nbsp; sã transporte persoane în stare de ebrietate pe autovehicule din categoriile AM, A1, A2 și A sau în cabina ori în caroseria autovehiculului destinat transportului de mãrfuri;</p><p>4.&nbsp;&nbsp; sã transporte persoane în caroseria autobasculantei, pe autocisternã, pe platformã, deasupra încãrcãturii, pe pãrțile laterale ale caroseriei sau persoane care stau în picioare în caroseria autocamionului, pe scãri și în remorcã, cu excepția celei special amenajate pentru transportul persoanelor;</p><p>5.&nbsp;&nbsp; sã transporte în și pe autoturism obiecte a cãror lungime sau lãțime depãșește, împreunã cu încãrcãtura, dimensiunile acestuia;</p><p>6.&nbsp;&nbsp; sã deschidã ușile vehiculului sau tramvaiului în timpul mersului, sã porneascã de pe loc cu ușile deschise;</p><p>7.&nbsp;&nbsp; sã aibã în timpul mersului preocupãri de naturã a-i distrage în mod periculos atenția ori sã foloseascã instalații de sonorizare la un nivel de zgomot care ar afecta deplasarea în siguranțã a lui și a celorlalți participanți la trafic;</p><p>8.&nbsp;&nbsp; sã intre pe drumurile modernizate cu vehiculul care are pe roți sau pe caroserie noroi ce se depune pe partea carosabilã ori din care cad sau se scurg produse, substanțe ori materiale ce pot pune în pericol siguranța circulației;</p><p>9.&nbsp;&nbsp; sã aibã aplicate pe parbriz, lunetã sau pe geamurile laterale afișe, reclame publicitare, înscrisuri ori accesorii, care restrâng sau estompeazã vizibilitatea conducãtorului ori a pasagerilor, atât din interior, cât și din exterior;</p><p>10.&nbsp;&nbsp; sã aibã aplicate folii sau tratamente chimice pe parbrize, lunetã ori pe geamurile laterale, care restrâng sau estompeazã vizibilitatea, atât din interior, cât și din exterior, cu excepția celor omologate și certificate, prin marcaj corespunzãtor, de cãtre autoritatea competentã;</p><p>11.&nbsp;&nbsp; sã aibã aplicate folii sau tratamente chimice pe dispozitivele de iluminare ori semnalizare luminoasã, care diminueazã eficacitatea acestora, precum și pe plãcuțele cu numãrul de înmatriculare sau de înregistrare, care împiedicã citirea numãrului de înmatriculare sau de înregistrare;</p><p>12.&nbsp;&nbsp; sã lase liber în timpul mersului volanul, ghidonul sau maneta de comandã, sã opreascã motorul ori sã decupleze transmisia în timpul mersului;</p><p>13.&nbsp;&nbsp; sã foloseascã în mod abuziv mijloacele de avertizare sonorã;</p><p>14.&nbsp;&nbsp; sã circule cu autovehiculul cu masa totalã maximã autorizatã mai mare de 3,5 tone pe drumurile acoperite cu zãpadã, gheațã sau polei, fãrã a avea montate pe roți lanțuri sau alte echipamente antiderapante omologate, în perioadele și pe drumurile stabilite prin ordin al ministrului transporturilor, construcțiilor și turismului;</p><p>15.&nbsp;&nbsp; sã circule având montate pe autovehicul și tractor agricol sau forestier anvelope cu alte dimensiuni ori caracteristici decât cele prevãzute în certificatul de înmatriculare sau de înregistrare ori care prezintã tãieturi sau rupturi ale cordului ori sunt uzate peste limita admisã;</p><p>16.&nbsp;&nbsp; sã conducã un vehicul care emanã noxe peste limita legalã admisã ori al cãrui zgomot în mers sau staționare depãșește pragul fonic prevãzut de lege ori care are montat pe sistemul de evacuare a gazelor dispozitive neomologate;</p><p>17.&nbsp;&nbsp; sã circule cu vehiculul având plãcuțele cu numerele de înmatriculare sau de înregistrare, provizorii ori pentru probe deteriorate sau neconforme cu standardul;</p><p>18.&nbsp;&nbsp; sã sãvârșeascã acte sau gesturi obscene, sã profereze injurii, sã adreseze expresii jignitoare ori vulgare celorlalți participanți la trafic;</p><p>19.&nbsp;&nbsp; sã circule cu vehiculul avariat mai mult de 30 de zile de la data producerii avariei;</p><p>20.&nbsp;&nbsp; sã arunce, pe drumurile publice, din vehicul obiecte, materiale sau substanțe;</p><p>21.&nbsp;&nbsp; sã traverseze drumurile publice, pe trecerile destinate pietonilor, în timp ce se deplaseazã pe vehicule din categoriile AM, A1, A2 și A.</p>


                    </div>","https://scoaladrpciv.ro/intrebari/categoria-d/obligatiile-conducatorilor-de-autovehicule"
"1790533924-160","https://scoaladrpciv.ro/intrebari/categoria-d","Ce măsuri ia conducătorul de autobuz, angajat într-un accident cu avarii ușoare?","B - scoate autobuzul în afara părții carosabile și se prezintă în termen de 24 de ore la unitatea de poliție competentă;","","","A - așteaptă sosirea polițistului din zonă;","C - anunță poliția, fără a schimba poziția autobuzului.","https://scoaladrpciv.ro/intrebare/ce-masuri-ia-conducatorul-de-autobuz-angajat-intr-un-accident-cu-avarii-usoare-44e0","","<div class="""">
                        <h4>Articolul 79</h4><p>(1)&nbsp;&nbsp;Conducătorii de vehicule implicați într-un accident de circulație în urma căruia au rezultat numai avarierea vehiculelor și/sau alte pagube materiale sunt obligați:</p><ul><li>a)&nbsp;&nbsp;să scoată imediat vehiculele în afara părții carosabile ori, dacă starea vehiculelor nu permite acest lucru, să le deplaseze cât mai aproape de bordură sau acostament, semnalizându-le prezența;</li><li>b)&nbsp;&nbsp;&nbsp;să se prezinte la unitatea de poliție competentă pe raza căreia s-a produs accidentul în termen de cel mult 24 de ore de la producerea evenimentului pentru întocmirea documentelor de constatare.</li></ul><p>(2)&nbsp; Se exceptează de la obligațiile prevăzute la alin. (1) lit. b)*):</p><ul><li>a)&nbsp; conducătorii vehiculelor care încheie o constatare amiabilă de accident, în condițiile legii;</li><li>b)&nbsp;&nbsp;&nbsp;conducătorul de vehicul care deține o asigurare facultativă de avarii auto, iar accidentul de circulație a avut ca rezultat numai avarierea propriului vehicul.</li></ul><p>(la 29-06-2007, Art. 79 a fost modificat de pct. 22 al art. I din ORDONANȚA DE URGENȚĂ nr. 69 din 28 iunie 2007, publicată în MONITORUL OFICIAL nr. 443 din 29 iunie 2007.)</p>


                    </div>","https://scoaladrpciv.ro/intrebari/categoria-d/obligatiile-conducatorilor-de-autovehicule"
"1790533927-161","https://scoaladrpciv.ro/intrebari/categoria-d","În situaţia în care aveţi o vechime mai mică de un an de la data obţinerii permisului de conducere, vă este interzis:","B - să conduceţi autovehicule destinate transportului public de persoane;","","","A - să conduceţi autovehicule pe autostrăzi sau pe drumuri expres;","C - să conduceţi autovehicule pe timp de noapte.","https://scoaladrpciv.ro/intrebare/in-situatia-in-care-aveti-o-vechime-mai-mica-de-un-an-de-la-data-obtinerii-permisului-de-conducere-va-este-interzis-ce20","","<div class="""">
                        <h4>Articolul 149</h4><p>(1)&nbsp;&nbsp; Conducãtorul de autovehicul, tractor agricol sau forestier ori de tramvai cu o vechime mai micã de un an de la data obținerii permisului de conducere are obligația de a aplica semnul distinctiv sub forma unui disc de culoare galbenã, cu diametrul de 100 mm, care are în centru semnul exclamãrii, de culoare neagrã, cu lungimea de 60 mm și diametrul punctului de 10 mm, dupã cum urmeazã:</p><ul style=""list-style-type:circle;""><li>&nbsp;a)&nbsp;&nbsp; la autovehiculele din categoriile AM, A1, A2 și A, în partea din spate, lângã numãrul de înmatriculare sau înregistrare, dupã caz;</li><li>&nbsp;b)&nbsp;&nbsp; la celelalte vehicule, pe parbriz, în partea din dreapta jos și pe lunetã, în partea stângã jos;</li><li>&nbsp;c)&nbsp;&nbsp; la vehiculul care nu este prevãzut cu lunetã, pe parbriz în partea din dreapta jos și pe caroserie în partea din spate stânga sus;</li><li>&nbsp;d)&nbsp;&nbsp; la tramvai, pe parbriz în partea din dreapta jos și pe luneta ultimului vagon în partea din spate stânga sus;</li><li>&nbsp;e)&nbsp;&nbsp; la vehiculul care tracteazã o remorcã, pe parbrizul vehiculului în partea din dreapta jos și pe caroseria remorcii în partea din spate stânga sus.</li></ul><p>(2) Conducãtorului de vehicul prevãzut la alin. (1) îi este interzis:</p><ul style=""list-style-type:circle;""><li>a)&nbsp;&nbsp; sã conducã autovehicule care transporta mãrfuri sau produse periculoase;</li><li>b)&nbsp;&nbsp; sã conducã vehicule destinate testãrii sau cele pentru probe;</li><li>c)&nbsp;&nbsp; sã conducã vehicule destinate transportului public de persoane, inclusiv în regim de taxi.</li></ul>


                    </div>","https://scoaladrpciv.ro/intrebari/categoria-d/obligatiile-conducatorilor-de-autovehicule"
"1790533929-162","https://scoaladrpciv.ro/intrebari/categoria-d","În timpul deplasării, conducătorului de autobuz îi este interzis:","B - să aibă preocupări care i-ar putea distrage, într-o manieră periculoasă, atenţia;","","","A - să fumeze;","C - să acţioneze asupra comenzilor instalaţiei de sonorizare.","https://scoaladrpciv.ro/intrebare/in-timpul-deplasarii-conducatorului-de-autobuz-ii-este-interzis-98f7","","<div class="""">
                        <h4>Articolul 148</h4><p>Se interzice conducãtorului de autovehicul, tractor agricol sau forestier ori tramvai:</p><p>1.&nbsp;&nbsp; sã conducã un autovehicul, tractor agricol sau forestier ori tramvai cu dovada înlocuitoare a permisului de conducere eliberatã fãrã drept de circulație sau a cãrei valabilitate a expirat;</p><p>2.&nbsp;&nbsp; sã transporte în autovehicul, tractor agricol sau forestier ori tramvai mai multe persoane decât numãrul de locuri stabilite în certificatul de înmatriculare sau de înregistrare;</p><p>3.&nbsp;&nbsp; sã transporte persoane în stare de ebrietate pe autovehicule din categoriile AM, A1, A2 și A sau în cabina ori în caroseria autovehiculului destinat transportului de mãrfuri;</p><p>4.&nbsp;&nbsp; sã transporte persoane în caroseria autobasculantei, pe autocisternã, pe platformã, deasupra încãrcãturii, pe pãrțile laterale ale caroseriei sau persoane care stau în picioare în caroseria autocamionului, pe scãri și în remorcã, cu excepția celei special amenajate pentru transportul persoanelor;</p><p>5.&nbsp;&nbsp; sã transporte în și pe autoturism obiecte a cãror lungime sau lãțime depãșește, împreunã cu încãrcãtura, dimensiunile acestuia;</p><p>6.&nbsp;&nbsp; sã deschidã ușile vehiculului sau tramvaiului în timpul mersului, sã porneascã de pe loc cu ușile deschise;</p><p>7.&nbsp;&nbsp; sã aibã în timpul mersului preocupãri de naturã a-i distrage în mod periculos atenția ori sã foloseascã instalații de sonorizare la un nivel de zgomot care ar afecta deplasarea în siguranțã a lui și a celorlalți participanți la trafic;</p><p>8.&nbsp;&nbsp; sã intre pe drumurile modernizate cu vehiculul care are pe roți sau pe caroserie noroi ce se depune pe partea carosabilã ori din care cad sau se scurg produse, substanțe ori materiale ce pot pune în pericol siguranța circulației;</p><p>9.&nbsp;&nbsp; sã aibã aplicate pe parbriz, lunetã sau pe geamurile laterale afișe, reclame publicitare, înscrisuri ori accesorii, care restrâng sau estompeazã vizibilitatea conducãtorului ori a pasagerilor, atât din interior, cât și din exterior;</p><p>10.&nbsp;&nbsp; sã aibã aplicate folii sau tratamente chimice pe parbrize, lunetã ori pe geamurile laterale, care restrâng sau estompeazã vizibilitatea, atât din interior, cât și din exterior, cu excepția celor omologate și certificate, prin marcaj corespunzãtor, de cãtre autoritatea competentã;</p><p>11.&nbsp;&nbsp; sã aibã aplicate folii sau tratamente chimice pe dispozitivele de iluminare ori semnalizare luminoasã, care diminueazã eficacitatea acestora, precum și pe plãcuțele cu numãrul de înmatriculare sau de înregistrare, care împiedicã citirea numãrului de înmatriculare sau de înregistrare;</p><p>12.&nbsp;&nbsp; sã lase liber în timpul mersului volanul, ghidonul sau maneta de comandã, sã opreascã motorul ori sã decupleze transmisia în timpul mersului;</p><p>13.&nbsp;&nbsp; sã foloseascã în mod abuziv mijloacele de avertizare sonorã;</p><p>14.&nbsp;&nbsp; sã circule cu autovehiculul cu masa totalã maximã autorizatã mai mare de 3,5 tone pe drumurile acoperite cu zãpadã, gheațã sau polei, fãrã a avea montate pe roți lanțuri sau alte echipamente antiderapante omologate, în perioadele și pe drumurile stabilite prin ordin al ministrului transporturilor, construcțiilor și turismului;</p><p>15.&nbsp;&nbsp; sã circule având montate pe autovehicul și tractor agricol sau forestier anvelope cu alte dimensiuni ori caracteristici decât cele prevãzute în certificatul de înmatriculare sau de înregistrare ori care prezintã tãieturi sau rupturi ale cordului ori sunt uzate peste limita admisã;</p><p>16.&nbsp;&nbsp; sã conducã un vehicul care emanã noxe peste limita legalã admisã ori al cãrui zgomot în mers sau staționare depãșește pragul fonic prevãzut de lege ori care are montat pe sistemul de evacuare a gazelor dispozitive neomologate;</p><p>17.&nbsp;&nbsp; sã circule cu vehiculul având plãcuțele cu numerele de înmatriculare sau de înregistrare, provizorii ori pentru probe deteriorate sau neconforme cu standardul;</p><p>18.&nbsp;&nbsp; sã sãvârșeascã acte sau gesturi obscene, sã profereze injurii, sã adreseze expresii jignitoare ori vulgare celorlalți participanți la trafic;</p><p>19.&nbsp;&nbsp; sã circule cu vehiculul avariat mai mult de 30 de zile de la data producerii avariei;</p><p>20.&nbsp;&nbsp; sã arunce, pe drumurile publice, din vehicul obiecte, materiale sau substanțe;</p><p>21.&nbsp;&nbsp; sã traverseze drumurile publice, pe trecerile destinate pietonilor, în timp ce se deplaseazã pe vehicule din categoriile AM, A1, A2 și A.</p>


                    </div>","https://scoaladrpciv.ro/intrebari/categoria-d/obligatiile-conducatorilor-de-autovehicule"
"1790533931-163","https://scoaladrpciv.ro/intrebari/categoria-d","Conducătorul unui autobuz este obligat:","B - să se prezinte la termen, la unitatea de poliţie care l-a citat, pentru soluţionarea oricărei probleme legate de calitatea sa de conducător;","","","A - să nu conducă după ce a consumat medicamente împotriva bolilor cronice;","C - să anunţe imediat cea mai apropiată unitate de poliţie, dacă s-a îmbolnăvit.","https://scoaladrpciv.ro/intrebare/conducatorul-unui-autobuz-este-obligat-8ded","","<div class="""">
                        <h4>Articolul 147</h4><p>Conducãtorul de autovehicul, tractor agricol sau forestier ori tramvai este obligat:</p><p>1.&nbsp;&nbsp; sã aibã asupra sa actul de identitate, permisul de conducere, certificatul de înmatriculare sau de înregistrare și, dupã caz, atestatul profesional, precum și celelalte documente prevãzute de legislația în vigoare;2.&nbsp;&nbsp; sã circule numai pe sectoarele de drum pe care îi este permis accesul și sã respecte normele referitoare la masele totale maxime autorizate și admise și/sau la dimensiunile maxime admise de autoritatea competentã pentru autovehiculele, tractoarele agricole sau forestiere conduse;</p><p>3.&nbsp;&nbsp; sã verifice funcționarea sistemului de lumini și de semnalizare, a instalației de climatizare, sã menținã permanent curate parbrizul, luneta și geamurile laterale ale autovehiculului, tractorului agricol sau forestier, precum și plãcuțele cu numãrul de înmatriculare sau înregistrare ale autovehiculului, tractorului agricol sau forestier și remorcii;</p><p>4.&nbsp;&nbsp; sã permitã controlul stãrii tehnice a vehiculului, precum și al bunurilor transportate, în condițiile legii;</p><p>5.&nbsp;&nbsp; sã se prezinte la verificarea medicalã periodicã, potrivit legii, precum și la examinarea medicalã de specialitate la trimiterea medicului în condițiile art. 22 alin. (6) din Ordonanța de urgențã a Guvernului nr. 195/2002, republicatã, cu modificãrile și completãrile ulterioare;</p><p>6.&nbsp;&nbsp; sã aplice pe parbrizul și pe luneta autovehiculului, tractorului agricol sau forestier semnul distinctiv stabilit pentru conducãtorii de autovehicule începãtori, dacã are o vechime mai micã de un an de la obținerea permisului de conducere.</p>


                    </div>","https://scoaladrpciv.ro/intrebari/categoria-d/obligatiile-conducatorilor-de-autovehicule"
"1790533933-164","https://scoaladrpciv.ro/intrebari/categoria-d","Ce obligaţii aveţi la ieşirea dintr-un şantier şi intrarea pe o arteră rutieră?","B - să curăţaţi anvelopele autobuzului;","","","A - nicio obligaţie;","C - să anunţaţi serviciul de urgenţă 112.","https://scoaladrpciv.ro/intrebare/ce-obligatii-aveti-la-iesirea-dintr-un-santier-si-intrarea-pe-o-artera-rutiera-562d","","<div class="""">
                        <h4>Articolul 148</h4><p>Se interzice conducãtorului de autovehicul, tractor agricol sau forestier ori tramvai:</p><p>1.&nbsp;&nbsp; sã conducã un autovehicul, tractor agricol sau forestier ori tramvai cu dovada înlocuitoare a permisului de conducere eliberatã fãrã drept de circulație sau a cãrei valabilitate a expirat;</p><p>2.&nbsp;&nbsp; sã transporte în autovehicul, tractor agricol sau forestier ori tramvai mai multe persoane decât numãrul de locuri stabilite în certificatul de înmatriculare sau de înregistrare;</p><p>3.&nbsp;&nbsp; sã transporte persoane în stare de ebrietate pe autovehicule din categoriile AM, A1, A2 și A sau în cabina ori în caroseria autovehiculului destinat transportului de mãrfuri;</p><p>4.&nbsp;&nbsp; sã transporte persoane în caroseria autobasculantei, pe autocisternã, pe platformã, deasupra încãrcãturii, pe pãrțile laterale ale caroseriei sau persoane care stau în picioare în caroseria autocamionului, pe scãri și în remorcã, cu excepția celei special amenajate pentru transportul persoanelor;</p><p>5.&nbsp;&nbsp; sã transporte în și pe autoturism obiecte a cãror lungime sau lãțime depãșește, împreunã cu încãrcãtura, dimensiunile acestuia;</p><p>6.&nbsp;&nbsp; sã deschidã ușile vehiculului sau tramvaiului în timpul mersului, sã porneascã de pe loc cu ușile deschise;</p><p>7.&nbsp;&nbsp; sã aibã în timpul mersului preocupãri de naturã a-i distrage în mod periculos atenția ori sã foloseascã instalații de sonorizare la un nivel de zgomot care ar afecta deplasarea în siguranțã a lui și a celorlalți participanți la trafic;</p><p>8.&nbsp;&nbsp; sã intre pe drumurile modernizate cu vehiculul care are pe roți sau pe caroserie noroi ce se depune pe partea carosabilã ori din care cad sau se scurg produse, substanțe ori materiale ce pot pune în pericol siguranța circulației;</p><p>9.&nbsp;&nbsp; sã aibã aplicate pe parbriz, lunetã sau pe geamurile laterale afișe, reclame publicitare, înscrisuri ori accesorii, care restrâng sau estompeazã vizibilitatea conducãtorului ori a pasagerilor, atât din interior, cât și din exterior;</p><p>10.&nbsp;&nbsp; sã aibã aplicate folii sau tratamente chimice pe parbrize, lunetã ori pe geamurile laterale, care restrâng sau estompeazã vizibilitatea, atât din interior, cât și din exterior, cu excepția celor omologate și certificate, prin marcaj corespunzãtor, de cãtre autoritatea competentã;</p><p>11.&nbsp;&nbsp; sã aibã aplicate folii sau tratamente chimice pe dispozitivele de iluminare ori semnalizare luminoasã, care diminueazã eficacitatea acestora, precum și pe plãcuțele cu numãrul de înmatriculare sau de înregistrare, care împiedicã citirea numãrului de înmatriculare sau de înregistrare;</p><p>12.&nbsp;&nbsp; sã lase liber în timpul mersului volanul, ghidonul sau maneta de comandã, sã opreascã motorul ori sã decupleze transmisia în timpul mersului;</p><p>13.&nbsp;&nbsp; sã foloseascã în mod abuziv mijloacele de avertizare sonorã;</p><p>14.&nbsp;&nbsp; sã circule cu autovehiculul cu masa totalã maximã autorizatã mai mare de 3,5 tone pe drumurile acoperite cu zãpadã, gheațã sau polei, fãrã a avea montate pe roți lanțuri sau alte echipamente antiderapante omologate, în perioadele și pe drumurile stabilite prin ordin al ministrului transporturilor, construcțiilor și turismului;</p><p>15.&nbsp;&nbsp; sã circule având montate pe autovehicul și tractor agricol sau forestier anvelope cu alte dimensiuni ori caracteristici decât cele prevãzute în certificatul de înmatriculare sau de înregistrare ori care prezintã tãieturi sau rupturi ale cordului ori sunt uzate peste limita admisã;</p><p>16.&nbsp;&nbsp; sã conducã un vehicul care emanã noxe peste limita legalã admisã ori al cãrui zgomot în mers sau staționare depãșește pragul fonic prevãzut de lege ori care are montat pe sistemul de evacuare a gazelor dispozitive neomologate;</p><p>17.&nbsp;&nbsp; sã circule cu vehiculul având plãcuțele cu numerele de înmatriculare sau de înregistrare, provizorii ori pentru probe deteriorate sau neconforme cu standardul;</p><p>18.&nbsp;&nbsp; sã sãvârșeascã acte sau gesturi obscene, sã profereze injurii, sã adreseze expresii jignitoare ori vulgare celorlalți participanți la trafic;</p><p>19.&nbsp;&nbsp; sã circule cu vehiculul avariat mai mult de 30 de zile de la data producerii avariei;</p><p>20.&nbsp;&nbsp; sã arunce, pe drumurile publice, din vehicul obiecte, materiale sau substanțe;</p><p>21.&nbsp;&nbsp; sã traverseze drumurile publice, pe trecerile destinate pietonilor, în timp ce se deplaseazã pe vehicule din categoriile AM, A1, A2 și A.</p>


                    </div>","https://scoaladrpciv.ro/intrebari/categoria-d/obligatiile-conducatorilor-de-autovehicule"
"1790533936-165","https://scoaladrpciv.ro/intrebari/categoria-d","În timp ce conduceţi tramvaiul sau autovehiculul care efectuează transport public de persoane, sunteţi obligat:","C - să opriţi pentru urcarea şi coborârea pasagerilor numai în staţiile semnalizate ca atare.","","","A - să folosiţi instalaţia de sonorizare la un nivel maxim, pentru a vă menţine vigilenţa;","B - să ascultaţi emisiunile radio referitoare la actualităţi;","https://scoaladrpciv.ro/intrebare/in-timp-ce-conduceti-tramvaiul-sau-autovehiculul-care-efectueaza-transport-public-de-persoane-sunteti-obligat-9ffd","","<div class="""">
                        <h4>Articolul 151</h4><p>Conducãtorul de autovehicul sau de tramvai care efectueazã transport public de persoane este obligat:</p><p>a)&nbsp;&nbsp; sã opreascã pentru urcarea sau coborârea pasagerilor numai în stațiile semnalizate ca atare, cu excepția transportului public de persoane în regim de taxi. Dacã stația este prevãzutã cu alveolã, oprirea se va face numai în interiorul acesteia;</p><p>b)&nbsp;&nbsp; sã deschidã ușile numai dupã ce vehiculul a fost oprit în stație;</p><p>c)&nbsp; sã închidã ușile numai dupã ce pasagerii au coborât ori au urcat;</p><p>d)&nbsp;&nbsp; sã repunã în mișcare autovehiculul sau tramvaiul din stație dupã ce a semnalizat intenția și s-a asigurat cã poate efectua în siguranțã aceastã manevrã.</p>


                    </div>","https://scoaladrpciv.ro/intrebari/categoria-d/obligatiile-conducatorilor-de-autovehicule"
"1790533939-166","https://scoaladrpciv.ro/intrebari/categoria-d","Ce obligaţii revin conducătorului unui autobuz la plecarea din staţii?","A - să nu pornească din staţie înainte de urcarea şi de coborârea călătorilor şi înainte de a lua măsurile de precauţie necesare pentru evitarea oricărei situaţii periculoase previzibile;","C - să semnalizeze intenţia de a se pune în mişcare.","","B - nu are nicio obligaţie, deoarece autobuzul face parte din categoria vehiculelor destinate serviciilor regulate de transport public de persoane;","","https://scoaladrpciv.ro/intrebare/ce-obligatii-revin-conducatorului-unui-autobuz-la-plecarea-din-statii-3841","","<div class="""">
                        <h4>Articolul 151</h4><p>Conducãtorul de autovehicul sau de tramvai care efectueazã transport public de persoane este obligat:</p><p>a)&nbsp;&nbsp; sã opreascã pentru urcarea sau coborârea pasagerilor numai în stațiile semnalizate ca atare, cu excepția transportului public de persoane în regim de taxi. Dacã stația este prevãzutã cu alveolã, oprirea se va face numai în interiorul acesteia;</p><p>b)&nbsp;&nbsp; sã deschidã ușile numai dupã ce vehiculul a fost oprit în stație;</p><p>c)&nbsp; sã închidã ușile numai dupã ce pasagerii au coborât ori au urcat;</p><p>d)&nbsp;&nbsp; sã repunã în mișcare autovehiculul sau tramvaiul din stație dupã ce a semnalizat intenția și s-a asigurat cã poate efectua în siguranțã aceastã manevrã.</p>


                    </div>","https://scoaladrpciv.ro/intrebari/categoria-d/obligatiile-conducatorilor-de-autovehicule"
"1790533944-167","https://scoaladrpciv.ro/intrebari/categoria-d","Ce măsuri trebuie să ia conducătorul de autobuz care constată că un autoturism s-a răsturnat în afara drumului şi există persoane accidentate?","A - opreşte, anunţă poliţia şi, dacă este cazul, transportă răniţii la cea mai apropiată unitate sanitară;","","","B - nu are nicio obligaţie;","C - ajută la repunerea autovehiculului pe roţi.","https://scoaladrpciv.ro/intrebare/ce-masuri-trebuie-sa-ia-conducatorul-de-autobuz-care-constata-ca-un-autoturism-s-a-rasturnat-in-afara-drumului-si-exista-persoane-accidentate-6597","","<div class="""">
                        <h4>Articolul 77</h4><p>(1)&nbsp;&nbsp;&nbsp;Conducătorul unui vehicul implicat într-un accident de circulație în urma căruia a rezultat moartea sau vătămarea integrității corporale ori a sănătății unei persoane este obligat să ia măsuri de anunțare imediată a poliției, să nu modifice sau să șteargă urmele accidentului și să nu părăsească locul faptei.</p><p>(2)&nbsp;&nbsp;Orice persoană care este implicată sau are cunoștință de producerea unui accident de circulație în urma căruia a rezultat moartea sau vătămarea integrității corporale ori a sănătății uneia sau a mai multor persoane, precum și în situația în care în eveniment este implicat un vehicul care transportă mărfuri periculoase este obligată să anunțe de îndată poliția și să apeleze numărul național unic pentru apeluri de urgență 112, existent în rețelele de telefonie din România.</p><p>(3)&nbsp;&nbsp;&nbsp;Este interzis oricărei persoane să schimbe poziția vehiculului implicat într-un accident de circulație în urma căruia a rezultat moartea sau vătămarea integrității corporale ori a sănătății uneia sau a mai multor persoane, să modifice starea locului sau să șteargă urmele accidentului fără încuviințarea poliției care cercetează accidentul.</p>


                    </div>","https://scoaladrpciv.ro/intrebari/categoria-d/obligatiile-conducatorilor-de-autovehicule"
"1790533946-168","https://scoaladrpciv.ro/intrebari/categoria-d","Conducătorul unui autobuz este obligat:","B - să aibă asupra sa actul de identitate, permisul de conducere, certificatul de înmatriculare sau înregistrare şi, după caz, atestatul profesional, precum şi celelalte documente prevăzute de legislaţia în vigoare;","","","A - să nu permită pasagerilor folosirea telefonului mobil în timpul mersului;","C - să verifice, la fiecare deplasare, presiunea din pneuri.","https://scoaladrpciv.ro/intrebare/conducatorul-unui-autobuz-este-obligat-df93","","<div class="""">
                        <h4>Articolul 147</h4><p>Conducãtorul de autovehicul, tractor agricol sau forestier ori tramvai este obligat:</p><p>1.&nbsp;&nbsp; sã aibã asupra sa actul de identitate, permisul de conducere, certificatul de înmatriculare sau de înregistrare și, dupã caz, atestatul profesional, precum și celelalte documente prevãzute de legislația în vigoare;2.&nbsp;&nbsp; sã circule numai pe sectoarele de drum pe care îi este permis accesul și sã respecte normele referitoare la masele totale maxime autorizate și admise și/sau la dimensiunile maxime admise de autoritatea competentã pentru autovehiculele, tractoarele agricole sau forestiere conduse;</p><p>3.&nbsp;&nbsp; sã verifice funcționarea sistemului de lumini și de semnalizare, a instalației de climatizare, sã menținã permanent curate parbrizul, luneta și geamurile laterale ale autovehiculului, tractorului agricol sau forestier, precum și plãcuțele cu numãrul de înmatriculare sau înregistrare ale autovehiculului, tractorului agricol sau forestier și remorcii;</p><p>4.&nbsp;&nbsp; sã permitã controlul stãrii tehnice a vehiculului, precum și al bunurilor transportate, în condițiile legii;</p><p>5.&nbsp;&nbsp; sã se prezinte la verificarea medicalã periodicã, potrivit legii, precum și la examinarea medicalã de specialitate la trimiterea medicului în condițiile art. 22 alin. (6) din Ordonanța de urgențã a Guvernului nr. 195/2002, republicatã, cu modificãrile și completãrile ulterioare;</p><p>6.&nbsp;&nbsp; sã aplice pe parbrizul și pe luneta autovehiculului, tractorului agricol sau forestier semnul distinctiv stabilit pentru conducãtorii de autovehicule începãtori, dacã are o vechime mai micã de un an de la obținerea permisului de conducere.</p>


                    </div>","https://scoaladrpciv.ro/intrebari/categoria-d/obligatiile-conducatorilor-de-autovehicule"
"1790533949-169","https://scoaladrpciv.ro/intrebari/categoria-d","Conducătorii auto angajaţi ai operatorilor de transport rutier, care efectuează operaţiuni de transport, au obligaţia:","C - de a respecta regulile privind prevenirea accidentelor de muncă în circulaţia rutieră.","","","A - de a purta echipament de protecţie pentru prevenirea accidentelor de muncă;","B - de a nu circula în trafic fără a avea asupra lor fişa de protecţie a muncii;","https://scoaladrpciv.ro/intrebare/conducatorii-auto-angajati-ai-operatorilor-de-transport-rutier-care-efectueaza-operatiuni-de-transport-au-obligatia-f8aa","","<div class="""">
                        <h4>Articolul 147</h4><p>Conducãtorul de autovehicul, tractor agricol sau forestier ori tramvai este obligat:</p><p>1.&nbsp;&nbsp; sã aibã asupra sa actul de identitate, permisul de conducere, certificatul de înmatriculare sau de înregistrare și, dupã caz, atestatul profesional, precum și celelalte documente prevãzute de legislația în vigoare;2.&nbsp;&nbsp; sã circule numai pe sectoarele de drum pe care îi este permis accesul și sã respecte normele referitoare la masele totale maxime autorizate și admise și/sau la dimensiunile maxime admise de autoritatea competentã pentru autovehiculele, tractoarele agricole sau forestiere conduse;</p><p>3.&nbsp;&nbsp; sã verifice funcționarea sistemului de lumini și de semnalizare, a instalației de climatizare, sã menținã permanent curate parbrizul, luneta și geamurile laterale ale autovehiculului, tractorului agricol sau forestier, precum și plãcuțele cu numãrul de înmatriculare sau înregistrare ale autovehiculului, tractorului agricol sau forestier și remorcii;</p><p>4.&nbsp;&nbsp; sã permitã controlul stãrii tehnice a vehiculului, precum și al bunurilor transportate, în condițiile legii;</p><p>5.&nbsp;&nbsp; sã se prezinte la verificarea medicalã periodicã, potrivit legii, precum și la examinarea medicalã de specialitate la trimiterea medicului în condițiile art. 22 alin. (6) din Ordonanța de urgențã a Guvernului nr. 195/2002, republicatã, cu modificãrile și completãrile ulterioare;</p><p>6.&nbsp;&nbsp; sã aplice pe parbrizul și pe luneta autovehiculului, tractorului agricol sau forestier semnul distinctiv stabilit pentru conducãtorii de autovehicule începãtori, dacã are o vechime mai micã de un an de la obținerea permisului de conducere.</p>


                    </div>","https://scoaladrpciv.ro/intrebari/categoria-d/obligatiile-conducatorilor-de-autovehicule"
"1790533951-170","https://scoaladrpciv.ro/intrebari/categoria-d","Ce obligaţii are conducătorul unui autobuz atunci când un poliţist îi solicită documentele pentru control?","C - să înmâneze documentele prevăzute de lege.","","","A - să prezinte certificatul de înmatriculare şi cartea de identitate a autobuzului;","B - să prezinte documentele personale;","https://scoaladrpciv.ro/intrebare/ce-obligatii-are-conducatorul-unui-autobuz-atunci-cand-un-politist-ii-solicita-documentele-pentru-control-3325","","<div class="""">
                        <h4>Articolul 147</h4><p>Conducãtorul de autovehicul, tractor agricol sau forestier ori tramvai este obligat:</p><p>1.&nbsp;&nbsp; sã aibã asupra sa actul de identitate, permisul de conducere, certificatul de înmatriculare sau de înregistrare și, dupã caz, atestatul profesional, precum și celelalte documente prevãzute de legislația în vigoare;2.&nbsp;&nbsp; sã circule numai pe sectoarele de drum pe care îi este permis accesul și sã respecte normele referitoare la masele totale maxime autorizate și admise și/sau la dimensiunile maxime admise de autoritatea competentã pentru autovehiculele, tractoarele agricole sau forestiere conduse;</p><p>3.&nbsp;&nbsp; sã verifice funcționarea sistemului de lumini și de semnalizare, a instalației de climatizare, sã menținã permanent curate parbrizul, luneta și geamurile laterale ale autovehiculului, tractorului agricol sau forestier, precum și plãcuțele cu numãrul de înmatriculare sau înregistrare ale autovehiculului, tractorului agricol sau forestier și remorcii;</p><p>4.&nbsp;&nbsp; sã permitã controlul stãrii tehnice a vehiculului, precum și al bunurilor transportate, în condițiile legii;</p><p>5.&nbsp;&nbsp; sã se prezinte la verificarea medicalã periodicã, potrivit legii, precum și la examinarea medicalã de specialitate la trimiterea medicului în condițiile art. 22 alin. (6) din Ordonanța de urgențã a Guvernului nr. 195/2002, republicatã, cu modificãrile și completãrile ulterioare;</p><p>6.&nbsp;&nbsp; sã aplice pe parbrizul și pe luneta autovehiculului, tractorului agricol sau forestier semnul distinctiv stabilit pentru conducãtorii de autovehicule începãtori, dacã are o vechime mai micã de un an de la obținerea permisului de conducere.</p>


                    </div>","https://scoaladrpciv.ro/intrebari/categoria-d/obligatiile-conducatorilor-de-autovehicule"
"1790533956-171","https://scoaladrpciv.ro/intrebari/categoria-d","Ce bandă de circulaţie trebuie să folosiţi, atunci când conduceţi un autobuz pe autostradă?","A - numai banda din partea dreaptă, în sensul de mers;","","","B - banda de lângă axul autostrăzii;","C - oricare bandă liberă.","https://scoaladrpciv.ro/intrebare/ce-banda-de-circulatie-trebuie-sa-folositi-atunci-cand-conduceti-un-autobuz-pe-autostrada-76eb","","","https://scoaladrpciv.ro/intrebari/categoria-d/circulatia-pe-autostrazi"
"1790533959-172","https://scoaladrpciv.ro/intrebari/categoria-d","Ce obligaţii aveţi atunci când intraţi pe autostradă folosind banda de accelerare?","A - să cedaţi trecerea autovehiculelor care circulă pe prima bandă a autostrăzii şi să nu stânjeniţi în niciun fel circulaţia acestora;","","","B - să semnalizaţi stânga, pentru a-i preveni pe ceilalţi conducători să vă acorde prioritate;","C - să opriţi şi să vă asiguraţi din faţă şi din spate.","https://scoaladrpciv.ro/intrebare/ce-obligatii-aveti-atunci-cand-intrati-pe-autostrada-folosind-banda-de-accelerare-a583","","<div class="""">
                        <h4>Articolul 169</h4><p>(1)&nbsp;&nbsp; Conducãtorii de autovehicule care intra pe autostrãzi folosind banda de intrare (de accelerare) trebuie sã cedeze trecerea autovehiculelor care circulã pe prima bandã a autostrãzilor și sã nu stânjeneascã în niciun fel circulația acestora.</p><p>(2)&nbsp;&nbsp; Conducãtorii de autovehicule care urmeazã sã pãrãseascã autostrada sunt obligați sã semnalizeze din timp și sã se angajeze pe banda de ieșire (de decelerare).</p>


                    </div>","https://scoaladrpciv.ro/intrebari/categoria-d/circulatia-pe-autostrazi"
"1790533963-173","https://scoaladrpciv.ro/intrebari/categoria-d","Este permisă staţionarea în dreptul căilor de acces care deservesc proprietăţile alăturate drumurilor publice?","C - nu, deoarece staţionarea în astfel de locuri este interzisă.","","","A - legal, nu este prevăzut;","B - da, dar numai a autobuzelor având o masă totală maximă autorizată de până la 7,5 t;","https://scoaladrpciv.ro/intrebare/este-permisa-stationarea-in-dreptul-cailor-de-acces-care-deservesc-proprietatile-alaturate-drumurilor-publice-132c","","","https://scoaladrpciv.ro/intrebari/categoria-d/oprirea-stationarea-si-parcarea"
"1790533965-174","https://scoaladrpciv.ro/intrebari/categoria-d","În care dintre situaţiile de mai jos este interzisă oprirea autobuzelor pe drumurile publice?","B - la o distanţă mai mică de 25 m înainte şi după indicatorul staţiei pentru mijloacele de transport public de persoane;","","","A - pe partea carosabilă a drumurilor naţionale;","C - la mai puţin de 50 m de cel mai apropiat colţ al intersecţiei.","https://scoaladrpciv.ro/intrebare/in-care-dintre-situatiile-de-mai-jos-este-interzisa-oprirea-autobuzelor-pe-drumurile-publice-e80f","","","https://scoaladrpciv.ro/intrebari/categoria-d/oprirea-stationarea-si-parcarea"
"1790533968-175","https://scoaladrpciv.ro/intrebari/categoria-d","Unde este interzisă staţionarea?","B - în pantă;","C - pe drumurile publice cu o lăţime mai mică de 6 m.","","A - în zona de acţiune a indicatoarelor „Atenţie, copii“ şi „Drum cu denivelări“;","","https://scoaladrpciv.ro/intrebare/unde-este-interzisa-stationarea-08d6","","<div class="""">
                        <h4>Articolul 143</h4><p>Se interzice staționarea voluntarã a vehiculelor:</p><p>a)&nbsp; în toate cazurile în care este interzisã oprirea voluntarã;</p><p>b)&nbsp;&nbsp; în zona de acțiune a indicatorului cu semnificația ""Staționarea interzisã"" și a marcajului cu semnificația de interzicere a staționãrii;</p><p>c)&nbsp; pe drumurile publice cu o lãțime mai mica de 6 m;</p><p>d)&nbsp;&nbsp; în dreptul cailor de acces care deservesc proprietãțile alãturate drumurilor publice;</p><p>e)&nbsp; în pante și în rampe;</p><p>f)&nbsp;&nbsp; în locul unde este instalat indicatorul cu semnificația ""Staționare alternantã"", în altã zi sau perioadã decât cea permisã, ori indicatorul cu semnificația ""Zona de staționare cu durata limitatã"" peste durata stabilitã.</p>


                    </div>","https://scoaladrpciv.ro/intrebari/categoria-d/oprirea-stationarea-si-parcarea"
"1790533970-176","https://scoaladrpciv.ro/intrebari/categoria-d","Este permisă oprirea în dreptul staţiei de tramvai prevăzută cu refugiu pentru pietoni?","C - nu, deoarece se interzice prin lege.","","","A - da, când tramvaiul nu se află în staţie;","B - da, deoarece în astfel de staţii este permisă depăşirea;","https://scoaladrpciv.ro/intrebare/este-permisa-oprirea-in-dreptul-statiei-de-tramvai-prevazuta-cu-refugiu-pentru-pietoni-c453","","<div class="""">
                        <h4>Articolul 142</h4><p>Se interzice oprirea voluntarã a vehiculelor:</p><p>a)&nbsp; în zona de acțiune a indicatorului ""Oprirea interzisã"";</p><p>&nbsp;b)&nbsp;&nbsp; pe trecerile la nivel cu calea feratã curentã și la o distanțã mai mica de 50 m înainte și dupã acestea;</p><p>&nbsp;c)&nbsp; pe poduri, pe și sub pasaje denivelate, precum și pe viaducte;</p><p>d)&nbsp;&nbsp; în curbe și în alte locuri cu vizibilitate redusã sub 50 m;</p><p>e)&nbsp;&nbsp; pe trecerile pentru pietoni ori la mai puțin de 25 m înainte și dupã acestea;;</p><p>&nbsp;f)&nbsp;&nbsp; în intersecții, inclusiv cele cu circulație în sens giratoriu, precum și în zona de preselecție unde sunt aplicate marcaje continue, iar în lipsa acestora, la o distanțã mai mica de 25 m de coltul intersecției;</p><p>g)&nbsp;&nbsp; în stațiile mijloacelor de transport public de persoane, precum și la mai puțin de 25 m înainte și dupã acestea;</p><p>h)&nbsp;&nbsp; în dreptul altui vehicul oprit pe partea carosabilã, dacã prin aceasta se stânjenește circulația a douã vehicule venind din sensuri opuse, precum și în dreptul marcajului continuu, în cazul în care conducãtorii celorlalte vehicule care circulã în același sens ar fi obligați, din aceastã cauzã, sã treacã peste acest marcaj;</p><p>i)&nbsp;&nbsp; în locul în care se împiedicã vizibilitatea asupra unui indicator sau semnal luminos;</p><p>j)&nbsp;&nbsp; pe sectoarele de drum unde sunt instalate indicatoarele cu semnificațiile ""Drum îngustat"", ""Prioritate pentru circulația din sens invers"" sau ""Prioritate fațã de circulația din sens invers"";</p><p>k)&nbsp;&nbsp; pe pistele obligatorii pentru pietoni sau pentru pietoni și biciclete ori pe benzile rezervate unor anumite categorii de vehicule, semnalizate ca atare;</p><p>l)&nbsp;&nbsp; pe platforma caii ferate industriale sau de tramvai ori la mai puțin de 50 m de acestea, dacã circulația vehiculelor pe sine ar putea fi stânjenitã sau împiedicatã;</p><p>m)&nbsp;&nbsp; pe partea carosabilã a autostrãzilor, a drumurilor expres și a celor naționale europene (E);</p><p>n)&nbsp;&nbsp; pe trotuar, cu excepția situației în care administratorul drumului public a executat amenajãri care respectã prevederile art. 144 alin.(2) și (3);</p><p>o)&nbsp;&nbsp; pe pistele pentru biciclete;</p><p>p)&nbsp;&nbsp; în locurile unde este interzisã depãșirea.</p>


                    </div>","https://scoaladrpciv.ro/intrebari/categoria-d/oprirea-stationarea-si-parcarea"
"1790533972-177","https://scoaladrpciv.ro/intrebari/categoria-d","Este interzisă staţionarea unui autobuz pe un drum public cu o lăţime mai mică de 6 m?","A - da;","","","B - nu;","C - legal, nu este prevăzut.","https://scoaladrpciv.ro/intrebare/este-interzisa-stationarea-unui-autobuz-pe-un-drum-public-cu-o-latime-mai-mica-de-6-m-1001","","<div class="""">
                        <h4>Articolul 143</h4><p>Se interzice staționarea voluntarã a vehiculelor:</p><p>a)&nbsp; în toate cazurile în care este interzisã oprirea voluntarã;</p><p>b)&nbsp;&nbsp; în zona de acțiune a indicatorului cu semnificația ""Staționarea interzisã"" și a marcajului cu semnificația de interzicere a staționãrii;</p><p>c)&nbsp; pe drumurile publice cu o lãțime mai mica de 6 m;</p><p>d)&nbsp;&nbsp; în dreptul cailor de acces care deservesc proprietãțile alãturate drumurilor publice;</p><p>e)&nbsp; în pante și în rampe;</p><p>f)&nbsp;&nbsp; în locul unde este instalat indicatorul cu semnificația ""Staționare alternantã"", în altã zi sau perioadã decât cea permisã, ori indicatorul cu semnificația ""Zona de staționare cu durata limitatã"" peste durata stabilitã.</p>


                    </div>","https://scoaladrpciv.ro/intrebari/categoria-d/oprirea-stationarea-si-parcarea"
"1790533975-178","https://scoaladrpciv.ro/intrebari/categoria-d","Pe ce drumuri sunt permise oprirea şi staţionarea autobuzelor şi pe partea stângă, în sensul de mers?","B - pe drumurile cu sens unic, dacă rămâne liberă cel puţin o bandă de circulaţie;","","","A - pe drumurile cu trafic redus;","C - pe orice drum.","https://scoaladrpciv.ro/intrebare/pe-ce-drumuri-sunt-permise-oprirea-si-stationarea-autobuzelor-si-pe-partea-stanga-in-sensul-de-mers-a464","","<div class="""">
                        <h4>Articolul 141</h4><p>(1)&nbsp;&nbsp; Conducãtorii autovehiculelor, tractoarelor agricole sau forestiere imobilizate pe drumurile publice, care se îndepãrteazã de acestea, sunt obligați sã acționeze frânã de ajutor, sã opreascã funcționarea motorului și sã cupleze într-o treaptã de vitezã inferioarã sau în cea de parcare dacã autovehiculul, tractorul agricol sau forestier are transmisie automatã.</p><p>(2)&nbsp;&nbsp; În cazul imobilizãrii involuntare a autovehiculului, tractorului agricol sau forestier în panta sau în rampa, pe lângã obligațiile prevãzute la alin. (1) conducãtorul trebuie sã bracheze rotile directoare.</p><p>(3)&nbsp;&nbsp; În cazul imobilizãrii involuntare a autovehiculului, tractorului agricol sau forestier în pasaje subterane sau în tuneluri, conducãtorul acestuia este obligat sã opreascã funcționarea motorului.</p><p>(4)&nbsp;&nbsp; În localitãți, pe drumurile cu sens unic, oprirea sau staționarea voluntarã a vehiculelor este permisã și pe partea stânga, dacã rãmâne liberã cel puțin o bandã de circulație.</p><p>(5)&nbsp;&nbsp; În afara localitãților oprirea sau staționarea voluntarã a vehiculelor se face în afara pãrții carosabile, iar atunci când nu este posibil, cât mai aproape de marginea din dreapta a drumului, paralel cu axa acestuia.</p><p>(6)&nbsp;&nbsp; Nu este permisã staționarea pe partea carosabilã, în timpul nopții, a tractoarelor agricole sau forestiere, a remorcilor, a mopedelor, a bicicletelor, a trotinetelor electrice, a vehiculelor cu tracțiune animalã ori a celor trase sau împinse cu mâna.</p><p>(7)&nbsp;&nbsp; Nu este permisã oprirea sau staționarea în tuneluri. În situații de urgențã sau de pericol conducãtorului de autovehicul îi este permisã oprirea sau staționarea numai în locurile special amenajate și semnalizate corespunzãtor. În caz de imobilizare prelungitã a autovehiculului în tunel, conducãtorul de vehicul este obligat sã opreascã motorul.</p><p>(8)&nbsp;&nbsp; Se considerã staționare pe partea carosabilã situația în care oricare dintre roțile vehiculului sau remorcii se regãsește pe partea carosabilã.</p>


                    </div>","https://scoaladrpciv.ro/intrebari/categoria-d/oprirea-stationarea-si-parcarea"
"1790533977-179","https://scoaladrpciv.ro/intrebari/categoria-d","Oprirea voluntară a unui autobuz este interzisă:","C - în locurile unde s-ar împiedica observarea unui indicator sau a unui semnal luminos.","","","A - pe drumurile cu un singur sens de circulaţie;","B - pe drumurile cu o lăţime mai mică de 6 m;","https://scoaladrpciv.ro/intrebare/oprirea-voluntara-a-unui-autobuz-este-interzisa-4afd","","<div class="""">
                        <h4>Articolul 142</h4><p>Se interzice oprirea voluntarã a vehiculelor:</p><p>a)&nbsp; în zona de acțiune a indicatorului ""Oprirea interzisã"";</p><p>&nbsp;b)&nbsp;&nbsp; pe trecerile la nivel cu calea feratã curentã și la o distanțã mai mica de 50 m înainte și dupã acestea;</p><p>&nbsp;c)&nbsp; pe poduri, pe și sub pasaje denivelate, precum și pe viaducte;</p><p>d)&nbsp;&nbsp; în curbe și în alte locuri cu vizibilitate redusã sub 50 m;</p><p>e)&nbsp;&nbsp; pe trecerile pentru pietoni ori la mai puțin de 25 m înainte și dupã acestea;;</p><p>&nbsp;f)&nbsp;&nbsp; în intersecții, inclusiv cele cu circulație în sens giratoriu, precum și în zona de preselecție unde sunt aplicate marcaje continue, iar în lipsa acestora, la o distanțã mai mica de 25 m de coltul intersecției;</p><p>g)&nbsp;&nbsp; în stațiile mijloacelor de transport public de persoane, precum și la mai puțin de 25 m înainte și dupã acestea;</p><p>h)&nbsp;&nbsp; în dreptul altui vehicul oprit pe partea carosabilã, dacã prin aceasta se stânjenește circulația a douã vehicule venind din sensuri opuse, precum și în dreptul marcajului continuu, în cazul în care conducãtorii celorlalte vehicule care circulã în același sens ar fi obligați, din aceastã cauzã, sã treacã peste acest marcaj;</p><p>i)&nbsp;&nbsp; în locul în care se împiedicã vizibilitatea asupra unui indicator sau semnal luminos;</p><p>j)&nbsp;&nbsp; pe sectoarele de drum unde sunt instalate indicatoarele cu semnificațiile ""Drum îngustat"", ""Prioritate pentru circulația din sens invers"" sau ""Prioritate fațã de circulația din sens invers"";</p><p>k)&nbsp;&nbsp; pe pistele obligatorii pentru pietoni sau pentru pietoni și biciclete ori pe benzile rezervate unor anumite categorii de vehicule, semnalizate ca atare;</p><p>l)&nbsp;&nbsp; pe platforma caii ferate industriale sau de tramvai ori la mai puțin de 50 m de acestea, dacã circulația vehiculelor pe sine ar putea fi stânjenitã sau împiedicatã;</p><p>m)&nbsp;&nbsp; pe partea carosabilã a autostrãzilor, a drumurilor expres și a celor naționale europene (E);</p><p>n)&nbsp;&nbsp; pe trotuar, cu excepția situației în care administratorul drumului public a executat amenajãri care respectã prevederile art. 144 alin.(2) și (3);</p><p>o)&nbsp;&nbsp; pe pistele pentru biciclete;</p><p>p)&nbsp;&nbsp; în locurile unde este interzisã depãșirea.</p>


                    </div>","https://scoaladrpciv.ro/intrebari/categoria-d/oprirea-stationarea-si-parcarea"
"1790533979-180","https://scoaladrpciv.ro/intrebari/categoria-d","Este interzisă staţionarea în dreptul marcajului longitudinal continuu, aplicat între sensurile de circulaţie?","B - da, atunci când conducătorii celorlalte vehicule ar fi obligaţi astfel să treacă peste marcajul respectiv;","","","A - nu;","C - legal, nu este prevăzut.","https://scoaladrpciv.ro/intrebare/este-interzisa-stationarea-in-dreptul-marcajului-longitudinal-continuu-aplicat-intre-sensurile-de-circulatie-2afc","","<div class="""">
                        <h4>Articolul 143</h4><p>Se interzice staționarea voluntarã a vehiculelor:</p><p>a)&nbsp; în toate cazurile în care este interzisã oprirea voluntarã;</p><p>b)&nbsp;&nbsp; în zona de acțiune a indicatorului cu semnificația ""Staționarea interzisã"" și a marcajului cu semnificația de interzicere a staționãrii;</p><p>c)&nbsp; pe drumurile publice cu o lãțime mai mica de 6 m;</p><p>d)&nbsp;&nbsp; în dreptul cailor de acces care deservesc proprietãțile alãturate drumurilor publice;</p><p>e)&nbsp; în pante și în rampe;</p><p>f)&nbsp;&nbsp; în locul unde este instalat indicatorul cu semnificația ""Staționare alternantã"", în altã zi sau perioadã decât cea permisã, ori indicatorul cu semnificația ""Zona de staționare cu durata limitatã"" peste durata stabilitã.</p>


                    </div>","https://scoaladrpciv.ro/intrebari/categoria-d/oprirea-stationarea-si-parcarea"
"1790533981-181","https://scoaladrpciv.ro/intrebari/categoria-d","Dacă circulaţi pe un drum naţional european (E), vă este interzis:","B - să opriţi pe partea carosabilă;","","","A - să folosiţi pe timpul zilei luminile de întâlnire;","C - să depăşiţi.","https://scoaladrpciv.ro/intrebare/daca-circulati-pe-un-drum-national-european-e-va-este-interzis-5954","","<div class="""">
                        <h4>Articolul 142</h4><p>Se interzice oprirea voluntarã a vehiculelor:</p><p>a)&nbsp; în zona de acțiune a indicatorului ""Oprirea interzisã"";</p><p>&nbsp;b)&nbsp;&nbsp; pe trecerile la nivel cu calea feratã curentã și la o distanțã mai mica de 50 m înainte și dupã acestea;</p><p>&nbsp;c)&nbsp; pe poduri, pe și sub pasaje denivelate, precum și pe viaducte;</p><p>d)&nbsp;&nbsp; în curbe și în alte locuri cu vizibilitate redusã sub 50 m;</p><p>e)&nbsp;&nbsp; pe trecerile pentru pietoni ori la mai puțin de 25 m înainte și dupã acestea;;</p><p>&nbsp;f)&nbsp;&nbsp; în intersecții, inclusiv cele cu circulație în sens giratoriu, precum și în zona de preselecție unde sunt aplicate marcaje continue, iar în lipsa acestora, la o distanțã mai mica de 25 m de coltul intersecției;</p><p>g)&nbsp;&nbsp; în stațiile mijloacelor de transport public de persoane, precum și la mai puțin de 25 m înainte și dupã acestea;</p><p>h)&nbsp;&nbsp; în dreptul altui vehicul oprit pe partea carosabilã, dacã prin aceasta se stânjenește circulația a douã vehicule venind din sensuri opuse, precum și în dreptul marcajului continuu, în cazul în care conducãtorii celorlalte vehicule care circulã în același sens ar fi obligați, din aceastã cauzã, sã treacã peste acest marcaj;</p><p>i)&nbsp;&nbsp; în locul în care se împiedicã vizibilitatea asupra unui indicator sau semnal luminos;</p><p>j)&nbsp;&nbsp; pe sectoarele de drum unde sunt instalate indicatoarele cu semnificațiile ""Drum îngustat"", ""Prioritate pentru circulația din sens invers"" sau ""Prioritate fațã de circulația din sens invers"";</p><p>k)&nbsp;&nbsp; pe pistele obligatorii pentru pietoni sau pentru pietoni și biciclete ori pe benzile rezervate unor anumite categorii de vehicule, semnalizate ca atare;</p><p>l)&nbsp;&nbsp; pe platforma caii ferate industriale sau de tramvai ori la mai puțin de 50 m de acestea, dacã circulația vehiculelor pe sine ar putea fi stânjenitã sau împiedicatã;</p><p>m)&nbsp;&nbsp; pe partea carosabilã a autostrãzilor, a drumurilor expres și a celor naționale europene (E);</p><p>n)&nbsp;&nbsp; pe trotuar, cu excepția situației în care administratorul drumului public a executat amenajãri care respectã prevederile art. 144 alin.(2) și (3);</p><p>o)&nbsp;&nbsp; pe pistele pentru biciclete;</p><p>p)&nbsp;&nbsp; în locurile unde este interzisã depãșirea.</p>


                    </div>","https://scoaladrpciv.ro/intrebari/categoria-d/oprirea-stationarea-si-parcarea"
"1790533984-182","https://scoaladrpciv.ro/intrebari/categoria-d","În care dintre situaţiile prezentate mai jos nu este permisă oprirea voluntară a autobuzelor?","A - la o distanţă mai mică de 50 m de trecerea la nivel cu calea ferată;","B - pe pistele obligatorii pentru pietoni;","C - pe platforma căii ferate sau de tramvai, dacă prin aceasta este stânjenită circulaţia vehiculelor pe şine.","","","https://scoaladrpciv.ro/intrebare/in-care-dintre-situatiile-prezentate-mai-jos-nu-este-permisa-oprirea-voluntara-a-autobuzelor-186a","","<div class="""">
                        <h4>Articolul 142</h4><p>Se interzice oprirea voluntarã a vehiculelor:</p><p>a)&nbsp; în zona de acțiune a indicatorului ""Oprirea interzisã"";</p><p>&nbsp;b)&nbsp;&nbsp; pe trecerile la nivel cu calea feratã curentã și la o distanțã mai mica de 50 m înainte și dupã acestea;</p><p>&nbsp;c)&nbsp; pe poduri, pe și sub pasaje denivelate, precum și pe viaducte;</p><p>d)&nbsp;&nbsp; în curbe și în alte locuri cu vizibilitate redusã sub 50 m;</p><p>e)&nbsp;&nbsp; pe trecerile pentru pietoni ori la mai puțin de 25 m înainte și dupã acestea;;</p><p>&nbsp;f)&nbsp;&nbsp; în intersecții, inclusiv cele cu circulație în sens giratoriu, precum și în zona de preselecție unde sunt aplicate marcaje continue, iar în lipsa acestora, la o distanțã mai mica de 25 m de coltul intersecției;</p><p>g)&nbsp;&nbsp; în stațiile mijloacelor de transport public de persoane, precum și la mai puțin de 25 m înainte și dupã acestea;</p><p>h)&nbsp;&nbsp; în dreptul altui vehicul oprit pe partea carosabilã, dacã prin aceasta se stânjenește circulația a douã vehicule venind din sensuri opuse, precum și în dreptul marcajului continuu, în cazul în care conducãtorii celorlalte vehicule care circulã în același sens ar fi obligați, din aceastã cauzã, sã treacã peste acest marcaj;</p><p>i)&nbsp;&nbsp; în locul în care se împiedicã vizibilitatea asupra unui indicator sau semnal luminos;</p><p>j)&nbsp;&nbsp; pe sectoarele de drum unde sunt instalate indicatoarele cu semnificațiile ""Drum îngustat"", ""Prioritate pentru circulația din sens invers"" sau ""Prioritate fațã de circulația din sens invers"";</p><p>k)&nbsp;&nbsp; pe pistele obligatorii pentru pietoni sau pentru pietoni și biciclete ori pe benzile rezervate unor anumite categorii de vehicule, semnalizate ca atare;</p><p>l)&nbsp;&nbsp; pe platforma caii ferate industriale sau de tramvai ori la mai puțin de 50 m de acestea, dacã circulația vehiculelor pe sine ar putea fi stânjenitã sau împiedicatã;</p><p>m)&nbsp;&nbsp; pe partea carosabilã a autostrãzilor, a drumurilor expres și a celor naționale europene (E);</p><p>n)&nbsp;&nbsp; pe trotuar, cu excepția situației în care administratorul drumului public a executat amenajãri care respectã prevederile art. 144 alin.(2) și (3);</p><p>o)&nbsp;&nbsp; pe pistele pentru biciclete;</p><p>p)&nbsp;&nbsp; în locurile unde este interzisã depãșirea.</p>


                    </div>","https://scoaladrpciv.ro/intrebari/categoria-d/oprirea-stationarea-si-parcarea"
"1790533986-183","https://scoaladrpciv.ro/intrebari/categoria-d","În care dintre locuri este interzisă oprirea?","C - pe sectoarele de drum unde se află indicatorul „Drum îngustat“.","","","A - pe sectoarele de drum neiluminate;","B - pe sectoarele de drum la începutul cărora se află indicatorul „Drum cu prioritate“;","https://scoaladrpciv.ro/intrebare/in-care-dintre-locuri-este-interzisa-oprirea-384e","","<div class="""">
                        <h4>Articolul 142</h4><p>Se interzice oprirea voluntarã a vehiculelor:</p><p>a)&nbsp; în zona de acțiune a indicatorului ""Oprirea interzisã"";</p><p>&nbsp;b)&nbsp;&nbsp; pe trecerile la nivel cu calea feratã curentã și la o distanțã mai mica de 50 m înainte și dupã acestea;</p><p>&nbsp;c)&nbsp; pe poduri, pe și sub pasaje denivelate, precum și pe viaducte;</p><p>d)&nbsp;&nbsp; în curbe și în alte locuri cu vizibilitate redusã sub 50 m;</p><p>e)&nbsp;&nbsp; pe trecerile pentru pietoni ori la mai puțin de 25 m înainte și dupã acestea;;</p><p>&nbsp;f)&nbsp;&nbsp; în intersecții, inclusiv cele cu circulație în sens giratoriu, precum și în zona de preselecție unde sunt aplicate marcaje continue, iar în lipsa acestora, la o distanțã mai mica de 25 m de coltul intersecției;</p><p>g)&nbsp;&nbsp; în stațiile mijloacelor de transport public de persoane, precum și la mai puțin de 25 m înainte și dupã acestea;</p><p>h)&nbsp;&nbsp; în dreptul altui vehicul oprit pe partea carosabilã, dacã prin aceasta se stânjenește circulația a douã vehicule venind din sensuri opuse, precum și în dreptul marcajului continuu, în cazul în care conducãtorii celorlalte vehicule care circulã în același sens ar fi obligați, din aceastã cauzã, sã treacã peste acest marcaj;</p><p>i)&nbsp;&nbsp; în locul în care se împiedicã vizibilitatea asupra unui indicator sau semnal luminos;</p><p>j)&nbsp;&nbsp; pe sectoarele de drum unde sunt instalate indicatoarele cu semnificațiile ""Drum îngustat"", ""Prioritate pentru circulația din sens invers"" sau ""Prioritate fațã de circulația din sens invers"";</p><p>k)&nbsp;&nbsp; pe pistele obligatorii pentru pietoni sau pentru pietoni și biciclete ori pe benzile rezervate unor anumite categorii de vehicule, semnalizate ca atare;</p><p>l)&nbsp;&nbsp; pe platforma caii ferate industriale sau de tramvai ori la mai puțin de 50 m de acestea, dacã circulația vehiculelor pe sine ar putea fi stânjenitã sau împiedicatã;</p><p>m)&nbsp;&nbsp; pe partea carosabilã a autostrãzilor, a drumurilor expres și a celor naționale europene (E);</p><p>n)&nbsp;&nbsp; pe trotuar, cu excepția situației în care administratorul drumului public a executat amenajãri care respectã prevederile art. 144 alin.(2) și (3);</p><p>o)&nbsp;&nbsp; pe pistele pentru biciclete;</p><p>p)&nbsp;&nbsp; în locurile unde este interzisã depãșirea.</p>


                    </div>","https://scoaladrpciv.ro/intrebari/categoria-d/oprirea-stationarea-si-parcarea"
"1790533988-184","https://scoaladrpciv.ro/intrebari/categoria-d","Oprirea este interzisă:","A - în zona de acţiune a indicatorului „Drum îngustat“;","B - în zona de acţiune a indicatoarelor care interzic depăşirea;","C - în dreptul altui vehicul staţionat, dacă prin aceasta se stânjeneşte circulaţia a două vehicule venind din sensuri opuse.","","","https://scoaladrpciv.ro/intrebare/oprirea-este-interzisa-a2ef","","<div class="""">
                        <h4>Articolul 142</h4><p>Se interzice oprirea voluntarã a vehiculelor:</p><p>a)&nbsp; în zona de acțiune a indicatorului ""Oprirea interzisã"";</p><p>&nbsp;b)&nbsp;&nbsp; pe trecerile la nivel cu calea feratã curentã și la o distanțã mai mica de 50 m înainte și dupã acestea;</p><p>&nbsp;c)&nbsp; pe poduri, pe și sub pasaje denivelate, precum și pe viaducte;</p><p>d)&nbsp;&nbsp; în curbe și în alte locuri cu vizibilitate redusã sub 50 m;</p><p>e)&nbsp;&nbsp; pe trecerile pentru pietoni ori la mai puțin de 25 m înainte și dupã acestea;;</p><p>&nbsp;f)&nbsp;&nbsp; în intersecții, inclusiv cele cu circulație în sens giratoriu, precum și în zona de preselecție unde sunt aplicate marcaje continue, iar în lipsa acestora, la o distanțã mai mica de 25 m de coltul intersecției;</p><p>g)&nbsp;&nbsp; în stațiile mijloacelor de transport public de persoane, precum și la mai puțin de 25 m înainte și dupã acestea;</p><p>h)&nbsp;&nbsp; în dreptul altui vehicul oprit pe partea carosabilã, dacã prin aceasta se stânjenește circulația a douã vehicule venind din sensuri opuse, precum și în dreptul marcajului continuu, în cazul în care conducãtorii celorlalte vehicule care circulã în același sens ar fi obligați, din aceastã cauzã, sã treacã peste acest marcaj;</p><p>i)&nbsp;&nbsp; în locul în care se împiedicã vizibilitatea asupra unui indicator sau semnal luminos;</p><p>j)&nbsp;&nbsp; pe sectoarele de drum unde sunt instalate indicatoarele cu semnificațiile ""Drum îngustat"", ""Prioritate pentru circulația din sens invers"" sau ""Prioritate fațã de circulația din sens invers"";</p><p>k)&nbsp;&nbsp; pe pistele obligatorii pentru pietoni sau pentru pietoni și biciclete ori pe benzile rezervate unor anumite categorii de vehicule, semnalizate ca atare;</p><p>l)&nbsp;&nbsp; pe platforma caii ferate industriale sau de tramvai ori la mai puțin de 50 m de acestea, dacã circulația vehiculelor pe sine ar putea fi stânjenitã sau împiedicatã;</p><p>m)&nbsp;&nbsp; pe partea carosabilã a autostrãzilor, a drumurilor expres și a celor naționale europene (E);</p><p>n)&nbsp;&nbsp; pe trotuar, cu excepția situației în care administratorul drumului public a executat amenajãri care respectã prevederile art. 144 alin.(2) și (3);</p><p>o)&nbsp;&nbsp; pe pistele pentru biciclete;</p><p>p)&nbsp;&nbsp; în locurile unde este interzisã depãșirea.</p>


                    </div>","https://scoaladrpciv.ro/intrebari/categoria-d/oprirea-stationarea-si-parcarea"
"1790533991-185","https://scoaladrpciv.ro/intrebari/categoria-d","În care dintre situaţii oprirea este interzisă?","A - în zona de acţiune a indicatorului care interzice depăşirea;","C - în dreptul altui vehicul care se află oprit, dacă prin aceasta se stânjeneşte circulaţia a două vehicule venind din sensuri opuse.","","B - pe străzile unde circulaţia se desfăşoară în sens unic;","","https://scoaladrpciv.ro/intrebare/in-care-dintre-situatii-oprirea-este-interzisa-4944","","<div class="""">
                        <h4>Articolul 142</h4><p>Se interzice oprirea voluntarã a vehiculelor:</p><p>a)&nbsp; în zona de acțiune a indicatorului ""Oprirea interzisã"";</p><p>&nbsp;b)&nbsp;&nbsp; pe trecerile la nivel cu calea feratã curentã și la o distanțã mai mica de 50 m înainte și dupã acestea;</p><p>&nbsp;c)&nbsp; pe poduri, pe și sub pasaje denivelate, precum și pe viaducte;</p><p>d)&nbsp;&nbsp; în curbe și în alte locuri cu vizibilitate redusã sub 50 m;</p><p>e)&nbsp;&nbsp; pe trecerile pentru pietoni ori la mai puțin de 25 m înainte și dupã acestea;;</p><p>&nbsp;f)&nbsp;&nbsp; în intersecții, inclusiv cele cu circulație în sens giratoriu, precum și în zona de preselecție unde sunt aplicate marcaje continue, iar în lipsa acestora, la o distanțã mai mica de 25 m de coltul intersecției;</p><p>g)&nbsp;&nbsp; în stațiile mijloacelor de transport public de persoane, precum și la mai puțin de 25 m înainte și dupã acestea;</p><p>h)&nbsp;&nbsp; în dreptul altui vehicul oprit pe partea carosabilã, dacã prin aceasta se stânjenește circulația a douã vehicule venind din sensuri opuse, precum și în dreptul marcajului continuu, în cazul în care conducãtorii celorlalte vehicule care circulã în același sens ar fi obligați, din aceastã cauzã, sã treacã peste acest marcaj;</p><p>i)&nbsp;&nbsp; în locul în care se împiedicã vizibilitatea asupra unui indicator sau semnal luminos;</p><p>j)&nbsp;&nbsp; pe sectoarele de drum unde sunt instalate indicatoarele cu semnificațiile ""Drum îngustat"", ""Prioritate pentru circulația din sens invers"" sau ""Prioritate fațã de circulația din sens invers"";</p><p>k)&nbsp;&nbsp; pe pistele obligatorii pentru pietoni sau pentru pietoni și biciclete ori pe benzile rezervate unor anumite categorii de vehicule, semnalizate ca atare;</p><p>l)&nbsp;&nbsp; pe platforma caii ferate industriale sau de tramvai ori la mai puțin de 50 m de acestea, dacã circulația vehiculelor pe sine ar putea fi stânjenitã sau împiedicatã;</p><p>m)&nbsp;&nbsp; pe partea carosabilã a autostrãzilor, a drumurilor expres și a celor naționale europene (E);</p><p>n)&nbsp;&nbsp; pe trotuar, cu excepția situației în care administratorul drumului public a executat amenajãri care respectã prevederile art. 144 alin.(2) și (3);</p><p>o)&nbsp;&nbsp; pe pistele pentru biciclete;</p><p>p)&nbsp;&nbsp; în locurile unde este interzisã depãșirea.</p>


                    </div>","https://scoaladrpciv.ro/intrebari/categoria-d/oprirea-stationarea-si-parcarea"
"1790533995-186","https://scoaladrpciv.ro/intrebari/categoria-d","Dacă autobuzul pe care îl conduceţi rămâne imobilizat pe calea ferată, aveţi următoarea obligaţie:","A - să scoateţi imediat pasagerii din autobuz şi să eliberaţi platforma căii ferate sau, când nu este posibil, să semnalizaţi prezenţa acestuia cu orice mijloc adecvat;","","","B - să anunţaţi poliţia;","C - să porniţi autobuzul prin orice mijloace.","https://scoaladrpciv.ro/intrebare/daca-autobuzul-pe-care-il-conduceti-ramane-imobilizat-pe-calea-ferata-aveti-urmatoarea-obligatie-63f0","","","https://scoaladrpciv.ro/intrebari/categoria-d/trecerea-la-nivel-cu-calea-ferata"
"1790533998-187","https://scoaladrpciv.ro/intrebari/categoria-d","Cum procedaţi în situaţia în care aţi rămas imobilizat cu autobuzul pe calea ferată?","C - scoateţi imediat pasagerii din vehicul şi eliberaţi platforma căii ferate, iar dacă nu este posibil, semnalizaţi prezenţa vehiculului cu orice mijloc adecvat.","","","A - părăsiţi imediat postul de comandă, pentru a nu fi accidentat de tren;","B - încercaţi în mod repetat să porniţi motorul, pentru a degaja calea ferată;","https://scoaladrpciv.ro/intrebare/cum-procedati-in-situatia-in-care-ati-ramas-imobilizat-cu-autobuzul-pe-calea-ferata-a6de","","<div class="""">
                        <h4>Articolul 139</h4><p>(1)&nbsp;&nbsp; În cazul imobilizãrii unui vehicul pe calea feratã, conducãtorul acestuia este obligat sã scoatã imediat pasagerii din vehicul și sã elibereze platforma caii ferate, iar când nu este posibil, sã semnalizeze prezența vehiculului cu orice mijloc adecvat.</p><p>(2)&nbsp;&nbsp; Participanții la trafic, care se gãsesc în apropierea locului unde un vehicul a rãmas imobilizat pe calea feratã, sunt obligați sã acorde sprijin pentru scoaterea acestuia sau, când nu este posibil, pentru semnalizarea prezentei lui.</p><p>(3)&nbsp;&nbsp; Conducãtorului de vehicul îi este interzis sã treacã sau sã ocoleascã porțile de gabarit instalate înaintea cãilor ferate electrificate, dacã înãlțimea sau încãrcãtura vehiculului atinge ori depãșește partea superioarã a porții.</p>


                    </div>","https://scoaladrpciv.ro/intrebari/categoria-d/trecerea-la-nivel-cu-calea-ferata"
"1790534000-188","https://scoaladrpciv.ro/intrebari/categoria-d","Dacă la trecerea la nivel cu calea ferată constataţi că un vehicul este imobilizat pe calea ferată, cum veţi proceda?","C - acordaţi sprijin pentru scoaterea vehiculului de pe calea ferată sau, dacă nu este posibil, semnalaţi prezenţa acestuia.","","","A - vă continuaţi drumul, deoarece degajarea căii ferate se va face de către personalul calificat;","B - opriţi şi anunţaţi telefonic poliţia despre acest incident;","https://scoaladrpciv.ro/intrebare/daca-la-trecerea-la-nivel-cu-calea-ferata-constatati-ca-un-vehicul-este-imobilizat-pe-calea-ferata-cum-veti-proceda-96ac","","<div class="""">
                        <h4>Articolul 139</h4><p>(1)&nbsp;&nbsp; În cazul imobilizãrii unui vehicul pe calea feratã, conducãtorul acestuia este obligat sã scoatã imediat pasagerii din vehicul și sã elibereze platforma caii ferate, iar când nu este posibil, sã semnalizeze prezența vehiculului cu orice mijloc adecvat.</p><p>(2)&nbsp;&nbsp; Participanții la trafic, care se gãsesc în apropierea locului unde un vehicul a rãmas imobilizat pe calea feratã, sunt obligați sã acorde sprijin pentru scoaterea acestuia sau, când nu este posibil, pentru semnalizarea prezentei lui.</p><p>(3)&nbsp;&nbsp; Conducãtorului de vehicul îi este interzis sã treacã sau sã ocoleascã porțile de gabarit instalate înaintea cãilor ferate electrificate, dacã înãlțimea sau încãrcãtura vehiculului atinge ori depãșește partea superioarã a porții.</p>


                    </div>","https://scoaladrpciv.ro/intrebari/categoria-d/trecerea-la-nivel-cu-calea-ferata"
"1790534002-189","https://scoaladrpciv.ro/intrebari/categoria-d","Cum trebuie să procedeze conducătorul unui autobuz la trecerea la nivel cu calea ferată, atunci când barierele sunt ridicate?","C - să reducă viteza autobuzului şi să traverseze cu atenţie, asigurându-se că din partea stângă sau din partea dreaptă nu se apropie un vehicul feroviar.","","","A - să reducă viteza, fără a depăşi linia continuă pentru oprire;","B - să oprească autobuzul în locul unde vizibilitatea este maximă, fără a depăşi indicatorul de prioritate în cruce;","https://scoaladrpciv.ro/intrebare/cum-trebuie-sa-procedeze-conducatorul-unui-autobuz-la-trecerea-la-nivel-cu-calea-ferata-atunci-cand-barierele-sunt-ridicate-68b0","","<div class="""">
                        <h4>Articolul 136</h4><p>(1)&nbsp;&nbsp; La trecerea la nivel cu calea feratã curentã, conducãtorul de vehicul este obligat sã circule cu viteza redusã și sã se asigure ca din partea stânga sau din partea dreaptã nu se apropie un vehicul feroviar.</p><p>(2)&nbsp;&nbsp; La traversarea caii ferate, pietonii sunt obligați sã se asigure cã din stânga sau din dreapta nu se apropie un vehicul feroviar.</p>


                    </div>","https://scoaladrpciv.ro/intrebari/categoria-d/trecerea-la-nivel-cu-calea-ferata"
"1790534004-190","https://scoaladrpciv.ro/intrebari/categoria-d","La apropierea de o cale ferată industrială:","A - conducătorii de autobuze vor da dovadă de prudenţă sporită;","","","B - conducătorii de autobuze nu au nicio obligaţie, dacă nu există un agent de cale ferată;","C - se va respecta semnificaţia semaforului electric.","https://scoaladrpciv.ro/intrebare/la-apropierea-de-o-cale-ferata-industriala-606c","","<div class="""">
                        <h4>Articolul 140</h4><p>(1)&nbsp;&nbsp; La intersectarea unui drum public cu o cale feratã industrialã, accesul vehiculelor feroviare se face numai dupã semnalizarea corespunzãtoare și din timp de cãtre cel puțin un agent de cale feratã.</p><p>(2)&nbsp;&nbsp; În cazul prevãzut la alin. (1), conducãtorii de vehicule sunt obligați sã se conformeze semnificației semnalelor agenților de cale feratã.</p>


                    </div>","https://scoaladrpciv.ro/intrebari/categoria-d/trecerea-la-nivel-cu-calea-ferata"
"1790534007-191","https://scoaladrpciv.ro/intrebari/categoria-d","Cum procedaţi când urmează să traversaţi o trecere la nivel cu calea ferată simplă, fără bariere?","A - opriţi, fără a depăşi indicatorul în cruce, vă angajaţi şi traversaţi numai după ce v-aţi asigurat că nu există niciun pericol;","","","B - reduceţi viteza, vă asiguraţi în stânga şi în dreapta, după care traversaţi cu atenţie;","C - opriţi sau, dacă nu e cazul, doar reduceţi viteza, vă asiguraţi, traversaţi calea ferată, după care vă continuaţi drumul.","https://scoaladrpciv.ro/intrebare/cum-procedati-cand-urmeaza-sa-traversati-o-trecere-la-nivel-cu-calea-ferata-simpla-fara-bariere-1263","","<div class="""">
                        <h4>Articolul 138</h4><p>(1) Conducãtorul de vehicul este obligat sã opreascã atunci când:</p><ul style=""list-style-type:circle;""><li>a)&nbsp;&nbsp; barierele sau semibarierele sunt coborâte, în curs de coborâre sau de ridicare;</li><li>b)&nbsp;&nbsp; semnalul cu lumini roșii și/sau semnalul sonor sunt în funcțiune;&nbsp;</li><li>c)&nbsp;&nbsp; întâlnește indicatorul ""Trecerea la nivel cu calea feratã simplã, fãrã bariere"", ""Trecerea la nivel cu calea feratã dublã, fãrã bariere"" sau ""Oprire"".</li></ul><p>(2)&nbsp;&nbsp; Vehiculele trebuie sã opreascã, în ordinea sosirii, în locul în care existã vizibilitate maxima asupra caii ferate fãrã a trece de indicatoarele prevãzute la alin. (1) lit. c) sau, dupã caz, înaintea marcajului pentru oprire ori înaintea barierelor sau semibarierelor, când acestea sunt închise, în curs de coborâre sau de ridicare.</p>


                    </div>","https://scoaladrpciv.ro/intrebari/categoria-d/trecerea-la-nivel-cu-calea-ferata"
"1790534009-192","https://scoaladrpciv.ro/intrebari/categoria-d","La traversarea unei treceri la nivel cu calea ferată fără bariere, conducătorii de autobuze sunt obligaţi:","C - să oprească, fără a depăşi indicatorul de avertizare în cruce, şi să traverseze numai după ce s-au asigurat că nu există niciun pericol.","","","A - să reducă viteza şi să se asigure, apoi să traverseze cu atenţie;","B - să oprească sau, dacă nu se impune, să reducă doar viteza şi, după ce s-au asigurat, să traverseze calea ferată;","https://scoaladrpciv.ro/intrebare/la-traversarea-unei-treceri-la-nivel-cu-calea-ferata-fara-bariere-conducatorii-de-autobuze-sunt-obligati-b27d","","<div class="""">
                        <h4>Articolul 138</h4><p>(1) Conducãtorul de vehicul este obligat sã opreascã atunci când:</p><ul style=""list-style-type:circle;""><li>a)&nbsp;&nbsp; barierele sau semibarierele sunt coborâte, în curs de coborâre sau de ridicare;</li><li>b)&nbsp;&nbsp; semnalul cu lumini roșii și/sau semnalul sonor sunt în funcțiune;&nbsp;</li><li>c)&nbsp;&nbsp; întâlnește indicatorul ""Trecerea la nivel cu calea feratã simplã, fãrã bariere"", ""Trecerea la nivel cu calea feratã dublã, fãrã bariere"" sau ""Oprire"".</li></ul><p>(2)&nbsp;&nbsp; Vehiculele trebuie sã opreascã, în ordinea sosirii, în locul în care existã vizibilitate maxima asupra caii ferate fãrã a trece de indicatoarele prevãzute la alin. (1) lit. c) sau, dupã caz, înaintea marcajului pentru oprire ori înaintea barierelor sau semibarierelor, când acestea sunt închise, în curs de coborâre sau de ridicare.</p>


                    </div>","https://scoaladrpciv.ro/intrebari/categoria-d/trecerea-la-nivel-cu-calea-ferata"
"1790534011-193","https://scoaladrpciv.ro/intrebari/categoria-d","Ce obligaţii aveţi la semnalele agenţilor căilor ferate, plasaţi la trecerea la nivel cu o cale ferată?","B - să vă conformaţi semnificaţiei semnalelor acestora;","","","A - nicio obligaţie, deoarece agenţii căilor ferate dirijează garniturile de tren;","C - să reduceţi viteza, să vă asiguraţi, iar, dacă trenul nu este în mişcare, puteţi să continuaţi traversarea căii ferate cu atenţie.","https://scoaladrpciv.ro/intrebare/ce-obligatii-aveti-la-semnalele-agentilor-cailor-ferate-plasati-la-trecerea-la-nivel-cu-o-cale-ferata-ead4","","<div class="""">
                        <h4>Articolul 140</h4><p>(1)&nbsp;&nbsp; La intersectarea unui drum public cu o cale feratã industrialã, accesul vehiculelor feroviare se face numai dupã semnalizarea corespunzãtoare și din timp de cãtre cel puțin un agent de cale feratã.</p><p>(2)&nbsp;&nbsp; În cazul prevãzut la alin. (1), conducãtorii de vehicule sunt obligați sã se conformeze semnificației semnalelor agenților de cale feratã.</p>


                    </div>","https://scoaladrpciv.ro/intrebari/categoria-d/trecerea-la-nivel-cu-calea-ferata"
"1790534016-194","https://scoaladrpciv.ro/intrebari/categoria-d","Dacă conducătorul autobuzului 1 doreşte să circule pe direcţia înainte şi circulaţia este blocată, deşi semnalul verde este în funcţiune,  cum trebuie să procedeze?","C - să aştepte deblocarea circulaţiei şi reapariţia semnalului verde.","","","A - să traverseze intersecţia, încadrându-se cât mai aproape de axul drumului, şi să înainteze cât este posibil;","B - să traverseze intersecţia şi să oprească cât mai aproape în spatele autobuzului 2;","https://scoaladrpciv.ro/intrebare/daca-conducatorul-autobuzului-1-doreste-sa-circule-pe-directia-inainte-si-circulatia-este-blocata-desi-semnalul-verde-este-in-functiune-cum-trebuie-sa-procedeze-55f9","https://scoaladrpciv.ro/storage/questions/2519.jpeg","","https://scoaladrpciv.ro/intrebari/categoria-d/prioritate-de-trecere"
"1790534018-195","https://scoaladrpciv.ro/intrebari/categoria-d","Cum veţi proceda dacă la intrarea într-o intersecţie semaforul este pe semnalul verde, dar aceasta este blocată din cauza aglomeraţiei?","C - opriţi şi aşteptaţi deblocarea, după care pătrundeţi în intersecţie pe semnalul verde al semaforului.","","","A - vă continuaţi deplasarea, deoarece semnalul verde vă permite acest lucru;","B - claxonaţi şi găsiţi o modalitate de a avansa printre celelalte vehicule;","https://scoaladrpciv.ro/intrebare/cum-veti-proceda-daca-la-intrarea-intr-o-intersectie-semaforul-este-pe-semnalul-verde-dar-aceasta-este-blocata-din-cauza-aglomeratiei-f7e5","","","https://scoaladrpciv.ro/intrebari/categoria-d/prioritate-de-trecere"
"1790534021-196","https://scoaladrpciv.ro/intrebari/categoria-d","Ce obligaţii vă revin dacă, într-o intersecţie, viraţi la stânga pe semnalul verde al semaforului?","C - acordaţi prioritate de trecere atât vehiculelor care circulă din sens opus, cât şi pietonilor aflaţi în traversare pe culoarea verde, pe sensul de mers.","","","A - nicio obligaţie;","B - acordaţi prioritate de trecere mijloacelor de transport public de persoane;","https://scoaladrpciv.ro/intrebare/ce-obligatii-va-revin-daca-intr-o-intersectie-virati-la-stanga-pe-semnalul-verde-al-semaforului-109c","","","https://scoaladrpciv.ro/intrebari/categoria-d/prioritate-de-trecere"
"1790534023-197","https://scoaladrpciv.ro/intrebari/categoria-d","Cui trebuie să cedeze trecerea conducătorul autobuzului din imagine, dacă semafoarele nu funcţionează?","B - atât bicicletei, cât şi autocamionului;","","","A - autocamionului, deoarece face parte din categoria autovehiculelor grele;","C - bicicletei.","https://scoaladrpciv.ro/intrebare/cui-trebuie-sa-cedeze-trecerea-conducatorul-autobuzului-din-imagine-daca-semafoarele-nu-functioneaza-fd4f","https://scoaladrpciv.ro/storage/questions/2462.jpeg","<div class="""">
                        <h4>Articolul 57</h4>
<p style=""margin-left: 0cm; text-align: justify;"">(1)&nbsp;&nbsp; La intersecțiile cu circulație nedirijată, conducătorul de vehicul este obligat să cedeze trecerea vehiculelor care vin din partea dreapta, în condițiile stabilite prin regulament.</p>
<p style=""margin-left: 0cm; text-align: justify;"">(2)&nbsp;&nbsp; La intersecțiile cu circulație dirijată, conducătorul de vehicul este obligat să respecte semnificația indicatoarelor, culoarea semaforului sau indicațiile ori semnalele polițistului rutier.</p>
<p style=""margin-left: 0cm; text-align: justify;"">(3)&nbsp;&nbsp; Pătrunderea unui vehicul într-o intersecție este interzisă dacă prin aceasta se produce blocarea intersecției.</p>
<p>(4)&nbsp;&nbsp; În intersecțiile cu sens giratoriu, semnalizate ca atare, vehiculele care circulă în interiorul acestora au prioritate față de cele care urmează să pătrundă în intersecție.</p>


                    </div>","https://scoaladrpciv.ro/intrebari/categoria-d/prioritate-de-trecere"
"1790534025-198","https://scoaladrpciv.ro/intrebari/categoria-d","Există situaţii când conducătorul de autovehicul acordă prioritate de trecere bicicletei sau căruţei?","C - da.","","","A - nu, legislaţia rutieră nu prevede asemenea situaţii;","B - nu, conducătorii de autovehicule au întotdeauna prioritate;","https://scoaladrpciv.ro/intrebare/exista-situatii-cand-conducatorul-de-autovehicul-acorda-prioritate-de-trecere-bicicletei-sau-carutei-c42e","","<div class="""">
                        <h4>Articolul 135</h4><p>Conducãtorul de vehicul este obligat sã acorde prioritate de trecere și în urmãtoarele situații:</p><p>a)&nbsp;&nbsp; la intersecția nedirijatã atunci când pãtrunde pe un drum național venind de pe un drum județean, comunal sau local;</p><p>b)&nbsp;&nbsp; la intersecția nedirijatã atunci când pãtrunde pe un drum județean venind de pe un drum comunal sau local;</p><p>c)&nbsp;&nbsp; la intersecția nedirijatã atunci când pãtrunde pe un drum comunal venind de pe un drum local;</p><p>d)&nbsp;&nbsp; când urmeazã sã pãtrundã într-o intersecție cu circulație în sens giratoriu fațã de cel care circulã în interiorul acesteia;</p><p>e)&nbsp;&nbsp; când circulã în panta fațã de cel care urca, dacã pe sensul de mers al celui care urca se aflã un obstacol imobil. În aceastã situație manevra nu este consideratã depãșire în sensul prevederilor art. 120 lit. j);</p><p>f)&nbsp;&nbsp; când se pune în mișcare sau la pãtrunderea pe drumul public venind de pe o proprietate alãturatã acestuia fațã de vehiculul care circulã pe drumul public, indiferent de direcția de deplasare;</p><p>g)&nbsp;&nbsp; când efectueazã un viraj spre stânga sau spre dreapta și se intersecteazã cu un conducãtor de bicicletã sau trotinetã electricã care circulã pe o pistã pentru biciclete, semnalizatã ca atare;</p><p>h)&nbsp;&nbsp; pietonului care traverseazã drumul public, prin loc special amenajat, marcat și semnalizat corespunzãtor ori la culoarea verde a semaforului destinat lui, atunci când acesta se aflã pe sensul de mers al vehiculului.</p>


                    </div>","https://scoaladrpciv.ro/intrebari/categoria-d/prioritate-de-trecere"
"1790534028-199","https://scoaladrpciv.ro/intrebari/categoria-d","La intersecţia nedirijată dintre un drum comunal şi unul local, prioritatea de trecere se acordă:","A - vehiculelor care circulă pe drumul comunal;","","","B - vehiculelor care circulă pe drumul local;","C - vehiculelor care vin din dreapta.","https://scoaladrpciv.ro/intrebare/la-intersectia-nedirijata-dintre-un-drum-comunal-si-unul-local-prioritatea-de-trecere-se-acorda-2c7d","","<div class="""">
                        <h4>Articolul 135</h4><p>Conducãtorul de vehicul este obligat sã acorde prioritate de trecere și în urmãtoarele situații:</p><p>a)&nbsp;&nbsp; la intersecția nedirijatã atunci când pãtrunde pe un drum național venind de pe un drum județean, comunal sau local;</p><p>b)&nbsp;&nbsp; la intersecția nedirijatã atunci când pãtrunde pe un drum județean venind de pe un drum comunal sau local;</p><p>c)&nbsp;&nbsp; la intersecția nedirijatã atunci când pãtrunde pe un drum comunal venind de pe un drum local;</p><p>d)&nbsp;&nbsp; când urmeazã sã pãtrundã într-o intersecție cu circulație în sens giratoriu fațã de cel care circulã în interiorul acesteia;</p><p>e)&nbsp;&nbsp; când circulã în panta fațã de cel care urca, dacã pe sensul de mers al celui care urca se aflã un obstacol imobil. În aceastã situație manevra nu este consideratã depãșire în sensul prevederilor art. 120 lit. j);</p><p>f)&nbsp;&nbsp; când se pune în mișcare sau la pãtrunderea pe drumul public venind de pe o proprietate alãturatã acestuia fațã de vehiculul care circulã pe drumul public, indiferent de direcția de deplasare;</p><p>g)&nbsp;&nbsp; când efectueazã un viraj spre stânga sau spre dreapta și se intersecteazã cu un conducãtor de bicicletã sau trotinetã electricã care circulã pe o pistã pentru biciclete, semnalizatã ca atare;</p><p>h)&nbsp;&nbsp; pietonului care traverseazã drumul public, prin loc special amenajat, marcat și semnalizat corespunzãtor ori la culoarea verde a semaforului destinat lui, atunci când acesta se aflã pe sensul de mers al vehiculului.</p>


                    </div>","https://scoaladrpciv.ro/intrebari/categoria-d/prioritate-de-trecere"
"1790534030-200","https://scoaladrpciv.ro/intrebari/categoria-d","Cui trebuie să cedeze trecerea conducătorul autobuzului 1, dacă circulă pe direcţia înainte?","A - niciunuia dintre autovehicule;","","","B - autocamionului;","C - autobuzului 2.","https://scoaladrpciv.ro/intrebare/cui-trebuie-sa-cedeze-trecerea-conducatorul-autobuzului-1-daca-circula-pe-directia-inainte-8d78","https://scoaladrpciv.ro/storage/questions/2405.jpeg","<div class="""">
                        <h4>Articolul 57</h4>
<p style=""margin-left: 0cm; text-align: justify;"">(1)&nbsp;&nbsp; La intersecțiile cu circulație nedirijată, conducătorul de vehicul este obligat să cedeze trecerea vehiculelor care vin din partea dreapta, în condițiile stabilite prin regulament.</p>
<p style=""margin-left: 0cm; text-align: justify;"">(2)&nbsp;&nbsp; La intersecțiile cu circulație dirijată, conducătorul de vehicul este obligat să respecte semnificația indicatoarelor, culoarea semaforului sau indicațiile ori semnalele polițistului rutier.</p>
<p style=""margin-left: 0cm; text-align: justify;"">(3)&nbsp;&nbsp; Pătrunderea unui vehicul într-o intersecție este interzisă dacă prin aceasta se produce blocarea intersecției.</p>
<p>(4)&nbsp;&nbsp; În intersecțiile cu sens giratoriu, semnalizate ca atare, vehiculele care circulă în interiorul acestora au prioritate față de cele care urmează să pătrundă în intersecție.</p>


                    </div>","https://scoaladrpciv.ro/intrebari/categoria-d/prioritate-de-trecere"
"1790534032-201","https://scoaladrpciv.ro/intrebari/categoria-d","Conducătorul auto, care circulă în acelaşi sens cu autovehiculele din serviciile regulate de transport public de persoane, este obligat:","B - să permită conducătorilor acestor vehicule să efectueze manevrele necesare repunerii în mişcare din staţie, dacă este prevăzută cu alveolă;","","","A - să nu depăşească un asemenea vehicul, când se află oprit în staţie;","C - să permită traversarea călătorilor pentru a se urca într-un asemenea vehicul.","https://scoaladrpciv.ro/intrebare/conducatorul-auto-care-circula-in-acelasi-sens-cu-autovehiculele-din-serviciile-regulate-de-transport-public-de-persoane-este-obligat-d7d4","","<div class="""">
                        <h4>Articolul 43</h4><p>(1)&nbsp;&nbsp;&nbsp;&nbsp;Dacă un drum este prevăzut cu o bandă destinată vehiculelor lente sau transportului public de persoane, semnalizată ca atare, acestea vor circula numai pe banda respectiva.</p><p>(2)&nbsp;&nbsp;Conducătorul de vehicul care circulă pe banda situată lângă marginea părții carosabile trebuie să acorde prioritate de trecere vehiculelor care efectuează transport public de persoane numai atunci când conducătorii acestora semnalizează intenția de a reintra în trafic din stațiile prevăzute cu alveole și s-au asigurat că prin manevra lor nu pun în pericol siguranță celorlalți participanți la trafic.</p><h3>&nbsp;2. Mijloacele de avertizare folosite de conducătorii de vehicule</h3>


                    </div>","https://scoaladrpciv.ro/intrebari/categoria-d/prioritate-de-trecere"
"1790534034-202","https://scoaladrpciv.ro/intrebari/categoria-d","Cui trebuie să cedeze trecerea conducătorul autobuzului 2?","B - autobuzului 1;","","","A - ambelor autovehicule;","C - autocamionului.","https://scoaladrpciv.ro/intrebare/cui-trebuie-sa-cedeze-trecerea-conducatorul-autobuzului-2-7cad","https://scoaladrpciv.ro/storage/questions/2355.jpeg","<div class="""">
                        <h4>Articolul 57</h4>
<p style=""margin-left: 0cm; text-align: justify;"">(1)&nbsp;&nbsp; La intersecțiile cu circulație nedirijată, conducătorul de vehicul este obligat să cedeze trecerea vehiculelor care vin din partea dreapta, în condițiile stabilite prin regulament.</p>
<p style=""margin-left: 0cm; text-align: justify;"">(2)&nbsp;&nbsp; La intersecțiile cu circulație dirijată, conducătorul de vehicul este obligat să respecte semnificația indicatoarelor, culoarea semaforului sau indicațiile ori semnalele polițistului rutier.</p>
<p style=""margin-left: 0cm; text-align: justify;"">(3)&nbsp;&nbsp; Pătrunderea unui vehicul într-o intersecție este interzisă dacă prin aceasta se produce blocarea intersecției.</p>
<p>(4)&nbsp;&nbsp; În intersecțiile cu sens giratoriu, semnalizate ca atare, vehiculele care circulă în interiorul acestora au prioritate față de cele care urmează să pătrundă în intersecție.</p>


                    </div>","https://scoaladrpciv.ro/intrebari/categoria-d/prioritate-de-trecere"
"1790534037-203","https://scoaladrpciv.ro/intrebari/categoria-d","Într-o intersecție, prezența unei ambulanțe ce se deplasează la o intervenție obligă pe ceilalți conducători:","C - să acorde prioritate de trecere ambulanței.","","","A - să reducă viteza și să-și continue drumul cu atenție;","B - să respecte semnificația culorii semaforului;","https://scoaladrpciv.ro/intrebare/intr-o-intersectie-prezenta-unei-ambulante-ce-se-deplaseaza-la-o-interventie-obliga-pe-ceilalti-conducatori-20ed","","<div class="""">
                        <h4>Articolul 37</h4><p>(1)&nbsp;&nbsp;Conducătorii de vehicule sunt obligați să oprească imediat, pe acostament sau, în lipsa acestuia, cât mai aproape de marginea drumului sau bordura trotuarului, în sensul de deplasare, la apropierea și la trecerea autovehiculelor cu regim de circulație prioritară care au în funcțiune mijloacele speciale de avertizare luminoasă de culoare roșie și sonore.</p><p>(2)&nbsp;Conducătorii de vehicule sunt obligați să reducă viteza, să circule cât mai aproape de marginea drumului în sensul de deplasare și să acorde prioritate la trecerea autovehiculelor cu regim de circulație prioritară care au în funcțiune mijloacele speciale de avertizare luminoasă de culoare albastră și sonore.</p><p>(3)&nbsp;&nbsp;În situațiile prevăzute la alin. (1) și (2), pietonilor le sunt interzise traversarea și circulația pe carosabil până la trecerea vehiculelor respective.</p>


                    </div>","https://scoaladrpciv.ro/intrebari/categoria-d/prioritate-de-trecere"
"1790534039-204","https://scoaladrpciv.ro/intrebari/categoria-d","Precizaţi care dintre autovehiculele din imagine au prioritate:","A - autobuzul şi autoturismul;","","","B - motocicleta şi autobuzul;","C - numai autobuzul.","https://scoaladrpciv.ro/intrebare/precizati-care-dintre-autovehiculele-din-imagine-au-prioritate-6bf9","https://scoaladrpciv.ro/storage/questions/2327.jpeg","<div class="""">
                        <h4>Articolul 59</h4><p>(1)&nbsp;&nbsp;În intersecțiile cu circulație nedirijată, conducătorul de vehicul este obligat să acorde prioritate de trecere vehiculelor care circulă pe sine. Acestea pierd prioritatea de trecere când efectuează virajul spre stânga sau când semnalizarea rutieră din acea zonă stabilește o altă regulă de circulație.</p><p>(2)&nbsp; În intersecții, conducătorii vehiculelor care virează spre stânga sunt obligați să acorde prioritate de trecere vehiculelor cu care se intersectează și care circulă din partea dreapta.</p><p style=""margin-left:0cm;text-align:justify;"">(3)&nbsp;&nbsp; În intersecțiile cu circulație dirijată prin indicatoare de prioritate, regula priorității de dreapta se respecta numai în cazul în care două vehicule urmează să se întâlnească, fiecare intrând în intersecție de pe un drum semnalizat cu un indicator având aceeași semnificație de prioritate sau de pierdere a priorității.</p><p>(4)&nbsp;&nbsp;Când un semafor cu trei culori are o lumina verde intermitentă suplimentara, montată la același nivel cu lumina verde normală a semaforului, sub forma unei săgeți verzi pe fond negru, cu vârful spre dreapta, aprinderea acesteia semnifica permisiunea pentru vehicule de a-și continua drumul în direcția indicată de săgeata, indiferent de culoarea semaforului electric, cu condiția acordării priorității de trecere vehiculelor și pietonilor care au drept de circulație.</p><h4>§ 8. Trecerea la nivel cu calea ferată</h4>


                    </div>","https://scoaladrpciv.ro/intrebari/categoria-d/prioritate-de-trecere"
"1790534041-205","https://scoaladrpciv.ro/intrebari/categoria-d","Cui trebuie să cedeze trecerea conducătorul autobuzului din imaginea alăturată, dacă semafoarele nu funcţionează?","A - atât pietonilor aflaţi în traversare, cât şi autocamionului;","","","B - atât pietonilor aflaţi în traversare, cât şi autoturismului;","C - autoturismului şi autocamionului.","https://scoaladrpciv.ro/intrebare/cui-trebuie-sa-cedeze-trecerea-conducatorul-autobuzului-din-imaginea-alaturata-daca-semafoarele-nu-functioneaza-af92","https://scoaladrpciv.ro/storage/questions/2318.jpeg","<div class="""">
                        <h4>Articolul 31</h4>
<p>Participanții la trafic trebuie să respecte regulile de circulație, semnalele, indicațiile și dispozițiile polițistului rutier, precum și semnificația diferitelor tipuri de mijloace de semnalizare rutieră, în următoarea ordine de prioritate:</p>
<ul>
<li>a)&nbsp; semnalele, indicațiile și dispozițiile polițistului rutier;</li>
<li>b)&nbsp;&nbsp; semnalele speciale de avertizare, luminoase sau sonore ale autovehiculelor, prevăzute la art. 32 alin. (2) lit. a) și b);</li>
<li>c)&nbsp;&nbsp;semnalizarea temporară și/sau indicatoarele electronice, care modifică regimul normal de desfășurare a circulației;</li>
<li>d)&nbsp; semnalele luminoase sau sonore;</li>
<li>e)&nbsp; indicatoarele;</li>
<li>f)&nbsp; marcajele;</li>
<li>g)&nbsp; regulile de circulație.</li>
</ul>


                    </div>","https://scoaladrpciv.ro/intrebari/categoria-d/prioritate-de-trecere"
"1790534044-206","https://scoaladrpciv.ro/intrebari/categoria-d","Dacă într-o intersecţie conducătorul de autobuz întâlneşte semnalul verde al semaforului, precum şi indicatorul „Cedează trecerea“, el este obligat:","A - să respecte semnificaţia semnalului verde;","","","B - să respecte semnificaţia indicatorului;","C - să respecte semnificaţia semnalului verde, acordând prioritate de trecere vehiculelor care circulă pe drumul prioritar.","https://scoaladrpciv.ro/intrebare/daca-intr-o-intersectie-conducatorul-de-autobuz-intalneste-semnalul-verde-al-semaforului-precum-si-indicatorul-cedeaza-trecerea-el-este-obligat-88f1","","<div class="""">
                        <h4>Articolul 31</h4>
<p>Participanții la trafic trebuie să respecte regulile de circulație, semnalele, indicațiile și dispozițiile polițistului rutier, precum și semnificația diferitelor tipuri de mijloace de semnalizare rutieră, în următoarea ordine de prioritate:</p>
<ul>
<li>a)&nbsp; semnalele, indicațiile și dispozițiile polițistului rutier;</li>
<li>b)&nbsp;&nbsp; semnalele speciale de avertizare, luminoase sau sonore ale autovehiculelor, prevăzute la art. 32 alin. (2) lit. a) și b);</li>
<li>c)&nbsp;&nbsp;semnalizarea temporară și/sau indicatoarele electronice, care modifică regimul normal de desfășurare a circulației;</li>
<li>d)&nbsp; semnalele luminoase sau sonore;</li>
<li>e)&nbsp; indicatoarele;</li>
<li>f)&nbsp; marcajele;</li>
<li>g)&nbsp; regulile de circulație.</li>
</ul>


                    </div>","https://scoaladrpciv.ro/intrebari/categoria-d/prioritate-de-trecere"
"1790534046-207","https://scoaladrpciv.ro/intrebari/categoria-d","Cum procedează conducătorul auto când iese cu autobuzul dintr-o curte sau dintr-un garaj?","A - acordă prioritate pietonilor şi vehiculelor aflate în mers;","","","B - solicită să fie pilotat de o altă persoană;","C - foloseşte avertizorul sonor ziua şi pe cel luminos, noaptea.","https://scoaladrpciv.ro/intrebare/cum-procedeaza-conducatorul-auto-cand-iese-cu-autobuzul-dintr-o-curte-sau-dintr-un-garaj-7245","","<div class="""">
                        <h4>Articolul 135</h4><p>Conducãtorul de vehicul este obligat sã acorde prioritate de trecere și în urmãtoarele situații:</p><p>a)&nbsp;&nbsp; la intersecția nedirijatã atunci când pãtrunde pe un drum național venind de pe un drum județean, comunal sau local;</p><p>b)&nbsp;&nbsp; la intersecția nedirijatã atunci când pãtrunde pe un drum județean venind de pe un drum comunal sau local;</p><p>c)&nbsp;&nbsp; la intersecția nedirijatã atunci când pãtrunde pe un drum comunal venind de pe un drum local;</p><p>d)&nbsp;&nbsp; când urmeazã sã pãtrundã într-o intersecție cu circulație în sens giratoriu fațã de cel care circulã în interiorul acesteia;</p><p>e)&nbsp;&nbsp; când circulã în panta fațã de cel care urca, dacã pe sensul de mers al celui care urca se aflã un obstacol imobil. În aceastã situație manevra nu este consideratã depãșire în sensul prevederilor art. 120 lit. j);</p><p>f)&nbsp;&nbsp; când se pune în mișcare sau la pãtrunderea pe drumul public venind de pe o proprietate alãturatã acestuia fațã de vehiculul care circulã pe drumul public, indiferent de direcția de deplasare;</p><p>g)&nbsp;&nbsp; când efectueazã un viraj spre stânga sau spre dreapta și se intersecteazã cu un conducãtor de bicicletã sau trotinetã electricã care circulã pe o pistã pentru biciclete, semnalizatã ca atare;</p><p>h)&nbsp;&nbsp; pietonului care traverseazã drumul public, prin loc special amenajat, marcat și semnalizat corespunzãtor ori la culoarea verde a semaforului destinat lui, atunci când acesta se aflã pe sensul de mers al vehiculului.</p>


                    </div>","https://scoaladrpciv.ro/intrebari/categoria-d/prioritate-de-trecere"
"1790534048-208","https://scoaladrpciv.ro/intrebari/categoria-d","Care dintre conducătorii celor două autobuze trebuie să cedeze trecerea autocamionului?","A - ambii conducători;","","","B - conducătorul autobuzului 2;","C - conducătorul autobuzului 1.","https://scoaladrpciv.ro/intrebare/care-dintre-conducatorii-celor-doua-autobuze-trebuie-sa-cedeze-trecerea-autocamionului-980c","https://scoaladrpciv.ro/storage/questions/2244.jpeg","<div class="""">
                        <h4>Articolul 57</h4>
<p style=""margin-left: 0cm; text-align: justify;"">(1)&nbsp;&nbsp; La intersecțiile cu circulație nedirijată, conducătorul de vehicul este obligat să cedeze trecerea vehiculelor care vin din partea dreapta, în condițiile stabilite prin regulament.</p>
<p style=""margin-left: 0cm; text-align: justify;"">(2)&nbsp;&nbsp; La intersecțiile cu circulație dirijată, conducătorul de vehicul este obligat să respecte semnificația indicatoarelor, culoarea semaforului sau indicațiile ori semnalele polițistului rutier.</p>
<p style=""margin-left: 0cm; text-align: justify;"">(3)&nbsp;&nbsp; Pătrunderea unui vehicul într-o intersecție este interzisă dacă prin aceasta se produce blocarea intersecției.</p>
<p>(4)&nbsp;&nbsp; În intersecțiile cu sens giratoriu, semnalizate ca atare, vehiculele care circulă în interiorul acestora au prioritate față de cele care urmează să pătrundă în intersecție.</p>


                    </div>","https://scoaladrpciv.ro/intrebari/categoria-d/prioritate-de-trecere"
"1790534050-209","https://scoaladrpciv.ro/intrebari/categoria-d","Cum trebuie să procedeze conducătorul autobuzului din imagine, dacă urmează să schimbe direcţia de mers la stânga?","A - aşteaptă apariţia semnalului verde, cedează  trecerea autocamionului şi efectuează manevra;","","","B - nu poate vira la stânga, deoarece indicatorul îi interzice schimbarea direcţiei de mers către stânga;","C - la semnalul verde al semaforului trece înaintea autocamionului, întrucât are prioritate faţă de acesta.","https://scoaladrpciv.ro/intrebare/cum-trebuie-sa-procedeze-conducatorul-autobuzului-din-imagine-daca-urmeaza-sa-schimbe-directia-de-mers-la-stanga-0d13","https://scoaladrpciv.ro/storage/questions/2243.jpeg","<div class="""">
                        <h4>Articolul 57</h4>
<p style=""margin-left: 0cm; text-align: justify;"">(1)&nbsp;&nbsp; La intersecțiile cu circulație nedirijată, conducătorul de vehicul este obligat să cedeze trecerea vehiculelor care vin din partea dreapta, în condițiile stabilite prin regulament.</p>
<p style=""margin-left: 0cm; text-align: justify;"">(2)&nbsp;&nbsp; La intersecțiile cu circulație dirijată, conducătorul de vehicul este obligat să respecte semnificația indicatoarelor, culoarea semaforului sau indicațiile ori semnalele polițistului rutier.</p>
<p style=""margin-left: 0cm; text-align: justify;"">(3)&nbsp;&nbsp; Pătrunderea unui vehicul într-o intersecție este interzisă dacă prin aceasta se produce blocarea intersecției.</p>
<p>(4)&nbsp;&nbsp; În intersecțiile cu sens giratoriu, semnalizate ca atare, vehiculele care circulă în interiorul acestora au prioritate față de cele care urmează să pătrundă în intersecție.</p>


                    </div>","https://scoaladrpciv.ro/intrebari/categoria-d/prioritate-de-trecere"
"1790534053-210","https://scoaladrpciv.ro/intrebari/categoria-d","Semnalele date dintr-un auto vehicul al poliţiei, ce însoţeşte o coloană oficială, prin folosirea avertizoarelor sonore şi luminoase, obligă la:","B - oprirea de îndată pe partea dreaptă a drumului, cât mai aproape de trotuar sau de acostament ori, dacă este posibil, în afara părţii carosabile;","","","A - intrarea pe prima stradă în dreapta;","C - reducerea vitezei şi deplasarea pe lângă bordură sau acostament.","https://scoaladrpciv.ro/intrebare/semnalele-date-dintr-un-auto-vehicul-al-politiei-ce-insoteste-o-coloana-oficiala-prin-folosirea-avertizoarelor-sonore-si-luminoase-obliga-la-2b99","","<div class="""">
                        <h4>Articolul 37</h4><p>(1)&nbsp;&nbsp;Conducătorii de vehicule sunt obligați să oprească imediat, pe acostament sau, în lipsa acestuia, cât mai aproape de marginea drumului sau bordura trotuarului, în sensul de deplasare, la apropierea și la trecerea autovehiculelor cu regim de circulație prioritară care au în funcțiune mijloacele speciale de avertizare luminoasă de culoare roșie și sonore.</p><p>(2)&nbsp;Conducătorii de vehicule sunt obligați să reducă viteza, să circule cât mai aproape de marginea drumului în sensul de deplasare și să acorde prioritate la trecerea autovehiculelor cu regim de circulație prioritară care au în funcțiune mijloacele speciale de avertizare luminoasă de culoare albastră și sonore.</p><p>(3)&nbsp;&nbsp;În situațiile prevăzute la alin. (1) și (2), pietonilor le sunt interzise traversarea și circulația pe carosabil până la trecerea vehiculelor respective.</p>


                    </div>","https://scoaladrpciv.ro/intrebari/categoria-d/prioritate-de-trecere"
"1790534055-211","https://scoaladrpciv.ro/intrebari/categoria-d","Ce obligaţii revin conducătorilor de autobuz la trecerea autovehiculelor cu regim de circulaţie prioritară, care au în funcţiune mijloacele speciale de avertizare luminoasă de culoare roşie şi pe cele de avertizare sonoră?","A - să oprească imediat pe acostament sau, în lipsa acestuia, cât mai aproape de marginea drumului sau de bordura trotuarului, în sensul de deplasare;","","","B - să reducă viteza şi să circule cât mai aproape de marginea drumului în sensul de deplasare;","C - să scoată vehiculul în afara drumului, indiferent prin ce mijloace.","https://scoaladrpciv.ro/intrebare/ce-obligatii-revin-conducatorilor-de-autobuz-la-trecerea-autovehiculelor-cu-regim-de-circulatie-prioritara-care-au-in-functiune-mijloacele-speciale-de-avertizare-luminoasa-de-culoare-rosie-si-pe-cele-de-avertizare-sonora-5d9a","","<div class="""">
                        <h4>Articolul 37</h4><p>(1)&nbsp;&nbsp;Conducătorii de vehicule sunt obligați să oprească imediat, pe acostament sau, în lipsa acestuia, cât mai aproape de marginea drumului sau bordura trotuarului, în sensul de deplasare, la apropierea și la trecerea autovehiculelor cu regim de circulație prioritară care au în funcțiune mijloacele speciale de avertizare luminoasă de culoare roșie și sonore.</p><p>(2)&nbsp;Conducătorii de vehicule sunt obligați să reducă viteza, să circule cât mai aproape de marginea drumului în sensul de deplasare și să acorde prioritate la trecerea autovehiculelor cu regim de circulație prioritară care au în funcțiune mijloacele speciale de avertizare luminoasă de culoare albastră și sonore.</p><p>(3)&nbsp;&nbsp;În situațiile prevăzute la alin. (1) și (2), pietonilor le sunt interzise traversarea și circulația pe carosabil până la trecerea vehiculelor respective.</p>


                    </div>","https://scoaladrpciv.ro/intrebari/categoria-d/prioritate-de-trecere"
"1790534057-212","https://scoaladrpciv.ro/intrebari/categoria-d","Precizaţi care vehicule sunt exceptate de la obligaţia acordării priorităţii de trecere:","B - autovehiculele din serviciile regulate de transport public, care se pun în mişcare din staţia prevăzută cu alveolă;","","","A - cele care se pun în mişcare de pe loc faţă de cele care circulă;","C - cele care ies din curţi, ganguri sau garaje.","https://scoaladrpciv.ro/intrebare/precizati-care-vehicule-sunt-exceptate-de-la-obligatia-acordarii-prioritatii-de-trecere-0873","","<div class="""">
                        <h4>Articolul 43</h4><p>(1)&nbsp;&nbsp;&nbsp;&nbsp;Dacă un drum este prevăzut cu o bandă destinată vehiculelor lente sau transportului public de persoane, semnalizată ca atare, acestea vor circula numai pe banda respectiva.</p><p>(2)&nbsp;&nbsp;Conducătorul de vehicul care circulă pe banda situată lângă marginea părții carosabile trebuie să acorde prioritate de trecere vehiculelor care efectuează transport public de persoane numai atunci când conducătorii acestora semnalizează intenția de a reintra în trafic din stațiile prevăzute cu alveole și s-au asigurat că prin manevra lor nu pun în pericol siguranță celorlalți participanți la trafic.</p><h3>&nbsp;2. Mijloacele de avertizare folosite de conducătorii de vehicule</h3>


                    </div>","https://scoaladrpciv.ro/intrebari/categoria-d/prioritate-de-trecere"
"1790534060-213","https://scoaladrpciv.ro/intrebari/categoria-d","Neacordarea priorităţii înseamnă:","C - obligarea celor care au prioritate de trecere de a-şi modifica brusc direcţia sau viteza de deplasare ori să oprească.","","","A - nerespectarea semnificaţiei semnalizării rutiere de obligare sau de avertizare;","B - nerespectarea dispoziţiilor legale privind asigurarea şi semnalizarea în intersecţii;","https://scoaladrpciv.ro/intrebare/neacordarea-prioritatii-inseamna-5a38","","<div class="""">
                        <h4>Articolul 6</h4>
<p>În sensul prezentei ordonanțe de urgență, expresiile și termenii de mai jos au următorul înțeles:</p>
<p>[...]</p>
<p>26.&nbsp; prioritate de trecere - dreptul unui participant la trafic de a trece înaintea celorlalți participanți la trafic cu care se intersectează, în conformitate cu prevederile legale privind circulația pe drumurile publice;</p>
<p>[...]</p>


                    </div>","https://scoaladrpciv.ro/intrebari/categoria-d/prioritate-de-trecere"
"1790534062-214","https://scoaladrpciv.ro/intrebari/categoria-d","Care dintre vehicule nu au prioritate de trecere?","B - vehiculele care se pun în mişcare sau care ies din garaje, curţi şi ganguri, faţă de cele care circulă pe drumul public;","C - vehiculele care execută virajul spre stânga, faţă de cele care circulă din sens opus.","","A - vehiculele care coboară o pantă, faţă de vehiculele care urcă, dacă sunt de aceeaşi categorie;","","https://scoaladrpciv.ro/intrebare/care-dintre-vehicule-nu-au-prioritate-de-trecere-8609","","<div class="""">
                        <h4>Articolul 59</h4><p>(1)&nbsp;&nbsp;În intersecțiile cu circulație nedirijată, conducătorul de vehicul este obligat să acorde prioritate de trecere vehiculelor care circulă pe sine. Acestea pierd prioritatea de trecere când efectuează virajul spre stânga sau când semnalizarea rutieră din acea zonă stabilește o altă regulă de circulație.</p><p>(2)&nbsp; În intersecții, conducătorii vehiculelor care virează spre stânga sunt obligați să acorde prioritate de trecere vehiculelor cu care se intersectează și care circulă din partea dreapta.</p><p style=""margin-left:0cm;text-align:justify;"">(3)&nbsp;&nbsp; În intersecțiile cu circulație dirijată prin indicatoare de prioritate, regula priorității de dreapta se respecta numai în cazul în care două vehicule urmează să se întâlnească, fiecare intrând în intersecție de pe un drum semnalizat cu un indicator având aceeași semnificație de prioritate sau de pierdere a priorității.</p><p>(4)&nbsp;&nbsp;Când un semafor cu trei culori are o lumina verde intermitentă suplimentara, montată la același nivel cu lumina verde normală a semaforului, sub forma unei săgeți verzi pe fond negru, cu vârful spre dreapta, aprinderea acesteia semnifica permisiunea pentru vehicule de a-și continua drumul în direcția indicată de săgeata, indiferent de culoarea semaforului electric, cu condiția acordării priorității de trecere vehiculelor și pietonilor care au drept de circulație.</p><h4>§ 8. Trecerea la nivel cu calea ferată</h4>


                    </div>","https://scoaladrpciv.ro/intrebari/categoria-d/prioritate-de-trecere"
"1790534064-215","https://scoaladrpciv.ro/intrebari/categoria-d","Ce obligaţii revin conducătorilor de autobuze la trecerea autovehiculelor cu regim de circulaţie prioritară, care au în funcţiune mijloacele speciale de avertizare luminoasă de culoare albastră şi pe cele de avertizare sonoră?","A - să reducă viteza, să circule cât mai aproape de marginea drumului în sensul de deplasare şi să acorde prioritate de trecere;","","","B - să mărească viteza pentru a nu incomoda circulaţia;","C - să oprească imediat, pe acostament sau, în lipsa acestuia, cât mai aproape de marginea drumului sau de bordura trotuarului, în sensul de deplasare.","https://scoaladrpciv.ro/intrebare/ce-obligatii-revin-conducatorilor-de-autobuze-la-trecerea-autovehiculelor-cu-regim-de-circulatie-prioritara-care-au-in-functiune-mijloacele-speciale-de-avertizare-luminoasa-de-culoare-albastra-si-pe-cele-de-avertizare-sonora-26cd","","<div class="""">
                        <h4>Articolul 37</h4><p>(1)&nbsp;&nbsp;Conducătorii de vehicule sunt obligați să oprească imediat, pe acostament sau, în lipsa acestuia, cât mai aproape de marginea drumului sau bordura trotuarului, în sensul de deplasare, la apropierea și la trecerea autovehiculelor cu regim de circulație prioritară care au în funcțiune mijloacele speciale de avertizare luminoasă de culoare roșie și sonore.</p><p>(2)&nbsp;Conducătorii de vehicule sunt obligați să reducă viteza, să circule cât mai aproape de marginea drumului în sensul de deplasare și să acorde prioritate la trecerea autovehiculelor cu regim de circulație prioritară care au în funcțiune mijloacele speciale de avertizare luminoasă de culoare albastră și sonore.</p><p>(3)&nbsp;&nbsp;În situațiile prevăzute la alin. (1) și (2), pietonilor le sunt interzise traversarea și circulația pe carosabil până la trecerea vehiculelor respective.</p>


                    </div>","https://scoaladrpciv.ro/intrebari/categoria-d/prioritate-de-trecere"
"1790534067-216","https://scoaladrpciv.ro/intrebari/categoria-d","La intersecţia nedirijată dintre un drum judeţean şi unul comunal sau local, prioritatea de trecere se acordă:","A - vehiculelor care circulă pe drumul judeţean;","","","B - vehiculelor care circulă pe drumul comunal sau local;","C - vehiculelor care vin din dreapta.","https://scoaladrpciv.ro/intrebare/la-intersectia-nedirijata-dintre-un-drum-judetean-si-unul-comunal-sau-local-prioritatea-de-trecere-se-acorda-56e4","","<div class="""">
                        <h4>Articolul 135</h4><p>Conducãtorul de vehicul este obligat sã acorde prioritate de trecere și în urmãtoarele situații:</p><p>a)&nbsp;&nbsp; la intersecția nedirijatã atunci când pãtrunde pe un drum național venind de pe un drum județean, comunal sau local;</p><p>b)&nbsp;&nbsp; la intersecția nedirijatã atunci când pãtrunde pe un drum județean venind de pe un drum comunal sau local;</p><p>c)&nbsp;&nbsp; la intersecția nedirijatã atunci când pãtrunde pe un drum comunal venind de pe un drum local;</p><p>d)&nbsp;&nbsp; când urmeazã sã pãtrundã într-o intersecție cu circulație în sens giratoriu fațã de cel care circulã în interiorul acesteia;</p><p>e)&nbsp;&nbsp; când circulã în panta fațã de cel care urca, dacã pe sensul de mers al celui care urca se aflã un obstacol imobil. În aceastã situație manevra nu este consideratã depãșire în sensul prevederilor art. 120 lit. j);</p><p>f)&nbsp;&nbsp; când se pune în mișcare sau la pãtrunderea pe drumul public venind de pe o proprietate alãturatã acestuia fațã de vehiculul care circulã pe drumul public, indiferent de direcția de deplasare;</p><p>g)&nbsp;&nbsp; când efectueazã un viraj spre stânga sau spre dreapta și se intersecteazã cu un conducãtor de bicicletã sau trotinetã electricã care circulã pe o pistã pentru biciclete, semnalizatã ca atare;</p><p>h)&nbsp;&nbsp; pietonului care traverseazã drumul public, prin loc special amenajat, marcat și semnalizat corespunzãtor ori la culoarea verde a semaforului destinat lui, atunci când acesta se aflã pe sensul de mers al vehiculului.</p>


                    </div>","https://scoaladrpciv.ro/intrebari/categoria-d/prioritate-de-trecere"
"1790534069-217","https://scoaladrpciv.ro/intrebari/categoria-d","Cum trebuie să procedeze conducătorul autobuzului din imagine, dacă intenţionează să schimbe direcţia de mers spre stânga?","A - să aştepte apariţia semnalului verde, să cedeze trecerea autoturismului, după care să-şi continue deplasarea;","","","B - să acorde prioritate pietonilor, după care să execute manevra, deoarece are prioritate faţă de autoturism;","C - să aştepte apariţia semnalului verde şi să execute manevra, deoarece are prioritate oricum, fiind un mijloc de transport public de persoane.","https://scoaladrpciv.ro/intrebare/cum-trebuie-sa-procedeze-conducatorul-autobuzului-din-imagine-daca-intentioneaza-sa-schimbe-directia-de-mers-spre-stanga-c5c2","https://scoaladrpciv.ro/storage/questions/2118.jpeg","<div class="""">
                        <h4>Articolul 57</h4>
<p style=""margin-left: 0cm; text-align: justify;"">(1)&nbsp;&nbsp; La intersecțiile cu circulație nedirijată, conducătorul de vehicul este obligat să cedeze trecerea vehiculelor care vin din partea dreapta, în condițiile stabilite prin regulament.</p>
<p style=""margin-left: 0cm; text-align: justify;"">(2)&nbsp;&nbsp; La intersecțiile cu circulație dirijată, conducătorul de vehicul este obligat să respecte semnificația indicatoarelor, culoarea semaforului sau indicațiile ori semnalele polițistului rutier.</p>
<p style=""margin-left: 0cm; text-align: justify;"">(3)&nbsp;&nbsp; Pătrunderea unui vehicul într-o intersecție este interzisă dacă prin aceasta se produce blocarea intersecției.</p>
<p>(4)&nbsp;&nbsp; În intersecțiile cu sens giratoriu, semnalizate ca atare, vehiculele care circulă în interiorul acestora au prioritate față de cele care urmează să pătrundă în intersecție.</p>


                    </div>","https://scoaladrpciv.ro/intrebari/categoria-d/prioritate-de-trecere"
"1790534071-218","https://scoaladrpciv.ro/intrebari/categoria-d","Nu au prioritate de trecere:","B - vehiculele care urmează să intre într-o intersecţie cu sens giratoriu, faţă de vehiculele care circulă printr-o asemenea intersecţie;","C - vehiculele care execută manevra de întoarcere.","","A - autovehiculele din serviciile regulate de transport public care se pun în mişcare din staţia prevăzută cu alveolă;","","https://scoaladrpciv.ro/intrebare/nu-au-prioritate-de-trecere-7939","","<div class="""">
                        <h4>Articolul 125</h4><p>Pentru a putea întoarce vehiculul de pe un sens de mers pe celãlalt prin manevrare înainte și înapoi sau prin viraj, conducãtorul acestuia este obligat sã semnalizeze și sã se asigure cã din fațã, din spate sau din lateral nu circulã în acel moment niciun vehicul.</p>


                    </div>","https://scoaladrpciv.ro/intrebari/categoria-d/prioritate-de-trecere"
"1790534073-219","https://scoaladrpciv.ro/intrebari/categoria-d","La intersecţia nedirijată dintre un drum naţional şi unul judeţean, comunal sau local, prioritatea de trecere se acordă:","C - vehiculelor care circulă pe drumul naţional.","","","A - vehiculelor care circulă pe drumul judeţean, comunal sau local;","B - vehiculelor care vin din dreapta;","https://scoaladrpciv.ro/intrebare/la-intersectia-nedirijata-dintre-un-drum-national-si-unul-judetean-comunal-sau-local-prioritatea-de-trecere-se-acorda-2c00","","<div class="""">
                        <h4>Articolul 135</h4><p>Conducãtorul de vehicul este obligat sã acorde prioritate de trecere și în urmãtoarele situații:</p><p>a)&nbsp;&nbsp; la intersecția nedirijatã atunci când pãtrunde pe un drum național venind de pe un drum județean, comunal sau local;</p><p>b)&nbsp;&nbsp; la intersecția nedirijatã atunci când pãtrunde pe un drum județean venind de pe un drum comunal sau local;</p><p>c)&nbsp;&nbsp; la intersecția nedirijatã atunci când pãtrunde pe un drum comunal venind de pe un drum local;</p><p>d)&nbsp;&nbsp; când urmeazã sã pãtrundã într-o intersecție cu circulație în sens giratoriu fațã de cel care circulã în interiorul acesteia;</p><p>e)&nbsp;&nbsp; când circulã în panta fațã de cel care urca, dacã pe sensul de mers al celui care urca se aflã un obstacol imobil. În aceastã situație manevra nu este consideratã depãșire în sensul prevederilor art. 120 lit. j);</p><p>f)&nbsp;&nbsp; când se pune în mișcare sau la pãtrunderea pe drumul public venind de pe o proprietate alãturatã acestuia fațã de vehiculul care circulã pe drumul public, indiferent de direcția de deplasare;</p><p>g)&nbsp;&nbsp; când efectueazã un viraj spre stânga sau spre dreapta și se intersecteazã cu un conducãtor de bicicletã sau trotinetã electricã care circulã pe o pistã pentru biciclete, semnalizatã ca atare;</p><p>h)&nbsp;&nbsp; pietonului care traverseazã drumul public, prin loc special amenajat, marcat și semnalizat corespunzãtor ori la culoarea verde a semaforului destinat lui, atunci când acesta se aflã pe sensul de mers al vehiculului.</p>


                    </div>","https://scoaladrpciv.ro/intrebari/categoria-d/prioritate-de-trecere"
"1790534078-220","https://scoaladrpciv.ro/intrebari/categoria-d","Care dintre următoarele manevre, efectuate pe drumul public de către conducătorul de vehicul, sunt considerate a fi comportament agresiv?","A - deplasarea succesivă de pe o bandă de circulație pe alta sau de pe un rând pe altul, alternând din stânga în dreapta, în scopul depășirii unui șir de vehicule care circulă în același sens;","C - realizarea intenționată a unui derapaj controlat al vehiculului în vederea întoarcerii sau rotirii acestuia.","","B - depășirea pe partea dreaptă a vehiculului care a semnalizat intenția și s-a încadrat corespunzător părăsirii sensului de mers spre stânga;","","https://scoaladrpciv.ro/intrebare/care-dintre-urmatoarele-manevre-efectuate-pe-drumul-public-de-catre-conducatorul-de-vehicul-sunt-considerate-a-fi-comportament-agresiv-118f","","<div class="""">
                        <h4>Articolul 54^1</h4><p>(1)&nbsp;&nbsp;&nbsp;Se interzice conducătorilor de vehicule să adopte un comportament agresiv în conducerea acestora pe drumurile publice.</p><p>(2)&nbsp;&nbsp;Prin comportament agresiv se înțelege efectuarea, pe drumul public, de către conducătorul de vehicul, a uneia dintre următoarele manevre:</p><ul><li><span style=""background-color:hsl(60,75%,60%);"">a)&nbsp;&nbsp;&nbsp;deplasarea succesivă de pe o bandă de circulație pe alta sau de pe un rând pe altul, alternând din stânga în dreapta, în scopul depășirii unui șir de vehicule care circulă în același sens;</span></li><li>b)&nbsp; întoarcerea vehiculului prin folosirea frânei de ajutor;</li><li>c)&nbsp; pornirea vehiculului de pe loc prin patinarea excesivă, în gol, a roților motoare;</li><li>d)&nbsp;circulația cu vehiculul la o distanță foarte redusă față de un alt vehicul, înaintea sau în spatele acestuia, cât și în lateral, ori reducerea bruscă a vitezei de deplasare fără motiv întemeiat, de natură a intimida conducătorul acestuia;</li><li>e)&nbsp;&nbsp;&nbsp; folosirea repetată a semnalelor sonore și/sau luminoase de natură a obliga nejustificat conducătorul de vehicul care circulă în fața sa să elibereze banda de circulație;</li><li>f)&nbsp;&nbsp;&nbsp; conducerea mopedului sau motocicletei având în contact cu partea carosabilă numai una dintre roți;</li><li>g)&nbsp;&nbsp;&nbsp;mersul cu spatele cu vehiculul în scopul intimidării celorlalți participanți la trafic care circulă în spatele acestuia;</li><li><span style=""background-color:hsl(60,75%,60%);"">h)&nbsp;&nbsp; realizarea intenționată a unui derapaj controlat al vehiculului în vederea întoarcerii sau rotirii acestuia;</span></li><li>i)&nbsp;&nbsp;&nbsp;conducerea intenționată a unui vehicul prin accelerarea repetată a motorului, de natură a stânjeni persoanele aflate în zona drumului public.</li></ul>


                    </div>","https://scoaladrpciv.ro/intrebari/categoria-d/reguli-referitoare-la-manevre"
"1790534080-221","https://scoaladrpciv.ro/intrebari/categoria-d","La întâlnirea unui vehicul cu un ansamblu de vehicule, pe un drum public îngust, unde trecerea din sensuri opuse este imposibilă sau periculoasă, va manevra cu spatele:","B - vehiculul;","","","A - ansamblul de vehicule;","C - la libera înţelegere.","https://scoaladrpciv.ro/intrebare/la-intalnirea-unui-vehicul-cu-un-ansamblu-de-vehicule-pe-un-drum-public-ingust-unde-trecerea-din-sensuri-opuse-este-imposibila-sau-periculoasa-va-manevra-cu-spatele-ad1a","","<div class="""">
                        <h4>Articolul 127</h4><p>(1)&nbsp;&nbsp; Pe drumurile publice înguste și/sau cu declivitate, unde trecerea vehiculelor care circulã din sensuri opuse, unele pe lângã altele, este imposibilã sau periculoasã, se procedeazã dupã cum urmeazã:</p><p>a)&nbsp;&nbsp; la întâlnirea unui ansamblu de vehicule cu un vehicul conducãtorul acestuia din urma trebuie sã manevreze cu spatele;</p><p>b)&nbsp;&nbsp; la întâlnirea unui vehicul greu cu un vehicul ușor, conducãtorul acestuia din urma trebuie sã manevreze cu spatele;</p><p>c)&nbsp;&nbsp; la întâlnirea unui vehicul care efectueazã transport public de persoane cu un vehicul de transport mãrfuri conducãtorul acestuia din urma trebuie sã manevreze cu spatele.</p><p>(2)&nbsp;&nbsp; În cazul vehiculelor de aceeași categorie, obligația de a efectua o manevrã de mers înapoi revine conducãtorului care urca, cu excepția cazului când este mai ușor și existã condiții pentru conducãtorul care coboarã sã execute aceastã manevrã, mai ales atunci când se aflã aproape de un refugiu.</p>


                    </div>","https://scoaladrpciv.ro/intrebari/categoria-d/reguli-referitoare-la-manevre"
"1790534083-222","https://scoaladrpciv.ro/intrebari/categoria-d","Ajungeţi cu autobuzul pe un drum public îngustat, unde trecerea pe lângă un autocamion care circulă din sens opus este imposibilă. Cine este obligat să manevreze cu spatele?","B - conducătorul autocamionului;","","","A - dvs., pentru că trebuie să protejaţi călătorii;","C - la libera înţelegere între cei doi conducători.","https://scoaladrpciv.ro/intrebare/ajungeti-cu-autobuzul-pe-un-drum-public-ingustat-unde-trecerea-pe-langa-un-autocamion-care-circula-din-sens-opus-este-imposibila-cine-este-obligat-sa-manevreze-cu-spatele-f864","","<div class="""">
                        <h4>Articolul 127</h4><p>(1)&nbsp;&nbsp; Pe drumurile publice înguste și/sau cu declivitate, unde trecerea vehiculelor care circulã din sensuri opuse, unele pe lângã altele, este imposibilã sau periculoasã, se procedeazã dupã cum urmeazã:</p><p>a)&nbsp;&nbsp; la întâlnirea unui ansamblu de vehicule cu un vehicul conducãtorul acestuia din urma trebuie sã manevreze cu spatele;</p><p>b)&nbsp;&nbsp; la întâlnirea unui vehicul greu cu un vehicul ușor, conducãtorul acestuia din urma trebuie sã manevreze cu spatele;</p><p>c)&nbsp;&nbsp; la întâlnirea unui vehicul care efectueazã transport public de persoane cu un vehicul de transport mãrfuri conducãtorul acestuia din urma trebuie sã manevreze cu spatele.</p><p>(2)&nbsp;&nbsp; În cazul vehiculelor de aceeași categorie, obligația de a efectua o manevrã de mers înapoi revine conducãtorului care urca, cu excepția cazului când este mai ușor și existã condiții pentru conducãtorul care coboarã sã execute aceastã manevrã, mai ales atunci când se aflã aproape de un refugiu.</p>


                    </div>","https://scoaladrpciv.ro/intrebari/categoria-d/reguli-referitoare-la-manevre"
"1790534088-223","https://scoaladrpciv.ro/intrebari/categoria-d","Viteza maximă admisă pe drumurile expres pentru autovehicule din categoria D este de:","A - 100 km/h;","","","B - 90 km/h;","C - 110 km/h.","https://scoaladrpciv.ro/intrebare/viteza-maxima-admisa-pe-drumurile-expres-pentru-autovehicule-din-categoria-d-este-de-52d8","","<div class="""">
                        <h4>Articolul 50</h4><p>(1)&nbsp;&nbsp; Vitezele maxime admise în afara localităților pentru categoriile de autovehicule prevăzute în anexa nr. 1 sunt următoarele:</p><ul><li>a)&nbsp;&nbsp;&nbsp;130 km/h pe autostrăzi, 120 km/h pe drumurile expres, 100 km/h pe drumurile naționale europene (E) și 90 km/h pe celelalte categorii de drumuri, pentru autovehiculele din categoriile A și B;</li><li><span style=""background-color:hsl(60,75%,60%);"">b)&nbsp;&nbsp;&nbsp;110 km/h pe autostrăzi, 100 km/h pe drumurile expres, 90 km/h pe drumurile naționale europene (E) și 80 km/h pe celelalte categorii de drumuri, pentru autovehiculele din categoriile C, D și categoria D1;</span></li><li>c)&nbsp;&nbsp;&nbsp;90 km/h pe autostrăzi, 85 km/h pe drumuri expres, 80 km/h pe drumurile naționale europene (E) și 70 km/h pentru celelalte categorii de drumuri, pentru autovehiculele din categoriile A1, B1 și C1;</li><li>d)&nbsp; 45 km/h, pentru tractoarele agricole sau forestiere și mopede.</li></ul>


                    </div>","https://scoaladrpciv.ro/intrebari/categoria-d/viteza-si-distanta-intre-vehicule"
"1790534090-224","https://scoaladrpciv.ro/intrebari/categoria-d","Precizaţi care este viteza maximă permisă pe autostradă, dacă autobuzul tractează o remorcă:","B - 100 km/h;","","","A - 80 km/h;","C - 90 km/h.","https://scoaladrpciv.ro/intrebare/precizati-care-este-viteza-maxima-permisa-pe-autostrada-daca-autobuzul-tracteaza-o-remorca-42fd","","","https://scoaladrpciv.ro/intrebari/categoria-d/viteza-si-distanta-intre-vehicule"
"1790534092-225","https://scoaladrpciv.ro/intrebari/categoria-d","Conducătorii autobuzelor sunt obligaţi să circule cu o viteză maximă de 30 km/h în localităţi sau 50 km/h în afara acestora, în următoarele situaţii:","A - pe drumurile cu denivelări, semnalizate ca atare;","C - la schimbarea direcţiei de mers prin viraje.","","B - la trecerile pentru pietoni nesemaforizate, semnalizate prin indicatoare şi marcaje;","","https://scoaladrpciv.ro/intrebare/conducatorii-autobuzelor-sunt-obligati-sa-circule-cu-o-viteza-maxima-de-30-km-h-in-localitati-sau-50-km-h-in-afara-acestora-in-urmatoarele-situatii-aac1","","<div class="""">
                        <h4>Articolul 123</h4><p>Conducãtorul de vehicul este obligat sã circule cu o viteza care sã nu depãșeascã 30 km/h în localitãți sau 50 km/h în afara localitãților, în urmãtoarele situații:</p><p>a)&nbsp; la trecerea prin intersecțiile cu circulație nedirijatã;</p><p>b)&nbsp;&nbsp; în curbe deosebit de periculoase semnalizate ca atare sau în care vizibilitatea este mai mica de 50 m;</p><p>c)&nbsp;&nbsp; la trecerea pe lângã grupuri organizate, coloane militare sau cortegii, indiferent dacã acestea se aflã în mers sau staționeazã pe partea carosabilã a drumurilor cu o singurã bandã de circulație pe sens;</p><p>&nbsp;d)&nbsp;&nbsp; la trecerea pe lângã animale care sunt conduse pe partea carosabilã sau pe acostament;</p><p>e)&nbsp;&nbsp; când partea carosabilã este acoperitã cu polei, gheațã, zãpadã bãtãtoritã, mâzgã sau piatrã cubicã umedã;</p><p>f)&nbsp;&nbsp; pe drumuri cu denivelãri, semnalizate ca atare;</p><p>g)&nbsp;&nbsp; în zona de acțiune a indicatorului de avertizare ""Copii"" în intervalul orar 7,00-22,00, precum și a indicatorului ""Accident"";</p><p>h)&nbsp;&nbsp; la trecerile pentru pietoni nesemaforizate, semnalizate prin indicatoare și marcaje, când drumul public are cel mult o bandã pe sens, iar pietonii aflați pe trotuar, în imediatã apropiere a pãrții carosabile, intenționeazã sã se angajeze în traversare;</p><p>i)&nbsp;&nbsp; la schimbarea direcției de mers prin viraje;</p><p>&nbsp;j)&nbsp;&nbsp; când vizibilitatea este sub 100 m în condiții de ceațã, ploi torențiale, ninsori abundente.</p>


                    </div>","https://scoaladrpciv.ro/intrebari/categoria-d/viteza-si-distanta-intre-vehicule"
"1790534095-226","https://scoaladrpciv.ro/intrebari/categoria-d","Conducătorii autobuzelor sunt obligaţi să circule cu o viteză care să nu depăşească 30 km/h în localităţi sau 50 km/h în afara acestora, în următoarele situaţii:","A - când partea carosabilă este acoperită cu mâzgă sau piatră cubică umedă;","","","B - pe poduri şi sub poduri;","C - la trecerea prin intersecţii dirijate.","https://scoaladrpciv.ro/intrebare/conducatorii-autobuzelor-sunt-obligati-sa-circule-cu-o-viteza-care-sa-nu-depaseasca-30-km-h-in-localitati-sau-50-km-h-in-afara-acestora-in-urmatoarele-situatii-c64c","","<div class="""">
                        <h4>Articolul 123</h4><p>Conducãtorul de vehicul este obligat sã circule cu o viteza care sã nu depãșeascã 30 km/h în localitãți sau 50 km/h în afara localitãților, în urmãtoarele situații:</p><p>a)&nbsp; la trecerea prin intersecțiile cu circulație nedirijatã;</p><p>b)&nbsp;&nbsp; în curbe deosebit de periculoase semnalizate ca atare sau în care vizibilitatea este mai mica de 50 m;</p><p>c)&nbsp;&nbsp; la trecerea pe lângã grupuri organizate, coloane militare sau cortegii, indiferent dacã acestea se aflã în mers sau staționeazã pe partea carosabilã a drumurilor cu o singurã bandã de circulație pe sens;</p><p>&nbsp;d)&nbsp;&nbsp; la trecerea pe lângã animale care sunt conduse pe partea carosabilã sau pe acostament;</p><p>e)&nbsp;&nbsp; când partea carosabilã este acoperitã cu polei, gheațã, zãpadã bãtãtoritã, mâzgã sau piatrã cubicã umedã;</p><p>f)&nbsp;&nbsp; pe drumuri cu denivelãri, semnalizate ca atare;</p><p>g)&nbsp;&nbsp; în zona de acțiune a indicatorului de avertizare ""Copii"" în intervalul orar 7,00-22,00, precum și a indicatorului ""Accident"";</p><p>h)&nbsp;&nbsp; la trecerile pentru pietoni nesemaforizate, semnalizate prin indicatoare și marcaje, când drumul public are cel mult o bandã pe sens, iar pietonii aflați pe trotuar, în imediatã apropiere a pãrții carosabile, intenționeazã sã se angajeze în traversare;</p><p>i)&nbsp;&nbsp; la schimbarea direcției de mers prin viraje;</p><p>&nbsp;j)&nbsp;&nbsp; când vizibilitatea este sub 100 m în condiții de ceațã, ploi torențiale, ninsori abundente.</p>


                    </div>","https://scoaladrpciv.ro/intrebari/categoria-d/viteza-si-distanta-intre-vehicule"
"1790534097-227","https://scoaladrpciv.ro/intrebari/categoria-d","Care este viteza maximă admisă pentru un autobuz care tractează o remorcă, atunci când circulă pe un drum judeţean din afara localităţilor?","C - 70 km/h.","","","A - 100 km/h;","B - 90 km/h;","https://scoaladrpciv.ro/intrebare/care-este-viteza-maxima-admisa-pentru-un-autobuz-care-tracteaza-o-remorca-atunci-cand-circula-pe-un-drum-judetean-din-afara-localitatilor-4e16","","<div class="""">
                        


                    </div>","https://scoaladrpciv.ro/intrebari/categoria-d/viteza-si-distanta-intre-vehicule"
"1790534099-228","https://scoaladrpciv.ro/intrebari/categoria-d","Care dintre obligaţiile de mai jos revin conducătorului de autobuz la trecerea prin intersecţiile cu circulaţie nedirijată din localităţi?","B - să circule cu o viteză care să nu depăşeascã 30 km/h;","","","A - să oprească, chiar dacă nu există staţie, pentru a permite urcarea şi coborârea călătorilor;","C - să reducă viteza, pentru a nu fi implicat în accidente rutiere.","https://scoaladrpciv.ro/intrebare/care-dintre-obligatiile-de-mai-jos-revin-conducatorului-de-autobuz-la-trecerea-prin-intersectiile-cu-circulatie-nedirijata-din-localitati-aef2","","<div class="""">
                        <h4>Articolul 123</h4><p>Conducãtorul de vehicul este obligat sã circule cu o viteza care sã nu depãșeascã 30 km/h în localitãți sau 50 km/h în afara localitãților, în urmãtoarele situații:</p><p>a)&nbsp; la trecerea prin intersecțiile cu circulație nedirijatã;</p><p>b)&nbsp;&nbsp; în curbe deosebit de periculoase semnalizate ca atare sau în care vizibilitatea este mai mica de 50 m;</p><p>c)&nbsp;&nbsp; la trecerea pe lângã grupuri organizate, coloane militare sau cortegii, indiferent dacã acestea se aflã în mers sau staționeazã pe partea carosabilã a drumurilor cu o singurã bandã de circulație pe sens;</p><p>&nbsp;d)&nbsp;&nbsp; la trecerea pe lângã animale care sunt conduse pe partea carosabilã sau pe acostament;</p><p>e)&nbsp;&nbsp; când partea carosabilã este acoperitã cu polei, gheațã, zãpadã bãtãtoritã, mâzgã sau piatrã cubicã umedã;</p><p>f)&nbsp;&nbsp; pe drumuri cu denivelãri, semnalizate ca atare;</p><p>g)&nbsp;&nbsp; în zona de acțiune a indicatorului de avertizare ""Copii"" în intervalul orar 7,00-22,00, precum și a indicatorului ""Accident"";</p><p>h)&nbsp;&nbsp; la trecerile pentru pietoni nesemaforizate, semnalizate prin indicatoare și marcaje, când drumul public are cel mult o bandã pe sens, iar pietonii aflați pe trotuar, în imediatã apropiere a pãrții carosabile, intenționeazã sã se angajeze în traversare;</p><p>i)&nbsp;&nbsp; la schimbarea direcției de mers prin viraje;</p><p>&nbsp;j)&nbsp;&nbsp; când vizibilitatea este sub 100 m în condiții de ceațã, ploi torențiale, ninsori abundente.</p>


                    </div>","https://scoaladrpciv.ro/intrebari/categoria-d/viteza-si-distanta-intre-vehicule"
"1790534101-229","https://scoaladrpciv.ro/intrebari/categoria-d","Reducerea vitezei este obligatorie:","B - la semnalul personalului autorizat din zona lucrărilor de pe drumurile publice;","","","A - numai la semnalul conducătorilor grupurilor de pietoni;","C - la semnalul bicicliştilor, atunci când aceştia opresc.","https://scoaladrpciv.ro/intrebare/reducerea-vitezei-este-obligatorie-af43","","<div class="""">
                        <h4>Articolul 89</h4><p>(1)&nbsp;&nbsp; Oprirea participanților la trafic este obligatorie și la semnalele date de:</p><ul style=""list-style-type:circle;""><li>a)&nbsp; polițiștii de frontierã;</li><li>b)&nbsp;&nbsp; îndrumãtorii de circulație ai Ministerului Apãrãrii;</li><li>&nbsp;c)&nbsp; agenții de cale feratã, la trecerile la nivel;</li><li>&nbsp;d)&nbsp;&nbsp; personalul autorizat din zona lucrãrilor pe drumurile publice;</li><li>&nbsp;e)&nbsp;&nbsp; membrii patrulelor școlare de circulație, la trecerile pentru pietoni din apropierea unitãților de învãțãmânt;</li><li>&nbsp;f)&nbsp;&nbsp; nevãzãtori, prin ridicarea bastonului alb, atunci când aceștia traverseazã strada.</li></ul><p>(2)&nbsp;&nbsp; Persoanele prevãzute la alin. (1) lit. a)-d) pot efectua și urmãtoarele semnale:</p><ul style=""list-style-type:circle;""><li>a)&nbsp;&nbsp; balansarea brațului în plan vertical, cu palma mâinii orientatã cãtre sol sau cu un mijloc de semnalizare, care semnificã reducerea vitezei;</li><li>b)&nbsp;&nbsp; rotirea vioaie a brațului, care semnificã mãrirea vitezei de deplasare a vehiculelor, inclusiv grãbirea traversãrii drumului de cãtre pietoni.</li></ul>


                    </div>","https://scoaladrpciv.ro/intrebari/categoria-d/viteza-si-distanta-intre-vehicule"
"1790534104-230","https://scoaladrpciv.ro/intrebari/categoria-d","Viteza maximă admisă pe drumurile naționale, altele decât cele europene (E), pentru autovehiculele din categoriile D și  D1, este de:","A - 80 km/h;","","","B - 90 km/h;","C - 100 km/h.","https://scoaladrpciv.ro/intrebare/viteza-maxima-admisa-pe-drumurile-nationale-altele-decat-cele-europene-e-pentru-autovehiculele-din-categoriile-d-si-d1-este-de-a732","","<div class="""">
                        <h4>Articolul 50</h4><p>(1)&nbsp;&nbsp; Vitezele maxime admise în afara localităților pentru categoriile de autovehicule prevăzute în anexa nr. 1 sunt următoarele:</p><ul><li>a)&nbsp;&nbsp;&nbsp;130 km/h pe autostrăzi, 120 km/h pe drumurile expres, 100 km/h pe drumurile naționale europene (E) și 90 km/h pe celelalte categorii de drumuri, pentru autovehiculele din categoriile A și B;</li><li>b)&nbsp;&nbsp;&nbsp;110 km/h pe autostrăzi, 100 km/h pe drumurile expres, 90 km/h pe drumurile naționale europene (E) și 80 km/h pe celelalte categorii de drumuri, pentru autovehiculele din categoriile C, D și categoria D1;</li><li>c)&nbsp;&nbsp;&nbsp;90 km/h pe autostrăzi, 85 km/h pe drumuri expres, 80 km/h pe drumurile naționale europene (E) și 70 km/h pentru celelalte categorii de drumuri, pentru autovehiculele din categoriile A1, B1 și C1;</li><li>d)&nbsp; 45 km/h, pentru tractoarele agricole sau forestiere și mopede.</li></ul><p><span style=""background-color:hsl(60,75%,60%);"">(la 16-05-2022, Alineatul (1) din Articolul 50, § 5., Sectiunea a 2-a, Capitolul V a fost modificat de Punctul 2, Articolul I din LEGEA nr. 134 din 12 mai 2022, publicată în MONITORUL OFICIAL nr. 477 din 13 mai 2022)</span></p><p>(2)&nbsp; Viteza maximă admisă în afara localităților pentru autovehiculele care tractează remorci sau semiremorci este cu 10 km/h mai mică decât viteza maximă admisă pentru categoria din care face parte autovehiculul trăgător.</p><p style=""margin-left:0cm;text-align:justify;"">(3)&nbsp;&nbsp; Viteza maximă admisă pentru autovehicule cu mase și/sau gabarite depășite ori care transportă produse periculoase este de 40 km/h în localități, iar în afara localităților de 70 km/h.</p><p>(4)&nbsp;&nbsp;Viteza maximă admisă în afara localităților pentru autovehiculele ai căror conducători au mai puțin de un an practică de conducere sau pentru persoanele care efectuează pregătirea practică în vederea obținerii permisului de conducere este cu 20 km/h mai mică decât viteza maximă admisă pentru categoria din care fac parte autovehiculele conduse.</p>


                    </div>","https://scoaladrpciv.ro/intrebari/categoria-d/viteza-si-distanta-intre-vehicule"
"1790534106-231","https://scoaladrpciv.ro/intrebari/categoria-d","În care dintre următoarele situaţii sunteţi obligat să circulaţi cu o viteză care să nu depăşească 30 km/h în localităţi?","C - când partea carosabilă este acoperită cu polei.","","","A - pe poduri, sub poduri sau în tuneluri;","B - la trecerea prin intersecţiile cu circulaţie dirijată;","https://scoaladrpciv.ro/intrebare/in-care-dintre-urmatoarele-situatii-sunteti-obligat-sa-circulati-cu-o-viteza-care-sa-nu-depaseasca-30-km-h-in-localitati-a54f","","<div class="""">
                        <h4>Articolul 123</h4><p>Conducãtorul de vehicul este obligat sã circule cu o viteza care sã nu depãșeascã 30 km/h în localitãți sau 50 km/h în afara localitãților, în urmãtoarele situații:</p><p>a)&nbsp; la trecerea prin intersecțiile cu circulație nedirijatã;</p><p>b)&nbsp;&nbsp; în curbe deosebit de periculoase semnalizate ca atare sau în care vizibilitatea este mai mica de 50 m;</p><p>c)&nbsp;&nbsp; la trecerea pe lângã grupuri organizate, coloane militare sau cortegii, indiferent dacã acestea se aflã în mers sau staționeazã pe partea carosabilã a drumurilor cu o singurã bandã de circulație pe sens;</p><p>&nbsp;d)&nbsp;&nbsp; la trecerea pe lângã animale care sunt conduse pe partea carosabilã sau pe acostament;</p><p>e)&nbsp;&nbsp; când partea carosabilã este acoperitã cu polei, gheațã, zãpadã bãtãtoritã, mâzgã sau piatrã cubicã umedã;</p><p>f)&nbsp;&nbsp; pe drumuri cu denivelãri, semnalizate ca atare;</p><p>g)&nbsp;&nbsp; în zona de acțiune a indicatorului de avertizare ""Copii"" în intervalul orar 7,00-22,00, precum și a indicatorului ""Accident"";</p><p>h)&nbsp;&nbsp; la trecerile pentru pietoni nesemaforizate, semnalizate prin indicatoare și marcaje, când drumul public are cel mult o bandã pe sens, iar pietonii aflați pe trotuar, în imediatã apropiere a pãrții carosabile, intenționeazã sã se angajeze în traversare;</p><p>i)&nbsp;&nbsp; la schimbarea direcției de mers prin viraje;</p><p>&nbsp;j)&nbsp;&nbsp; când vizibilitatea este sub 100 m în condiții de ceațã, ploi torențiale, ninsori abundente.</p>


                    </div>","https://scoaladrpciv.ro/intrebari/categoria-d/viteza-si-distanta-intre-vehicule"
"1790534108-232","https://scoaladrpciv.ro/intrebari/categoria-d","Care este limita maximă de viteză în afara localităţilor, pentru categoria D şi subcategoria D1, pe drumurile naţionale europene (E)?","B - 90 km/h;","","","A - 80 km/h;","C - 100 km/h.","https://scoaladrpciv.ro/intrebare/care-este-limita-maxima-de-viteza-in-afara-localitatilor-pentru-categoria-d-si-subcategoria-d1-pe-drumurile-nationale-europene-e-98e5","","<div class="""">
                        <h4>Articolul 50</h4><p>(1)&nbsp;&nbsp; Vitezele maxime admise în afara localităților pentru categoriile de autovehicule prevăzute în anexa nr. 1 sunt următoarele:</p><ul><li>a)&nbsp;&nbsp;&nbsp;130 km/h pe autostrăzi, 120 km/h pe drumurile expres, 100 km/h pe drumurile naționale europene (E) și 90 km/h pe celelalte categorii de drumuri, pentru autovehiculele din categoriile A și B;</li><li>b)&nbsp;&nbsp;&nbsp;110 km/h pe autostrăzi, 100 km/h pe drumurile expres, 90 km/h pe drumurile naționale europene (E) și 80 km/h pe celelalte categorii de drumuri, pentru autovehiculele din categoriile C, D și categoria D1;</li><li>c)&nbsp;&nbsp;&nbsp;90 km/h pe autostrăzi, 85 km/h pe drumuri expres, 80 km/h pe drumurile naționale europene (E) și 70 km/h pentru celelalte categorii de drumuri, pentru autovehiculele din categoriile A1, B1 și C1;</li><li>d)&nbsp; 45 km/h, pentru tractoarele agricole sau forestiere și mopede.</li></ul><p><span style=""background-color:hsl(60,75%,60%);"">(la 16-05-2022, Alineatul (1) din Articolul 50, § 5., Sectiunea a 2-a, Capitolul V a fost modificat de Punctul 2, Articolul I din LEGEA nr. 134 din 12 mai 2022, publicată în MONITORUL OFICIAL nr. 477 din 13 mai 2022)</span></p><p>(2)&nbsp; Viteza maximă admisă în afara localităților pentru autovehiculele care tractează remorci sau semiremorci este cu 10 km/h mai mică decât viteza maximă admisă pentru categoria din care face parte autovehiculul trăgător.</p><p style=""margin-left:0cm;text-align:justify;"">(3)&nbsp;&nbsp; Viteza maximă admisă pentru autovehicule cu mase și/sau gabarite depășite ori care transportă produse periculoase este de 40 km/h în localități, iar în afara localităților de 70 km/h.</p><p>(4)&nbsp;&nbsp;Viteza maximă admisă în afara localităților pentru autovehiculele ai căror conducători au mai puțin de un an practică de conducere sau pentru persoanele care efectuează pregătirea practică în vederea obținerii permisului de conducere este cu 20 km/h mai mică decât viteza maximă admisă pentru categoria din care fac parte autovehiculele conduse.</p>


                    </div>","https://scoaladrpciv.ro/intrebari/categoria-d/viteza-si-distanta-intre-vehicule"
"1790534111-233","https://scoaladrpciv.ro/intrebari/categoria-d","Precizaţi care este viteza maximă admisă în afara localităţilor, pentru un ansamblu de autovehicule format dintr-un autobuz şi o remorcă:","B - 100 km/h pe autostrăzi, 90 km/h pe drumurile expres, 80 km/h pe drumurile naționale europene (E) și 70 km/h pe celelalte categorii de drumuri;","","","A - 80 km/h pe autostrăzi şi 70 km/h pe celelalte categorii de drumuri;","C - 100 km/h atât pe autostrăzi, cât şi pe celelalte categorii de drumuri.","https://scoaladrpciv.ro/intrebare/precizati-care-este-viteza-maxima-admisa-in-afara-localitatilor-pentru-un-ansamblu-de-autovehicule-format-dintr-un-autobuz-si-o-remorca-b3a7","","<div class="""">
                        <h4>Articolul 50</h4>
<p>(1)&nbsp;&nbsp; Vitezele maxime admise în afara localităților pentru categoriile de autovehicule prevăzute în anexa nr. 1 sunt următoarele:</p>
<ul>
<li>a)&nbsp;&nbsp;&nbsp;130 km/h pe autostrăzi, 120 km/h pe drumurile expres, 100 km/h pe drumurile naționale europene (E) și 90 km/h pe celelalte categorii de drumuri, pentru autovehiculele din categoriile A și B;</li>
<li>b)&nbsp;&nbsp;&nbsp;110 km/h pe autostrăzi, 100 km/h pe drumurile expres, 90 km/h pe drumurile naționale europene (E) și 80 km/h pe celelalte categorii de drumuri, pentru autovehiculele din categoriile C, D și categoria D1;</li>
<li>c)&nbsp;&nbsp;&nbsp;90 km/h pe autostrăzi, 85 km/h pe drumuri expres, 80 km/h pe drumurile naționale europene (E) și 70 km/h pentru celelalte categorii de drumuri, pentru autovehiculele din categoriile A1, B1 și C1;</li>
<li>d)&nbsp; 45 km/h, pentru tractoarele agricole sau forestiere și mopede.</li>
</ul>
<p>(2)&nbsp; Viteza maximă admisă în afara localităților pentru autovehiculele care tractează remorci sau semiremorci este cu 10 km/h mai mică decât viteza maximă admisă pentru categoria din care face parte autovehiculul trăgător.</p>
<p style=""margin-left: 0cm; text-align: justify;"">(3)&nbsp;&nbsp; Viteza maximă admisă pentru autovehicule cu mase și/sau gabarite depășite ori care transportă produse periculoase este de 40 km/h în localități, iar în afara localităților de 70 km/h.</p>
<p>(4)&nbsp;&nbsp;Viteza maximă admisă în afara localităților pentru autovehiculele ai căror conducători au mai puțin de un an practică de conducere sau pentru persoanele care efectuează pregătirea practică în vederea obținerii permisului de conducere este cu 20 km/h mai mică decât viteza maximă admisă pentru categoria din care fac parte autovehiculele conduse.</p>


                    </div>","https://scoaladrpciv.ro/intrebari/categoria-d/viteza-si-distanta-intre-vehicule"
"1790534113-234","https://scoaladrpciv.ro/intrebari/categoria-d","Cum trebuie să conduceţi autobuzul noaptea, pe timp de ploaie torenţială sau ninsoare abundentă, dacă vizibilitatea este sub 100 m?","C - cu viteza redusă la 30 km/h în localităţi sau 50 km/h în afara acestora, precum şi cu luminile de întâlnire.","","","A - cu atenţie sporită, cât mai aproape de acostament sau de bordură;","B - cu atenţie sporită şi cu lumina galbenă intermitentă în funcţiune;","https://scoaladrpciv.ro/intrebare/cum-trebuie-sa-conduceti-autobuzul-noaptea-pe-timp-de-ploaie-torentiala-sau-ninsoare-abundenta-daca-vizibilitatea-este-sub-100-m-189f","","<div class="""">
                        <h4>Articolul 123</h4><p>Conducãtorul de vehicul este obligat sã circule cu o viteza care sã nu depãșeascã 30 km/h în localitãți sau 50 km/h în afara localitãților, în urmãtoarele situații:</p><p>a)&nbsp; la trecerea prin intersecțiile cu circulație nedirijatã;</p><p>b)&nbsp;&nbsp; în curbe deosebit de periculoase semnalizate ca atare sau în care vizibilitatea este mai mica de 50 m;</p><p>c)&nbsp;&nbsp; la trecerea pe lângã grupuri organizate, coloane militare sau cortegii, indiferent dacã acestea se aflã în mers sau staționeazã pe partea carosabilã a drumurilor cu o singurã bandã de circulație pe sens;</p><p>&nbsp;d)&nbsp;&nbsp; la trecerea pe lângã animale care sunt conduse pe partea carosabilã sau pe acostament;</p><p>e)&nbsp;&nbsp; când partea carosabilã este acoperitã cu polei, gheațã, zãpadã bãtãtoritã, mâzgã sau piatrã cubicã umedã;</p><p>f)&nbsp;&nbsp; pe drumuri cu denivelãri, semnalizate ca atare;</p><p>g)&nbsp;&nbsp; în zona de acțiune a indicatorului de avertizare ""Copii"" în intervalul orar 7,00-22,00, precum și a indicatorului ""Accident"";</p><p>h)&nbsp;&nbsp; la trecerile pentru pietoni nesemaforizate, semnalizate prin indicatoare și marcaje, când drumul public are cel mult o bandã pe sens, iar pietonii aflați pe trotuar, în imediatã apropiere a pãrții carosabile, intenționeazã sã se angajeze în traversare;</p><p>i)&nbsp;&nbsp; la schimbarea direcției de mers prin viraje;</p><p>&nbsp;j)&nbsp;&nbsp; când vizibilitatea este sub 100 m în condiții de ceațã, ploi torențiale, ninsori abundente.</p>


                    </div>","https://scoaladrpciv.ro/intrebari/categoria-d/viteza-si-distanta-intre-vehicule"
"1790534115-235","https://scoaladrpciv.ro/intrebari/categoria-d","Într-o intersecţie sunteţi obligat:","A - să acordaţi prioritate de trecere atunci când pietonii angajaţi regulamentar în traversare se află pe sensul dvs. de mers;","B - să circulaţi cu o viteză care să nu depăşească 30 km/h în localităţi sau 50 km/h în afara acestora, dacă drumul are cel mult o bandă pe sens, iar pietonii aflaţi pe trotuar în apropierea părţii carosabile intenţionează să traverseze;","","C - să circulaţi cât mai aproape de bordura din partea dreaptă a trotuarului.","","https://scoaladrpciv.ro/intrebare/intr-o-intersectie-sunteti-obligat-da67","","<div class="""">
                        <h4>Articolul 123</h4><p>Conducãtorul de vehicul este obligat sã circule cu o viteza care sã nu depãșeascã 30 km/h în localitãți sau 50 km/h în afara localitãților, în urmãtoarele situații:</p><p>a)&nbsp; la trecerea prin intersecțiile cu circulație nedirijatã;</p><p>b)&nbsp;&nbsp; în curbe deosebit de periculoase semnalizate ca atare sau în care vizibilitatea este mai mica de 50 m;</p><p>c)&nbsp;&nbsp; la trecerea pe lângã grupuri organizate, coloane militare sau cortegii, indiferent dacã acestea se aflã în mers sau staționeazã pe partea carosabilã a drumurilor cu o singurã bandã de circulație pe sens;</p><p>&nbsp;d)&nbsp;&nbsp; la trecerea pe lângã animale care sunt conduse pe partea carosabilã sau pe acostament;</p><p>e)&nbsp;&nbsp; când partea carosabilã este acoperitã cu polei, gheațã, zãpadã bãtãtoritã, mâzgã sau piatrã cubicã umedã;</p><p>f)&nbsp;&nbsp; pe drumuri cu denivelãri, semnalizate ca atare;</p><p>g)&nbsp;&nbsp; în zona de acțiune a indicatorului de avertizare ""Copii"" în intervalul orar 7,00-22,00, precum și a indicatorului ""Accident"";</p><p>h)&nbsp;&nbsp; la trecerile pentru pietoni nesemaforizate, semnalizate prin indicatoare și marcaje, când drumul public are cel mult o bandã pe sens, iar pietonii aflați pe trotuar, în imediatã apropiere a pãrții carosabile, intenționeazã sã se angajeze în traversare;</p><p>i)&nbsp;&nbsp; la schimbarea direcției de mers prin viraje;</p><p>&nbsp;j)&nbsp;&nbsp; când vizibilitatea este sub 100 m în condiții de ceațã, ploi torențiale, ninsori abundente.</p>


                    </div>","https://scoaladrpciv.ro/intrebari/categoria-d/viteza-si-distanta-intre-vehicule"
"1790534117-236","https://scoaladrpciv.ro/intrebari/categoria-d","Viteza maximă admisă pe autostrăzi, pentru vehiculele din categoria D şi subcategoria D1, este de:","B - 110 km/h;","","","A - 90 km/h;","C - 130 km/h.","https://scoaladrpciv.ro/intrebare/viteza-maxima-admisa-pe-autostrazi-pentru-vehiculele-din-categoria-d-si-subcategoria-d1-este-de-7a40","","<div class="""">
                        <h4>Articolul 50</h4><p>(1)&nbsp;&nbsp; Vitezele maxime admise în afara localităților pentru categoriile de autovehicule prevăzute în anexa nr. 1 sunt următoarele:</p><ul><li>a)&nbsp;&nbsp;&nbsp;130 km/h pe autostrăzi, 120 km/h pe drumurile expres, 100 km/h pe drumurile naționale europene (E) și 90 km/h pe celelalte categorii de drumuri, pentru autovehiculele din categoriile A și B;</li><li>b)&nbsp;&nbsp;&nbsp;110 km/h pe autostrăzi, 100 km/h pe drumurile expres, 90 km/h pe drumurile naționale europene (E) și 80 km/h pe celelalte categorii de drumuri, pentru autovehiculele din categoriile C, D și categoria D1;</li><li>c)&nbsp;&nbsp;&nbsp;90 km/h pe autostrăzi, 85 km/h pe drumuri expres, 80 km/h pe drumurile naționale europene (E) și 70 km/h pentru celelalte categorii de drumuri, pentru autovehiculele din categoriile A1, B1 și C1;</li><li>d)&nbsp; 45 km/h, pentru tractoarele agricole sau forestiere și mopede.</li></ul><p><span style=""background-color:hsl(60,75%,60%);"">(la 16-05-2022, Alineatul (1) din Articolul 50, § 5., Sectiunea a 2-a, Capitolul V a fost modificat de Punctul 2, Articolul I din LEGEA nr. 134 din 12 mai 2022, publicată în MONITORUL OFICIAL nr. 477 din 13 mai 2022)</span></p><p>(2)&nbsp; Viteza maximă admisă în afara localităților pentru autovehiculele care tractează remorci sau semiremorci este cu 10 km/h mai mică decât viteza maximă admisă pentru categoria din care face parte autovehiculul trăgător.</p><p style=""margin-left:0cm;text-align:justify;"">(3)&nbsp;&nbsp; Viteza maximă admisă pentru autovehicule cu mase și/sau gabarite depășite ori care transportă produse periculoase este de 40 km/h în localități, iar în afara localităților de 70 km/h.</p><p>(4)&nbsp;&nbsp;Viteza maximă admisă în afara localităților pentru autovehiculele ai căror conducători au mai puțin de un an practică de conducere sau pentru persoanele care efectuează pregătirea practică în vederea obținerii permisului de conducere este cu 20 km/h mai mică decât viteza maximă admisă pentru categoria din care fac parte autovehiculele conduse.</p>


                    </div>","https://scoaladrpciv.ro/intrebari/categoria-d/viteza-si-distanta-intre-vehicule"
"1790534120-237","https://scoaladrpciv.ro/intrebari/categoria-d","Conducătorul unui autobuz este obligat să circule cu o viteză care să nu depăşească 50 km/h în afara localităţilor în următoarele situaţii:","B - când vizibilitatea este sub 100 m, în condiţii de ceaţă şi ploi torenţiale;","","","A - pe drumurile aglomerate;","C - în apropierea indicatoarelor rutiere cu semnificaţia „Viteză minimă obligatorie“.","https://scoaladrpciv.ro/intrebare/conducatorul-unui-autobuz-este-obligat-sa-circule-cu-o-viteza-care-sa-nu-depaseasca-50-km-h-in-afara-localitatilor-in-urmatoarele-situatii-f73d","","<div class="""">
                        <h4>Articolul 123</h4><p>Conducãtorul de vehicul este obligat sã circule cu o viteza care sã nu depãșeascã 30 km/h în localitãți sau 50 km/h în afara localitãților, în urmãtoarele situații:</p><p>a)&nbsp; la trecerea prin intersecțiile cu circulație nedirijatã;</p><p>b)&nbsp;&nbsp; în curbe deosebit de periculoase semnalizate ca atare sau în care vizibilitatea este mai mica de 50 m;</p><p>c)&nbsp;&nbsp; la trecerea pe lângã grupuri organizate, coloane militare sau cortegii, indiferent dacã acestea se aflã în mers sau staționeazã pe partea carosabilã a drumurilor cu o singurã bandã de circulație pe sens;</p><p>&nbsp;d)&nbsp;&nbsp; la trecerea pe lângã animale care sunt conduse pe partea carosabilã sau pe acostament;</p><p>e)&nbsp;&nbsp; când partea carosabilã este acoperitã cu polei, gheațã, zãpadã bãtãtoritã, mâzgã sau piatrã cubicã umedã;</p><p>f)&nbsp;&nbsp; pe drumuri cu denivelãri, semnalizate ca atare;</p><p>g)&nbsp;&nbsp; în zona de acțiune a indicatorului de avertizare ""Copii"" în intervalul orar 7,00-22,00, precum și a indicatorului ""Accident"";</p><p>h)&nbsp;&nbsp; la trecerile pentru pietoni nesemaforizate, semnalizate prin indicatoare și marcaje, când drumul public are cel mult o bandã pe sens, iar pietonii aflați pe trotuar, în imediatã apropiere a pãrții carosabile, intenționeazã sã se angajeze în traversare;</p><p>i)&nbsp;&nbsp; la schimbarea direcției de mers prin viraje;</p><p>&nbsp;j)&nbsp;&nbsp; când vizibilitatea este sub 100 m în condiții de ceațã, ploi torențiale, ninsori abundente.</p>


                    </div>","https://scoaladrpciv.ro/intrebari/categoria-d/viteza-si-distanta-intre-vehicule"
"1790534122-238","https://scoaladrpciv.ro/intrebari/categoria-d","În care dintre următoarele situaţii conducătorul unui autobuz are obligaţia de a reduce viteza?","C - la trecerea la nivel cu calea ferată.","","","A - pe sectoarele de drum îngustat;","B - când este depăşit de un alt autovehicul;","https://scoaladrpciv.ro/intrebare/in-care-dintre-urmatoarele-situatii-conducatorul-unui-autobuz-are-obligatia-de-a-reduce-viteza-6c64","","<div class="""">
                        <h4>Articolul 136</h4><p>(1)&nbsp;&nbsp; La trecerea la nivel cu calea feratã curentã, conducãtorul de vehicul este obligat sã circule cu viteza redusã și sã se asigure ca din partea stânga sau din partea dreaptã nu se apropie un vehicul feroviar.</p><p>(2)&nbsp;&nbsp; La traversarea caii ferate, pietonii sunt obligați sã se asigure cã din stânga sau din dreapta nu se apropie un vehicul feroviar.</p>


                    </div>","https://scoaladrpciv.ro/intrebari/categoria-d/viteza-si-distanta-intre-vehicule"
"1790534124-239","https://scoaladrpciv.ro/intrebari/categoria-d","Cu ce viteză aveţi voie să circulaţi cu autobuzul în afara localităţilor, când partea carosabilă este acoperită cu mâzgă?","A - cu cel mult 50 km/h;","","","B - cu cel mult 30 km/h;","C - cu cel mult 70 km/h.","https://scoaladrpciv.ro/intrebare/cu-ce-viteza-aveti-voie-sa-circulati-cu-autobuzul-in-afara-localitatilor-cand-partea-carosabila-este-acoperita-cu-mazga-bb66","","<div class="""">
                        <h4>Articolul 123</h4><p>Conducãtorul de vehicul este obligat sã circule cu o viteza care sã nu depãșeascã 30 km/h în localitãți sau 50 km/h în afara localitãților, în urmãtoarele situații:</p><p>a)&nbsp; la trecerea prin intersecțiile cu circulație nedirijatã;</p><p>b)&nbsp;&nbsp; în curbe deosebit de periculoase semnalizate ca atare sau în care vizibilitatea este mai mica de 50 m;</p><p>c)&nbsp;&nbsp; la trecerea pe lângã grupuri organizate, coloane militare sau cortegii, indiferent dacã acestea se aflã în mers sau staționeazã pe partea carosabilã a drumurilor cu o singurã bandã de circulație pe sens;</p><p>&nbsp;d)&nbsp;&nbsp; la trecerea pe lângã animale care sunt conduse pe partea carosabilã sau pe acostament;</p><p>e)&nbsp;&nbsp; când partea carosabilã este acoperitã cu polei, gheațã, zãpadã bãtãtoritã, mâzgã sau piatrã cubicã umedã;</p><p>f)&nbsp;&nbsp; pe drumuri cu denivelãri, semnalizate ca atare;</p><p>g)&nbsp;&nbsp; în zona de acțiune a indicatorului de avertizare ""Copii"" în intervalul orar 7,00-22,00, precum și a indicatorului ""Accident"";</p><p>h)&nbsp;&nbsp; la trecerile pentru pietoni nesemaforizate, semnalizate prin indicatoare și marcaje, când drumul public are cel mult o bandã pe sens, iar pietonii aflați pe trotuar, în imediatã apropiere a pãrții carosabile, intenționeazã sã se angajeze în traversare;</p><p>i)&nbsp;&nbsp; la schimbarea direcției de mers prin viraje;</p><p>&nbsp;j)&nbsp;&nbsp; când vizibilitatea este sub 100 m în condiții de ceațã, ploi torențiale, ninsori abundente.</p>


                    </div>","https://scoaladrpciv.ro/intrebari/categoria-d/viteza-si-distanta-intre-vehicule"
"1790534129-240","https://scoaladrpciv.ro/intrebari/categoria-d","Manevra de evitare, prin schimbarea direcţiei de mers, a unui obstacol aflat pe sensul dvs. de circulaţie, urmată de revenirea pe acelaşi sens, constituie:","B - depăşire;","","","A - ocolire;","C - situaţie de urgenţă.","https://scoaladrpciv.ro/intrebare/manevra-de-evitare-prin-schimbarea-directiei-de-mers-a-unui-obstacol-aflat-pe-sensul-dvs-de-circulatie-urmata-de-revenirea-pe-acelasi-sens-constituie-4a78","","","https://scoaladrpciv.ro/intrebari/categoria-d/depasirea"
"1790534131-241","https://scoaladrpciv.ro/intrebari/categoria-d","Ce obligaţii are conducătorul unui autobuz care urmează să fie depăşit?","B - să nu mărească viteza de deplasare;","","","A - să reducă viteza;","C - să se deplaseze cât mai aproape de axul drumului.","https://scoaladrpciv.ro/intrebare/ce-obligatii-are-conducatorul-unui-autobuz-care-urmeaza-sa-fie-depasit-498e","","<div class="""">
                        <h4>Articolul 119</h4><p>Conducãtorul de vehicul care urmeazã sã fie depãșit este obligat:</p><p>a)&nbsp; sã nu mãreascã viteza de deplasare;</p><p>b)&nbsp;&nbsp; sã circule cât mai aproape de marginea din dreapta a pãrții carosabile sau a benzii pe care se deplaseazã.</p>


                    </div>","https://scoaladrpciv.ro/intrebari/categoria-d/depasirea"
"1790534133-242","https://scoaladrpciv.ro/intrebari/categoria-d","Conducătorul unui autobuz are voie să depăşească un alt autobuz oprit în staţie?","C - da, legea nu interzice.","","","A - da, numai dacă lăţimea drumului este de cel puţin 10 m;","B - da, numai dacă autobuzul depăşit este oprit într-o staţie prevăzută cu alveolă;","https://scoaladrpciv.ro/intrebare/conducatorul-unui-autobuz-are-voie-sa-depaseasca-un-alt-autobuz-oprit-in-statie-32a8","","<div class="""">
                        <h4>Articolul 45</h4><p style=""margin-left:0cm;text-align:justify;"">(1)&nbsp;&nbsp; Depășirea este manevra prin care un vehicul trece înaintea altui vehicul ori pe lângă un obstacol, aflat pe același sens de circulație, prin schimbarea direcției de mers și ieșirea de pe banda de circulație sau din șirul de vehicule în care s-a aflat inițial.</p><p>(2)&nbsp;&nbsp;Conducătorul vehiculului care se angajează în depășire trebuie să se asigure că vehiculul care circulă în fața sau în spatele lui nu a inițiat o asemenea manevră.</p><p>(3)&nbsp;&nbsp;Atunci când prin manevra de depășire se trece peste axa care separa sensurile de circulație, conducătorii de vehicule trebuie să se asigure că din sens opus nu se apropie un vehicul și că dispun de spațiu suficient pentru a reintra pe banda inițială, unde au obligația să revină după efectuarea manevrei de depășire.</p><p>(4)&nbsp; Nu constituie depășire, în sensul alin. (1), situația în care un vehicul circulă mai repede pe una dintre benzi decât vehiculele care circulă pe altă bandă în același sens de circulație.</p><p>(5)&nbsp;&nbsp;Depășirea se efectuează numai pe partea stângă a vehiculului depășit. Tramvaiul sau vehiculul al cărui conducător a semnalizat intenția și s-a încadrat corespunzător părăsirii sensului de mers spre stânga se depășește prin partea dreapta.</p><p>(6)&nbsp;&nbsp;Tramvaiul aflat în mers poate fi depășit și pe partea stângă atunci când drumul este cu sens unic sau când între șina din dreapta și marginea trotuarului nu există spațiu suficient.</p>


                    </div>","https://scoaladrpciv.ro/intrebari/categoria-d/depasirea"
"1790534136-243","https://scoaladrpciv.ro/intrebari/categoria-d","Cum trebuie să procedeze conducătorul autobuzului, dacă intenţionează să depăşească autocamionul staţionat?","B - se asigură şi lasă autoturismul să treacă, semnalizează intenţia de a depăşi, după care se angajează în executarea manevrei;","","","A - semnalizează intenţia şi se angajează în depăşire, numai dacă autoturismul revine pe prima bandă;","C - se angajează în depăşire, numai după ce a semnalizat intenţia schimbării direcţiei de mers şi s-a asigurat că şoferul autoturismului reduce viteza de deplasare.","https://scoaladrpciv.ro/intrebare/cum-trebuie-sa-procedeze-conducatorul-autobuzului-daca-intentioneaza-sa-depaseasca-autocamionul-stationat-0b55","https://scoaladrpciv.ro/storage/questions/2356.jpeg","<div class="""">
                        <h4>Articolul 45</h4><p style=""margin-left:0cm;text-align:justify;"">(1)&nbsp;&nbsp; Depășirea este manevra prin care un vehicul trece înaintea altui vehicul ori pe lângă un obstacol, aflat pe același sens de circulație, prin schimbarea direcției de mers și ieșirea de pe banda de circulație sau din șirul de vehicule în care s-a aflat inițial.</p><p>(2)&nbsp;&nbsp;Conducătorul vehiculului care se angajează în depășire trebuie să se asigure că vehiculul care circulă în fața sau în spatele lui nu a inițiat o asemenea manevră.</p><p>(3)&nbsp;&nbsp;Atunci când prin manevra de depășire se trece peste axa care separa sensurile de circulație, conducătorii de vehicule trebuie să se asigure că din sens opus nu se apropie un vehicul și că dispun de spațiu suficient pentru a reintra pe banda inițială, unde au obligația să revină după efectuarea manevrei de depășire.</p><p>(4)&nbsp; Nu constituie depășire, în sensul alin. (1), situația în care un vehicul circulă mai repede pe una dintre benzi decât vehiculele care circulă pe altă bandă în același sens de circulație.</p><p>(5)&nbsp;&nbsp;Depășirea se efectuează numai pe partea stângă a vehiculului depășit. Tramvaiul sau vehiculul al cărui conducător a semnalizat intenția și s-a încadrat corespunzător părăsirii sensului de mers spre stânga se depășește prin partea dreapta.</p><p>(6)&nbsp;&nbsp;Tramvaiul aflat în mers poate fi depășit și pe partea stângă atunci când drumul este cu sens unic sau când între șina din dreapta și marginea trotuarului nu există spațiu suficient.</p>


                    </div>","https://scoaladrpciv.ro/intrebari/categoria-d/depasirea"
"1790534138-244","https://scoaladrpciv.ro/intrebari/categoria-d","Vă apropiaţi de o trecere la nivel cu calea ferată curentă fără bariere, în traversarea căreia s-a angajat o căruţă aflată în faţa dvs. În această situaţie puteţi efectua depăşirea?","C - nu, întrucât depăşirea este interzisă pe trecerile la nivel cu calea ferată şi la mai puţin de 50 m înainte de acestea.","","","A - da, dacă aceasta nu a ajuns încă la linia de tren;","B - da, întrucât căruţa este un vehicul lent;","https://scoaladrpciv.ro/intrebare/va-apropiati-de-o-trecere-la-nivel-cu-calea-ferata-curenta-fara-bariere-in-traversarea-careia-s-a-angajat-o-caruta-aflata-in-fata-dvs-in-aceasta-situatie-puteti-efectua-depasirea-6c05","","<div class="""">
                        <h4>Articolul 120</h4><p>(1)&nbsp;&nbsp; Se interzice depãșirea vehiculelor: a) în intersecții cu circulația nedirijatã;</p><ul style=""list-style-type:circle;""><li>b)&nbsp;&nbsp; în apropierea vârfurilor de rampa, când vizibilitatea este redusã sub 50 m;</li><li>c)&nbsp; în curbe și în orice alte locuri unde vizibilitatea este redusã sub 50 m;</li><li>d)&nbsp;&nbsp;pe pasaje denivelate, pe poduri, sub poduri și în tuneluri. Prin excepție, pot fi depãșite în aceste locuri vehiculele cu tracțiune animalã, motocicletele fãrã ataș, mopedele, bicicletele și trotinetele electrice, dacã vizibilitatea asupra drumului este asiguratã pe o distanțã mai mare de 20 m, iar lãțimea drumului este de cel puțin 7 m;</li><li>e)&nbsp;&nbsp; pe trecerile pentru pietoni semnalizate prin indicatoare și marcaje;</li><li>f)&nbsp;&nbsp; pe trecerile la nivel cu calea feratã curentã și la mai puțin de 50 m înainte de acestea;</li><li>g)&nbsp;&nbsp; în dreptul stației pentru tramvai, atunci când acesta este oprit, iar stația nu este prevãzutã cu refugiu pentru pietoni;</li><li>h)&nbsp;&nbsp; în zona de acțiune a indicatorului ""Depãșirea interzisã"";</li><li>i)&nbsp;&nbsp; când pentru efectuarea manevrei se încalcã marcajul continuu, simplu sau dublu, care desparte sensurile de mers, iar autovehiculul circulã, chiar și parțial, pe sensul opus, ori se încalcã marcajul care delimiteazã spațiul de interzicere;</li><li>j)&nbsp;&nbsp; când din sens opus se apropie un alt vehicul, iar conducãtorul acestuia este obligat sã efectueze manevre de evitare a coliziunii;</li><li>k)&nbsp;&nbsp; pe sectorul de drum unde s-a format o coloana de vehicule în așteptare, dacã prin aceasta se intrã pe sensul opus de circulație.</li></ul><p>(2) Se interzice depãșirea coloanei oficiale.</p>


                    </div>","https://scoaladrpciv.ro/intrebari/categoria-d/depasirea"
"1790534140-245","https://scoaladrpciv.ro/intrebari/categoria-d","În ce situaţii este interzisă depăşirea unei biciclete?","B - pe trecerea pentru pietoni, semnalizată cu indicator sau cu marcaj;","","","A - în zona de acţiune a indicatorului „Depăşirea autovehiculelor, cu excepţia motocicletelor fără ataş, interzisă“;","C - la mai puţin de 100 m de trecerea la nivel cu calea ferată.","https://scoaladrpciv.ro/intrebare/in-ce-situatii-este-interzisa-depasirea-unei-biciclete-10cb","","<div class="""">
                        <h4>Articolul 120</h4><p>(1)&nbsp;&nbsp; Se interzice depãșirea vehiculelor: a) în intersecții cu circulația nedirijatã;</p><ul style=""list-style-type:circle;""><li>b)&nbsp;&nbsp; în apropierea vârfurilor de rampa, când vizibilitatea este redusã sub 50 m;</li><li>c)&nbsp; în curbe și în orice alte locuri unde vizibilitatea este redusã sub 50 m;</li><li>d)&nbsp;&nbsp;pe pasaje denivelate, pe poduri, sub poduri și în tuneluri. Prin excepție, pot fi depãșite în aceste locuri vehiculele cu tracțiune animalã, motocicletele fãrã ataș, mopedele, bicicletele și trotinetele electrice, dacã vizibilitatea asupra drumului este asiguratã pe o distanțã mai mare de 20 m, iar lãțimea drumului este de cel puțin 7 m;</li><li>e)&nbsp;&nbsp; pe trecerile pentru pietoni semnalizate prin indicatoare și marcaje;</li><li>f)&nbsp;&nbsp; pe trecerile la nivel cu calea feratã curentã și la mai puțin de 50 m înainte de acestea;</li><li>g)&nbsp;&nbsp; în dreptul stației pentru tramvai, atunci când acesta este oprit, iar stația nu este prevãzutã cu refugiu pentru pietoni;</li><li>h)&nbsp;&nbsp; în zona de acțiune a indicatorului ""Depãșirea interzisã"";</li><li>i)&nbsp;&nbsp; când pentru efectuarea manevrei se încalcã marcajul continuu, simplu sau dublu, care desparte sensurile de mers, iar autovehiculul circulã, chiar și parțial, pe sensul opus, ori se încalcã marcajul care delimiteazã spațiul de interzicere;</li><li>j)&nbsp;&nbsp; când din sens opus se apropie un alt vehicul, iar conducãtorul acestuia este obligat sã efectueze manevre de evitare a coliziunii;</li><li>k)&nbsp;&nbsp; pe sectorul de drum unde s-a format o coloana de vehicule în așteptare, dacã prin aceasta se intrã pe sensul opus de circulație.</li></ul><p>(2) Se interzice depãșirea coloanei oficiale.</p>


                    </div>","https://scoaladrpciv.ro/intrebari/categoria-d/depasirea"
"1790534143-246","https://scoaladrpciv.ro/intrebari/categoria-d","Cum trebuie să procedeze conducătorul unui autobuz, atunci când se apropie de tramvaie aflate în mers?","C - dacă spaţiul permite, poate depăşi tramvaiele prin partea dreaptă.","","","A - să atenţioneze conducătorul tramvaiului, prin semnale sonore, pentru ca acesta să reducă viteza;","B - să păstreze în mers cel puţin 10 m faţă de ultimul vagon al tramvaiului;","https://scoaladrpciv.ro/intrebare/cum-trebuie-sa-procedeze-conducatorul-unui-autobuz-atunci-cand-se-apropie-de-tramvaie-aflate-in-mers-de3e","","<div class="""">
                        <h4>Articolul 45</h4><p style=""margin-left:0cm;text-align:justify;"">(1)&nbsp;&nbsp; Depășirea este manevra prin care un vehicul trece înaintea altui vehicul ori pe lângă un obstacol, aflat pe același sens de circulație, prin schimbarea direcției de mers și ieșirea de pe banda de circulație sau din șirul de vehicule în care s-a aflat inițial.</p><p>(2)&nbsp;&nbsp;Conducătorul vehiculului care se angajează în depășire trebuie să se asigure că vehiculul care circulă în fața sau în spatele lui nu a inițiat o asemenea manevră.</p><p>(3)&nbsp;&nbsp;Atunci când prin manevra de depășire se trece peste axa care separa sensurile de circulație, conducătorii de vehicule trebuie să se asigure că din sens opus nu se apropie un vehicul și că dispun de spațiu suficient pentru a reintra pe banda inițială, unde au obligația să revină după efectuarea manevrei de depășire.</p><p>(4)&nbsp; Nu constituie depășire, în sensul alin. (1), situația în care un vehicul circulă mai repede pe una dintre benzi decât vehiculele care circulă pe altă bandă în același sens de circulație.</p><p>(5)&nbsp;&nbsp;Depășirea se efectuează numai pe partea stângă a vehiculului depășit. Tramvaiul sau vehiculul al cărui conducător a semnalizat intenția și s-a încadrat corespunzător părăsirii sensului de mers spre stânga se depășește prin partea dreapta.</p><p>(6)&nbsp;&nbsp;Tramvaiul aflat în mers poate fi depășit și pe partea stângă atunci când drumul este cu sens unic sau când între șina din dreapta și marginea trotuarului nu există spațiu suficient.</p>


                    </div>","https://scoaladrpciv.ro/intrebari/categoria-d/depasirea"
"1790534145-247","https://scoaladrpciv.ro/intrebari/categoria-d","Precizaţi ce categorii de vehicule puteţi depăşi pe poduri, unde vizibilitatea este peste 20 m, iar lăţimea podului este de cel puţin 7 m:","B - motocicletele fără ataş, mopedele, bicicletele şi vehiculele cu tracţiune animală;","","","A - autovehiculele de tonaj mare;","C - autoturismele care circulă cu viteză redusă.","https://scoaladrpciv.ro/intrebare/precizati-ce-categorii-de-vehicule-puteti-depasi-pe-poduri-unde-vizibilitatea-este-peste-20-m-iar-latimea-podului-este-de-cel-putin-7-m-362d","","<div class="""">
                        <h4>Articolul 120</h4><p>(1)&nbsp;&nbsp; Se interzice depãșirea vehiculelor: a) în intersecții cu circulația nedirijatã;</p><ul style=""list-style-type:circle;""><li>b)&nbsp;&nbsp; în apropierea vârfurilor de rampa, când vizibilitatea este redusã sub 50 m;</li><li>c)&nbsp; în curbe și în orice alte locuri unde vizibilitatea este redusã sub 50 m;</li><li>d)&nbsp;&nbsp;pe pasaje denivelate, pe poduri, sub poduri și în tuneluri. Prin excepție, pot fi depãșite în aceste locuri vehiculele cu tracțiune animalã, motocicletele fãrã ataș, mopedele, bicicletele și trotinetele electrice, dacã vizibilitatea asupra drumului este asiguratã pe o distanțã mai mare de 20 m, iar lãțimea drumului este de cel puțin 7 m;</li><li>e)&nbsp;&nbsp; pe trecerile pentru pietoni semnalizate prin indicatoare și marcaje;</li><li>f)&nbsp;&nbsp; pe trecerile la nivel cu calea feratã curentã și la mai puțin de 50 m înainte de acestea;</li><li>g)&nbsp;&nbsp; în dreptul stației pentru tramvai, atunci când acesta este oprit, iar stația nu este prevãzutã cu refugiu pentru pietoni;</li><li>h)&nbsp;&nbsp; în zona de acțiune a indicatorului ""Depãșirea interzisã"";</li><li>i)&nbsp;&nbsp; când pentru efectuarea manevrei se încalcã marcajul continuu, simplu sau dublu, care desparte sensurile de mers, iar autovehiculul circulã, chiar și parțial, pe sensul opus, ori se încalcã marcajul care delimiteazã spațiul de interzicere;</li><li>j)&nbsp;&nbsp; când din sens opus se apropie un alt vehicul, iar conducãtorul acestuia este obligat sã efectueze manevre de evitare a coliziunii;</li><li>k)&nbsp;&nbsp; pe sectorul de drum unde s-a format o coloana de vehicule în așteptare, dacã prin aceasta se intrã pe sensul opus de circulație.</li></ul><p>(2) Se interzice depãșirea coloanei oficiale.</p>


                    </div>","https://scoaladrpciv.ro/intrebari/categoria-d/depasirea"
"1790534147-248","https://scoaladrpciv.ro/intrebari/categoria-d","Se interzice depăşirea:","A - atunci când se încalcă marcajul continuu longitudinal, chiar şi numai cu roţile de pe partea stângă;","","","B - în zonele cu trafic intens;","C - când se încalcă marcajul discontinuu longitudinal.","https://scoaladrpciv.ro/intrebare/se-interzice-depasirea-5dfc","","<div class="""">
                        <h4>Articolul 120</h4><p>(1)&nbsp;&nbsp; Se interzice depãșirea vehiculelor: a) în intersecții cu circulația nedirijatã;</p><ul style=""list-style-type:circle;""><li>b)&nbsp;&nbsp; în apropierea vârfurilor de rampa, când vizibilitatea este redusã sub 50 m;</li><li>c)&nbsp; în curbe și în orice alte locuri unde vizibilitatea este redusã sub 50 m;</li><li>d)&nbsp;&nbsp;pe pasaje denivelate, pe poduri, sub poduri și în tuneluri. Prin excepție, pot fi depãșite în aceste locuri vehiculele cu tracțiune animalã, motocicletele fãrã ataș, mopedele, bicicletele și trotinetele electrice, dacã vizibilitatea asupra drumului este asiguratã pe o distanțã mai mare de 20 m, iar lãțimea drumului este de cel puțin 7 m;</li><li>e)&nbsp;&nbsp; pe trecerile pentru pietoni semnalizate prin indicatoare și marcaje;</li><li>f)&nbsp;&nbsp; pe trecerile la nivel cu calea feratã curentã și la mai puțin de 50 m înainte de acestea;</li><li>g)&nbsp;&nbsp; în dreptul stației pentru tramvai, atunci când acesta este oprit, iar stația nu este prevãzutã cu refugiu pentru pietoni;</li><li>h)&nbsp;&nbsp; în zona de acțiune a indicatorului ""Depãșirea interzisã"";</li><li>i)&nbsp;&nbsp; când pentru efectuarea manevrei se încalcã marcajul continuu, simplu sau dublu, care desparte sensurile de mers, iar autovehiculul circulã, chiar și parțial, pe sensul opus, ori se încalcã marcajul care delimiteazã spațiul de interzicere;</li><li>j)&nbsp;&nbsp; când din sens opus se apropie un alt vehicul, iar conducãtorul acestuia este obligat sã efectueze manevre de evitare a coliziunii;</li><li>k)&nbsp;&nbsp; pe sectorul de drum unde s-a format o coloana de vehicule în așteptare, dacã prin aceasta se intrã pe sensul opus de circulație.</li></ul><p>(2) Se interzice depãșirea coloanei oficiale.</p>


                    </div>","https://scoaladrpciv.ro/intrebari/categoria-d/depasirea"
"1790534150-249","https://scoaladrpciv.ro/intrebari/categoria-d","Cum trebuie să procedaţi atunci când intenţionaţi să finalizaţi o depăşire?","A - vă încadraţi cât se poate de repede pe dreapta, fără a-l stânjeni pe cel depăşit;","","","B - după reîncadrare, semnalizaţi cu luminile de avarie;","C - claxonaţi şi vă angajaţi pe partea dreaptă, direct în faţa vehiculului depăşit.","https://scoaladrpciv.ro/intrebare/cum-trebuie-sa-procedati-atunci-cand-intentionati-sa-finalizati-o-depasire-6301","","<div class="""">
                        <h4>Articolul 118</h4><p>(1) Conducãtorul de vehicul care efectueazã depãșirea este obligat:</p><ul style=""list-style-type:circle;""><li>a)&nbsp;&nbsp; sã se asigure cã acela care îl urmeazã sau îl precedã nu a semnalizat intenția începerii unei manevre similare și cã poate depãși fãrã a pune în pericol sau fãrã a stânjeni circulația din sens opus;</li><li>b)&nbsp;&nbsp; sã semnalizeze intenția de efectuare a depãșirii;</li><li>c)&nbsp;&nbsp; sã pãstreze în timpul depãșirii o distanțã lateralã suficientã fațã de vehiculul depãșit;</li><li>d)&nbsp;&nbsp; sã reintre pe banda sau în șirul de circulație inițial dupã ce a semnalizat și s-a asigurat cã poate efectua aceastã manevrã în condiții de siguranțã pentru vehiculul depãșit și pentru ceilalți participanți la trafic.</li></ul><p>(2)&nbsp;&nbsp; Pentru asigurarea distanței laterale de siguranțã, la depãșirea unei biciclete sau a unei trotinete electrice conducãtorii de autovehicule, altele decât cele care se deplaseazã pe douã roți, realizeazã aceastã manevrã prin trecerea peste marcajul longitudinal de separare a sensurilor de circulație ori de separare a benzilor pe același sens, cu cel puțin jumãtate din lãțimea autovehiculului atunci când viteza acestuia de deplasare este mai mare de 50 km/h, sau cel puțin prin încãlcarea acestor marcaje atunci când viteza de deplasare este de cel mult 50 km/h.</p>


                    </div>","https://scoaladrpciv.ro/intrebari/categoria-d/depasirea"
"1790534152-250","https://scoaladrpciv.ro/intrebari/categoria-d","Ce trebuie să facă conducătorul unui autobuz, atunci când sesizează că urmează să fie depăşit?","B - să nu mărească viteza;","C - să se angajeze cât mai aproape de marginea din dreapta a părţii carosabile.","","A - să pună în funcţiune luminile indicatoare de direcţie intermitente;","","https://scoaladrpciv.ro/intrebare/ce-trebuie-sa-faca-conducatorul-unui-autobuz-atunci-cand-sesizeaza-ca-urmeaza-sa-fie-depasit-7432","","<div class="""">
                        <h4>Articolul 119</h4><p>Conducãtorul de vehicul care urmeazã sã fie depãșit este obligat:</p><p>a)&nbsp; sã nu mãreascã viteza de deplasare;</p><p>b)&nbsp;&nbsp; sã circule cât mai aproape de marginea din dreapta a pãrții carosabile sau a benzii pe care se deplaseazã.</p>


                    </div>","https://scoaladrpciv.ro/intrebari/categoria-d/depasirea"
"1790534157-251","https://scoaladrpciv.ro/intrebari/categoria-d","Pe drumurile publice prevăzute cu minimum 3 benzi pe sens, atunci când conducătorii a două vehicule circulă în aceeași direcție, dar pe benzi diferite, și intenționează să se înscrie pe banda liberă dintre ei, această bandă va fi ocupată de:","A - vehiculul care circulă pe banda din stânga, față de cel care circulă pe banda din dreapta;","","","B - vehiculul care circulă pe banda din dreapta, față de cel care circulă pe banda din stânga;","C - vehiculul care circulă cu viteza maximă admisă pe sectorul de drum respectiv.","https://scoaladrpciv.ro/intrebare/pe-drumurile-publice-prevazute-cu-minimum-3-benzi-pe-sens-atunci-cand-conducatorii-a-doua-vehicule-circula-in-aceeasi-directie-dar-pe-benzi-diferite-si-intentioneaza-sa-se-inscrie-pe-banda-libera-dintre-ei-aceasta-banda-va-fi-ocupata-de-19e5","","<div class="""">
                        <h4>Articolul 106</h4>
<p>(1) Pe un drum public prevãzut cu minimum 3 benzi pe sens, când conducãtorii a douã autovehicule circulã în aceeași direcție, dar pe benzi diferite, și intenționeazã sã se înscrie pe banda liberã dintre ei, cel care circulã pe banda din dreapta este obligat sã permitã celui care vine din stânga sã ocupe acea bandã.</p>


                    </div>","https://scoaladrpciv.ro/intrebari/categoria-d/pozitia-in-timpul-mersului-si-semnalele-conducatorilor-de-autovehicule"
"1790534159-252","https://scoaladrpciv.ro/intrebari/categoria-d","Cum trebuie să procedeze conducătorul autobuzului din imagine, dacă sesizează că pneul roţii din dreapta spate este în pană?","C - semnalizează şi opreşte, acordând prioritate vehiculelor de pe banda din dreapta.","","","A - opreşte imediat, invită călătorii să  coboare şi apoi anunţă depanarea;","B - opreşe imediat, folosind frâna de ajutor, pentru a nu deteriora anvelopa;","https://scoaladrpciv.ro/intrebare/cum-trebuie-sa-procedeze-conducatorul-autobuzului-din-imagine-daca-sesizeaza-ca-pneul-rotii-din-dreapta-spate-este-in-pana-5c5c","https://scoaladrpciv.ro/storage/questions/2538.jpeg","","https://scoaladrpciv.ro/intrebari/categoria-d/pozitia-in-timpul-mersului-si-semnalele-conducatorilor-de-autovehicule"
"1790534161-253","https://scoaladrpciv.ro/intrebari/categoria-d","Ce rând trebuie să ocupaţi şi de la ce distanţă, pentru a putea executa virajul la stânga într-o intersecţie nedirijată?","A - rândul din stânga, de la o distanţă de cel puţin 50 m;","","","B - rândul din mijloc, de la o distanţă de cel puţin 100 m;","C - rândul de lângă bordură, de la o distanţă de cel puţin 50 m.","https://scoaladrpciv.ro/intrebare/ce-rand-trebuie-sa-ocupati-si-de-la-ce-distanta-pentru-a-putea-executa-virajul-la-stanga-intr-o-intersectie-nedirijata-5dd7","","","https://scoaladrpciv.ro/intrebari/categoria-d/pozitia-in-timpul-mersului-si-semnalele-conducatorilor-de-autovehicule"
"1790534163-254","https://scoaladrpciv.ro/intrebari/categoria-d","Sunteţi obligat să semnalizaţi orice schimbare a direcţiei de mers?","C - da.","","","A - numai dacă sunt vehicule care vă urmează;","B - numai în localităţi;","https://scoaladrpciv.ro/intrebare/sunteti-obligat-sa-semnalizati-orice-schimbare-a-directiei-de-mers-914d","","<div class="""">
                        <h4>Articolul 116</h4>
<p>&nbsp;(1)&nbsp;&nbsp; Conducãtorii de vehicule sunt obligați sã semnalizeze schimbarea direcției de deplasare, depãșirea, oprirea și punerea în mișcare.</p>
<p>&nbsp;(2)&nbsp;&nbsp; Intenția conducãtorilor de autovehicule, tractoare agricole sau forestiere și tramvaie de a schimba direcția de mers, de a ieși dintr-un rând de vehicule staționate ori de a intra într-un asemenea rând, de a trece pe o altã bandã de circulație sau de a vira spre dreapta ori spre stânga sau a celor care urmeazã sã efectueze întoarcere, depãșire ori oprire se semnalizeazã prin punerea în funcțiune a luminilor indicatoare de direcție cu cel puțin 50 m în localitãți și 100 m în afara localitãților înainte de începerea efectuãrii manevrelor.</p>
<p>(3)&nbsp;&nbsp; Reducerea vitezei de deplasare sau oprirea autovehiculelor, tractoarelor agricole sau forestiere și a tramvaielor pe partea carosabilã se semnalizeazã cu luminã roșie din spate.</p>
<p>&nbsp;</p>


                    </div>","https://scoaladrpciv.ro/intrebari/categoria-d/pozitia-in-timpul-mersului-si-semnalele-conducatorilor-de-autovehicule"
"1790534166-255","https://scoaladrpciv.ro/intrebari/categoria-d","În care dintre situaţiile de mai jos puteţi folosi banda de lângă axul drumului pe o autostradă?","A - când efectuaţi depăşirea altor autovehicule, dacă celelalte benzi în direcţia de mers sunt ocupate;","","","B - când conduceţi autobuzul cu viteza maximă admisă;","C - când nu sunteţi precedat de alte autovehicule.","https://scoaladrpciv.ro/intrebare/in-care-dintre-situatiile-de-mai-jos-puteti-folosi-banda-de-langa-axul-drumului-pe-o-autostrada-1a3a","","<div class="""">
                        <h4>Articolul 101</h4><p>Când drumul are douã sau mai multe benzi pe sensul de mers, vehiculele se conduc pe banda situatã lângã acostament sau bordura. Celelalte benzi pot fi folosite succesiv, de la dreapta spre stânga, dacã banda de circulație utilizatã este ocupatã, cu obligația de a reveni pe banda din dreapta atunci când acest lucru este posibil.</p>


                    </div>","https://scoaladrpciv.ro/intrebari/categoria-d/pozitia-in-timpul-mersului-si-semnalele-conducatorilor-de-autovehicule"
"1790534168-256","https://scoaladrpciv.ro/intrebari/categoria-d","Ce obligaţii are conducătorul unui autobuz care intenţionează să repună în mişcare autovehiculul aflat între alte vehicule staţionate?","B - semnalizează din timp plecarea de pe loc, se asigură că poate efectua manevra fără a perturba circulaţia sau fără a pune în pericol siguranţa celorlalţi participanţi la trafic şi acordă prioritate vehiculelor care circulă pe drumul public, indiferent de direcţia de deplasare;","","","A - semnalizează plecarea de pe loc, pentru a fi observat de cei care circulă în acelaşi sens;","C - manevrează cu grijă autobuzul, pentru a nu lovi vehiculele din faţa sau din spatele său, după care se repune în mişcare.","https://scoaladrpciv.ro/intrebare/ce-obligatii-are-conducatorul-unui-autobuz-care-intentioneaza-sa-repuna-in-miscare-autovehiculul-aflat-intre-alte-vehicule-stationate-b4c0","","<div class="""">
                        <h4>&nbsp;Articolul 116</h4>
<p>&nbsp;(1)&nbsp;&nbsp; Conducãtorii de vehicule sunt obligați sã semnalizeze schimbarea direcției de deplasare, depãșirea, oprirea și punerea în mișcare.</p>
<p>&nbsp;(2)&nbsp;&nbsp; Intenția conducãtorilor de autovehicule, tractoare agricole sau forestiere și tramvaie de a schimba direcția de mers, de a ieși dintr-un rând de vehicule staționate ori de a intra într-un asemenea rând, de a trece pe o altã bandã de circulație sau de a vira spre dreapta ori spre stânga sau a celor care urmeazã sã efectueze întoarcere, depãșire ori oprire se semnalizeazã prin punerea în funcțiune a luminilor indicatoare de direcție cu cel puțin 50 m în localitãți și 100 m în afara localitãților înainte de începerea efectuãrii manevrelor.</p>
<p>(3)&nbsp;&nbsp; Reducerea vitezei de deplasare sau oprirea autovehiculelor, tractoarelor agricole sau forestiere și a tramvaielor pe partea carosabilã se semnalizeazã cu luminã roșie din spate.</p>
<h4>Articolul 135</h4>
<p>Conducãtorul de vehicul este obligat sã acorde prioritate de trecere și în urmãtoarele situații:</p>
<p>a)&nbsp;&nbsp; la intersecția nedirijatã atunci când pãtrunde pe un drum național venind de pe un drum județean, comunal sau local;</p>
<p>b)&nbsp;&nbsp; la intersecția nedirijatã atunci când pãtrunde pe un drum județean venind de pe un drum comunal sau local;</p>
<p>c)&nbsp;&nbsp; la intersecția nedirijatã atunci când pãtrunde pe un drum comunal venind de pe un drum local;</p>
<p>d)&nbsp;&nbsp; când urmeazã sã pãtrundã într-o intersecție cu circulație în sens giratoriu fațã de cel care circulã în interiorul acesteia;</p>
<p>e)&nbsp;&nbsp; când circulã în panta fațã de cel care urca, dacã pe sensul de mers al celui care urca se aflã un obstacol imobil. În aceastã situație manevra nu este consideratã depãșire în sensul prevederilor art. 120 lit. j);</p>
<p>f)&nbsp;&nbsp; când se pune în mișcare sau la pãtrunderea pe drumul public venind de pe o proprietate alãturatã acestuia fațã de vehiculul care circulã pe drumul public, indiferent de direcția de deplasare;</p>
<p>g)&nbsp;&nbsp; când efectueazã un viraj spre stânga sau spre dreapta și se intersecteazã cu un conducãtor de bicicletã sau trotinetã electricã care circulã pe o pistã pentru biciclete, semnalizatã ca atare;</p>
<p>h)&nbsp;&nbsp; pietonului care traverseazã drumul public, prin loc special amenajat, marcat și semnalizat corespunzãtor ori la culoarea verde a semaforului destinat lui, atunci când acesta se aflã pe sensul de mers al vehiculului.</p>


                    </div>","https://scoaladrpciv.ro/intrebari/categoria-d/pozitia-in-timpul-mersului-si-semnalele-conducatorilor-de-autovehicule"
"1790534170-257","https://scoaladrpciv.ro/intrebari/categoria-d","Circulaţia pe banda rezervată transportului public de persoane, semnalizată ca atare, este permisă:","A - vehiculelor care efectuează transport public de persoane şi autovehiculelor cu regim de circulaţie prioritar, atunci când se deplasează în acţiuni de intervenţie sau în misiuni care au caracter de urgenţă;","","","B - numai vehiculelor care efectuează transport public de persoane;","C - tuturor vehiculelor, dacă nu incomodează circulaţia vehiculelor prioritare.","https://scoaladrpciv.ro/intrebare/circulatia-pe-banda-rezervata-transportului-public-de-persoane-semnalizata-ca-atare-este-permisa-05ff","","<div class="""">
                        <h4>Articolul 104</h4><p>Vehiculele care efectueazã transport public de persoane se conduc pe banda rezervatã acestora, dacã o astfel de bandã existã și este semnalizatã ca atare. Pe aceeași bandã pot circula și autovehiculele cu regim de circulație prioritarã când se deplaseazã în acțiuni de intervenții sau în misiuni care au caracter de urgențã.</p>


                    </div>","https://scoaladrpciv.ro/intrebari/categoria-d/pozitia-in-timpul-mersului-si-semnalele-conducatorilor-de-autovehicule"
"1790534173-258","https://scoaladrpciv.ro/intrebari/categoria-d","Cum trebuie să procedaţi când circulaţi pe timp de noapte şi din sens opus se apropie un alt autovehicul?","A - să reduceţi viteza;","B - să folosiţi luminile de întâlnire de la cel puţin 200 m;","","C - să vă angajaţi cât mai aproape de marginea din dreapta a drumului.","","https://scoaladrpciv.ro/intrebare/cum-trebuie-sa-procedati-cand-circulati-pe-timp-de-noapte-si-din-sens-opus-se-apropie-un-alt-autovehicul-ce4f","","<div class="""">
                        <h4>Articolul 114</h4><p>(1)&nbsp;&nbsp; Conducãtorii de autovehicule, tractoare agricole sau forestiere și tramvaie sunt obligați sã foloseascã instalațiile de iluminare și/sau semnalizare a acestora, dupã cum urmeazã:</p><ul style=""list-style-type:circle;""><li>a)&nbsp;&nbsp; luminile de poziție sau de staționare pe timpul imobilizãrii vehiculului pe partea carosabilã în afara localitãților, de la lãsarea serii și pânã în zorii zilei, ziua când plouã torențial, ninge abundent sau este ceațã densã ori în alte condiții care reduc vizibilitatea pe drumul public;</li><li>b)&nbsp;&nbsp; luminile de întâlnire sau de drum, în mers, atât în localitãți, cât și în afara acestora, dupã gradul de iluminare a drumului public;</li><li>c)&nbsp; luminile de întâlnire și cele de ceațã pe timp de ceațã densã;</li><li>d)&nbsp;&nbsp; luminile de întâlnire ale autovehiculelor care însoțesc coloane militare sau cortegii, transportã grupuri organizate de persoane și cele care tracteazã alte vehicule sau care transporta mãrfuri ori produse periculoase, în timpul zilei;</li><li>e)&nbsp;&nbsp; luminile de întâlnire atunci când plouã torențial, ninge abundent ori în alte condiții care reduc vizibilitatea pe drum;</li><li>f)&nbsp;&nbsp; luminile pentru mersul înapoi atunci când vehiculul este manevrat cãtre înapoi;</li><li>g)&nbsp;&nbsp; luminile indicatoare de direcție pentru semnalizarea schimbãrii direcției de mers, inclusiv la punerea în mișcare a vehiculului de pe loc.</li></ul><p>(2)&nbsp;&nbsp; Pe timpul nopții, la apropierea a douã vehicule care circulã din sensuri opuse, conducãtorii acestora sunt obligați ca de la o distanțã de cel puțin 200 m sã foloseascã luminile de întâlnire concomitent cu reducerea vitezei. Când conducãtorul de autovehicul, tractor agricol sau forestier se apropie de un autovehicul care circulã în fațã sã, acesta este obligat sã foloseascã luminile de întâlnire de la o distanțã de cel puțin 100 m.</p><p>(3)&nbsp;&nbsp; Pe timpul nopții sau în condiții de vizibilitate redusã conducãtorii de autovehicule, tractoare agricole sau forestiere și tramvaie care se apropie de o intersecție nedirijatã prin semnale luminoase sau de cãtre polițiști sunt obligați sã semnalizeze prin folosirea alternantã a luminilor de întâlnire cu cele de drum dacã nu încalcã astfel prevederile alin. (2).</p><p>&nbsp;(4)&nbsp;&nbsp; Pe timpul nopții sau în condiții de vizibilitate redusã autovehiculele, tractoarele agricole sau forestiere ori remorcile cu deficiențe la sistemul de iluminare și semnalizare luminoasã nu pot fi conduse sau remorcate fãrã a avea în funcțiune pe partea stânga, în fațã o luminã de întâlnire și în spate una de poziție.</p><p>(5) Luminile de avarie se folosesc în urmãtoarele situații:</p><ul style=""list-style-type:circle;""><li>a)&nbsp; când vehiculul este imobilizat involuntar pe partea carosabilã;</li><li>b)&nbsp;&nbsp; când vehiculul se deplaseazã foarte lent și/sau constituie el însuși un pericol pentru ceilalți participanți la trafic;</li><li>c)&nbsp;&nbsp; când autovehiculul, tractorul agricol sau forestier ori tramvaiul este remorcat.</li></ul><p>&nbsp;(6)&nbsp;&nbsp; În situațiile prevãzute la alin. (5), conducãtorii de autovehicule, tractoare agricole sau forestiere și tramvaie trebuie sã punã în funcțiune luminile de avarie, în mod succesiv, în ordinea opririi și în cazul în care aceastã manevrã este impusã de blocarea circulației pe sensul de mers.</p><p>(7)&nbsp;&nbsp; Când circulã prin tunel conducãtorul de vehicul este obligat sã foloseascã luminile de întâlnire.</p>


                    </div>","https://scoaladrpciv.ro/intrebari/categoria-d/pozitia-in-timpul-mersului-si-semnalele-conducatorilor-de-autovehicule"
"1790534175-259","https://scoaladrpciv.ro/intrebari/categoria-d","Este permisă staţionarea autobuzelor pe timpul nopţii pe partea carosabilă  a unui drum comunal neiluminat?","A - da, dacă se aprind luminile de poziţie sau de staţionare;","","","B - nu, întrucât în toate cazurile se interzice pe timpul nopţii staţionarea pe partea carosabilă;","C - da, dacă în afara luminilor de poziţie, prezenţa autobuzului este semnalizată şi cu ajutorul triunghiurilor reflectorizante.","https://scoaladrpciv.ro/intrebare/este-permisa-stationarea-autobuzelor-pe-timpul-noptii-pe-partea-carosabila-a-unui-drum-comunal-neiluminat-e02d","","<div class="""">
                        <h4>Articolul 114</h4><p>(1)&nbsp;&nbsp; Conducãtorii de autovehicule, tractoare agricole sau forestiere și tramvaie sunt obligați sã foloseascã instalațiile de iluminare și/sau semnalizare a acestora, dupã cum urmeazã:</p><ul style=""list-style-type:circle;""><li>a)&nbsp;&nbsp; luminile de poziție sau de staționare pe timpul imobilizãrii vehiculului pe partea carosabilã în afara localitãților, de la lãsarea serii și pânã în zorii zilei, ziua când plouã torențial, ninge abundent sau este ceațã densã ori în alte condiții care reduc vizibilitatea pe drumul public;</li><li>b)&nbsp;&nbsp; luminile de întâlnire sau de drum, în mers, atât în localitãți, cât și în afara acestora, dupã gradul de iluminare a drumului public;</li><li>c)&nbsp; luminile de întâlnire și cele de ceațã pe timp de ceațã densã;</li><li>d)&nbsp;&nbsp; luminile de întâlnire ale autovehiculelor care însoțesc coloane militare sau cortegii, transportã grupuri organizate de persoane și cele care tracteazã alte vehicule sau care transporta mãrfuri ori produse periculoase, în timpul zilei;</li><li>e)&nbsp;&nbsp; luminile de întâlnire atunci când plouã torențial, ninge abundent ori în alte condiții care reduc vizibilitatea pe drum;</li><li>f)&nbsp;&nbsp; luminile pentru mersul înapoi atunci când vehiculul este manevrat cãtre înapoi;</li><li>g)&nbsp;&nbsp; luminile indicatoare de direcție pentru semnalizarea schimbãrii direcției de mers, inclusiv la punerea în mișcare a vehiculului de pe loc.</li></ul><p>(2)&nbsp;&nbsp; Pe timpul nopții, la apropierea a douã vehicule care circulã din sensuri opuse, conducãtorii acestora sunt obligați ca de la o distanțã de cel puțin 200 m sã foloseascã luminile de întâlnire concomitent cu reducerea vitezei. Când conducãtorul de autovehicul, tractor agricol sau forestier se apropie de un autovehicul care circulã în fațã sã, acesta este obligat sã foloseascã luminile de întâlnire de la o distanțã de cel puțin 100 m.</p><p>(3)&nbsp;&nbsp; Pe timpul nopții sau în condiții de vizibilitate redusã conducãtorii de autovehicule, tractoare agricole sau forestiere și tramvaie care se apropie de o intersecție nedirijatã prin semnale luminoase sau de cãtre polițiști sunt obligați sã semnalizeze prin folosirea alternantã a luminilor de întâlnire cu cele de drum dacã nu încalcã astfel prevederile alin. (2).</p><p>&nbsp;(4)&nbsp;&nbsp; Pe timpul nopții sau în condiții de vizibilitate redusã autovehiculele, tractoarele agricole sau forestiere ori remorcile cu deficiențe la sistemul de iluminare și semnalizare luminoasã nu pot fi conduse sau remorcate fãrã a avea în funcțiune pe partea stânga, în fațã o luminã de întâlnire și în spate una de poziție.</p><p>(5) Luminile de avarie se folosesc în urmãtoarele situații:</p><ul style=""list-style-type:circle;""><li>a)&nbsp; când vehiculul este imobilizat involuntar pe partea carosabilã;</li><li>b)&nbsp;&nbsp; când vehiculul se deplaseazã foarte lent și/sau constituie el însuși un pericol pentru ceilalți participanți la trafic;</li><li>c)&nbsp;&nbsp; când autovehiculul, tractorul agricol sau forestier ori tramvaiul este remorcat.</li></ul><p>&nbsp;(6)&nbsp;&nbsp; În situațiile prevãzute la alin. (5), conducãtorii de autovehicule, tractoare agricole sau forestiere și tramvaie trebuie sã punã în funcțiune luminile de avarie, în mod succesiv, în ordinea opririi și în cazul în care aceastã manevrã este impusã de blocarea circulației pe sensul de mers.</p><p>(7)&nbsp;&nbsp; Când circulã prin tunel conducãtorul de vehicul este obligat sã foloseascã luminile de întâlnire.</p>


                    </div>","https://scoaladrpciv.ro/intrebari/categoria-d/pozitia-in-timpul-mersului-si-semnalele-conducatorilor-de-autovehicule"
"1790534177-260","https://scoaladrpciv.ro/intrebari/categoria-d","Circulaţia autovehiculelor destinate transportului public de persoane se desfăşoară pe banda din partea dreaptă a autostrăzii. Există şi excepţii de la această regulă?","B - da, atunci când se efectuează depăşirea;","C - da, atunci când semnalizarea rutieră existentă instituie o altă reglementare de utilizare a benzilor.","","A - nu;","","https://scoaladrpciv.ro/intrebare/circulatia-autovehiculelor-destinate-transportului-public-de-persoane-se-desfasoara-pe-banda-din-partea-dreapta-a-autostrazii-exista-si-exceptii-de-la-aceasta-regula-eab0","","<div class="""">
                        <h4>Articolul 41</h4><p>(1)&nbsp;&nbsp;Vehiculele și animalele, atunci când circulă pe drumurile publice pe care le este permis accesul, trebuie conduse pe partea din dreapta a drumului public, în sensul de circulație, cât mai aproape de marginea părții carosabile, cu respectarea semnificației semnalizării rutiere și a regulilor de circulație.</p><p>(2)&nbsp; Numerotarea benzilor de circulație pe fiecare sens se efectuează în ordine crescătoare de la marginea din partea dreapta a drumului către axa acestuia. În cazul autostrăzilor, banda de urgență nu intră în numerotarea benzilor de circulație.</p><p>(3)&nbsp;&nbsp;&nbsp;Dacă un drum este prevăzut cu o pistă pentru biciclete, bicicletele și trotinetele electrice vor fi conduse numai pe pista respectivă. În lipsa acestei piste, circulația trotinetelor electrice este permisă numai pe sectoarele de drum unde viteza maximă admisă pentru circulația vehiculelor este de 50 km/h.</p><p><span style=""background-color:hsl(60,75%,60%);"">(la 11-02-2020, Alineatul (3) din Articolul 41, Paragraful § 1., Sectiunea a 2-a, Capitolul V a fost modificat de Punctul 5, Articolul I din ORDONANȚA DE URGENȚĂ nr. 13 din 4 februarie 2020, publicată în MONITORUL OFICIAL nr. 102 din 11 februarie 2020)</span></p>


                    </div>","https://scoaladrpciv.ro/intrebari/categoria-d/pozitia-in-timpul-mersului-si-semnalele-conducatorilor-de-autovehicule"
"1790534179-261","https://scoaladrpciv.ro/intrebari/categoria-d","Ce categorii de vehicule au obligaţia de a folosi luminile de întâlnire pe timp de zi?","A - motocicletele şi mopedele;","B - autovehiculele care însoţesc coloane militare sau transportă grupuri de persoane;","C - autovehiculele care tractează alte vehicule sau care transportă produse periculoase.","","","https://scoaladrpciv.ro/intrebare/ce-categorii-de-vehicule-au-obligatia-de-a-folosi-luminile-de-intalnire-pe-timp-de-zi-1647","","<div class="""">
                        <h4>Articolul 44</h4><p>(1)&nbsp;&nbsp;În circulația pe drumurile publice conducătorii de vehicule pot folosi, în condițiile prevăzute de regulament, mijloacele de avertizare sonoră și luminoasă aflate în dotare și omologate.</p><p>(2)&nbsp;În circulația pe autostrăzi, pe drumurile expres și pe cele naționale europene (E) conducătorii de autovehicule și tractoare agricole sau forestiere sunt obligați să folosească și în timpul zilei luminile de întâlnire sau luminile pentru circulația diurnă.</p><p><span style=""background-color:hsl(60,75%,60%);"">(la 22-09-2017, Alineatul (2) din Articolul 44, Paragraful § 2., Sectiunea a 2-a, Capitolul V a fost modificat de Punctul 9, Articolul I din ORDONANȚA nr. 14 din 18 august 2017, publicată în MONITORUL OFICIAL nr. 685 din 23 august 2017)</span></p><p>(3)&nbsp; Conducătorii motocicletelor și mopedelor sunt obligați să folosească luminile de întâlnire pe toată durata deplasării acestora pe drumurile publice.</p><p style=""margin-left:0cm;text-align:justify;"">(4)&nbsp; În circulația pe drumurile publice se interzice deținerea la vedere, montarea și folosirea mijloacelor speciale de avertizare sonoră și luminoasă pe și în alte autovehicule decât cele prevăzute la art. 32 alin. (2), precum și deținerea, montarea sau folosirea pe autovehicule a sistemelor care perturbă buna funcționare a dispozitivelor de supraveghere a traficului.</p><p>(5)&nbsp;&nbsp;Conducătorii de autovehicule pot fi avertizați de poliția rutieră în legatură cu prezența în trafic a dispozitivelor de măsurare a vitezei, prin mass-media sau panouri de avertizare. Conducătorii de autovehicule pot folosi mijloace proprii de detectare a dispozitivelor de măsurare a vitezei.</p><h4>3. Depășirea</h4>


                    </div>","https://scoaladrpciv.ro/intrebari/categoria-d/pozitia-in-timpul-mersului-si-semnalele-conducatorilor-de-autovehicule"
"1790534182-262","https://scoaladrpciv.ro/intrebari/categoria-d","Cum veţi semnaliza faptul că autobuzul cu care circulaţi a rămas în pană pe partea carosabilă?","B - prin instalarea triunghiurilor reflectorizante şi prin folosirea luminilor de avarie;","","","A - prin folosirea luminilor de poziţie;","C - prin purtarea vestei reflectorizante.","https://scoaladrpciv.ro/intrebare/cum-veti-semnaliza-faptul-ca-autobuzul-cu-care-circulati-a-ramas-in-pana-pe-partea-carosabila-77ec","","<div class="""">
                        <h4>Articolul 114</h4><p>(1)&nbsp;&nbsp; Conducãtorii de autovehicule, tractoare agricole sau forestiere și tramvaie sunt obligați sã foloseascã instalațiile de iluminare și/sau semnalizare a acestora, dupã cum urmeazã:</p><ul style=""list-style-type:circle;""><li>a)&nbsp;&nbsp; luminile de poziție sau de staționare pe timpul imobilizãrii vehiculului pe partea carosabilã în afara localitãților, de la lãsarea serii și pânã în zorii zilei, ziua când plouã torențial, ninge abundent sau este ceațã densã ori în alte condiții care reduc vizibilitatea pe drumul public;</li><li>b)&nbsp;&nbsp; luminile de întâlnire sau de drum, în mers, atât în localitãți, cât și în afara acestora, dupã gradul de iluminare a drumului public;</li><li>c)&nbsp; luminile de întâlnire și cele de ceațã pe timp de ceațã densã;</li><li>d)&nbsp;&nbsp; luminile de întâlnire ale autovehiculelor care însoțesc coloane militare sau cortegii, transportã grupuri organizate de persoane și cele care tracteazã alte vehicule sau care transporta mãrfuri ori produse periculoase, în timpul zilei;</li><li>e)&nbsp;&nbsp; luminile de întâlnire atunci când plouã torențial, ninge abundent ori în alte condiții care reduc vizibilitatea pe drum;</li><li>f)&nbsp;&nbsp; luminile pentru mersul înapoi atunci când vehiculul este manevrat cãtre înapoi;</li><li>g)&nbsp;&nbsp; luminile indicatoare de direcție pentru semnalizarea schimbãrii direcției de mers, inclusiv la punerea în mișcare a vehiculului de pe loc.</li></ul><p>(2)&nbsp;&nbsp; Pe timpul nopții, la apropierea a douã vehicule care circulã din sensuri opuse, conducãtorii acestora sunt obligați ca de la o distanțã de cel puțin 200 m sã foloseascã luminile de întâlnire concomitent cu reducerea vitezei. Când conducãtorul de autovehicul, tractor agricol sau forestier se apropie de un autovehicul care circulã în fațã sã, acesta este obligat sã foloseascã luminile de întâlnire de la o distanțã de cel puțin 100 m.</p><p>(3)&nbsp;&nbsp; Pe timpul nopții sau în condiții de vizibilitate redusã conducãtorii de autovehicule, tractoare agricole sau forestiere și tramvaie care se apropie de o intersecție nedirijatã prin semnale luminoase sau de cãtre polițiști sunt obligați sã semnalizeze prin folosirea alternantã a luminilor de întâlnire cu cele de drum dacã nu încalcã astfel prevederile alin. (2).</p><p>&nbsp;(4)&nbsp;&nbsp; Pe timpul nopții sau în condiții de vizibilitate redusã autovehiculele, tractoarele agricole sau forestiere ori remorcile cu deficiențe la sistemul de iluminare și semnalizare luminoasã nu pot fi conduse sau remorcate fãrã a avea în funcțiune pe partea stânga, în fațã o luminã de întâlnire și în spate una de poziție.</p><p>(5) Luminile de avarie se folosesc în urmãtoarele situații:</p><ul style=""list-style-type:circle;""><li>a)&nbsp; când vehiculul este imobilizat involuntar pe partea carosabilã;</li><li>b)&nbsp;&nbsp; când vehiculul se deplaseazã foarte lent și/sau constituie el însuși un pericol pentru ceilalți participanți la trafic;</li><li>c)&nbsp;&nbsp; când autovehiculul, tractorul agricol sau forestier ori tramvaiul este remorcat.</li></ul><p>&nbsp;(6)&nbsp;&nbsp; În situațiile prevãzute la alin. (5), conducãtorii de autovehicule, tractoare agricole sau forestiere și tramvaie trebuie sã punã în funcțiune luminile de avarie, în mod succesiv, în ordinea opririi și în cazul în care aceastã manevrã este impusã de blocarea circulației pe sensul de mers.</p><p>(7)&nbsp;&nbsp; Când circulã prin tunel conducãtorul de vehicul este obligat sã foloseascã luminile de întâlnire.</p>


                    </div>","https://scoaladrpciv.ro/intrebari/categoria-d/pozitia-in-timpul-mersului-si-semnalele-conducatorilor-de-autovehicule"
"1790534184-263","https://scoaladrpciv.ro/intrebari/categoria-d","Avertizarea sonoră se foloseşte:","A - ori de câte ori este necesar, pentru evitarea unui pericol imediat;","","","B - la trecerea pe lângă biciclişti;","C - în localităţi, la apropierea de o trecere pentru pietoni.","https://scoaladrpciv.ro/intrebare/avertizarea-sonora-se-foloseste-3fff","","<div class="""">
                        <h4>Articolul 112</h4><p>Conducãtorii de vehicule semnalizeazã cu mijloacele de avertizare luminoasã, sonorã sau cu brațul, dupã caz, înaintea efectuãrii oricãrei manevre sau pentru evitarea unui pericol imediat.</p>


                    </div>","https://scoaladrpciv.ro/intrebari/categoria-d/pozitia-in-timpul-mersului-si-semnalele-conducatorilor-de-autovehicule"
"1790534186-264","https://scoaladrpciv.ro/intrebari/categoria-d","Când aveţi obligaţia de a folosi sistemul de lumini al autobuzului pe care îl conduceţi?","A - de la lăsarea serii şi până în zorii zilei, precum şi ziua când plouă torenţial, ninge abundent sau este ceaţă densă, ori în alte condiţii meteorologice ce reduc vizibilitatea pe drum;","","","B - când parcaţi autobuzul în locuri special amenajate, dar neiluminate în mod corespunzător;","C - la întâlnirea cortegiilor.","https://scoaladrpciv.ro/intrebare/cand-aveti-obligatia-de-a-folosi-sistemul-de-lumini-al-autobuzului-pe-care-il-conduceti-cbc5","","<div class="""">
                        <h4>Articolul 114</h4><p>(1)&nbsp;&nbsp; Conducãtorii de autovehicule, tractoare agricole sau forestiere și tramvaie sunt obligați sã foloseascã instalațiile de iluminare și/sau semnalizare a acestora, dupã cum urmeazã:</p><ul style=""list-style-type:circle;""><li>a)&nbsp;&nbsp; luminile de poziție sau de staționare pe timpul imobilizãrii vehiculului pe partea carosabilã în afara localitãților, de la lãsarea serii și pânã în zorii zilei, ziua când plouã torențial, ninge abundent sau este ceațã densã ori în alte condiții care reduc vizibilitatea pe drumul public;</li><li>b)&nbsp;&nbsp; luminile de întâlnire sau de drum, în mers, atât în localitãți, cât și în afara acestora, dupã gradul de iluminare a drumului public;</li><li>c)&nbsp; luminile de întâlnire și cele de ceațã pe timp de ceațã densã;</li><li>d)&nbsp;&nbsp; luminile de întâlnire ale autovehiculelor care însoțesc coloane militare sau cortegii, transportã grupuri organizate de persoane și cele care tracteazã alte vehicule sau care transporta mãrfuri ori produse periculoase, în timpul zilei;</li><li>e)&nbsp;&nbsp; luminile de întâlnire atunci când plouã torențial, ninge abundent ori în alte condiții care reduc vizibilitatea pe drum;</li><li>f)&nbsp;&nbsp; luminile pentru mersul înapoi atunci când vehiculul este manevrat cãtre înapoi;</li><li>g)&nbsp;&nbsp; luminile indicatoare de direcție pentru semnalizarea schimbãrii direcției de mers, inclusiv la punerea în mișcare a vehiculului de pe loc.</li></ul><p>(2)&nbsp;&nbsp; Pe timpul nopții, la apropierea a douã vehicule care circulã din sensuri opuse, conducãtorii acestora sunt obligați ca de la o distanțã de cel puțin 200 m sã foloseascã luminile de întâlnire concomitent cu reducerea vitezei. Când conducãtorul de autovehicul, tractor agricol sau forestier se apropie de un autovehicul care circulã în fațã sã, acesta este obligat sã foloseascã luminile de întâlnire de la o distanțã de cel puțin 100 m.</p><p>(3)&nbsp;&nbsp; Pe timpul nopții sau în condiții de vizibilitate redusã conducãtorii de autovehicule, tractoare agricole sau forestiere și tramvaie care se apropie de o intersecție nedirijatã prin semnale luminoase sau de cãtre polițiști sunt obligați sã semnalizeze prin folosirea alternantã a luminilor de întâlnire cu cele de drum dacã nu încalcã astfel prevederile alin. (2).</p><p>&nbsp;(4)&nbsp;&nbsp; Pe timpul nopții sau în condiții de vizibilitate redusã autovehiculele, tractoarele agricole sau forestiere ori remorcile cu deficiențe la sistemul de iluminare și semnalizare luminoasã nu pot fi conduse sau remorcate fãrã a avea în funcțiune pe partea stânga, în fațã o luminã de întâlnire și în spate una de poziție.</p><p>(5) Luminile de avarie se folosesc în urmãtoarele situații:</p><ul style=""list-style-type:circle;""><li>a)&nbsp; când vehiculul este imobilizat involuntar pe partea carosabilã;</li><li>b)&nbsp;&nbsp; când vehiculul se deplaseazã foarte lent și/sau constituie el însuși un pericol pentru ceilalți participanți la trafic;</li><li>c)&nbsp;&nbsp; când autovehiculul, tractorul agricol sau forestier ori tramvaiul este remorcat.</li></ul><p>&nbsp;(6)&nbsp;&nbsp; În situațiile prevãzute la alin. (5), conducãtorii de autovehicule, tractoare agricole sau forestiere și tramvaie trebuie sã punã în funcțiune luminile de avarie, în mod succesiv, în ordinea opririi și în cazul în care aceastã manevrã este impusã de blocarea circulației pe sensul de mers.</p><p>(7)&nbsp;&nbsp; Când circulã prin tunel conducãtorul de vehicul este obligat sã foloseascã luminile de întâlnire.</p>


                    </div>","https://scoaladrpciv.ro/intrebari/categoria-d/pozitia-in-timpul-mersului-si-semnalele-conducatorilor-de-autovehicule"
"1790534189-265","https://scoaladrpciv.ro/intrebari/categoria-d","Luminile de avarie se folosesc în următoarea situaţie:","B - când autobuzul este imobilizat involuntar pe partea carosabilă sau în timp ce sunteţi remorcat;","","","A - când sunteţi dezorientat în privinţa traseului de urmat;","C - când luminile de drum s-au defectat.","https://scoaladrpciv.ro/intrebare/luminile-de-avarie-se-folosesc-in-urmatoarea-situatie-d8a1","","<div class="""">
                        <h4>Articolul 114</h4><p>(1)&nbsp;&nbsp; Conducãtorii de autovehicule, tractoare agricole sau forestiere și tramvaie sunt obligați sã foloseascã instalațiile de iluminare și/sau semnalizare a acestora, dupã cum urmeazã:</p><ul style=""list-style-type:circle;""><li>a)&nbsp;&nbsp; luminile de poziție sau de staționare pe timpul imobilizãrii vehiculului pe partea carosabilã în afara localitãților, de la lãsarea serii și pânã în zorii zilei, ziua când plouã torențial, ninge abundent sau este ceațã densã ori în alte condiții care reduc vizibilitatea pe drumul public;</li><li>b)&nbsp;&nbsp; luminile de întâlnire sau de drum, în mers, atât în localitãți, cât și în afara acestora, dupã gradul de iluminare a drumului public;</li><li>c)&nbsp; luminile de întâlnire și cele de ceațã pe timp de ceațã densã;</li><li>d)&nbsp;&nbsp; luminile de întâlnire ale autovehiculelor care însoțesc coloane militare sau cortegii, transportã grupuri organizate de persoane și cele care tracteazã alte vehicule sau care transporta mãrfuri ori produse periculoase, în timpul zilei;</li><li>e)&nbsp;&nbsp; luminile de întâlnire atunci când plouã torențial, ninge abundent ori în alte condiții care reduc vizibilitatea pe drum;</li><li>f)&nbsp;&nbsp; luminile pentru mersul înapoi atunci când vehiculul este manevrat cãtre înapoi;</li><li>g)&nbsp;&nbsp; luminile indicatoare de direcție pentru semnalizarea schimbãrii direcției de mers, inclusiv la punerea în mișcare a vehiculului de pe loc.</li></ul><p>(2)&nbsp;&nbsp; Pe timpul nopții, la apropierea a douã vehicule care circulã din sensuri opuse, conducãtorii acestora sunt obligați ca de la o distanțã de cel puțin 200 m sã foloseascã luminile de întâlnire concomitent cu reducerea vitezei. Când conducãtorul de autovehicul, tractor agricol sau forestier se apropie de un autovehicul care circulã în fațã sã, acesta este obligat sã foloseascã luminile de întâlnire de la o distanțã de cel puțin 100 m.</p><p>(3)&nbsp;&nbsp; Pe timpul nopții sau în condiții de vizibilitate redusã conducãtorii de autovehicule, tractoare agricole sau forestiere și tramvaie care se apropie de o intersecție nedirijatã prin semnale luminoase sau de cãtre polițiști sunt obligați sã semnalizeze prin folosirea alternantã a luminilor de întâlnire cu cele de drum dacã nu încalcã astfel prevederile alin. (2).</p><p>&nbsp;(4)&nbsp;&nbsp; Pe timpul nopții sau în condiții de vizibilitate redusã autovehiculele, tractoarele agricole sau forestiere ori remorcile cu deficiențe la sistemul de iluminare și semnalizare luminoasã nu pot fi conduse sau remorcate fãrã a avea în funcțiune pe partea stânga, în fațã o luminã de întâlnire și în spate una de poziție.</p><p>(5) Luminile de avarie se folosesc în urmãtoarele situații:</p><ul style=""list-style-type:circle;""><li>a)&nbsp; când vehiculul este imobilizat involuntar pe partea carosabilã;</li><li>b)&nbsp;&nbsp; când vehiculul se deplaseazã foarte lent și/sau constituie el însuși un pericol pentru ceilalți participanți la trafic;</li><li>c)&nbsp;&nbsp; când autovehiculul, tractorul agricol sau forestier ori tramvaiul este remorcat.</li></ul><p>&nbsp;(6)&nbsp;&nbsp; În situațiile prevãzute la alin. (5), conducãtorii de autovehicule, tractoare agricole sau forestiere și tramvaie trebuie sã punã în funcțiune luminile de avarie, în mod succesiv, în ordinea opririi și în cazul în care aceastã manevrã este impusã de blocarea circulației pe sensul de mers.</p><p>(7)&nbsp;&nbsp; Când circulã prin tunel conducãtorul de vehicul este obligat sã foloseascã luminile de întâlnire.</p>


                    </div>","https://scoaladrpciv.ro/intrebari/categoria-d/pozitia-in-timpul-mersului-si-semnalele-conducatorilor-de-autovehicule"
"1790534191-266","https://scoaladrpciv.ro/intrebari/categoria-d","Luminile de poziţie se folosesc, pe timp de zi, atunci când autobuzul este oprit în afara localităţilor:","C - pentru că vizibilitatea este redusă.","","","A - pentru urcarea sau coborârea pasagerilor;","B - din cauza unor avarii;","https://scoaladrpciv.ro/intrebare/luminile-de-pozitie-se-folosesc-pe-timp-de-zi-atunci-cand-autobuzul-este-oprit-in-afara-localitatilor-bc16","","<div class="""">
                        <h4>Articolul 114</h4><p>(1)&nbsp;&nbsp; Conducãtorii de autovehicule, tractoare agricole sau forestiere și tramvaie sunt obligați sã foloseascã instalațiile de iluminare și/sau semnalizare a acestora, dupã cum urmeazã:</p><ul style=""list-style-type:circle;""><li>a)&nbsp;&nbsp; luminile de poziție sau de staționare pe timpul imobilizãrii vehiculului pe partea carosabilã în afara localitãților, de la lãsarea serii și pânã în zorii zilei, ziua când plouã torențial, ninge abundent sau este ceațã densã ori în alte condiții care reduc vizibilitatea pe drumul public;</li><li>b)&nbsp;&nbsp; luminile de întâlnire sau de drum, în mers, atât în localitãți, cât și în afara acestora, dupã gradul de iluminare a drumului public;</li><li>c)&nbsp; luminile de întâlnire și cele de ceațã pe timp de ceațã densã;</li><li>d)&nbsp;&nbsp; luminile de întâlnire ale autovehiculelor care însoțesc coloane militare sau cortegii, transportã grupuri organizate de persoane și cele care tracteazã alte vehicule sau care transporta mãrfuri ori produse periculoase, în timpul zilei;</li><li>e)&nbsp;&nbsp; luminile de întâlnire atunci când plouã torențial, ninge abundent ori în alte condiții care reduc vizibilitatea pe drum;</li><li>f)&nbsp;&nbsp; luminile pentru mersul înapoi atunci când vehiculul este manevrat cãtre înapoi;</li><li>g)&nbsp;&nbsp; luminile indicatoare de direcție pentru semnalizarea schimbãrii direcției de mers, inclusiv la punerea în mișcare a vehiculului de pe loc.</li></ul><p>(2)&nbsp;&nbsp; Pe timpul nopții, la apropierea a douã vehicule care circulã din sensuri opuse, conducãtorii acestora sunt obligați ca de la o distanțã de cel puțin 200 m sã foloseascã luminile de întâlnire concomitent cu reducerea vitezei. Când conducãtorul de autovehicul, tractor agricol sau forestier se apropie de un autovehicul care circulã în fațã sã, acesta este obligat sã foloseascã luminile de întâlnire de la o distanțã de cel puțin 100 m.</p><p>(3)&nbsp;&nbsp; Pe timpul nopții sau în condiții de vizibilitate redusã conducãtorii de autovehicule, tractoare agricole sau forestiere și tramvaie care se apropie de o intersecție nedirijatã prin semnale luminoase sau de cãtre polițiști sunt obligați sã semnalizeze prin folosirea alternantã a luminilor de întâlnire cu cele de drum dacã nu încalcã astfel prevederile alin. (2).</p><p>&nbsp;(4)&nbsp;&nbsp; Pe timpul nopții sau în condiții de vizibilitate redusã autovehiculele, tractoarele agricole sau forestiere ori remorcile cu deficiențe la sistemul de iluminare și semnalizare luminoasã nu pot fi conduse sau remorcate fãrã a avea în funcțiune pe partea stânga, în fațã o luminã de întâlnire și în spate una de poziție.</p><p>(5) Luminile de avarie se folosesc în urmãtoarele situații:</p><ul style=""list-style-type:circle;""><li>a)&nbsp; când vehiculul este imobilizat involuntar pe partea carosabilã;</li><li>b)&nbsp;&nbsp; când vehiculul se deplaseazã foarte lent și/sau constituie el însuși un pericol pentru ceilalți participanți la trafic;</li><li>c)&nbsp;&nbsp; când autovehiculul, tractorul agricol sau forestier ori tramvaiul este remorcat.</li></ul><p>&nbsp;(6)&nbsp;&nbsp; În situațiile prevãzute la alin. (5), conducãtorii de autovehicule, tractoare agricole sau forestiere și tramvaie trebuie sã punã în funcțiune luminile de avarie, în mod succesiv, în ordinea opririi și în cazul în care aceastã manevrã este impusã de blocarea circulației pe sensul de mers.</p><p>(7)&nbsp;&nbsp; Când circulã prin tunel conducãtorul de vehicul este obligat sã foloseascã luminile de întâlnire.</p>


                    </div>","https://scoaladrpciv.ro/intrebari/categoria-d/pozitia-in-timpul-mersului-si-semnalele-conducatorilor-de-autovehicule"
"1790534193-267","https://scoaladrpciv.ro/intrebari/categoria-d","Cum trebuie să se încadreze conducătorul de autobuz, dacă intenţionează să schimbe direcţia de mers spre stânga într-o intersecţie prin care circulă şi tramvaie, iar spaţiul dintre şina din dreapta şi bordura trotuarului permite deplasarea vehiculelor doar pe un singur rând?","B - pe singurul rând rămas la dispoziţie, lăsând liber traseul tramvaiului;","","","A - pe linia tramvaiului;","C - în această situaţie nu se poate schimba direcţia de mers spre stânga.","https://scoaladrpciv.ro/intrebare/cum-trebuie-sa-se-incadreze-conducatorul-de-autobuz-daca-intentioneaza-sa-schimbe-directia-de-mers-spre-stanga-intr-o-intersectie-prin-care-circula-si-tramvaie-iar-spatiul-dintre-sina-din-dreapta-si-bordura-trotuarului-permite-deplasarea-vehiculelor-doar-pe-un-singur-rand-7f28","","<div class="""">
                        <h4>Articolul 107</h4><p>(1)&nbsp;&nbsp; La intersecțiile prevãzute cu indicatoare și/sau cu marcaje pentru semnalizarea direcției de mers, conducãtorii de vehicule trebuie sã se încadreze pe benzile corespunzãtoare direcției de mers voite cu cel puțin 50 m înainte de intersecție și sunt obligați sã respecte semnificația indicatoarelor și marcajelor.</p><p>(2)&nbsp;&nbsp; La intersecțiile fãrã marcaje de delimitare a benzilor, conducãtorii vehiculelor ocupa în mers, cu cel puțin 50 m înainte de intersecție, urmãtoarele poziții:</p><ul style=""list-style-type:circle;""><li>a)&nbsp;&nbsp; rândul de lângã bordurã sau acostament, cei care vor sã schimbe direcția de mers spre dreapta;</li><li>b)&nbsp;&nbsp; rândul de lângã axa drumului sau de lângã marcajul de separare a sensurilor, cei care vor sã schimbe direcția de mers spre stânga. Când circulația se desfãșoarã pe drumuri cu sens unic, conducãtorii de vehicule care intenționeazã sã vireze la stânga sunt obligați sã ocupe rândul de lângã bordura sau acostamentul din partea stânga;</li><li>c)&nbsp; oricare dintre rânduri, cei care vor sã meargã înainte.</li></ul><p>(3)&nbsp;&nbsp; Dacã în intersecție circulã și tramvaie, iar spațiul dintre șina din dreapta și trotuar nu permite circulația pe douã sau mai multe rânduri, toți conducãtorii de vehicule, indiferent de direcția de deplasare, vor circula pe un singur rând, lãsând liber traseul tramvaiului.</p><p>(4)&nbsp;&nbsp; În cazul în care tramvaiul este oprit într-o stație fãrã refugiu pentru pietoni, vehiculele trebuie sã opreascã în ordinea sosirii, în spatele acestuia, și sã își reia deplasarea numai dupã ce ușile tramvaiului au fost închise și s-au asigurat cã nu pun în pericol siguranța pietonilor angajați în traversarea drumului public.</p>


                    </div>","https://scoaladrpciv.ro/intrebari/categoria-d/pozitia-in-timpul-mersului-si-semnalele-conducatorilor-de-autovehicule"
"1790534195-268","https://scoaladrpciv.ro/intrebari/categoria-d","Când se folosesc luminile de avarie?","A - când autobuzul a rămas în pană sau a fost avariat, fiind imobilizat pe carosabil;","B - când autobuzul se deplasează foarte lent şi constituie un pericol pentru ceilalţi participanţi la trafic;","C - când autobuzul este remorcat.","","","https://scoaladrpciv.ro/intrebare/cand-se-folosesc-luminile-de-avarie-c025","","<div class="""">
                        <h4>Articolul 114</h4><p>(1)&nbsp;&nbsp; Conducãtorii de autovehicule, tractoare agricole sau forestiere și tramvaie sunt obligați sã foloseascã instalațiile de iluminare și/sau semnalizare a acestora, dupã cum urmeazã:</p><ul style=""list-style-type:circle;""><li>a)&nbsp;&nbsp; luminile de poziție sau de staționare pe timpul imobilizãrii vehiculului pe partea carosabilã în afara localitãților, de la lãsarea serii și pânã în zorii zilei, ziua când plouã torențial, ninge abundent sau este ceațã densã ori în alte condiții care reduc vizibilitatea pe drumul public;</li><li>b)&nbsp;&nbsp; luminile de întâlnire sau de drum, în mers, atât în localitãți, cât și în afara acestora, dupã gradul de iluminare a drumului public;</li><li>c)&nbsp; luminile de întâlnire și cele de ceațã pe timp de ceațã densã;</li><li>d)&nbsp;&nbsp; luminile de întâlnire ale autovehiculelor care însoțesc coloane militare sau cortegii, transportã grupuri organizate de persoane și cele care tracteazã alte vehicule sau care transporta mãrfuri ori produse periculoase, în timpul zilei;</li><li>e)&nbsp;&nbsp; luminile de întâlnire atunci când plouã torențial, ninge abundent ori în alte condiții care reduc vizibilitatea pe drum;</li><li>f)&nbsp;&nbsp; luminile pentru mersul înapoi atunci când vehiculul este manevrat cãtre înapoi;</li><li>g)&nbsp;&nbsp; luminile indicatoare de direcție pentru semnalizarea schimbãrii direcției de mers, inclusiv la punerea în mișcare a vehiculului de pe loc.</li></ul><p>(2)&nbsp;&nbsp; Pe timpul nopții, la apropierea a douã vehicule care circulã din sensuri opuse, conducãtorii acestora sunt obligați ca de la o distanțã de cel puțin 200 m sã foloseascã luminile de întâlnire concomitent cu reducerea vitezei. Când conducãtorul de autovehicul, tractor agricol sau forestier se apropie de un autovehicul care circulã în fațã sã, acesta este obligat sã foloseascã luminile de întâlnire de la o distanțã de cel puțin 100 m.</p><p>(3)&nbsp;&nbsp; Pe timpul nopții sau în condiții de vizibilitate redusã conducãtorii de autovehicule, tractoare agricole sau forestiere și tramvaie care se apropie de o intersecție nedirijatã prin semnale luminoase sau de cãtre polițiști sunt obligați sã semnalizeze prin folosirea alternantã a luminilor de întâlnire cu cele de drum dacã nu încalcã astfel prevederile alin. (2).</p><p>&nbsp;(4)&nbsp;&nbsp; Pe timpul nopții sau în condiții de vizibilitate redusã autovehiculele, tractoarele agricole sau forestiere ori remorcile cu deficiențe la sistemul de iluminare și semnalizare luminoasã nu pot fi conduse sau remorcate fãrã a avea în funcțiune pe partea stânga, în fațã o luminã de întâlnire și în spate una de poziție.</p><p>(5) Luminile de avarie se folosesc în urmãtoarele situații:</p><ul style=""list-style-type:circle;""><li>a)&nbsp; când vehiculul este imobilizat involuntar pe partea carosabilã;</li><li>b)&nbsp;&nbsp; când vehiculul se deplaseazã foarte lent și/sau constituie el însuși un pericol pentru ceilalți participanți la trafic;</li><li>c)&nbsp;&nbsp; când autovehiculul, tractorul agricol sau forestier ori tramvaiul este remorcat.</li></ul><p>&nbsp;(6)&nbsp;&nbsp; În situațiile prevãzute la alin. (5), conducãtorii de autovehicule, tractoare agricole sau forestiere și tramvaie trebuie sã punã în funcțiune luminile de avarie, în mod succesiv, în ordinea opririi și în cazul în care aceastã manevrã este impusã de blocarea circulației pe sensul de mers.</p><p>(7)&nbsp;&nbsp; Când circulã prin tunel conducãtorul de vehicul este obligat sã foloseascã luminile de întâlnire.</p>


                    </div>","https://scoaladrpciv.ro/intrebari/categoria-d/pozitia-in-timpul-mersului-si-semnalele-conducatorilor-de-autovehicule"
"1790534198-269","https://scoaladrpciv.ro/intrebari/categoria-d","Schimbarea direcţiei de mers spre stânga, într-o intersecţie neprevăzută cu marcaje de ghidare, se face:","B - prin stânga centrului imaginar al intersecţiei, fără a intersecta traiectoria celor care se deplasează din sens opus şi care virează la stânga;","","","A - prin ocolirea centrului imaginar al intersecţiei;","C - la libera înţelegere cu cei care se deplasează din sens opus.","https://scoaladrpciv.ro/intrebare/schimbarea-directiei-de-mers-spre-stanga-intr-o-intersectie-neprevazuta-cu-marcaje-de-ghidare-se-face-4491","","<div class="""">
                        <h4>Articolul 110</h4><p>(1)&nbsp;&nbsp; În situațiile în care existã benzi speciale pentru executarea manevrei, schimbarea direcției de deplasare se face prin stânga centrului imaginar al intersecției, iar dacã existã un marcaj de ghidare, cu respectarea semnificației acestuia.</p><p>(2)&nbsp;&nbsp; Schimbarea direcției de mers spre stânga, în cazul vehiculelor care intra într-o intersecție circulând pe același drum în aliniament, dar din sensuri opuse, se efectueazã prin stânga centrului intersecției, fãrã intersectarea traiectoriei acestora.</p><p>(3)&nbsp;&nbsp; Amenajãrile rutiere sau obstacolele din zona medianã a pãrții carosabile se ocolesc prin partea dreaptã.</p><p>(4)&nbsp;&nbsp; Trotinetele electrice se conduc numai în aliniament pe drumurile publice. Schimbarea direcției de mers în cazul trotinetelor electrice se face prin deplasarea conducãtorilor pe lângã acestea, cu respectarea regulilor privind circulația vehiculelor trase sau împinse cu mâna.</p>


                    </div>","https://scoaladrpciv.ro/intrebari/categoria-d/pozitia-in-timpul-mersului-si-semnalele-conducatorilor-de-autovehicule"
"1790534200-270","https://scoaladrpciv.ro/intrebari/categoria-d","Conducătorul autobuzului trebuie să respecte semnificaţia:","B - indicatorului „Cedează trecerea“, deci, în această situaţie, putând să-şi continue deplasarea;","","","A - semnalului roşu şi, deci, să oprească;","C - semnalelor semaforului, iar când acesta nu mai funcţionează, pe cea a indicatorului.","https://scoaladrpciv.ro/intrebare/conducatorul-autobuzului-trebuie-sa-respecte-semnificatia-81fe","https://scoaladrpciv.ro/storage/questions/2193.jpeg","<div class="""">
                        <h4>Articolul 65</h4><p>(1)&nbsp;&nbsp; Indicatoarele se instaleazã, de regula, pe partea dreaptã a sensului de mers. În cazul în care condițiile locale împiedicã observarea din timp a indicatoarelor de cãtre conducãtorii cãrora li se adreseazã, ele se pot instala ori repeta pe partea stânga, în zona medianã a drumului, pe un refugiu ori spațiu interzis circulației vehiculelor, deasupra pãrții carosabile sau de cealaltã parte a intersecției, în loc vizibil pentru toți participanții la trafic.</p><p>(2)&nbsp;&nbsp; Indicatoarele pot fi însoțite de panouri cu semne adiționale conținând inscripții sau simboluri care le precizeazã, completeazã ori limiteazã semnificația.</p><p>(3)&nbsp;&nbsp; Semnele adiționale se pot aplica pe panouri ce includ indicatoare ori chiar pe indicatoare, dacã înțelegerea semnificației acestora nu este afectatã.</p><p>(4)&nbsp;&nbsp; Pentru a fi vizibile și pe timp de noapte, indicatoarele rutiere trebuie sã fie reflectorizante, luminoase ori iluminate.</p><p>(5)&nbsp;&nbsp; În locuri periculoase, pentru a spori vizibilitatea și a evidenția semnificația unor indicatoare, acestea pot figura grupat pe un panou cu folie fluorescent-retroreflectorizantã cu reflexie ridicatã. Aceste indicatoare pot fi însoțite, dupã caz, de dispozitive luminoase.</p>


                    </div>","https://scoaladrpciv.ro/intrebari/categoria-d/pozitia-in-timpul-mersului-si-semnalele-conducatorilor-de-autovehicule"
"1790534202-271","https://scoaladrpciv.ro/intrebari/categoria-d","Sunteți obligat să folosiți luminile de întâlnire în timpul zilei:","A - pe toate categoriile de drumuri publice;","","","B - numai pe pe drumurile județene, comunale și locale;","C - numai pe autostrăzi, drumuri expres și naționale europene.","https://scoaladrpciv.ro/intrebare/sunteti-obligat-sa-folositi-luminile-de-intalnire-in-timpul-zilei-7a00","","<div class="""">
                        <h4>Articolul 44</h4><p>(1) În circulația pe drumurile publice conducătorii de vehicule pot folosi, în condițiile prevăzute de regulament, mijloacele de avertizare sonoră și luminoasă aflate în dotare și omologate.&nbsp;</p><p><span style=""background-color:hsl(60, 75%, 60%);"">(2) În circulația pe toate categoriile de drumuri publice conducătorii de autovehicule și tractoare agricole sau forestiere sunt obligați să folosească și în timpul zilei luminile de întâlnire sau luminile pentru circulația diurnă.&nbsp;</span></p><p>(3) Conducătorii motocicletelor și mopedelor sunt obligați să folosească luminile de întâlnire pe toată durata deplasării acestora pe drumurile publice.&nbsp;</p><p>(4) În circulația pe drumurile publice se interzice deținerea la vedere, montarea și folosirea mijloacelor speciale de avertizare sonoră și luminoasă pe și în alte autovehicule decât cele prevăzute la art. 32 alin. (2), precum și deținerea, montarea sau folosirea pe autovehicule a sistemelor care perturbă buna funcționare a dispozitivelor de supraveghere a traficului.&nbsp;</p><p>(5) Conducătorii de autovehicule pot fi avertizați de poliția rutieră în legatură cu prezența în trafic a dispozitivelor de măsurare a vitezei, prin mass-media sau panouri de avertizare. Conducătorii de autovehicule pot folosi mijloace proprii de detectare a dispozitivelor de măsurare a vitezei.</p>


                    </div>","https://scoaladrpciv.ro/intrebari/categoria-d/pozitia-in-timpul-mersului-si-semnalele-conducatorilor-de-autovehicule"
"1790534205-272","https://scoaladrpciv.ro/intrebari/categoria-d","Cât timp trebuie menţinută semnalizarea schimbării direcţiei de mers?","B - pe întreaga durată a executării manevrei;","","","A - 10 secunde de la începerea manevrei;","C - legea nu prevede nimic cu privire la acest aspect.","https://scoaladrpciv.ro/intrebare/cat-timp-trebuie-mentinuta-semnalizarea-schimbarii-directiei-de-mers-0ed9","","<div class="""">
                        <h4>Articolul 54</h4><p>(1)&nbsp;&nbsp;Conducătorul de vehicul care executa o manevra de schimbare a direcției de mers, de ieșire dintr-un rând de vehicule staționate sau de intrare într-un asemenea rând, de trecere pe o altă bandă de circulație sau de virare spre dreapta ori spre stânga sau care urmează să efectueze o întoarcere ori să meargă cu spatele este obligat să semnalizeze din timp și să se asigure că o poate face fără să perturbe circulația sau să pună în pericol siguranța celorlalți participanți la trafic.</p><p>(2)&nbsp;&nbsp; Semnalizarea schimbării direcției de mers trebuie să fie menținută pe întreaga durată a manevrei.</p><h4>Articolul 54^1</h4><p>(1)&nbsp;&nbsp;&nbsp;Se interzice conducătorilor de vehicule să adopte un comportament agresiv în conducerea acestora pe drumurile publice.</p><p>(2)&nbsp;&nbsp;Prin comportament agresiv se înțelege efectuarea, pe drumul public, de către conducătorul de vehicul, a uneia dintre următoarele manevre:</p><ul><li>a)&nbsp;&nbsp;&nbsp;deplasarea succesivă de pe o bandă de circulație pe alta sau de pe un rând pe altul, alternând din stânga în dreapta, în scopul depășirii unui șir de vehicule care circulă în același sens;</li><li>b)&nbsp; întoarcerea vehiculului prin folosirea frânei de ajutor;</li><li>c)&nbsp; pornirea vehiculului de pe loc prin patinarea excesivă, în gol, a roților motoare;</li><li>d)&nbsp;circulația cu vehiculul la o distanță foarte redusă față de un alt vehicul, înaintea sau în spatele acestuia, cât și în lateral, ori reducerea bruscă a vitezei de deplasare fără motiv întemeiat, de natură a intimida conducătorul acestuia;</li><li>e)&nbsp;&nbsp;&nbsp; folosirea repetată a semnalelor sonore și/sau luminoase de natură a obliga nejustificat conducătorul de vehicul care circulă în fața sa să elibereze banda de circulație;</li><li>f)&nbsp;&nbsp;&nbsp; conducerea mopedului sau motocicletei având în contact cu partea carosabilă numai una dintre roți;</li><li>g)&nbsp;&nbsp;&nbsp;mersul cu spatele cu vehiculul în scopul intimidării celorlalți participanți la trafic care circulă în spatele acestuia;</li><li>h)&nbsp;&nbsp; realizarea intenționată a unui derapaj controlat al vehiculului în vederea întoarcerii sau rotirii acestuia;</li><li>i)&nbsp;&nbsp;&nbsp;conducerea intenționată a unui vehicul prin accelerarea repetată a motorului, de natură a stânjeni persoanele aflate în zona drumului public.</li></ul><p><span style=""background-color:hsl(60,75%,60%);"">(la 31-01-2022, Paragraful § 6. din Sectiunea a 2-a, Capitolul V a fost completat de Punctul 5, Articolul I din ORDONANȚA nr. 1 din 27 ianuarie 2022, publicată în MONITORUL OFICIAL nr. 89 din 28 ianuarie 2022)</span></p><h4>&nbsp;7. Intersecții și obligația de a ceda trecerea</h4>


                    </div>","https://scoaladrpciv.ro/intrebari/categoria-d/pozitia-in-timpul-mersului-si-semnalele-conducatorilor-de-autovehicule"
"1790534207-273","https://scoaladrpciv.ro/intrebari/categoria-d","Cum trebuie să procedeze conducătorul unui autobuz la schimbarea benzii de circulaţie, a direcţiei de mers ori în caz de depăşire?","A - semnalizează şi se asigură, înainte de efectuarea manevrei, că nu periclitează siguranţa celorlalţi participanţi la trafic, care îl urmează sau îl preced;","","","B - semnalizează şi execută concomitent manevrele dorite;","C - reduce viteza şi se încadrează pe banda corespunzătoare direcţiei de mers, de la o distanţă de cel puţin 100 m.","https://scoaladrpciv.ro/intrebare/cum-trebuie-sa-procedeze-conducatorul-unui-autobuz-la-schimbarea-benzii-de-circulatie-a-directiei-de-mers-ori-in-caz-de-depasire-cf57","","<div class="""">
                        <h4>&nbsp;Articolul 116</h4>
<p>&nbsp;(1)&nbsp;&nbsp; Conducãtorii de vehicule sunt obligați sã semnalizeze schimbarea direcției de deplasare, depãșirea, oprirea și punerea în mișcare.</p>
<p>&nbsp;(2)&nbsp;&nbsp; Intenția conducãtorilor de autovehicule, tractoare agricole sau forestiere și tramvaie de a schimba direcția de mers, de a ieși dintr-un rând de vehicule staționate ori de a intra într-un asemenea rând, de a trece pe o altã bandã de circulație sau de a vira spre dreapta ori spre stânga sau a celor care urmeazã sã efectueze întoarcere, depãșire ori oprire se semnalizeazã prin punerea în funcțiune a luminilor indicatoare de direcție cu cel puțin 50 m în localitãți și 100 m în afara localitãților înainte de începerea efectuãrii manevrelor.</p>
<p>(3)&nbsp;&nbsp; Reducerea vitezei de deplasare sau oprirea autovehiculelor, tractoarelor agricole sau forestiere și a tramvaielor pe partea carosabilã se semnalizeazã cu luminã roșie din spate.</p>


                    </div>","https://scoaladrpciv.ro/intrebari/categoria-d/pozitia-in-timpul-mersului-si-semnalele-conducatorilor-de-autovehicule"
"1790534209-274","https://scoaladrpciv.ro/intrebari/categoria-d","Care dintre cele patru autovehicule din imaginea alăturată au dreptul de a-şi continua deplasarea prin intersecţie?","B - niciunul;","","","A - autoturismul şi motocicleta;","C - autoturismul.","https://scoaladrpciv.ro/intrebare/care-dintre-cele-patru-autovehicule-din-imaginea-alaturata-au-dreptul-de-a-si-continua-deplasarea-prin-intersectie-4232","https://scoaladrpciv.ro/storage/questions/2136.jpeg","<div class="""">
                        <h4>Articolul 107</h4><p>(1)&nbsp;&nbsp; La intersecțiile prevãzute cu indicatoare și/sau cu marcaje pentru semnalizarea direcției de mers, conducãtorii de vehicule trebuie sã se încadreze pe benzile corespunzãtoare direcției de mers voite cu cel puțin 50 m înainte de intersecție și sunt obligați sã respecte semnificația indicatoarelor și marcajelor.</p><p>(2)&nbsp;&nbsp; La intersecțiile fãrã marcaje de delimitare a benzilor, conducãtorii vehiculelor ocupa în mers, cu cel puțin 50 m înainte de intersecție, urmãtoarele poziții:</p><ul style=""list-style-type:circle;""><li>a)&nbsp;&nbsp; rândul de lângã bordurã sau acostament, cei care vor sã schimbe direcția de mers spre dreapta;</li><li>b)&nbsp;&nbsp; rândul de lângã axa drumului sau de lângã marcajul de separare a sensurilor, cei care vor sã schimbe direcția de mers spre stânga. Când circulația se desfãșoarã pe drumuri cu sens unic, conducãtorii de vehicule care intenționeazã sã vireze la stânga sunt obligați sã ocupe rândul de lângã bordura sau acostamentul din partea stânga;</li><li>c)&nbsp; oricare dintre rânduri, cei care vor sã meargã înainte.</li></ul><p>(3)&nbsp;&nbsp; Dacã în intersecție circulã și tramvaie, iar spațiul dintre șina din dreapta și trotuar nu permite circulația pe douã sau mai multe rânduri, toți conducãtorii de vehicule, indiferent de direcția de deplasare, vor circula pe un singur rând, lãsând liber traseul tramvaiului.</p><p>(4)&nbsp;&nbsp; În cazul în care tramvaiul este oprit într-o stație fãrã refugiu pentru pietoni, vehiculele trebuie sã opreascã în ordinea sosirii, în spatele acestuia, și sã își reia deplasarea numai dupã ce ușile tramvaiului au fost închise și s-au asigurat cã nu pun în pericol siguranța pietonilor angajați în traversarea drumului public.</p>


                    </div>","https://scoaladrpciv.ro/intrebari/categoria-d/pozitia-in-timpul-mersului-si-semnalele-conducatorilor-de-autovehicule"
"1790534211-275","https://scoaladrpciv.ro/intrebari/categoria-d","La întâlnirea indicatorului, pe ce bandă trebuie să fie condus autobuzul?","B - pe banda de lângă acostament, dacă nu poate circula cu minimum 50 km/h;","","","A - pe banda de lângă axul drumului, deoarece nu schimbă direcţia de mers;","C - pe oricare dintre cele două benzi.","https://scoaladrpciv.ro/intrebare/la-intalnirea-indicatorului-pe-ce-banda-trebuie-sa-fie-condus-autobuzul-4749","https://scoaladrpciv.ro/storage/questions/2133.jpeg","<div class="""">
                        


                    </div>","https://scoaladrpciv.ro/intrebari/categoria-d/pozitia-in-timpul-mersului-si-semnalele-conducatorilor-de-autovehicule"
"1790534214-276","https://scoaladrpciv.ro/intrebari/categoria-d","De la ce distanţă trebuie să folosească un conducător de autobuz mijloacele de avertizare sonoră, pentru a preveni pietonii şi pe ceilalţi conducători de vehicule?","C - de la cel puţin 25 m de aceştia.","","","A - legea nu prevede o anumită distanţă;","B - de la cel mult 30 m de aceştia;","https://scoaladrpciv.ro/intrebare/de-la-ce-distanta-trebuie-sa-foloseasca-un-conducator-de-autobuz-mijloacele-de-avertizare-sonora-pentru-a-preveni-pietonii-si-pe-ceilalti-conducatori-de-vehicule-3a5d","","<div class="""">
                        <h4>Articolul 113</h4><p>(1)&nbsp;&nbsp; Mijloacele de avertizare sonorã trebuie folosite de la o distanțã de cel puțin 25 m fațã de cei cãrora li se adreseazã, pe o durata de timp care sã asigure perceperea semnalului și fãrã sã îi determine pe aceștia la manevre ce pot pune în pericol siguranța circulației.</p><p>(2)&nbsp;&nbsp; Semnalizarea cu mijloacele de avertizare sonorã nu poate fi folositã în zonele de acțiune a indicatorului ""Claxonarea interzisã"".</p><p>(3)&nbsp;&nbsp; Se excepteazã de la prevederile alin. (2):</p><ul style=""list-style-type:circle;""><li>a)&nbsp;&nbsp; conducãtorii autovehiculelor cu regim de circulație prioritarã când se deplaseazã în acțiuni de intervenții sau în misiuni care au caracter de urgențã;</li><li>b)&nbsp;&nbsp; conducãtorii autovehiculelor care folosesc acest semnal pentru evitarea unui pericol imediat.</li></ul>


                    </div>","https://scoaladrpciv.ro/intrebari/categoria-d/pozitia-in-timpul-mersului-si-semnalele-conducatorilor-de-autovehicule"
"1790534216-277","https://scoaladrpciv.ro/intrebari/categoria-d","Cum trebuie să procedaţi când ajungeţi în spatele unui tramvai oprit într-o staţie fără refugiu pentru pietoni?","B - să opriţi în spatele acestuia şi să vă reluaţi deplasarea numai după ce uşile tramvaiului au fost închise;","","","A - să opriţi în dreptul ultimei uşi;","C - să opriţi în spatele acestuia.","https://scoaladrpciv.ro/intrebare/cum-trebuie-sa-procedati-cand-ajungeti-in-spatele-unui-tramvai-oprit-intr-o-statie-fara-refugiu-pentru-pietoni-f1c5","","<div class="""">
                        <h4>Articolul 107</h4><p>(1)&nbsp;&nbsp; La intersecțiile prevãzute cu indicatoare și/sau cu marcaje pentru semnalizarea direcției de mers, conducãtorii de vehicule trebuie sã se încadreze pe benzile corespunzãtoare direcției de mers voite cu cel puțin 50 m înainte de intersecție și sunt obligați sã respecte semnificația indicatoarelor și marcajelor.</p><p>(2)&nbsp;&nbsp; La intersecțiile fãrã marcaje de delimitare a benzilor, conducãtorii vehiculelor ocupa în mers, cu cel puțin 50 m înainte de intersecție, urmãtoarele poziții:</p><ul style=""list-style-type:circle;""><li>a)&nbsp;&nbsp; rândul de lângã bordurã sau acostament, cei care vor sã schimbe direcția de mers spre dreapta;</li><li>b)&nbsp;&nbsp; rândul de lângã axa drumului sau de lângã marcajul de separare a sensurilor, cei care vor sã schimbe direcția de mers spre stânga. Când circulația se desfãșoarã pe drumuri cu sens unic, conducãtorii de vehicule care intenționeazã sã vireze la stânga sunt obligați sã ocupe rândul de lângã bordura sau acostamentul din partea stânga;</li><li>c)&nbsp; oricare dintre rânduri, cei care vor sã meargã înainte.</li></ul><p>(3)&nbsp;&nbsp; Dacã în intersecție circulã și tramvaie, iar spațiul dintre șina din dreapta și trotuar nu permite circulația pe douã sau mai multe rânduri, toți conducãtorii de vehicule, indiferent de direcția de deplasare, vor circula pe un singur rând, lãsând liber traseul tramvaiului.</p><p>(4)&nbsp;&nbsp; În cazul în care tramvaiul este oprit într-o stație fãrã refugiu pentru pietoni, vehiculele trebuie sã opreascã în ordinea sosirii, în spatele acestuia, și sã își reia deplasarea numai dupã ce ușile tramvaiului au fost închise și s-au asigurat cã nu pun în pericol siguranța pietonilor angajați în traversarea drumului public.</p>


                    </div>","https://scoaladrpciv.ro/intrebari/categoria-d/pozitia-in-timpul-mersului-si-semnalele-conducatorilor-de-autovehicule"
"1790534218-278","https://scoaladrpciv.ro/intrebari/categoria-d","La intersecţiile fără marcaje, conducătorii de autobuze care vor să circule pe direcţia înainte vor ocupa:","C - oricare dintre rânduri.","","","A - rândul din stânga;","B - rândul din dreapta;","https://scoaladrpciv.ro/intrebare/la-intersectiile-fara-marcaje-conducatorii-de-autobuze-care-vor-sa-circule-pe-directia-inainte-vor-ocupa-6746","","<div class="""">
                        <h4>Articolul 107</h4><p>(1)&nbsp;&nbsp; La intersecțiile prevãzute cu indicatoare și/sau cu marcaje pentru semnalizarea direcției de mers, conducãtorii de vehicule trebuie sã se încadreze pe benzile corespunzãtoare direcției de mers voite cu cel puțin 50 m înainte de intersecție și sunt obligați sã respecte semnificația indicatoarelor și marcajelor.</p><p>(2)&nbsp;&nbsp; La intersecțiile fãrã marcaje de delimitare a benzilor, conducãtorii vehiculelor ocupa în mers, cu cel puțin 50 m înainte de intersecție, urmãtoarele poziții:</p><ul style=""list-style-type:circle;""><li>a)&nbsp;&nbsp; rândul de lângã bordurã sau acostament, cei care vor sã schimbe direcția de mers spre dreapta;</li><li>b)&nbsp;&nbsp; rândul de lângã axa drumului sau de lângã marcajul de separare a sensurilor, cei care vor sã schimbe direcția de mers spre stânga. Când circulația se desfãșoarã pe drumuri cu sens unic, conducãtorii de vehicule care intenționeazã sã vireze la stânga sunt obligați sã ocupe rândul de lângã bordura sau acostamentul din partea stânga;</li><li>c)&nbsp; oricare dintre rânduri, cei care vor sã meargã înainte.</li></ul><p>(3)&nbsp;&nbsp; Dacã în intersecție circulã și tramvaie, iar spațiul dintre șina din dreapta și trotuar nu permite circulația pe douã sau mai multe rânduri, toți conducãtorii de vehicule, indiferent de direcția de deplasare, vor circula pe un singur rând, lãsând liber traseul tramvaiului.</p><p>(4)&nbsp;&nbsp; În cazul în care tramvaiul este oprit într-o stație fãrã refugiu pentru pietoni, vehiculele trebuie sã opreascã în ordinea sosirii, în spatele acestuia, și sã își reia deplasarea numai dupã ce ușile tramvaiului au fost închise și s-au asigurat cã nu pun în pericol siguranța pietonilor angajați în traversarea drumului public.</p>


                    </div>","https://scoaladrpciv.ro/intrebari/categoria-d/pozitia-in-timpul-mersului-si-semnalele-conducatorilor-de-autovehicule"
"1790534223-279","https://scoaladrpciv.ro/intrebari/categoria-d","Cum trebuie să procedaţi atunci când intraţi, pe timp de zi, într-un tunel iluminat necorespunzător?","B - aprindeţi luminile de întâlnire;","","","A - claxonaţi;","C - aprindeţi lumina intermitentă de avertizare.","https://scoaladrpciv.ro/intrebare/cum-trebuie-sa-procedati-atunci-cand-intrati-pe-timp-de-zi-intr-un-tunel-iluminat-necorespunzator-05c8","","<div class="""">
                        <h4>Articolul 114</h4><p><span style=""background-color:hsl(60,75%,60%);"">(7)&nbsp;&nbsp; Când circulã prin tunel conducãtorul de vehicul este obligat sã foloseascã luminile de întâlnire.</span></p>


                    </div>","https://scoaladrpciv.ro/intrebari/categoria-d/semnale-luminoase"
"1790534225-280","https://scoaladrpciv.ro/intrebari/categoria-d","Cum veţi proceda dacă, apropiindu-vă de o intersecţie, observaţi aprinse simultan luminile de culoare roşie şi galbenă ale semaforului?","C - opriţi şi aşteptaţi culoarea verde a semaforului.","","","A - reduceţi viteza şi vă continuaţi drumul, dacă intenţionaţi să viraţi la dreapta;","B - circulaţi cu prudenţă, deoarece semaforul este defect;","https://scoaladrpciv.ro/intrebare/cum-veti-proceda-daca-apropiindu-va-de-o-intersectie-observati-aprinse-simultan-luminile-de-culoare-rosie-si-galbena-ale-semaforului-b01d","","<div class="""">
                        <h4>Articolul 30</h4><p>(1)&nbsp; Mijloacele de semnalizare rutieră sunt:</p><ul><li>a)&nbsp; sistemele de semnalizare luminoasă sau sonoră;</li><li>&nbsp;b)&nbsp; indicatoarele;</li><li>&nbsp;c)&nbsp; marcajele;</li><li>&nbsp;d)&nbsp; alte dispozitive speciale.</li></ul><p>(2)&nbsp;&nbsp;&nbsp;Mijloacele de semnalizare rutieră se constituie într-un sistem unitar, se realizează și se instalează astfel încât să fie observate cu ușurință și de la o distanță adecvată, atât pe timp de zi, cât și pe timp de noapte, de cei cărora li se adresează și trebuie să fie în deplină concordanță între ele, precum și într-o stare tehnică de funcționare corespunzătoare.</p><p>(3)&nbsp; Semnalele luminoase pentru dirijarea circulației în intersecții au următoarele semnificații:</p><ul><li>&nbsp;a)&nbsp; semnalul de culoare verde permite trecerea;</li><li>&nbsp;b)&nbsp; semnalul de culoare roșie interzice trecerea;</li><li>&nbsp;c)&nbsp; semnalul de culoare galbenă împreună cu cel de culoare roșie interzic trecerea.</li></ul><p>(4)&nbsp;&nbsp; Mijloacele de semnalizare rutieră, precum și alte dispozitive speciale de acest fel se asigură, se instalează și se întrețin prin grija administratorului drumului public respectiv ori al căii ferate, după caz. Instalarea mijloacelor de semnalizare rutieră și a dispozitivelor speciale se execută numai cu avizul prealabil al poliției rutiere.</p><p>(5)&nbsp;&nbsp;Mijloacele de semnalizare și presemnalizare a intersecțiilor dintre două drumuri de categorii diferite se asigura, se instalează și se întrețin de către administratorul fiecărui drum, cu respectarea modului de reglementare a circulației stabilit în nodul rutier respectiv.</p><p>(6)&nbsp; Mijloacele de semnalizare rutieră pot fi însoțite și de dispozitive speciale de avertizare.</p><p>&nbsp;7)&nbsp; Se interzic:</p><ul><li>a)&nbsp;&nbsp;amplasarea, în zona drumului public, de construcții, panouri sau dispozitive ce pot fi confundate cu indicatoarele sau cu instalațiile ce servesc la semnalizarea rutieră ori realizarea de amenajări sau alte obstacole care sunt de natură să limiteze vizibilitatea ori eficacitatea acestora, să stânjenească participanții la trafic sau să le distragă atenția, punând în pericol siguranța circulației;</li><li>b)&nbsp;&nbsp;&nbsp; lipirea de afișe, inscripții sau înscrisuri pe indicatoarele ori dispozitivele ce servesc la semnalizarea rutieră, inclusiv pe suporturile acestora.</li></ul>


                    </div>","https://scoaladrpciv.ro/intrebari/categoria-d/semnale-luminoase"
"1790534228-281","https://scoaladrpciv.ro/intrebari/categoria-d","Ce obligaţii îi revin conducătorului de autobuz în momentul apropierii de o intersecţie, dacă semnalul verde se schimbă cu cel galben?","C - să oprească autobuzul în faţa marcajului de oprire sau a marcajului pentru trecerea pietonilor ori în dreptul semaforului.","","","A - să grăbească traversarea;","B - să traverseze intersecţia cu viteză redusă;","https://scoaladrpciv.ro/intrebare/ce-obligatii-ii-revin-conducatorului-de-autobuz-in-momentul-apropierii-de-o-intersectie-daca-semnalul-verde-se-schimba-cu-cel-galben-fbf0","","<div class="""">
                        <h4>Articolul 53</h4><p>(1)&nbsp;&nbsp; Când semnalul de culoare galbenã apare dupã semnalul de culoare verde, conducãtorul vehiculului care se apropie de intersecție nu trebuie sã treacã de locurile prevãzute la art. 52 alin.</p><p>(2), cu excepția situației în care, la apariția semnalului, se aflã atât de aproape de acele locuri încât nu ar mai putea opri vehiculul în condiții de siguranțã.</p><p>(2)&nbsp;&nbsp; Semnalul de culoare galbenã intermitent permite trecerea, conducãtorul de vehicul fiind obligat sã circule cu viteza redusã, sã respecte semnificația semnalizãrii rutiere și a regulilor de circulație aplicabile în acel loc.</p>


                    </div>","https://scoaladrpciv.ro/intrebari/categoria-d/semnale-luminoase"
"1790534230-282","https://scoaladrpciv.ro/intrebari/categoria-d","Când deasupra fiecărei benzi de circulaţie se află în funcţiune câte un semafor, conducătorul de autobuz trebuie:","C - să respecte semnificaţia semnalului luminos instalat deasupra benzii pe care se află.","","","A - să respecte semnificaţia semnalului luminos al semaforului instalat deasupra benzii din stânga;","B - să respecte semnificaţia semnalului luminos al semaforului instalat pe trotuar;","https://scoaladrpciv.ro/intrebare/cand-deasupra-fiecarei-benzi-de-circulatie-se-afla-in-functiune-cate-un-semafor-conducatorul-de-autobuz-trebuie-003b","","<div class="""">
                        <h4>Articolul 48</h4><p>&nbsp;(1)&nbsp;&nbsp; Semafoarele care emit semnale luminoase pentru dirijarea circulației în intersecții se instaleazã obligatoriu înainte de intersecție, astfel încât sã fie vizibile de la o distanțã de cel puțin 50 m. Acestea pot fi repetate în mijlocul, deasupra ori de cealaltã parte a intersecției.</p><p>&nbsp;(2)&nbsp;&nbsp; Semnificația semnalelor luminoase pentru dirijarea circulației vehiculelor este valabilã pe întreaga lãțime a pãrții carosabile deschise circulației conducãtorilor cãrora li se adreseazã. Pe drumurile cu douã sau mai multe benzi pe sens, pentru direcții diferite, delimitate prin marcaje longitudinale, semafoarele se pot instala deasupra uneia sau unora dintre benzi, caz în care semnificația semnalelor luminoase se limiteazã la banda sau benzile astfel semnalizate.</p>


                    </div>","https://scoaladrpciv.ro/intrebari/categoria-d/semnale-luminoase"
"1790534232-283","https://scoaladrpciv.ro/intrebari/categoria-d","La schimbarea direcţiei de mers spre stânga, la semnalul verde al semaforului, conducătorul de autobuz este obligat să acorde prioritate:","B - vehiculelor care circulă din sens opus şi pietonilor care traversează regulamentar strada pe sensul de mers pe care acesta urmează să intre;","","","A - numai vehiculelor care vin din sens opus;","C - numai pietonilor care sunt angajaţi în traversarea străzii.","https://scoaladrpciv.ro/intrebare/la-schimbarea-directiei-de-mers-spre-stanga-la-semnalul-verde-al-semaforului-conducatorul-de-autobuz-este-obligat-sa-acorde-prioritate-093d","","<div class="""">
                        <h4>Articolul 59</h4><p>(1)&nbsp;&nbsp;În intersecțiile cu circulație nedirijată, conducătorul de vehicul este obligat să acorde prioritate de trecere vehiculelor care circulă pe sine. Acestea pierd prioritatea de trecere când efectuează virajul spre stânga sau când semnalizarea rutieră din acea zonă stabilește o altă regulă de circulație.</p><p>(2)&nbsp; În intersecții, conducătorii vehiculelor care virează spre stânga sunt obligați să acorde prioritate de trecere vehiculelor cu care se intersectează și care circulă din partea dreapta.</p><p style=""margin-left:0cm;text-align:justify;"">(3)&nbsp;&nbsp; În intersecțiile cu circulație dirijată prin indicatoare de prioritate, regula priorității de dreapta se respecta numai în cazul în care două vehicule urmează să se întâlnească, fiecare intrând în intersecție de pe un drum semnalizat cu un indicator având aceeași semnificație de prioritate sau de pierdere a priorității.</p><p>(4)&nbsp;&nbsp;Când un semafor cu trei culori are o lumina verde intermitentă suplimentara, montată la același nivel cu lumina verde normală a semaforului, sub forma unei săgeți verzi pe fond negru, cu vârful spre dreapta, aprinderea acesteia semnifica permisiunea pentru vehicule de a-și continua drumul în direcția indicată de săgeata, indiferent de culoarea semaforului electric, cu condiția acordării priorității de trecere vehiculelor și pietonilor care au drept de circulație.</p><h4>§ 8. Trecerea la nivel cu calea ferată</h4>


                    </div>","https://scoaladrpciv.ro/intrebari/categoria-d/semnale-luminoase"
"1790534234-284","https://scoaladrpciv.ro/intrebari/categoria-d","Semnalul luminos intermitent de culoare albă, având cadenţa lentă, funcţionează:","A - pe timpul cât semnalele luminoase de culoare roşie de la trecerea la nivel cu calea ferată sunt stinse;","","","B - pe timpul cât semnalele luminoase ale semaforului defect sunt stinse;","C - pe timpul cât barierele ori semibarierele sunt în curs de coborâre sau de ridicare.","https://scoaladrpciv.ro/intrebare/semnalul-luminos-intermitent-de-culoare-alba-avand-cadenta-lenta-functioneaza-a924","","<div class="""">
                        <h4>Articolul 137</h4><p>(1)&nbsp;&nbsp; Conducãtorul de vehicul poate traversa calea feratã curentã prevãzutã cu bariere sau semibariere, dacã acestea sunt ridicate și semnalele luminoase și sonore nu funcționeazã, iar semnalul cu luminã albã intermitentã cu cadențã lentã este în funcțiune.</p><p>(2)&nbsp;&nbsp; Când circulația la trecerea la nivel cu calea feratã curentã este dirijatã de agenți de cale feratã, conducãtorul de vehicul trebuie sã respecte semnalele acestora.</p>


                    </div>","https://scoaladrpciv.ro/intrebari/categoria-d/semnale-luminoase"
"1790534237-285","https://scoaladrpciv.ro/intrebari/categoria-d","Dacă semaforul în funcţiune se află instalat de cealaltă parte a intersecţiei, conducătorul de autobuz:","C - este obligat să respecte semnificaţia semnalelor luminoase ale acestuia, dacă un alt semafor instalat la intrarea în intersecţie are în funcţiune un semnal similar.","","","A - nu este obligat să respecte semnificaţia semnalelor luminoase, deoarece nu i se adresează;","B - este obligat să respecte semnificaţia semnalelor luminoase, doar dacă semaforul este însoţit de un semn adiţional care indică direcţiile cărora li se adresează semnalele;","https://scoaladrpciv.ro/intrebare/daca-semaforul-in-functiune-se-afla-instalat-de-cealalta-parte-a-intersectiei-conducatorul-de-autobuz-a456","","<div class="""">
                        <h4>Articolul 48</h4>
<p><span style=""background-color: #fbeeb8;"">&nbsp;(1)&nbsp;&nbsp; Semafoarele care emit semnale luminoase pentru dirijarea circulației în intersecții se instaleazã obligatoriu înainte de intersecție, astfel încât sã fie vizibile de la o distanțã de cel puțin 50 m. Acestea pot fi repetate în mijlocul, deasupra ori de cealaltã parte a intersecției.</span></p>
<h4>Articolul 52</h4>
<p>(1)&nbsp;&nbsp; Semnalul de culoare roșie interzice trecerea.</p>
<p><span style=""background-color: hsl(60, 75%, 60%);"">(2)&nbsp;&nbsp; La semnalul de culoare roșie vehiculul trebuie oprit înaintea marcajului pentru oprire sau, dupã caz, pentru trecerea pietonilor, iar în lipsa acestuia, în dreptul semaforului. Dacã semaforul este instalat deasupra ori de cealaltã parte a intersecției, în lipsa marcajului pentru oprire sau pentru trecerea pietonilor, vehiculul trebuie oprit înainte de marginea pãrții carosabile a drumului ce urmeazã a fi intersectat.</span></p>
<p>(3)&nbsp;&nbsp; Atunci când semnalul de culoare roșie funcționeazã concomitent cu cel de culoare galbenã, acesta anunțã apariția semnalului de culoare verde.</p>


                    </div>","https://scoaladrpciv.ro/intrebari/categoria-d/semnale-luminoase"
"1790534239-286","https://scoaladrpciv.ro/intrebari/categoria-d","Cum sunt semnalizate benzile de circulaţie reversibilă, care vă permit să continuaţi deplasarea?","B - cu semnalul verde de forma unei săgeţi cu vârful în jos;","","","A - cu dispozitive de culoare galbenă intermitentă;","C - cu semnul roşu în cruce.","https://scoaladrpciv.ro/intrebare/cum-sunt-semnalizate-benzile-de-circulatie-reversibila-care-va-permit-sa-continuati-deplasarea-013f","","<div class="""">
                        <h4>Articolul 56</h4><p>(1)&nbsp;&nbsp; Când deasupra benzilor de circulație sunt instalate dispozitive care emit semnale roșii și verzi, acestea sunt destinate semnalizãrii benzilor cu circulație reversibilã. Semnalul rosu, având forma a douã bare încrucișate, interzice accesul vehiculelor pe banda deasupra cãreia se gãsește, iar semnalul verde, de forma unei sãgeți cu vârful în jos, permite intrarea vehiculelor și circulația pe acea bandã.</p><p>(2)&nbsp;&nbsp; Semnalul luminos intermediar care are forma unei sau unor sãgeți de culoare galbenã ori albã cu vârful orientat cãtre dreapta sau stânga jos anunțã schimbarea semnalului verde, în cazul benzilor cu circulație reversibilã, ori faptul cã banda deasupra cãreia se aflã este pe punctul de a fi închisã circulației conducãtorilor cãrora li se adreseazã, aceștia fiind obligați sã se deplaseze pe banda sau benzile indicate de sãgeți.</p>


                    </div>","https://scoaladrpciv.ro/intrebari/categoria-d/semnale-luminoase"
"1790534241-287","https://scoaladrpciv.ro/intrebari/categoria-d","Semaforul de avertizare constituit dintr-un corp de iluminat de culoare galbenă intermitentă vă informează în legătură cu:","B - trecerile de pietoni;","","","A - intersecţiile nedirijate;","C - avariile sistemului de semafoare dintr-o intersecţie.","https://scoaladrpciv.ro/intrebare/semaforul-de-avertizare-constituit-dintr-un-corp-de-iluminat-de-culoare-galbena-intermitenta-va-informeaza-in-legatura-cu-50a3","","<div class="""">
                        <h4>Articolul 62</h4><p>Semaforul de avertizare se instaleazã la ieșirea din intersecție și este constituit dintr-un corp de iluminat cu luminã galbenã intermitentã. Acesta poate avea în câmpul sau imaginea unui pieton în mișcare, de culoare galbenã pe fond negru.</p>


                    </div>","https://scoaladrpciv.ro/intrebari/categoria-d/semnale-luminoase"
"1790534246-288","https://scoaladrpciv.ro/intrebari/categoria-d","Ce obligaţii are conducătorul unui autobuz care circulă în zona de frontieră?","A - să oprească imediat autobuzul la semnalele regulamentare ale poliţiştilor de frontieră aflaţi în zona de competenţă;","","","B - să reducă viteza sub limita legală;","C - să circule cu faza de întâlnire în funcţiune, deoarece se află în zona de frontieră.","https://scoaladrpciv.ro/intrebare/ce-obligatii-are-conducatorul-unui-autobuz-care-circula-in-zona-de-frontiera-b406","","<div class="""">
                        <h4>Articolul 89</h4><p>(1)&nbsp;&nbsp; Oprirea participanților la trafic este obligatorie și la semnalele date de:</p><ul style=""list-style-type:circle;""><li>a)&nbsp; polițiștii de frontierã;</li><li>b)&nbsp;&nbsp; îndrumãtorii de circulație ai Ministerului Apãrãrii;</li><li>&nbsp;c)&nbsp; agenții de cale feratã, la trecerile la nivel;</li><li>&nbsp;d)&nbsp;&nbsp; personalul autorizat din zona lucrãrilor pe drumurile publice;</li><li>&nbsp;e)&nbsp;&nbsp; membrii patrulelor școlare de circulație, la trecerile pentru pietoni din apropierea unitãților de învãțãmânt;</li><li>&nbsp;f)&nbsp;&nbsp; nevãzãtori, prin ridicarea bastonului alb, atunci când aceștia traverseazã strada.</li></ul><p>(2)&nbsp;&nbsp; Persoanele prevãzute la alin. (1) lit. a)-d) pot efectua și urmãtoarele semnale:</p><ul style=""list-style-type:circle;""><li>a)&nbsp;&nbsp; balansarea brațului în plan vertical, cu palma mâinii orientatã cãtre sol sau cu un mijloc de semnalizare, care semnificã reducerea vitezei;</li><li>b)&nbsp;&nbsp; rotirea vioaie a brațului, care semnificã mãrirea vitezei de deplasare a vehiculelor, inclusiv grãbirea traversãrii drumului de cãtre pietoni.</li></ul>


                    </div>","https://scoaladrpciv.ro/intrebari/categoria-d/semnalele-politistilor"
"1790534248-289","https://scoaladrpciv.ro/intrebari/categoria-d","Precizează care dintre autovehiculele din imaginea alăturată îşi poate continua drumul:","A - autoturismul şi motocicleta;","","","B - autobuzul şi autocamionul;","C - toate cele patru autovehicule.","https://scoaladrpciv.ro/intrebare/precizeaza-care-dintre-autovehiculele-din-imaginea-alaturata-isi-poate-continua-drumul-66da","https://scoaladrpciv.ro/storage/questions/2334.jpeg","<div class="""">
                        <h4>Articolul 88</h4><p>(1)&nbsp;&nbsp; Semnalele polițistului care dirijeazã circulația au urmãtoarele semnificații:</p><ul style=""list-style-type:circle;""><li>a)&nbsp;&nbsp; brațul ridicat vertical semnificã ""atenție, oprire"" pentru toți participanții la trafic care se apropie, cu excepția conducãtorilor de vehicule care nu ar mai putea opri în condiții de siguranțã. Dacã semnalul este dat într-o intersecție, aceasta nu impune oprirea conducãtorilor de vehicule care se aflã deja angajați în traversare;</li><li>b)&nbsp;&nbsp; brațul sau brațele întinse orizontal semnificã ""oprire"" pentru toți participanții la trafic care, indiferent de sensul lor de mers, circulã din direcția sau direcțiile intersectate de brațul sau brațele întinse. Dupã ce a dat acest semnal, polițistul poate cobori brațul sau brațele, poziția sã însemnând, de asemenea, ""oprire"" pentru participanții la trafic care vin din fațã ori din spate;</li><li>c)&nbsp;&nbsp; balansarea, pe timp de noapte, în plan vertical, a unui dispozitiv cu luminã roșie ori a bastonului fluorescent-reflectorizant semnificã ""oprire"" pentru participanții la trafic spre care este îndreptat;</li><li>d)&nbsp;&nbsp; balansarea pe verticalã a brațului, având palma orientatã cãtre sol, semnificã reducerea vitezei;</li><li>e)&nbsp;&nbsp; rotirea vioaie a brațului semnificã mãrirea vitezei de deplasare a vehiculelor sau grãbirea traversãrii drumului de cãtre pietoni.</li></ul><p>&nbsp;(2)&nbsp;&nbsp; Polițistul care dirijeazã circulația poate efectua semnal cu brațul ca vehiculul sã avanseze, sã depãșeascã, sã treacã prin fațã ori prin spatele sau, sã îl ocoleascã prin partea sã stânga sau dreapta, iar pietonii sã traverseze drumul ori sã se opreascã.</p><p>(3)&nbsp;&nbsp; La efectuarea comenzilor prevãzute la alin. (1) și (2), polițistul poate folosi și fluierul.</p>


                    </div>","https://scoaladrpciv.ro/intrebari/categoria-d/semnalele-politistilor"
"1790534251-290","https://scoaladrpciv.ro/intrebari/categoria-d","Când sunteţi obligat să opriţi autobuzul?","A - la semnalele îndrumătorilor de circulaţie ai Ministerului Apărării;","","","B - la semnalele conducătorilor de vehicule care virează la dreapta;","C - la semnalele conducătorilor vehiculelor care circulă din sens invers.","https://scoaladrpciv.ro/intrebare/cand-sunteti-obligat-sa-opriti-autobuzul-a58f","","<div class="""">
                        <h4>Articolul 89</h4><p>(1)&nbsp;&nbsp; Oprirea participanților la trafic este obligatorie și la semnalele date de:</p><ul style=""list-style-type:circle;""><li>a)&nbsp; polițiștii de frontierã;</li><li>b)&nbsp;&nbsp; îndrumãtorii de circulație ai Ministerului Apãrãrii;</li><li>&nbsp;c)&nbsp; agenții de cale feratã, la trecerile la nivel;</li><li>&nbsp;d)&nbsp;&nbsp; personalul autorizat din zona lucrãrilor pe drumurile publice;</li><li>&nbsp;e)&nbsp;&nbsp; membrii patrulelor școlare de circulație, la trecerile pentru pietoni din apropierea unitãților de învãțãmânt;</li><li>&nbsp;f)&nbsp;&nbsp; nevãzãtori, prin ridicarea bastonului alb, atunci când aceștia traverseazã strada.</li></ul><p>(2)&nbsp;&nbsp; Persoanele prevãzute la alin. (1) lit. a)-d) pot efectua și urmãtoarele semnale:</p><ul style=""list-style-type:circle;""><li>a)&nbsp;&nbsp; balansarea brațului în plan vertical, cu palma mâinii orientatã cãtre sol sau cu un mijloc de semnalizare, care semnificã reducerea vitezei;</li><li>b)&nbsp;&nbsp; rotirea vioaie a brațului, care semnificã mãrirea vitezei de deplasare a vehiculelor, inclusiv grãbirea traversãrii drumului de cãtre pietoni.</li></ul>


                    </div>","https://scoaladrpciv.ro/intrebari/categoria-d/semnalele-politistilor"
"1790534253-291","https://scoaladrpciv.ro/intrebari/categoria-d","Conducătorul unui autobuz este obligat să oprească:","B - la semnalul nevăzătorilor care traversează strada;","","","A - la apropierea de o intersecţie;","C - la semnalul conducătorului coloanei de pietoni.","https://scoaladrpciv.ro/intrebare/conducatorul-unui-autobuz-este-obligat-sa-opreasca-ab2a","","<div class="""">
                        <h4>Articolul 89</h4><p>(1)&nbsp;&nbsp; Oprirea participanților la trafic este obligatorie și la semnalele date de:</p><ul style=""list-style-type:circle;""><li>a)&nbsp; polițiștii de frontierã;</li><li>b)&nbsp;&nbsp; îndrumãtorii de circulație ai Ministerului Apãrãrii;</li><li>&nbsp;c)&nbsp; agenții de cale feratã, la trecerile la nivel;</li><li>&nbsp;d)&nbsp;&nbsp; personalul autorizat din zona lucrãrilor pe drumurile publice;</li><li>&nbsp;e)&nbsp;&nbsp; membrii patrulelor școlare de circulație, la trecerile pentru pietoni din apropierea unitãților de învãțãmânt;</li><li>&nbsp;f)&nbsp;&nbsp; nevãzãtori, prin ridicarea bastonului alb, atunci când aceștia traverseazã strada.</li></ul><p>(2)&nbsp;&nbsp; Persoanele prevãzute la alin. (1) lit. a)-d) pot efectua și urmãtoarele semnale:</p><ul style=""list-style-type:circle;""><li>a)&nbsp;&nbsp; balansarea brațului în plan vertical, cu palma mâinii orientatã cãtre sol sau cu un mijloc de semnalizare, care semnificã reducerea vitezei;</li><li>b)&nbsp;&nbsp; rotirea vioaie a brațului, care semnificã mãrirea vitezei de deplasare a vehiculelor, inclusiv grãbirea traversãrii drumului de cãtre pietoni.</li></ul>


                    </div>","https://scoaladrpciv.ro/intrebari/categoria-d/semnalele-politistilor"
"1790534255-292","https://scoaladrpciv.ro/intrebari/categoria-d","Ce obligaţii aveţi la semnalul membrilor patrulelor şcolare de circulaţie, la trecerile pentru pietoni din apropierea unităţilor de învăţământ?","C - să opriţi.","","","A - să reduceţi viteza şi să circulaţi cu atenţie;","B - să treceţi pe banda de lângă axul drumului;","https://scoaladrpciv.ro/intrebare/ce-obligatii-aveti-la-semnalul-membrilor-patrulelor-scolare-de-circulatie-la-trecerile-pentru-pietoni-din-apropierea-unitatilor-de-invatamant-433c","","<div class="""">
                        <h4>Articolul 89</h4><p>(1)&nbsp;&nbsp; Oprirea participanților la trafic este obligatorie și la semnalele date de:</p><ul style=""list-style-type:circle;""><li>a)&nbsp; polițiștii de frontierã;</li><li>b)&nbsp;&nbsp; îndrumãtorii de circulație ai Ministerului Apãrãrii;</li><li>&nbsp;c)&nbsp; agenții de cale feratã, la trecerile la nivel;</li><li>&nbsp;d)&nbsp;&nbsp; personalul autorizat din zona lucrãrilor pe drumurile publice;</li><li>&nbsp;e)&nbsp;&nbsp; membrii patrulelor școlare de circulație, la trecerile pentru pietoni din apropierea unitãților de învãțãmânt;</li><li>&nbsp;f)&nbsp;&nbsp; nevãzãtori, prin ridicarea bastonului alb, atunci când aceștia traverseazã strada.</li></ul><p>(2)&nbsp;&nbsp; Persoanele prevãzute la alin. (1) lit. a)-d) pot efectua și urmãtoarele semnale:</p><ul style=""list-style-type:circle;""><li>a)&nbsp;&nbsp; balansarea brațului în plan vertical, cu palma mâinii orientatã cãtre sol sau cu un mijloc de semnalizare, care semnificã reducerea vitezei;</li><li>b)&nbsp;&nbsp; rotirea vioaie a brațului, care semnificã mãrirea vitezei de deplasare a vehiculelor, inclusiv grãbirea traversãrii drumului de cãtre pietoni.</li></ul>


                    </div>","https://scoaladrpciv.ro/intrebari/categoria-d/semnalele-politistilor"
"1790534257-293","https://scoaladrpciv.ro/intrebari/categoria-d","Semnalul agentului de cale ferată, aflat la o trecere la nivel cu o cale ferată industrială, îi obligă pe conducătorii de autobuze:","B - să respecte semnalul agentului de cale ferată;","","","A - să sporească atenţia;","C - să se asigure şi să oprească, dacă observă că se apropie vreun tren.","https://scoaladrpciv.ro/intrebare/semnalul-agentului-de-cale-ferata-aflat-la-o-trecere-la-nivel-cu-o-cale-ferata-industriala-ii-obliga-pe-conducatorii-de-autobuze-a251","","<div class="""">
                        <h4>Articolul 140</h4><p>(1)&nbsp;&nbsp; La intersectarea unui drum public cu o cale feratã industrialã, accesul vehiculelor feroviare se face numai dupã semnalizarea corespunzãtoare și din timp de cãtre cel puțin un agent de cale feratã.</p><p>(2)&nbsp;&nbsp; În cazul prevãzut la alin. (1), conducãtorii de vehicule sunt obligați sã se conformeze semnificației semnalelor agenților de cale feratã.</p>


                    </div>","https://scoaladrpciv.ro/intrebari/categoria-d/semnalele-politistilor"
"1790534262-294","https://scoaladrpciv.ro/intrebari/categoria-d","Ce limitează indicatorul din imaginea alăturată?","A - înălţimea totală a vehiculului, inclusiv cu încărcătura, măsurată de la sol;","","","B - greutatea totală a autovehiculului să nu depăşească valoarea indicată;","C - înălţimea exclusiv a încărcăturii, măsurată de la platforma vehiculului.","https://scoaladrpciv.ro/intrebare/ce-limiteaza-indicatorul-din-imaginea-alaturata-d50f","https://scoaladrpciv.ro/storage/questions/2390.jpeg","<div class="""">
                        


                    </div>","https://scoaladrpciv.ro/intrebari/categoria-d/indicatoare-si-marcaje"
"1790534264-295","https://scoaladrpciv.ro/intrebari/categoria-d","Conducătorului de autobuz îi este permis să intre pe drumul pe care întâlneşte acest indicator?","B - nu, întrucât indicatorul interzice accesul oricărei categorii de vehicule;","","","A - da, dar numai conducătorilor autobuzelor liniilor regulate pentru transport public de persoane;","C - da, deoarece, prin excepţie, autobuzele au dreptul să intre.","https://scoaladrpciv.ro/intrebare/conducatorului-de-autobuz-ii-este-permis-sa-intre-pe-drumul-pe-care-intalneste-acest-indicator-3a04","https://scoaladrpciv.ro/storage/questions/2281.jpeg","<div class="""">
                        


                    </div>","https://scoaladrpciv.ro/intrebari/categoria-d/indicatoare-si-marcaje"
"1790534267-296","https://scoaladrpciv.ro/intrebari/categoria-d","Ce obligaţie are conducătorul unui autobuz la întâlnirea indicatorului din imagine, însoţit de panoul adiţional?","C - să cedeze trecerea tuturor vehiculelor care vin din sens opus.","","","A - să cedeze trecerea numai autocamioanelor şi autobuzelor care vin din sens opus;","B - să cedeze trecerea celorlalte vehicule care nu sunt figurate pe panoul adiţional;","https://scoaladrpciv.ro/intrebare/ce-obligatie-are-conducatorul-unui-autobuz-la-intalnirea-indicatorului-din-imagine-insotit-de-panoul-aditional-9b7d","https://scoaladrpciv.ro/storage/questions/2188.jpeg","<div class="""">
                        


                    </div>","https://scoaladrpciv.ro/intrebari/categoria-d/indicatoare-si-marcaje"
"1790534269-297","https://scoaladrpciv.ro/intrebari/categoria-d","Conducătorul unui autobuz are dreptul de a intra pe sectorul de drum semnalizat prin indicatorul din imaginea alăturată?","C - nu, deoarece indicatorul interzice accesul autovehiculelor, categorie din care face parte şi autobuzul.","","","A - da, deoarece autobuzul face excepţie, fiind un mijloc de transport public de persoane;","B - da, deoarece autobuzul nu figurează în categoriile de vehicule care apar pe indicator;","https://scoaladrpciv.ro/intrebare/conducatorul-unui-autobuz-are-dreptul-de-a-intra-pe-sectorul-de-drum-semnalizat-prin-indicatorul-din-imaginea-alaturata-e87e","https://scoaladrpciv.ro/storage/questions/2171.jpeg","<div class="""">
                        


                    </div>","https://scoaladrpciv.ro/intrebari/categoria-d/indicatoare-si-marcaje"
"1790534271-298","https://scoaladrpciv.ro/intrebari/categoria-d","Ce semnificaţie are indicatorul din imagine însoţit de panoul adiţional?","A - permite accesul autobuzelor şi îi obligă pe conducătorii acestora să respecte regulile de circulaţie aplicabile pe sectorul de drum respectiv;","","","B - interzice intrarea oricărui vehicul pe sectorul de drum astfel semnalizat;","C - interzice oprirea şi staţionarea tuturor vehiculelor, cu excepţia mijloacelor de transport public de persoane.","https://scoaladrpciv.ro/intrebare/ce-semnificatie-are-indicatorul-din-imagine-insotit-de-panoul-aditional-396e","https://scoaladrpciv.ro/storage/questions/2168.jpeg","<div class="""">
                        


                    </div>","https://scoaladrpciv.ro/intrebari/categoria-d/indicatoare-si-marcaje"
"1790534274-299","https://scoaladrpciv.ro/intrebari/categoria-d","Ce interzice indicatorul din imaginea alăturată?","B - accesul autobuzelor;","","","A - accesul tuturor mijloacelor de transport public;","C - oprirea şi staţionarea autobuzelor.","https://scoaladrpciv.ro/intrebare/ce-interzice-indicatorul-din-imaginea-alaturata-4fc1","https://scoaladrpciv.ro/storage/questions/2132.jpeg","<div class="""">
                        


                    </div>","https://scoaladrpciv.ro/intrebari/categoria-d/indicatoare-si-marcaje"
"1790534276-300","https://scoaladrpciv.ro/intrebari/categoria-d","Cum trebuie să procedeze conducătorul autobuzului dacă, intenţionând să schimbe direcţia de mers spre stânga, întâlneşte indicatorul din imagine, însoţit de
panoul adiţional?","C - semnalizează, reduce viteza şi, dacă este cazul, cedează trecerea vehiculelor care se apropie din sens opus, precum şi pietonilor angajaţi în traversarea străzii pe care urmează să intre, pe sensul său de mers.","","","A - se va deplasa pe direcţia înainte ori la dreapta, deoarece semnalizarea nu îi permite accesul către stânga;","B - execută manevra, deoarece în acest caz are prioritate faţă de celelalte vehicule;","https://scoaladrpciv.ro/intrebare/cum-trebuie-sa-procedeze-conducatorul-autobuzului-daca-intentionand-sa-schimbe-directia-de-mers-spre-stanga-intalneste-indicatorul-din-imagine-insotit-de-panoul-aditional-c246","https://scoaladrpciv.ro/storage/questions/2117.jpeg","<div class="""">
                        


                    </div>","https://scoaladrpciv.ro/intrebari/categoria-d/indicatoare-si-marcaje"
"1790534278-301","https://scoaladrpciv.ro/intrebari/categoria-d","Semnificaţia indicatorului este:","A - „Sfârşitul tuturor restricţiilor“;","","","B - „Oprirea interzisă“;","C - „Sfârşitul restricţiei de a staţiona“.","https://scoaladrpciv.ro/intrebare/semnificatia-indicatorului-este-391e","https://scoaladrpciv.ro/storage/questions/2106.jpeg","<div class="""">
                        


                    </div>","https://scoaladrpciv.ro/intrebari/categoria-d/indicatoare-si-marcaje"
"1790534281-302","https://scoaladrpciv.ro/intrebari/categoria-d","Ce semnificaţie are indicatorul din imaginea alăturată?","B - sfârşitul drumului cu prioritate;","","","A - sfârşitul tuturor restricţiilor;","C - sfârşitul zonei în care oprirea şi staţionarea au fost interzise.","https://scoaladrpciv.ro/intrebare/ce-semnificatie-are-indicatorul-din-imaginea-alaturata-5a27","https://scoaladrpciv.ro/storage/questions/2091.jpeg","<div class="""">
                        


                    </div>","https://scoaladrpciv.ro/intrebari/categoria-d/indicatoare-si-marcaje"
"1790534283-303","https://scoaladrpciv.ro/intrebari/categoria-d","Ce semnalizează indicatorul din imagine?","C - un drum cu prioritate.","","","A - anunţă un sector de drum pe care viteza este limitată;","B - sfârşitul unui sector de drum cu prioritate;","https://scoaladrpciv.ro/intrebare/ce-semnalizeaza-indicatorul-din-imagine-745b","https://scoaladrpciv.ro/storage/questions/2081.jpeg","<div class="""">
                        


                    </div>","https://scoaladrpciv.ro/intrebari/categoria-d/indicatoare-si-marcaje"
