web_scraper_order,web_scraper_start_url,data,raspuns_corect_1,raspuns_corect_2,raspuns_corect_3,raspuns_1,raspuns_2,data3,image,explicatie,categorii
"1790576960-1","https://scoaladrpciv.ro/intrebari/categoria-e","Cum veti proceda atunci cand conduci un autovehicul care tracteaza o remorca, la trecerea pe langa  un grup de elevi ce se deplaseaza in aceiasi directie, pe drumul national dintr-o localitate rurala?","B - preventiv, reduci viteza si ocolesti cu prudenta grupul","","","A - depasesti grupul, semnalizand cu luminile de intalnire","C - folosesti avertizorul sonor, pentru a indeparta elevii de pe partea carosabila.","https://scoaladrpciv.ro/intrebare/cum-veti-proceda-atunci-cand-conduci-un-autovehicul-care-tracteaza-o-remorca-la-trecerea-pe-langa-un-grup-de-elevi-ce-se-deplaseaza-in-aceiasi-directie-pe-drumul-national-dintr-o-localitate-rurala-aa4f","","<div class="""">
                        


                    </div>","https://scoaladrpciv.ro/intrebari/categoria-e/conducerea-preventiva"
"1790576963-2","https://scoaladrpciv.ro/intrebari/categoria-e","Ce trebuie avut  in vedere atunci cand intentionezi sa treci de un autobuz oprit intr-o statie?","A - treci cu atentie la o distanta corespunzatoare, pentru ca din fata autobuzului ar putea sa apara in  mod neasteptat pietoni","","","B - aprinzi luminile intermitente de avertizare si circuli mai departe cu atentie","C - circuli mai departe fara ezitare.","https://scoaladrpciv.ro/intrebare/ce-trebuie-avut-in-vedere-atunci-cand-intentionezi-sa-treci-de-un-autobuz-oprit-intr-o-statie-30b0","","<div class="""">
                        


                    </div>","https://scoaladrpciv.ro/intrebari/categoria-e/conducerea-preventiva"
"1790576965-3","https://scoaladrpciv.ro/intrebari/categoria-e","Ce se poate intampla daca, atunci cand circuli intr-o curba, franezi dintr-odata puternic?","B - autovehiculul si remorca derapeaza","","","A - autovehiculul si remorca se inclina spre interiorul curbei","C - autovehiculul si remorca isi mentin directia.","https://scoaladrpciv.ro/intrebare/ce-se-poate-intampla-daca-atunci-cand-circuli-intr-o-curba-franezi-dintr-odata-puternic-1e30","","<div class="""">
                        


                    </div>","https://scoaladrpciv.ro/intrebari/categoria-e/conducerea-preventiva"
"1790576968-4","https://scoaladrpciv.ro/intrebari/categoria-e","Cum trebuie sa procedezi atunci cand circuli cu autovehiculul pe timp de noapte, pe o portiune de drum libera, si dai semne de oboseala?","B - faci pauze corespunzatoare pentru odihna","","","A - bei o cafea rece","C - maresti volumul radioului.","https://scoaladrpciv.ro/intrebare/cum-trebuie-sa-procedezi-atunci-cand-circuli-cu-autovehiculul-pe-timp-de-noapte-pe-o-portiune-de-drum-libera-si-dai-semne-de-oboseala-604b","","<div class="""">
                        


                    </div>","https://scoaladrpciv.ro/intrebari/categoria-e/conducerea-preventiva"
"1790576970-5","https://scoaladrpciv.ro/intrebari/categoria-e","La depasirea caror vehicule trebuie sa pastrezi o distanta laterala mai mare, mai ales daca tractezi o remorca?","A - la depasirea bicicletelor","","","B - la depasirea autobuzelor","C - la depasirea camioanelor.","https://scoaladrpciv.ro/intrebare/la-depasirea-caror-vehicule-trebuie-sa-pastrezi-o-distanta-laterala-mai-mare-mai-ales-daca-tractezi-o-remorca-7d68","","<div class="""">
                        


                    </div>","https://scoaladrpciv.ro/intrebari/categoria-e/conducerea-preventiva"
"1790576972-6","https://scoaladrpciv.ro/intrebari/categoria-e","Ce trebuie sa ai in vedere, in primul rand, atunci cand iesi dintr-o curte si intentionezi sa virezi in sosea?","A - pietonii de pe trotuar","","","B - mijloacele de transport in comun","C - autovehiculele din trafic.","https://scoaladrpciv.ro/intrebare/ce-trebuie-sa-ai-in-vedere-in-primul-rand-atunci-cand-iesi-dintr-o-curte-si-intentionezi-sa-virezi-in-sosea-0b22","","<div class="""">
                        


                    </div>","https://scoaladrpciv.ro/intrebari/categoria-e/conducerea-preventiva"
"1790576974-7","https://scoaladrpciv.ro/intrebari/categoria-e","Cum poate fi evitată acvaplanarea?","B - pneurile nu sunt uzate, iar viteza este redusă;","","","A - autovehiculul este supraîncărcat;","C - autovehiculul și remorca sunt echipate cu un sistem de frânare automat (tip AEBS).","https://scoaladrpciv.ro/intrebare/acvaplanarea-poate-fi-evitata-atunci-cand-e049","","<div class="""">
                        <p><span style=""background-color:hsl(60, 75%, 60%);"">În general, acvaplanarea apare când două situații se întrunesc: carosabil acoperit cu apă pe porițiuni mari, și viteza mare de deplasare a autovehiculului. Acvaplanarea poate fi evitată dacă pneurile nu sunt uzate, iar viteza este redusă.</span></p>


                    </div>","https://scoaladrpciv.ro/intrebari/categoria-e/conducerea-preventiva"
"1790576979-8","https://scoaladrpciv.ro/intrebari/categoria-e","Echipamentul de frânare nu este obligatoriu la remorcile cu masa totală maximă autorizată:","A - mai mică de 750 kg","","","B - mai mică de 400 kg","C - mai mare de 750 kg","https://scoaladrpciv.ro/intrebare/echipamentul-de-franare-nu-este-obligatoriu-la-remorcile-cu-masa-totala-maxima-autorizata-ddda","","<div class="""">
                        <p><span class=""S_DEN"">REGLEMENTĂRI din 11 februarie 2003<br></span><span class=""S_PAR"">privind condiţiile tehnice pe care trebuie să le îndeplinească vehiculele rutiere în vederea admiterii în circulaţie pe drumurile publice din România - RNTR2*</span></p>
<p>&nbsp;</p>
<p>3.5 Masa remorcabilă maximă tehnic admisibilă a unui autovehicul autorizat de constructor să tracteze o remorcă, fie că este sau nu autotractor, nu trebuie să depăşească cea mai mică dintre următoarele valori:</p>
<ul>
<li>-&nbsp;masa remorcabilă tehnic admisibilă declarată de constructor;</li>
<li><span style=""background-color: #f1c40f;"">-&nbsp;pentru autovehiculele destinate tractării de remorci fără frână de serviciu: 50% din masa proprie a autovehiculului, cu condiţia ca masa maximă tehnic admisibilă a acestor remorci să nu fie mai mare de 750 kg;</span></li>
<li>-&nbsp;pentru autovehiculele având masa maximă tehnic admisibilă mai mică de 3,5 t (inclusiv din categoria M<span class=""s25"">1</span>) şi destinate să tracteze remorci echipate cu frână de serviciu: masa maximă tehnic admisibilă a autovehiculului (pentru autovehicule de teren multiplicată cu coeficientul 1,5), cu condiţia ca masa maximă tehnic admisibilă a remorcii să nu fie mai mare de 3500 kg;</li>
<li>-&nbsp;pentru autovehicule având masa maximă tehnic admisibilă mai mare de 3,5 t, destinate să tracteze remorci echipate cu sistem de frânare de serviciu comandat prin inerţie: masa maximă tehnic admisibilă a remorcii este de 3500 kg;</li>
<li>-&nbsp;pentru autovehicule având masa maximă tehnic admisibilă mai mare de 3,5 t, destinate să tracteze remorci echipate cu sistem de frânare de serviciu continuu (conform definiţiei din Directiva 71/320/CEE): masa maximă tehnic admisibilă a autovehiculului, multiplicată cu 1,5;</li>
<li>-&nbsp;pentru autovehiculele din categoriile M<span class=""s25"">2</span>&nbsp;şi M<span class=""s25"">3</span> masa maximă tehnic admisibilă a unei remorci&nbsp;pentru bagaje nu poate depăşi 3500 kg.</li>
</ul>


                    </div>","https://scoaladrpciv.ro/intrebari/categoria-e/reguli-generale"
"1790576982-9","https://scoaladrpciv.ro/intrebari/categoria-e","Cât este masa totală maximă admisă pentru un tren rutier, compus dintr-un vehicul motor cu două osii şi o remorcă cu o osie, pe drumuri asfaltate?","A - 26 t;","","","B - 28 t;","C - 35 t.","https://scoaladrpciv.ro/intrebare/cat-este-masa-totala-maxima-admisa-pentru-un-tren-rutier-compus-dintr-un-vehicul-motor-cu-doua-osii-si-o-remorca-cu-o-osie-pe-drumuri-asfaltate-9c86","","<div class="""">
                        <p><span style=""font-size: 15px;""><span id=""id_parA27039796"" class=""S_PAR"">Clasificarea drumurilor din punctul de vedere al maselor și dimensiunilor maxime admise:<br></span><span id=""id_parA27039796"" class=""S_PAR""><span id=""id_parA46177434"" class=""S_PAR"">R = drumuri reabilitate<br></span><span id=""id_parA6279971"" class=""S_PAR"">NR = drumuri nereabilitate<br></span><span id=""id_parA25853024"" class=""S_PAR"">M = drumuri modernizate<br></span><span id=""id_parA53186886"" class=""S_PAR"">P = drumuri pietruite<br></span></span><span id=""id_parA65937844"" class=""S_PAR"">Prin vehicul se înțelege orice autovehicul rutier având cel puțin două axe sau un ansamblu format dintr-un autovehicul și semiremorca sau remorca tractată de acesta.</span></span></p>
<div class=""table-responsive"">
<table style=""border-collapse: collapse; border-width: 1px; width: 100%;"" border=""1"">
<thead>
<tr style=""height: 36.1458px;"">
<th style=""width: 7.66426%;"" scope=""col"">&nbsp;</th>
<th style=""width: 66.2248%;"" scope=""col"">&nbsp;</th>
<th style=""text-align: center; width: 7.06467%;"" scope=""col""><span style=""color: #ff0000; font-size: 12px;""><strong>R</strong></span></th>
<th style=""text-align: center; width: 6.34697%;"" scope=""col""><span style=""font-size: 12px;""><strong><span style=""color: #ff0000;"">NR</span></strong></span></th>
<th style=""text-align: center; width: 6.46672%;"" scope=""col""><span style=""font-size: 12px;""><strong><span style=""color: #ff0000;"">M</span></strong></span></th>
<th style=""text-align: center; width: 6.22721%;"" scope=""col""><span style=""font-size: 12px;""><strong><span style=""color: #ff0000;"">P</span></strong></span></th>
</tr>
</thead>
<tbody>
<tr style=""height: 36.1458px;"">
<td style=""width: 7.66426%;""><span style=""font-size: 12px;"">1.</span></td>
<td style=""width: 92.3304%;"" colspan=""5""><span style=""font-size: 12px;"">DIMENSIUNI MAXIME ADMISE (în metri)</span></td>
</tr>
<tr style=""height: 36.1458px;"">
<td style=""width: 7.66426%;""><span style=""font-size: 12px;"">1.1.</span></td>
<td style=""width: 92.3304%;"" colspan=""5""><span style=""font-size: 12px;"">Lungime</span></td>
</tr>
<tr style=""height: 36.1458px;"">
<td style=""width: 7.66426%;"">&nbsp;</td>
<td style=""width: 66.2248%;""><span style=""font-size: 12px;"">Autovehicul, altul decât autobuz</span></td>
<td style=""text-align: center; width: 7.06467%;""><span style=""font-size: 12px;"">12,00</span></td>
<td style=""text-align: center; width: 6.34697%;""><span style=""font-size: 12px;"">12,00</span></td>
<td style=""text-align: center; width: 6.46672%;""><span style=""font-size: 12px;"">12,00</span></td>
<td style=""text-align: center; width: 6.22721%;""><span style=""font-size: 12px;"">12,00</span></td>
</tr>
<tr style=""height: 36.1458px;"">
<td style=""width: 7.66426%;"">&nbsp;</td>
<td style=""width: 66.2248%;""><span style=""font-size: 12px;"">Vehicul articulat</span></td>
<td style=""text-align: center; width: 7.06467%;""><span style=""font-size: 12px;"">16,50</span></td>
<td style=""text-align: center; width: 6.34697%;""><span style=""font-size: 12px;"">16,50</span></td>
<td style=""text-align: center; width: 6.46672%;""><span style=""font-size: 12px;"">16,50</span></td>
<td style=""text-align: center; width: 6.22721%;""><span style=""font-size: 12px;"">16,50</span></td>
</tr>
<tr style=""height: 36.1458px;"">
<td style=""width: 7.66426%;"">&nbsp;</td>
<td style=""width: 66.2248%;""><span style=""font-size: 12px;"">Tren rutier</span></td>
<td style=""text-align: center; width: 7.06467%;""><span style=""font-size: 12px;"">18,75</span></td>
<td style=""text-align: center; width: 6.34697%;""><span style=""font-size: 12px;"">18,75</span></td>
<td style=""text-align: center; width: 6.46672%;""><span style=""font-size: 12px;"">18,75</span></td>
<td style=""text-align: center; width: 6.22721%;""><span style=""font-size: 12px;"">18,75</span></td>
</tr>
<tr style=""height: 36.1458px;"">
<td style=""width: 7.66426%;""><span style=""font-size: 12px;"">1.2.</span></td>
<td style=""width: 92.3304%;"" colspan=""5""><span style=""font-size: 12px;"">Lățime</span></td>
</tr>
<tr style=""height: 36.1458px;"">
<td style=""width: 7.66426%;""><span style=""font-size: 12px;"">a)</span></td>
<td style=""width: 66.2248%;""><span style=""font-size: 12px;"">Toate vehiculele, cu excepția vehiculelor menționate la lit. b)</span></td>
<td style=""text-align: center; width: 7.06467%;""><span style=""font-size: 12px;"">2,55</span></td>
<td style=""text-align: center; width: 6.34697%;""><span style=""font-size: 12px;"">2,55</span></td>
<td style=""text-align: center; width: 6.46672%;""><span style=""font-size: 12px;"">2,55</span></td>
<td style=""text-align: center; width: 6.22721%;""><span style=""font-size: 12px;"">2,55</span></td>
</tr>
<tr style=""height: 36.1458px;"">
<td style=""width: 7.66426%;""><span style=""font-size: 12px;"">b)</span></td>
<td style=""width: 66.2248%;""><span style=""font-size: 12px;"">Suprastructuri de vehicule izoterme sau containere ori cutii mobile izoterme</span></td>
<td style=""text-align: center; width: 7.06467%;""><span style=""font-size: 12px;"">2,60</span></td>
<td style=""text-align: center; width: 6.34697%;""><span style=""font-size: 12px;"">2,60</span></td>
<td style=""text-align: center; width: 6.46672%;""><span style=""font-size: 12px;"">2,60</span></td>
<td style=""text-align: center; width: 6.22721%;""><span style=""font-size: 12px;"">2,60</span></td>
</tr>
<tr style=""height: 36.1458px;"">
<td style=""width: 7.66426%;""><span style=""font-size: 12px;"">1.3.</span></td>
<td style=""width: 66.2248%;""><span style=""font-size: 12px;"">Înălțime (orice vehicul)</span></td>
<td style=""text-align: center; width: 7.06467%;""><span style=""font-size: 12px;"">4,00</span></td>
<td style=""text-align: center; width: 6.34697%;""><span style=""font-size: 12px;"">4,00</span></td>
<td style=""text-align: center; width: 6.46672%;""><span style=""font-size: 12px;"">4,00</span></td>
<td style=""text-align: center; width: 6.22721%;""><span style=""font-size: 12px;"">4,00</span></td>
</tr>
<tr style=""height: 36.1458px;"">
<td style=""width: 7.66426%;""><span style=""font-size: 12px;"">2.</span></td>
<td style=""width: 92.3304%;"" colspan=""5""><span style=""font-size: 12px;"">MASA TOTALĂ MAXIMĂ ADMISĂ A VEHICULULUI (ÎN TONE)</span></td>
</tr>
<tr style=""height: 36.1458px;"">
<td style=""width: 7.66426%;""><span style=""font-size: 12px;"">2.1.</span></td>
<td style=""width: 66.2248%;""><span style=""font-size: 12px;"">Autovehicul</span></td>
<td style=""text-align: center; width: 7.06467%;"">&nbsp;</td>
<td style=""text-align: center; width: 6.34697%;"">&nbsp;</td>
<td style=""text-align: center; width: 6.46672%;"">&nbsp;</td>
<td style=""text-align: center; width: 6.22721%;"">&nbsp;</td>
</tr>
<tr style=""height: 36.1458px;"">
<td style=""width: 7.66426%;""><span style=""font-size: 12px;"">2.1.1.</span></td>
<td style=""width: 66.2248%;""><span style=""font-size: 12px;"">Autovehicul cu 4 axe, altul decât cel prevăzut în anexa nr. 2</span></td>
<td style=""text-align: center; width: 7.06467%;""><span style=""font-size: 12px;"">30,00</span></td>
<td style=""text-align: center; width: 6.34697%;""><span style=""font-size: 12px;"">30,00</span></td>
<td style=""text-align: center; width: 6.46672%;""><span style=""font-size: 12px;"">30,00</span></td>
<td style=""text-align: center; width: 6.22721%;""><span style=""font-size: 12px;"">28,00</span></td>
</tr>
<tr style=""height: 36.1458px;"">
<td style=""width: 7.66426%;""><span style=""font-size: 12px;"">2.1.2.</span></td>
<td style=""width: 66.2248%;""><span style=""font-size: 12px;"">Autovehicul cu mai mult de 4 axe</span></td>
<td style=""text-align: center; width: 7.06467%;""><span style=""font-size: 12px;"">40,00</span></td>
<td style=""text-align: center; width: 6.34697%;""><span style=""font-size: 12px;"">40,00</span></td>
<td style=""text-align: center; width: 6.46672%;""><span style=""font-size: 12px;"">40,00</span></td>
<td style=""text-align: center; width: 6.22721%;""><span style=""font-size: 12px;"">38,00</span></td>
</tr>
<tr style=""height: 36.1458px;"">
<td style=""width: 7.66426%;""><span style=""font-size: 12px;"">2.2.</span></td>
<td style=""width: 92.3304%;"" colspan=""5""><span style=""font-size: 12px;"">Ansamblu de vehicule</span></td>
</tr>
<tr style=""height: 36.1458px;"">
<td style=""width: 7.66426%;""><span style=""font-size: 12px;"">2.2.1.</span></td>
<td style=""width: 92.3304%;"" colspan=""5""><span style=""font-size: 12px;"">Tren rutier</span></td>
</tr>
<tr style=""height: 36.1458px;"">
<td style=""width: 7.66426%;""><span style=""font-size: 12px;"">2.2.1.1.</span></td>
<td style=""width: 66.2248%;""><span style=""font-size: 12px;"">Autovehicul cu două axe cu remorcă cu o axă</span></td>
<td style=""text-align: center; width: 7.06467%;""><span style=""font-size: 12px;"">28,00</span></td>
<td style=""text-align: center; width: 6.34697%;""><span style=""font-size: 12px;"">28,00</span></td>
<td style=""text-align: center; width: 6.46672%;""><span style=""font-size: 12px;"">26,00</span></td>
<td style=""text-align: center; width: 6.22721%;""><span style=""font-size: 12px;"">26,00</span></td>
</tr>
<tr style=""height: 36.1458px;"">
<td style=""width: 7.66426%;""><span style=""font-size: 12px;"">2.2.1.2.</span></td>
<td style=""width: 66.2248%;""><span style=""font-size: 12px;"">Autovehicul cu 3 axe cu remorcă cu o axă</span></td>
<td style=""text-align: center; width: 7.06467%;""><span style=""font-size: 12px;"">35,00</span></td>
<td style=""text-align: center; width: 6.34697%;""><span style=""font-size: 12px;"">35,00</span></td>
<td style=""text-align: center; width: 6.46672%;""><span style=""font-size: 12px;"">35,00</span></td>
<td style=""text-align: center; width: 6.22721%;""><span style=""font-size: 12px;"">33,00</span></td>
</tr>
<tr style=""height: 36.1458px;"">
<td style=""width: 7.66426%;""><span style=""font-size: 12px;"">2.2.1.3.</span></td>
<td style=""width: 66.2248%;""><span style=""font-size: 12px;"">Autovehicul cu 4 axe cu remorcă cu o axă</span></td>
<td style=""text-align: center; width: 7.06467%;""><span style=""font-size: 12px;"">40,00</span></td>
<td style=""text-align: center; width: 6.34697%;""><span style=""font-size: 12px;"">40,00</span></td>
<td style=""text-align: center; width: 6.46672%;""><span style=""font-size: 12px;"">40,00</span></td>
<td style=""text-align: center; width: 6.22721%;""><span style=""font-size: 12px;"">38,00</span></td>
</tr>
<tr style=""height: 36.1458px;"">
<td style=""width: 7.66426%;""><span style=""font-size: 12px;"">2.2.1.4.</span></td>
<td style=""width: 66.2248%;""><span style=""font-size: 12px;"">Autovehicul cu două axe cu remorcă cu 4 axe</span></td>
<td style=""text-align: center; width: 7.06467%;""><span style=""font-size: 12px;"">40,00</span></td>
<td style=""text-align: center; width: 6.34697%;""><span style=""font-size: 12px;"">40,00</span></td>
<td style=""text-align: center; width: 6.46672%;""><span style=""font-size: 12px;"">40,00</span></td>
<td style=""text-align: center; width: 6.22721%;""><span style=""font-size: 12px;"">38,00</span></td>
</tr>
<tr style=""height: 36.1458px;"">
<td style=""width: 7.66426%;""><span style=""font-size: 12px;"">2.2.1.5.</span></td>
<td style=""width: 66.2248%;""><span style=""font-size: 12px;"">Autovehicul cu 4 axe cu remorcă cu două axe</span></td>
<td style=""text-align: center; width: 7.06467%;""><span style=""font-size: 12px;"">40,00</span></td>
<td style=""text-align: center; width: 6.34697%;""><span style=""font-size: 12px;"">40,00</span></td>
<td style=""text-align: center; width: 6.46672%;""><span style=""font-size: 12px;"">40,00</span></td>
<td style=""text-align: center; width: 6.22721%;""><span style=""font-size: 12px;"">38,00</span></td>
</tr>
<tr style=""height: 36.1458px;"">
<td style=""width: 7.66426%;""><span style=""font-size: 12px;"">2.2.1.6.</span></td>
<td style=""width: 66.2248%;""><span style=""font-size: 12px;"">Tren rutier cu mai mult de 6 axe</span></td>
<td style=""text-align: center; width: 7.06467%;""><span style=""font-size: 12px;"">40,00</span></td>
<td style=""text-align: center; width: 6.34697%;""><span style=""font-size: 12px;"">40,00</span></td>
<td style=""text-align: center; width: 6.46672%;""><span style=""font-size: 12px;"">40,00</span></td>
<td style=""text-align: center; width: 6.22721%;""><span style=""font-size: 12px;"">38,00</span></td>
</tr>
<tr style=""height: 36.1458px;"">
<td style=""width: 7.66426%;""><span style=""font-size: 12px;"">2.2.2.</span></td>
<td style=""width: 92.3304%;"" colspan=""5""><span style=""font-size: 12px;"">Vehicul articulat</span></td>
</tr>
<tr style=""height: 36.1458px;"">
<td style=""width: 7.66426%;""><span style=""font-size: 12px;"">2.2.2.1.</span></td>
<td style=""width: 66.2248%;""><span style=""background-color: #fbeeb8; font-size: 12px;"">Autovehicul cu două axe cu semiremorcă cu o axă</span></td>
<td style=""width: 7.06467%;""><span style=""font-size: 12px;"">28,00</span></td>
<td style=""width: 6.34697%;""><span style=""font-size: 12px;"">28,00</span></td>
<td style=""width: 6.46672%;""><span style=""background-color: #fbeeb8; font-size: 12px;"">26,00</span></td>
<td style=""text-align: center; width: 6.22721%;""><span style=""font-size: 12px;"">26,00</span></td>
</tr>
<tr style=""height: 36.1458px;"">
<td style=""width: 7.66426%;""><span style=""font-size: 12px;"">2.2.2.2.</span></td>
<td style=""width: 66.2248%;""><span style=""font-size: 12px;"">Autovehicul cu 3 axe cu semiremorcă cu o axă</span></td>
<td style=""text-align: center; width: 7.06467%;""><span style=""font-size: 12px;"">35,00</span></td>
<td style=""text-align: center; width: 6.34697%;""><span style=""font-size: 12px;"">35,00</span></td>
<td style=""text-align: center; width: 6.46672%;""><span style=""font-size: 12px;"">35,00</span></td>
<td style=""text-align: center; width: 6.22721%;""><span style=""font-size: 12px;"">33,00</span></td>
</tr>
<tr style=""height: 36.1458px;"">
<td style=""width: 7.66426%;""><span style=""font-size: 12px;"">2.2.2.3.</span></td>
<td style=""width: 66.2248%;""><span style=""font-size: 12px;"">Autovehicul cu 4 axe cu semiremorcă cu o axă</span></td>
<td style=""text-align: center; width: 7.06467%;""><span style=""font-size: 12px;"">40,00</span></td>
<td style=""text-align: center; width: 6.34697%;""><span style=""font-size: 12px;"">40,00</span></td>
<td style=""text-align: center; width: 6.46672%;""><span style=""font-size: 12px;"">40,00</span></td>
<td style=""text-align: center; width: 6.22721%;""><span style=""font-size: 12px;"">38,00</span></td>
</tr>
<tr style=""height: 36.1458px;"">
<td style=""width: 7.66426%;""><span style=""font-size: 12px;"">2.2.2.4.</span></td>
<td style=""width: 66.2248%;""><span style=""font-size: 12px;"">Autovehicul cu două axe cu semiremorcă cu 4 axe</span></td>
<td style=""text-align: center; width: 7.06467%;""><span style=""font-size: 12px;"">40,00</span></td>
<td style=""text-align: center; width: 6.34697%;""><span style=""font-size: 12px;"">40,00</span></td>
<td style=""text-align: center; width: 6.46672%;""><span style=""font-size: 12px;"">40,00</span></td>
<td style=""text-align: center; width: 6.22721%;""><span style=""font-size: 12px;"">38,00</span></td>
</tr>
<tr style=""height: 36.1458px;"">
<td style=""width: 7.66426%;""><span style=""font-size: 12px;"">2.2.2.5.</span></td>
<td style=""width: 66.2248%;""><span style=""font-size: 12px;"">Vehicul articulat cu mai mult de 6 axe</span></td>
<td style=""text-align: center; width: 7.06467%;""><span style=""font-size: 12px;"">40,00</span></td>
<td style=""text-align: center; width: 6.34697%;""><span style=""font-size: 12px;"">40,00</span></td>
<td style=""text-align: center; width: 6.46672%;""><span style=""font-size: 12px;"">40,00</span></td>
<td style=""text-align: center; width: 6.22721%;""><span style=""font-size: 12px;"">38,00</span></td>
</tr>
<tr style=""height: 36.1458px;"">
<td style=""width: 7.66426%;""><span style=""font-size: 12px;"">3.</span></td>
<td style=""width: 92.3304%;"" colspan=""5""><span style=""font-size: 12px;"">AXĂ TRIPLĂ (TRIDEM) A AUTOVEHICULELOR</span></td>
</tr>
<tr style=""height: 36.1458px;"">
<td style=""width: 7.66426%;""><span style=""font-size: 12px;"">3.1.</span></td>
<td style=""width: 66.2248%;""><span style=""font-size: 12px;"">mai mică sau egală cu 1,3 metri (d ≤ 1,3 m)</span></td>
<td style=""text-align: center; width: 7.06467%;""><span style=""font-size: 12px;"">21,00</span></td>
<td style=""text-align: center; width: 6.34697%;""><span style=""font-size: 12px;"">21,00</span></td>
<td style=""text-align: center; width: 6.46672%;""><span style=""font-size: 12px;"">19,00</span></td>
<td style=""text-align: center; width: 6.22721%;""><span style=""font-size: 12px;"">16,50</span></td>
</tr>
<tr style=""height: 40.997px;"">
<td style=""width: 7.66426%;""><span style=""font-size: 12px;"">3.2.</span></td>
<td style=""width: 66.2248%;""><span style=""font-size: 12px;"">mai mare de 1,3 metri, dar mai mică sau egală cu 1,4 metri (1,3 &lt; d ≤1,4 m)</span></td>
<td style=""text-align: center; width: 7.06467%;""><span style=""font-size: 12px;"">24,00</span></td>
<td style=""text-align: center; width: 6.34697%;""><span style=""font-size: 12px;"">22,00</span></td>
<td style=""text-align: center; width: 6.46672%;""><span style=""font-size: 12px;"">20,00</span></td>
<td style=""text-align: center; width: 6.22721%;""><span style=""font-size: 12px;"">18,00</span></td>
</tr>
</tbody>
</table>
</div>


                    </div>","https://scoaladrpciv.ro/intrebari/categoria-e/reguli-generale"
"1790576984-10","https://scoaladrpciv.ro/intrebari/categoria-e","Cat este masa totala maxima admisa pentru un tren rutier cu patru osii, compus dintr-un vehicul motor cu doua osii si o remorca cu doua osii, pe drumurile asfaltate?","B - 36 t","","","A - 40 t","C - 46 t.","https://scoaladrpciv.ro/intrebare/cat-este-masa-totala-maxima-admisa-pentru-un-tren-rutier-cu-patru-osii-compus-dintr-un-vehicul-motor-cu-doua-osii-si-o-remorca-cu-doua-osii-pe-drumurile-asfaltate-1091","","<div class="""">
                        


                    </div>","https://scoaladrpciv.ro/intrebari/categoria-e/reguli-generale"
"1790576986-11","https://scoaladrpciv.ro/intrebari/categoria-e","Cate remorci poate tracta un autovehicul cand circula pe drumurile publice?","C - o remorca.","","","A - trei remorci","B - doua remorci","https://scoaladrpciv.ro/intrebare/cate-remorci-poate-tracta-un-autovehicul-cand-circula-pe-drumurile-publice-df1e","","<div class="""">
                        <p>Articolul 153&nbsp;</p><p><span style=""background-color:hsl(60, 75%, 60%);"">(1) Un autovehicul poate tracta pe drumul public o singură remorcă. Se exceptează tractorul agricol sau forestier care poate tracta două remorci, precum și autovehiculele amenajate pentru formarea unui autotren de transport persoane în localitățile turistice, cu condiția ca acesta să nu fie mai lung de 25 m și să nu circule cu viteza mai mare de 25 km/h.</span></p>


                    </div>","https://scoaladrpciv.ro/intrebari/categoria-e/reguli-generale"
"1790576988-12","https://scoaladrpciv.ro/intrebari/categoria-e","Cat trebuie sa fie masa totala maxima admisa a remorcii cu doua osii, pe un drum european?","C - 17 t","","","A - 7,5 t","B - 3,5 t","https://scoaladrpciv.ro/intrebare/cat-trebuie-sa-fie-masa-totala-maxima-admisa-a-remorcii-cu-doua-osii-pe-un-drum-european-6740","","<div class="""">
                        


                    </div>","https://scoaladrpciv.ro/intrebari/categoria-e/reguli-generale"
"1790576991-13","https://scoaladrpciv.ro/intrebari/categoria-e","Ce se intelege prin ""remorca usoara""?","A - remorca a carei masa maxima autorizata nu depaseste 750 kg","","","B - vehiculul fara motor, care se deplaseaza pe drumul public prin inertie","C - remorca a carei greutate este reglata in functie de greutatea vehiculului tractor.","https://scoaladrpciv.ro/intrebare/ce-se-intelege-prin-remorca-usoara-cc40","","<div class="""">
                        <p>Articolul 6 În sensul prezentei ordonanțe de urgență, expresiile și termenii de mai jos au următorul înțeles:</p><p><span style=""background-color:hsl(60,75%,60%);"">28. remorcă ușoară - remorcă a cărei masă totală maximă autorizată nu depășește 750 kg;</span></p>


                    </div>","https://scoaladrpciv.ro/intrebari/categoria-e/reguli-generale"
"1790576993-14","https://scoaladrpciv.ro/intrebari/categoria-e","Prin ""semiremorca"" se intelege:","A - remorca a carei masa totala maxima autorizata este preluata in parte de catre un autovehicul sau de catre un tractor","","","B - remorca a carei masa maxima autorizata nu depaseste 750 kg","C - remorca basculabila, destinata doar transporturilor de marfuri neambalate.","https://scoaladrpciv.ro/intrebare/prin-semiremorca-se-intelege-0e0e","","<div class="""">
                        <p>Articolul 6 În sensul prezentei ordonanțe de urgență, expresiile și termenii de mai jos au următorul înțeles:</p><p><span style=""background-color:hsl(60,75%,60%);"">29. semiremorcă - remorcă a cărei masă totală maximă autorizată este preluată în parte de către un autovehicul sau de către un tractor agricol sau forestier;</span></p>


                    </div>","https://scoaladrpciv.ro/intrebari/categoria-e/reguli-generale"
"1790576995-15","https://scoaladrpciv.ro/intrebari/categoria-e","Ce desemneaza termenul ""remorca""?","B - un vehicul fara motor, destinat a fi tractat de un autovehicul sau de un tractor","","","A - un autovehicul care este tractat de un alt autovehicul","C - dispozitivul ce se ataseaza la partea din spate a unui vehicul, pentru a asigura remorcarea.","https://scoaladrpciv.ro/intrebare/ce-desemneaza-termenul-remorca-599e","","<div class="""">
                        <p>Articolul 6 În sensul prezentei ordonanțe de urgență, expresiile și termenii de mai jos au următorul înțeles:</p><p><span style=""background-color:hsl(60, 75%, 60%);"">27. remorcă - vehiculul fără motor destinat a fi tractat de un autovehicul sau de un tractor agricol sau forestier;</span></p>


                    </div>","https://scoaladrpciv.ro/intrebari/categoria-e/reguli-generale"
"1790576997-16","https://scoaladrpciv.ro/intrebari/categoria-e","Ce trebuie sa verifice conducatorul unui vehicul destinat transportului de marfa cu remorca?","A - ca incarcatura sa fie asezata sau/si fixata astfel incat sa nu pericliteze stabilitatea sau conducerea vehiculului","B - ca incarcatura sa fie asezata sau/si fixata astfel incat sa nu cada pe drum","C - ca incarcatura sa fie asezata sau/si fixata astfel incat sa nu cauzeze daune proprietatii publice sau private.","","","https://scoaladrpciv.ro/intrebare/ce-trebuie-sa-verifice-conducatorul-unui-vehicul-destinat-transportului-de-marfa-cu-remorca-1b68","","<div class="""">
                        <p>Articolul 150&nbsp;</p><p>(1) Încărcătura unui vehicul trebuie să fie așezată și, la nevoie, fixată astfel încât:&nbsp;</p><p><span style=""background-color:hsl(60,75%,60%);"">a) să nu pună în pericol persoane ori să nu cauzeze daune proprietății publice sau private;&nbsp;</span></p><p><span style=""background-color:hsl(60, 75%, 60%);"">b) să nu stânjenească vizibilitatea conducătorului și să nu pericliteze stabilitatea ori conducerea vehiculului;&nbsp;</span></p><p><span style=""background-color:hsl(60,75%,60%);"">c) să nu fie târâtă, să nu se scurgă și să nu cadă pe drum;&nbsp;</span></p><p>d) să nu mascheze dispozitivele de semnalizare, catadioptrii și plăcuțele cu numărul de înmatriculare sau de înregistrare ori provizoriu, iar în cazul vehiculelor fără motor, semnalele făcute cu brațele de conducătorul acestora;&nbsp;</p><p>e) să nu provoace zgomot care să jeneze conducătorul, participanții la trafic ori să sperie animalele și să nu producă praf sau mirosuri pestilențiale.</p>


                    </div>","https://scoaladrpciv.ro/intrebari/categoria-e/reguli-generale"
"1790577000-17","https://scoaladrpciv.ro/intrebari/categoria-e","Cat trebuie sa fie masa totala maxima admisa a remorcii cu trei osii, pe un drum european?","C - 22 t.","","","A - 15 t","B - 10 t","https://scoaladrpciv.ro/intrebare/cat-trebuie-sa-fie-masa-totala-maxima-admisa-a-remorcii-cu-trei-osii-pe-un-drum-european-861e","","<div class="""">
                        


                    </div>","https://scoaladrpciv.ro/intrebari/categoria-e/reguli-generale"
"1790577002-18","https://scoaladrpciv.ro/intrebari/categoria-e","Permisul de conducere categoria CE permite conducerea unui ansamblu format din:","B - un autovehicul de categoria C si o remorca a carei masa autorizata este mai mare de 750 kg","","","A - un autovehicul de categoria C si o remorca a carei masa autorizata este mai mare de 3500 kg","C - un autovehicul de categoria C si o remorca a carei masa autorizata este mai mare de 750 kg, masa totala maxima autorizata a intregului ansamblu depasind 3500 kg.","https://scoaladrpciv.ro/intrebare/permisul-de-conducere-categoria-ce-permite-conducerea-unui-ansamblu-format-din-faeb","","<div class="""">
                        <p>Categoriile de vehicule pentru care se eliberează permisul de conducere, prevăzute la art. 20 alin. (2), se definesc astfel:&nbsp;</p><p>.<br>.<br>.</p><p><span style=""background-color:hsl(60, 75%, 60%);"">k) categoria CE: ansamblul de vehicule constând dintr-un autovehicul trăgător din categoria C și o remorcă sau semiremorcă a cărei masă totală maximă autorizată este mai mare de 750 kg;</span><br>.<br>.<br>&nbsp;</p><p>&nbsp;</p>


                    </div>","https://scoaladrpciv.ro/intrebari/categoria-e/reguli-generale"
"1790577004-19","https://scoaladrpciv.ro/intrebari/categoria-e","Un autovehicul poate tracta un alt autovehicul atunci când remorcarea se realizează prin intermediul:","B - unei bare metalice cu lungimea de cel mult 4 m;","","","A - unui lanţ metalic dublu cu lungimea de 4 m;","C - unei şufe din oţel cu diametrul de cel puţin 2 cm.","https://scoaladrpciv.ro/intrebare/un-autovehicul-poate-tracta-un-alt-autovehicul-atunci-cand-remorcarea-se-realizeaza-prin-intermediul-5c0a","","<div class="""">
                        <p>Articolul 157&nbsp;</p><p>(1) Remorcarea unui autovehicul, tractor agricol sau forestier se face cu respectarea următoarelor reguli:&nbsp;</p><p>a) conducătorii autovehiculelor, tractoarelor agricole sau forestiere trăgător și, respectiv, remorcat trebuie să posede permise de conducere valabile pentru categoriile din care face parte fiecare dintre autovehicule, tractoare agricole sau forestiere;</p><p>b) autovehiculul, tractorul agricol sau forestier trăgător să nu remorcheze un autovehicul, tractor agricol sau forestier mai greu decât masa lui proprie, cu excepția cazului când remorcarea se efectuează de către un autovehicul, tractor agricol sau forestier destinat special depanării;</p><p><span style=""background-color:hsl(60, 75%, 60%);"">c) remorcarea trebuie să se realizeze prin intermediul unei bare metalice în lungime de cel mult 4 m. Autoturismul ale cărui mecanism de direcție și sistem de frânare nu sunt defecte poate fi remorcat cu o legătură flexibilă omologată, în lungime de 3-5 m. Bara sau legătură flexibilă trebuie fixată la elementele de remorcare cu care sunt prevăzute autovehiculele;</span></p><p>d) conducătorul autovehiculului, tractorului agricol sau forestier remorcat este obligat să semnalizeze corespunzător semnalelor efectuate de conducătorul autovehiculului, tractorului agricol sau forestier trăgător. Atunci când sistemul de iluminare și semnalizare nu funcționează, este interzisă remorcarea acestuia pe timpul nopții și în condiții de vizibilitate redusă, iar ziua poate fi remorcat dacă pe partea din spate are aplicate inscripția ""Fără semnalizare"", precum și indicatorul ""Alte pericole"".</p>


                    </div>","https://scoaladrpciv.ro/intrebari/categoria-e/reguli-generale"
"1790577007-20","https://scoaladrpciv.ro/intrebari/categoria-e","Permisul de conducere pentru subcategoria CE se poate obtine la varsta de:","B - 21 de ani","","","A - 23 de ani","C - 18 ani.","https://scoaladrpciv.ro/intrebare/permisul-de-conducere-pentru-subcategoria-ce-se-poate-obtine-la-varsta-de-6c32","","<div class="""">
                        <p>Articolul 20&nbsp;</p><p>(1) Pentru a conduce pe drumurile publice autovehicule, tramvaie ori tractoare agricole sau forestiere, conducătorii acestora trebuie să posede permis de conducere corespunzător.</p><p>(2) Permisele de conducere se eliberează pentru următoarele categorii de vehicule: AM, A1, A2, A, B1, B, BE, C1, C1E, C, CE, D1, D1E, D, DE, Tr, Tb sau Tv.</p><p>(4) Vârsta minimă pentru obținerea permisului de conducere este de:&nbsp;</p><p>a) 16 ani împliniți, pentru categoriile de vehicule AM, A1 și B1;&nbsp;</p><p>b) 18 ani împliniți, pentru categoriile de vehicule A2, B, BE, C1, C1E și Tr;</p><p>c) 20 de ani împliniți, dacă persoana are o experiență de cel puțin 2 ani de conducere a motocicletelor din categoria A2, sau 24 de ani împliniți, pentru motocicletele din categoria A;&nbsp;</p><p><span style=""background-color:hsl(60, 75%, 60%);"">d) 21 de ani pentru categoriile de vehicule C, CE, D1 și D1E, precum și pentru triciclurile cu motor din categoria A;&nbsp;</span></p><p>e) 24 de ani pentru categoriile de vehicule D, DE, Tb și Tv.</p>


                    </div>","https://scoaladrpciv.ro/intrebari/categoria-e/reguli-generale"
"1790577009-21","https://scoaladrpciv.ro/intrebari/categoria-e","Permisul de conducere pentru subcategoria C1E se poate obtine la varsta de:","A - 18 ani","","","B - 21 de ani","C - 20 de ani.","https://scoaladrpciv.ro/intrebare/permisul-de-conducere-pentru-subcategoria-c1e-se-poate-obtine-la-varsta-de-22ff","","<div class="""">
                        <p>Articolul 20&nbsp;</p><p>(1) Pentru a conduce pe drumurile publice autovehicule, tramvaie ori tractoare agricole sau forestiere, conducătorii acestora trebuie să posede permis de conducere corespunzător.</p><p>(2) Permisele de conducere se eliberează pentru următoarele categorii de vehicule: AM, A1, A2, A, B1, B, BE, C1, C1E, C, CE, D1, D1E, D, DE, Tr, Tb sau Tv.</p><p>(4) Vârsta minimă pentru obținerea permisului de conducere este de:&nbsp;</p><p>a) 16 ani împliniți, pentru categoriile de vehicule AM, A1 și B1;&nbsp;</p><p><span style=""background-color:hsl(60,75%,60%);"">b) 18 ani împliniți, pentru categoriile de vehicule A2, B, BE, C1, C1E și Tr;</span></p><p>c) 20 de ani împliniți, dacă persoana are o experiență de cel puțin 2 ani de conducere a motocicletelor din categoria A2, sau 24 de ani împliniți, pentru motocicletele din categoria A;&nbsp;</p><p>d) 21 de ani pentru categoriile de vehicule C, CE, D1 și D1E, precum și pentru triciclurile cu motor din categoria A;&nbsp;</p><p>e) 24 de ani pentru categoriile de vehicule D, DE, Tb și Tv.</p>


                    </div>","https://scoaladrpciv.ro/intrebari/categoria-e/reguli-generale"
"1790577011-22","https://scoaladrpciv.ro/intrebari/categoria-e","Un autovehicul poate tracta un alt autovehicul atunci cand:","A - autovehiculul tragator are masa proprie mai mare decat cel tractat, cu exceptia cazului in care este special dotat pentru acest caz","","","B - autovehiculul tragator este dotat cu pneuri antiderapante","C - autovehiculul tragator are tractiune pe toate rotile.","https://scoaladrpciv.ro/intrebare/un-autovehicul-poate-tracta-un-alt-autovehicul-atunci-cand-bf95","","<div class="""">
                        <p>Articolul 157&nbsp;</p><p>(1) Remorcarea unui autovehicul, tractor agricol sau forestier se face cu respectarea următoarelor reguli:&nbsp;</p><p>a) conducătorii autovehiculelor, tractoarelor agricole sau forestiere trăgător și, respectiv, remorcat trebuie să posede permise de conducere valabile pentru categoriile din care face parte fiecare dintre autovehicule, tractoare agricole sau forestiere;</p><p><span style=""background-color:hsl(60, 75%, 60%);"">b) autovehiculul, tractorul agricol sau forestier trăgător să nu remorcheze un autovehicul, tractor agricol sau forestier mai greu decât masa lui proprie, cu excepția cazului când remorcarea se efectuează de către un autovehicul, tractor agricol sau forestier destinat special depanării;</span></p>


                    </div>","https://scoaladrpciv.ro/intrebari/categoria-e/reguli-generale"
"1790577013-23","https://scoaladrpciv.ro/intrebari/categoria-e","Cand poate un autovehicul sa tracteze un alt autovehicul?","C - cand conducatorii autovehiculelor tragator, si respectiv, remorcat poseda permise de conducere valabile pentru categoriile din care face parte fiecare dintre autovehicule.","","","A - cand conducatorul autovehiculului tragator poseda permis de categoria C sau D","B - cand autovehiculul tragator este dotat cu girofar si cu alarma sonora","https://scoaladrpciv.ro/intrebare/cand-poate-un-autovehicul-sa-tracteze-un-alt-autovehicul-4dae","","<div class="""">
                        <p>Articolul 157&nbsp;</p><p>(1) Remorcarea unui autovehicul, tractor agricol sau forestier se face cu respectarea următoarelor reguli:&nbsp;</p><p><span style=""background-color:hsl(60, 75%, 60%);"">a) conducătorii autovehiculelor, tractoarelor agricole sau forestiere trăgător și, respectiv, remorcat trebuie să posede permise de conducere valabile pentru categoriile din care face parte fiecare dintre autovehicule, tractoare agricole sau forestiere;</span></p><p>b) autovehiculul, tractorul agricol sau forestier trăgător să nu remorcheze un autovehicul, tractor agricol sau forestier mai greu decât masa lui proprie, cu excepția cazului când remorcarea se efectuează de către un autovehicul, tractor agricol sau forestier destinat special depanării;</p>


                    </div>","https://scoaladrpciv.ro/intrebari/categoria-e/reguli-generale"
"1790577016-24","https://scoaladrpciv.ro/intrebari/categoria-e","Cuplarea unei remorci la un vehicul se poate realiza daca:","C - vehiculele care formeaza ansamblul nu se ating la trecerea peste denivelari, la efectuarea virajelor sau la schimbarea directiei de mers.","","","A - persoana care conduce autovehiculul este posesoare a unui permis pentru categoria E","B - remorca este dotata cu doua osii","https://scoaladrpciv.ro/intrebare/cuplarea-unei-remorci-la-un-vehicul-se-poate-realiza-daca-3797","","<div class="""">
                        <p>Articolul 154&nbsp;</p><p>Cuplarea unui vehicul cu una sau două remorci, pentru formarea unui ansamblu de vehicule, se poate efectua numai dacă:&nbsp;</p><p>a) elementele care compun dispozitivul de cuplare sunt omologate și compatibile;&nbsp;</p><p>b) ansamblul de vehicule poate realiza raza minima de virare a autovehiculului trăgător;&nbsp;</p><p>c) dimensiunile ansamblului de vehicule nu depășesc limitele prevăzute de lege;&nbsp;</p><p>d) elementele de cuplare ale echipamentelor de frânare, de iluminare și semnalizare luminoasă sunt compatibile;&nbsp;</p><p><span style=""background-color:hsl(60, 75%, 60%);"">e) vehiculele care compun ansamblul nu se ating la trecerea peste denivelări, la efectuarea virajelor sau la schimbarea direcției de mers.</span></p>


                    </div>","https://scoaladrpciv.ro/intrebari/categoria-e/reguli-generale"
"1790577018-25","https://scoaladrpciv.ro/intrebari/categoria-e","In ce conditii se poate face cuplarea unei remorci la un vehicul?","B - daca dimensiunile ansamblului de vehicule nu depasesc limitele prevazute de lege","C - daca elementele de cuplare ale echipamentelor de franare, de iluminare si de semnalizare luminoasa sunt compatibile.","","A - daca greutatea ansamblului nu depaseste 3,5 tone","","https://scoaladrpciv.ro/intrebare/in-ce-conditii-se-poate-face-cuplarea-unei-remorci-la-un-vehicul-428a","","<div class="""">
                        <p style=""margin-left:0px;text-align:justify;"">Articolul 154</p><p style=""margin-left:0px;text-align:justify;""><span style=""color:rgb(68,68,68);"">Cuplarea unui vehicul cu una sau două remorci, pentru formarea unui ansamblu de vehicule, se poate efectua numai dacă:</span></p><p style=""margin-left:0px;text-align:justify;""><span style=""color:rgb(34,34,34);""><strong>a)</strong></span><span style=""color:rgb(68,68,68);""> elementele care compun dispozitivul de cuplare sunt omologate şi compatibile;</span></p><p style=""margin-left:0px;text-align:justify;""><span style=""color:rgb(34,34,34);""><strong>b)</strong></span><span style=""color:rgb(68,68,68);""> ansamblul de vehicule poate realiza raza minimă de virare a autovehiculului trăgător;</span></p><p style=""margin-left:0px;text-align:justify;""><span style=""background-color:hsl(60, 75%, 60%);color:rgb(34,34,34);""><strong>c)</strong></span><span style=""background-color:hsl(60, 75%, 60%);color:rgb(68,68,68);""> dimensiunile ansamblului de vehicule nu depăşesc limitele prevăzute de lege;</span></p><p style=""margin-left:0px;text-align:justify;""><span style=""background-color:hsl(60, 75%, 60%);color:rgb(34,34,34);""><strong>d)</strong></span><span style=""background-color:hsl(60, 75%, 60%);color:rgb(68,68,68);""> elementele de cuplare ale echipamentelor de frânare, de iluminare şi semnalizare luminoasă sunt compatibile;</span></p><p style=""margin-left:0px;text-align:justify;""><span style=""color:rgb(34,34,34);""><strong>e)</strong></span><span style=""color:rgb(68,68,68);""> vehiculele care compun ansamblul nu se ating la trecerea peste denivelări, la efectuarea virajelor sau la schimbarea direcţiei de mers.</span></p>


                    </div>","https://scoaladrpciv.ro/intrebari/categoria-e/reguli-generale"
"1790577020-26","https://scoaladrpciv.ro/intrebari/categoria-e","In ce conditii se poate face cuplarea unei remorci la un vehicul?","A - daca ansamblul de vehicule poate realiza raza minima de virare a autovehiculului tragator","B - daca elementele care compun dispozitivul de cuplare sunt omologate si compatibile","","C - daca remorca este dotata cu un acumulator de 12 V.","","https://scoaladrpciv.ro/intrebare/in-ce-conditii-se-poate-face-cuplarea-unei-remorci-la-un-vehicul-7845","","<div class="""">
                        <p><strong>Articolul 154</strong></p><p style=""margin-left:0px;text-align:justify;""><span style=""color:rgb(68,68,68);"">Cuplarea unui vehicul cu una sau două remorci, pentru formarea unui ansamblu de vehicule, se poate efectua numai dacă:</span></p><p style=""margin-left:0px;text-align:justify;""><span style=""background-color:hsl(60, 75%, 60%);color:rgb(34,34,34);""><strong>a)</strong></span><span style=""background-color:hsl(60, 75%, 60%);color:rgb(68,68,68);""> elementele care compun dispozitivul de cuplare sunt omologate şi compatibile;</span></p><p style=""margin-left:0px;text-align:justify;""><span style=""background-color:hsl(60, 75%, 60%);color:rgb(34,34,34);""><strong>b)</strong></span><span style=""background-color:hsl(60, 75%, 60%);color:rgb(68,68,68);""> ansamblul de vehicule poate realiza raza minimă de virare a autovehiculului trăgător;</span></p><p style=""margin-left:0px;text-align:justify;""><span style=""color:rgb(34,34,34);""><strong>c)</strong></span><span style=""color:rgb(68,68,68);""> dimensiunile ansamblului de vehicule nu depăşesc limitele prevăzute de lege;</span></p><p style=""margin-left:0px;text-align:justify;""><span style=""color:rgb(34,34,34);""><strong>d)</strong></span><span style=""color:rgb(68,68,68);""> elementele de cuplare ale echipamentelor de frânare, de iluminare şi semnalizare luminoasă sunt compatibile;</span></p><p style=""margin-left:0px;text-align:justify;""><span style=""color:rgb(34,34,34);""><strong>e)</strong></span><span style=""color:rgb(68,68,68);""> vehiculele care compun ansamblul nu se ating la trecerea peste denivelări, la efectuarea virajelor sau la schimbarea direcţiei de mers.</span></p>


                    </div>","https://scoaladrpciv.ro/intrebari/categoria-e/reguli-generale"
"1790577022-27","https://scoaladrpciv.ro/intrebari/categoria-e","Permisul de conducere subcategoria C1E permite conducerea unui ansamblu format din:","B - un autovehicul de subcategoria C1E şi o remorcă a cărei masă autorizată este mai mare de 750 kg, cu condiţia ca masa totală maximă autorizată a întregului ansamblu să nu depăşească 12 000 kg, iar masa totală maximă autorizată a remorcii să nu depăşească masa proprie a autovehiculului trăgător;","","","A - un autovehicul de subcategoria C1E şi o remorcă a cărei masă autorizată este mai mare de 750 kg, iar masa totală maximă autorizată a remorcii să nu depăşească masa proprie a autovehiculului trăgător;","C - un autovehicul de subcategoria C1E şi o remorcă a cărei masă autorizată este mai mare de 750 kg, cu condiţia ca masa totală maximă autorizată a întregului ansamblu să nu depăşească 7500 kg.","https://scoaladrpciv.ro/intrebare/permisul-de-conducere-subcategoria-c1e-permite-conducerea-unui-ansamblu-format-din-278e","","<div class="""">
                        <p>Anexa nr. 1<br>Categoriile de vehicule pentru care se eliberează permisul de conducere, prevăzute la art. 20 alin. (2), se definesc astfel:<br><br><span style=""background-color:hsl(60, 75%, 60%);"">i) categoria C1E: 1. ansamblul de vehicule constând dintr-un autovehicul trăgător din categoria C1 și o remorcă sau semiremorcă a cărei masă totală maximă autorizată este mai mare de 750 kg, cu condiția ca masa totală maximă autorizată a ansamblului să nu depășească 12.000 kg;</span></p>


                    </div>","https://scoaladrpciv.ro/intrebari/categoria-e/reguli-generale"
"1790577025-28","https://scoaladrpciv.ro/intrebari/categoria-e","Cum trebuie asezata si fixata incarcatura unui vehicul destinat transportului de marfa cu remorca?","A - astfel incat sa nu cada pe drum","B - astfel incat sa nu produca praf sau mirosuri pestilentiale","C - astfel incat sa nu stanjeneasca vizibilitatea conducatorului de vehicul.","","","https://scoaladrpciv.ro/intrebare/cum-trebuie-asezata-si-fixata-incarcatura-unui-vehicul-destinat-transportului-de-marfa-cu-remorca-b73d","","<div class="""">
                        <p><strong>Articolul 150</strong></p><p style=""margin-left:0px;text-align:justify;""><span style=""color:rgb(34,34,34);""><strong>(1)</strong></span><span style=""color:rgb(68,68,68);""> Încărcătura unui vehicul trebuie să fie aşezată şi, la nevoie, fixată astfel încât:</span></p><p style=""margin-left:0px;text-align:justify;""><span style=""color:rgb(34,34,34);""><strong>a)</strong></span><span style=""color:rgb(68,68,68);""> să nu pună în pericol persoane ori să nu cauzeze daune proprietăţii publice sau private;</span></p><p style=""margin-left:0px;text-align:justify;""><span style=""background-color:hsl(60, 75%, 60%);color:rgb(34,34,34);""><strong>b)</strong></span><span style=""background-color:hsl(60, 75%, 60%);color:rgb(68,68,68);""> să nu stânjenească vizibilitatea conducătorului şi să nu pericliteze stabilitatea ori conducerea vehiculului;</span></p><p style=""margin-left:0px;text-align:justify;""><span style=""background-color:hsl(60, 75%, 60%);color:rgb(34,34,34);""><strong>c)</strong></span><span style=""background-color:hsl(60, 75%, 60%);color:rgb(68,68,68);""> să nu fie târâtă, să nu se scurgă şi să nu cadă pe drum;</span></p><p style=""margin-left:0px;text-align:justify;""><span style=""color:rgb(34,34,34);""><strong>d)</strong></span><span style=""color:rgb(68,68,68);""> să nu mascheze dispozitivele de semnalizare, catadioptrii şi plăcuţele cu numărul de înmatriculare sau de înregistrare ori provizoriu, iar în cazul vehiculelor fără motor, semnalele făcute cu braţele de conducătorul acestora;</span></p><p style=""margin-left:0px;text-align:justify;""><span style=""background-color:hsl(60, 75%, 60%);color:rgb(34,34,34);""><strong>e)</strong></span><span style=""background-color:hsl(60, 75%, 60%);color:rgb(68,68,68);""> să nu provoace zgomot care să jeneze conducătorul, participanţii la trafic ori să sperie animalele şi să nu producă praf sau mirosuri pestilenţiale.</span></p>


                    </div>","https://scoaladrpciv.ro/intrebari/categoria-e/reguli-generale"
"1790577032-29","https://scoaladrpciv.ro/intrebari/categoria-e","Pe ce bandă vor circula vehiculele lente sau grele?","A - pe banda de lângă acostament sau bordură, dacă în sensul de mers nu este amenajată o bandă destinată acestora","","","B - pe banda de lângă axul drumului","C - pe oricare dintre benzi, dacă circulă cu viteza maximă admisă pe sectorul de drum respectiv","https://scoaladrpciv.ro/intrebare/pe-ce-banda-vor-circula-vehiculele-lente-sau-grele-ae60","","<div class="""">
                        <h4>Articolul 43</h4><p><span style=""background-color:hsl(60,75%,60%);"">(1)&nbsp;&nbsp;Dacă un drum este prevăzut cu o bandă destinată vehiculelor lente sau transportului public de persoane, semnalizată ca atare, acestea vor circula numai pe banda respectiva.</span></p><p>(2)&nbsp;&nbsp;Conducătorul de vehicul care circulă pe banda situată lângă marginea părții carosabile trebuie să acorde prioritate de trecere vehiculelor care efectuează transport public de persoane numai atunci când conducătorii acestora semnalizează intenția de a reintra în trafic din stațiile prevăzute cu alveole și s-au asigurat că prin manevra lor nu pun în pericol siguranță celorlalți participanți la trafic.</p><h4>Articolul 102</h4><p><span style=""background-color:hsl(60, 75%, 60%);"">Vehiculele grele, lente sau cu mase ori gabarite depãșite sau cele care se deplaseazã cu viteza redusã trebuie conduse numai pe banda de lângã acostament sau bordura, dacã în sensul de mers nu este amenajatã o bandã destinatã acestora.</span></p>


                    </div>","https://scoaladrpciv.ro/intrebari/categoria-e/obligatiile-conducatorilor-de-autovehicule"
"1790577034-30","https://scoaladrpciv.ro/intrebari/categoria-e","Unui conducator de autovehicule implicat intr-un accident de circulatie ii este interzis:","B - sa consume alcool in intervalul de timp dintre producerea accidentului si testarea alcoolemiei","","","A - sa coboare de la volan fara permisiunea politistului rutier","C - sa foloseasca telefonul mobil pentru a anunta alte persoane despre producerea accidentului.","https://scoaladrpciv.ro/intrebare/unui-conducator-de-autovehicule-implicat-intr-un-accident-de-circulatie-ii-este-interzis-f65e","","<div class="""">
                        <h4>Articolul 78</h4><p><span style=""background-color:hsl(60, 75%, 60%);"">(1)&nbsp;Conducătorului de autovehicul, tractor agricol sau forestier ori tramvai, instructorului auto atestat care se află în procesul de instruire practică a unei persoane pentru obținerea permisului de conducere, precum și examinatorului autorității competente în timpul desfășurării probelor practice ale examenului pentru obținerea permisului de conducere sau pentru oricare dintre categoriile acestuia, implicați într-un accident de circulație, le este interzis consumul de alcool sau de substanțe psihoactive după producerea evenimentului și până la testarea concentrației alcoolului în aerul expirat sau recoltarea probelor biologice.</span></p><p>(2) În situația în care nu sunt respectate dispozițiile alin. (1), se consideră că rezultatele testului sau ale analizei probelor biologice recoltate reflectă starea conducătorului, a instructorului auto sau a examinatorului respectiv în momentul producerii accidentului în urma căruia au rezultat numai avarierea vehiculelor și/sau alte pagube materiale.</p>


                    </div>","https://scoaladrpciv.ro/intrebari/categoria-e/obligatiile-conducatorilor-de-autovehicule"
"1790577036-31","https://scoaladrpciv.ro/intrebari/categoria-e","Daca esti implicat intr-un accident de circulatie soldat cu avarii usoare, esti obligat?","A - sa scoti imediat vehiculul in afara partii carosabile ori, daca starea acestuia nu permite, sa il deplasezi cat mai aproape de bordura sau de acostament","","","B - sa mergi la unitatea sanitara cea mai apropiata","C - sa te deplasezi in afara partii carosabile, pentru a nu fi accidentat de catre alte vehicule aflate in trafic.","https://scoaladrpciv.ro/intrebare/daca-esti-implicat-intr-un-accident-de-circulatie-soldat-cu-avarii-usoare-esti-obligat-386d","","<div class="""">
                        <p>Articolul 79</p><p>(1) Conducătorii de vehicule implicați într-un accident de circulație în urma căruia au rezultat numai avarierea vehiculelor și/sau alte pagube materiale sunt obligați:&nbsp;</p><p><span style=""background-color:hsl(60,75%,60%);"">a) să scoată imediat vehiculele în afara părții carosabile ori, dacă starea vehiculelor nu permite acest lucru, să le deplaseze cât mai aproape de bordură sau acostament, semnalizându-le prezența;&nbsp;</span></p><p>b) să se prezinte la unitatea de poliție competentă pe raza căreia s-a produs accidentul în termen de cel mult 24 de ore de la producerea evenimentului pentru întocmirea documentelor de constatare.</p>


                    </div>","https://scoaladrpciv.ro/intrebari/categoria-e/obligatiile-conducatorilor-de-autovehicule"
"1790577038-32","https://scoaladrpciv.ro/intrebari/categoria-e","Dacă eşti implicat într-un accident de circulaţie în care o persoană a decedat, eşti obligat:","B - să anunţi imediat poliţia şi să apelezi 112;","","","A - să mergi la unitatea sanitară cea mai apropiată şi să te informezi în legătură cu primul ajutor;","C - nu ai nicio obligaţie.","https://scoaladrpciv.ro/intrebare/daca-esti-implicat-intr-un-accident-de-circulatie-in-care-o-persoana-a-decedat-esti-obligat-dca6","","<div class="""">
                        <p><strong>Articolul 77</strong><br>(1) Conducătorul unui vehicul implicat într-un accident de circulație în urma căruia a rezultat moartea sau vătămarea integrității corporale ori a sănătății unei persoane este obligat să ia măsuri de anunțare imediată a poliției, să nu modifice sau să șteargă urmele accidentului și să nu părăsească locul faptei.&nbsp;</p><p><span style=""background-color:hsl(60, 75%, 60%);"">(2) Orice persoană care este implicată sau are cunoștință de producerea unui accident de circulație în urma căruia a rezultat moartea sau vătămarea integrității corporale ori a sănătății uneia sau a mai multor persoane, precum și în situația în care în eveniment este implicat un vehicul care transportă mărfuri periculoase este obligată să anunțe de îndată poliția și să apeleze numărul național unic pentru apeluri de urgență 112, existent în rețelele de telefonie din România.&nbsp;</span></p><p>(3) Este interzis oricărei persoane să schimbe poziția vehiculului implicat într-un accident de circulație în urma căruia a rezultat moartea sau vătămarea integrității corporale ori a sănătății uneia sau a mai multor persoane, să modifice starea locului sau să șteargă urmele accidentului fără încuviințarea poliției care cercetează accidentul.</p>


                    </div>","https://scoaladrpciv.ro/intrebari/categoria-e/obligatiile-conducatorilor-de-autovehicule"
"1790577041-33","https://scoaladrpciv.ro/intrebari/categoria-e","Ce obligaţii ai atunci când conduci un autovehicul, cu sau fără remorcă, şi eşti implicat într-un accident soldat cu avarierea vehiculului?","A - să te prezinţi la unitatea de poliţie pe raza căreia s-a produs accidentul în termen de 24 de ore;","","","B - să nu modifici poziţia autovehiculului;","C - nu ai nicio obligaţie.","https://scoaladrpciv.ro/intrebare/ce-obligatii-ai-atunci-cand-conduci-un-autovehicul-cu-sau-fara-remorca-si-esti-implicat-intr-un-accident-soldat-cu-avarierea-vehiculului-d848","","<div class="""">
                        <p>Articolul 79&nbsp;</p><p>(1) Conducătorii de vehicule implicați într-un accident de circulație în urma căruia au rezultat numai avarierea vehiculelor și/sau alte pagube materiale sunt obligați:&nbsp;</p><p>a) să scoată imediat vehiculele în afara părții carosabile ori, dacă starea vehiculelor nu permite acest lucru, să le deplaseze cât mai aproape de bordură sau acostament, semnalizându-le prezența;&nbsp;</p><p><span style=""background-color:hsl(60, 75%, 60%);"">b) să se prezinte la unitatea de poliție competentă pe raza căreia s-a produs accidentul în termen de cel mult 24 de ore de la producerea evenimentului pentru întocmirea documentelor de constatare.</span></p>


                    </div>","https://scoaladrpciv.ro/intrebari/categoria-e/obligatiile-conducatorilor-de-autovehicule"
"1790577043-34","https://scoaladrpciv.ro/intrebari/categoria-e","Ce obligaţii ai atunci când conduci un autovehicul, cu sau fără remorcă, şi eşti implicat într-un accident soldat cu victime?","B - sa anunti imediat politia, sa nu modifici sau sa stergi urmele accidentului si sa nu parasesti locul faptei","","","A - sa verifici masina si, daca se poate, sa o scoti in afara partii carosabile","C - sa opresti circulatia in zona si sa iei legatura cu rudele victimei.","https://scoaladrpciv.ro/intrebare/ce-obligatii-ai-atunci-cand-conduci-un-autovehicul-cu-sau-fara-remorca-si-esti-implicat-intr-un-accident-cu-victime-bf6f","","<div class="""">
                        <p>Articolul 77&nbsp;</p><p><span style=""background-color:hsl(60, 75%, 60%);"">(1) Conducătorul unui vehicul implicat într-un accident de circulație în urma căruia a rezultat moartea sau vătămarea integrității corporale ori a sănătății unei persoane este obligat să ia măsuri de anunțare imediată a poliției, să nu modifice sau să șteargă urmele accidentului și să nu părăsească locul faptei.</span><br>.<br>.<br>.</p>


                    </div>","https://scoaladrpciv.ro/intrebari/categoria-e/obligatiile-conducatorilor-de-autovehicule"
"1790577045-35","https://scoaladrpciv.ro/intrebari/categoria-e","Ce îi este interzis conducătorului unui vehicul destinat transportului de marfă cu remorcă?","A - să conducă vehiculul cu dispozitive neomologate montate pe sistemul de evacuare a gazelor;","B - să folosească în mod abuziv mijloacele de avertizare sonoră;","C - să profereze injurii la adresa celorlalţi participanţi la trafic.","","","https://scoaladrpciv.ro/intrebare/ce-ii-este-interzis-conducatorului-unui-vehicul-destinat-transportului-de-marfa-cu-remorca-be37","","<div class="""">
                        <p style=""margin-left:0px;text-align:justify;""><span style=""color:rgb(68,68,68);"">Se interzice conducătorului de autovehicul sau de tramvai:</span></p><p style=""margin-left:0px;text-align:justify;""><span style=""color:rgb(34,34,34);""><strong>1.</strong></span><span style=""color:rgb(68,68,68);""> să conducă un autovehicul sau tramvai cu dovada înlocuitoare a permisului de conducere eliberată fără drept de circulaţie sau a cărei valabilitate a expirat;</span></p><p style=""margin-left:0px;text-align:justify;""><span style=""color:rgb(34,34,34);""><strong>2.</strong></span> să transporte în autovehicul sau tramvai mai multe persoane decât numărul de locuri stabilite în certificatul de înmatriculare sau de înregistrare;</p><p style=""margin-left:0px;text-align:justify;""><span style=""color:rgb(34,34,34);""><strong>3.</strong></span> să transporte persoane în stare de ebrietate pe motocicletă sau în cabina ori în caroseria autovehiculului destinat transportului de mărfuri;</p><p style=""margin-left:0px;text-align:justify;""><span style=""color:rgb(34,34,34);""><strong>4.</strong></span> să transporte persoane în caroseria autobasculantei, pe autocisternă, pe platformă, deasupra încărcăturii, pe părţile laterale ale caroseriei, sau persoane care stau în picioare în caroseria autocamionului, pe scări şi în remorcă, cu excepţia celei special amenajate pentru transportul persoanelor;</p><p style=""margin-left:0px;text-align:justify;""><span style=""color:rgb(34,34,34);""><strong>5.</strong></span><span style=""color:rgb(68,68,68);""> să transporte copii în vârstă de până la 12 ani pe scaunul din faţă al autovehiculului, chiar dacă sunt ţinuţi în braţe de persoane majore;</span></p><p style=""margin-left:0px;text-align:justify;""><span style=""color:rgb(34,34,34);""><strong>6.</strong></span><span style=""color:rgb(68,68,68);""> să transporte în şi pe autoturism obiecte a căror lungime sau lăţime depăşeşte, împreună cu încărcătura, dimensiunile acestuia;</span></p><p style=""margin-left:0px;text-align:justify;""><span style=""color:rgb(34,34,34);""><strong>7.</strong></span><span style=""color:rgb(68,68,68);""> să deschidă uşile autovehiculului sau tramvaiului în timpul mersului, să pornească de pe loc cu uşile deschise;</span></p><p style=""margin-left:0px;text-align:justify;""><span style=""color:rgb(34,34,34);""><strong>8.</strong></span><span style=""color:rgb(68,68,68);""> să aibă în timpul mersului preocupări de natură a-i distrage în mod periculos atenţia ori să folosească instalaţii de sonorizare la un nivel de zgomot care ar afecta deplasarea în siguranţă a lui şi a celorlalţi participanţi la trafic;</span></p><p style=""margin-left:0px;text-align:justify;""><span style=""color:rgb(34,34,34);""><strong>9.</strong></span><span style=""color:rgb(68,68,68);""> să intre pe drumurile modernizate cu autovehiculul care are pe roţi sau pe caroserie noroi ce se depune pe partea carosabilă ori din care cad sau se scurg produse, substanţe ori materiale ce pot pune în pericol siguranţa circulaţiei;</span></p><p style=""margin-left:0px;text-align:justify;""><span style=""color:rgb(34,34,34);""><strong>10.</strong></span><span style=""color:rgb(68,68,68);""> să aibă aplicate pe parbriz, lunetă sau pe geamurile laterale afişe, reclame publicitare, înscrisuri ori accesorii, care restrâng sau estompează vizibilitatea conducătorului ori a pasagerilor, atât din interior, cât şi din exterior;</span></p><p style=""margin-left:0px;text-align:justify;""><span style=""color:rgb(34,34,34);""><strong>11.</strong></span><span style=""color:rgb(68,68,68);""> să aibă aplicate folii sau tratamente chimice pe parbrize, lunetă ori pe geamurile laterale, care restrâng sau estompează vizibilitatea, atât din interior, cât şi din exterior, cu excepţia celor omologate şi certificate, prin marcaj corespunzător, de către autoritatea competentă;</span></p><p style=""margin-left:0px;text-align:justify;""><span style=""color:rgb(34,34,34);""><strong>12.</strong></span><span style=""color:rgb(68,68,68);""> să aibă aplicate folii sau tratamente chimice pe dispozitivele de iluminare ori semnalizare luminoasă, care diminuează eficacitatea acestora, precum şi pe plăcuţele cu numărul de înmatriculare sau de înregistrare, care împiedică citirea numărului de înmatriculare sau de înregistrare;</span></p><p style=""margin-left:0px;text-align:justify;""><span style=""color:rgb(34,34,34);""><strong>13.</strong></span><span style=""color:rgb(68,68,68);""> să lase liber în timpul mersului volanul, ghidonul sau maneta de comandă, să oprească motorul ori să decupleze transmisia în timpul mersului;</span></p><p style=""margin-left:0px;text-align:justify;""><span style=""background-color:hsl(60, 75%, 60%);color:rgb(34,34,34);""><strong>14.</strong></span><span style=""background-color:hsl(60, 75%, 60%);color:rgb(68,68,68);""> să folosească în mod abuziv mijloacele de avertizare sonoră;</span></p><p style=""margin-left:0px;text-align:justify;""><span style=""color:rgb(34,34,34);""><strong>15.</strong></span><span style=""color:rgb(68,68,68);""> să circule cu autovehiculul cu masa totală maximă autorizată mai mare de 3,5 tone pe drumurile acoperite cu zăpadă, gheaţă sau polei, fără a avea montate pe roţi lanţuri sau alte echipamente antiderapante omologate, în perioadele şi pe drumurile stabilite prin ordin al ministrului transporturilor, construcţiilor şi turismului;</span></p><p style=""margin-left:0px;text-align:justify;""><span style=""color:rgb(34,34,34);""><strong>16.</strong></span> să circule având montate pe autovehicul anvelope cu alte dimensiuni ori caracteristici decât cele prevăzute în certificatul de înmatriculare sau de înregistrare ori care prezintă tăieturi sau rupturi ale cordului ori sunt uzate peste limita admisă;</p><p style=""margin-left:0px;text-align:justify;""><span style=""background-color:hsl(60, 75%, 60%);color:rgb(34,34,34);""><strong>17.</strong></span><span style=""background-color:hsl(60, 75%, 60%);""> să conducă un autovehicul care emană noxe peste limita legală admisă ori al cărui zgomot în mers sau staţionare depăşeşte pragul fonic prevăzut de lege ori care are montat pe sistemul de evacuare a gazelor dispozitive neomologate;</span></p><p style=""margin-left:0px;text-align:justify;""><span style=""color:rgb(34,34,34);""><strong>18.</strong></span><span style=""color:rgb(68,68,68);""> să circule cu autovehiculul având plăcuţele cu numerele de înmatriculare sau de înregistrare, provizorii ori pentru probe deteriorate sau neconforme cu standardul;</span></p><p style=""margin-left:0px;text-align:justify;""><span style=""background-color:hsl(60, 75%, 60%);color:rgb(34,34,34);""><strong>19.</strong></span><span style=""background-color:hsl(60, 75%, 60%);color:rgb(68,68,68);""> să săvârşească acte sau gesturi obscene, să profereze injurii, să adreseze expresii jignitoare ori vulgare celorlalţi participanţi la trafic;</span></p><p style=""margin-left:0px;text-align:justify;""><span style=""color:rgb(34,34,34);""><strong>20.</strong></span><span style=""color:rgb(68,68,68);""> să circule cu autovehiculul avariat mai mult de 30 de zile de la data producerii avariei;</span></p><p style=""margin-left:0px;text-align:justify;""><span style=""color:rgb(34,34,34);""><strong>21.</strong></span><span style=""color:rgb(68,68,68);""> să arunce, pe drumurile publice, din autovehicul obiecte, materiale sau substanţe.</span></p>


                    </div>","https://scoaladrpciv.ro/intrebari/categoria-e/obligatiile-conducatorilor-de-autovehicule"
"1790577048-36","https://scoaladrpciv.ro/intrebari/categoria-e","Ce obligatii ai atunci cand conduci un vehicul destinat transportului de marfa cu remorca?","A - sa mentii permanent curate parbrizul, luneta si geamurile laterale ale vehiculului","B - sa permiti controlul starii tehnice a vehiculului in conditiile legii","","C - sa circuli numai pe timp de zi.","","https://scoaladrpciv.ro/intrebare/ce-obligatii-ai-atunci-cand-conduci-un-vehicul-destinat-transportului-de-marfa-cu-remorca-bd27","","<div class="""">
                        <p><strong>Articolul 147</strong></p><p style=""margin-left:0px;text-align:justify;"">Conducătorul de autovehicul sau de tramvai este obligat:</p><p style=""margin-left:0px;text-align:justify;""><span style=""color:rgb(34,34,34);""><strong>1.</strong></span> să aibă asupra sa actul de identitate, permisul de conducere, certificatul de înmatriculare sau de înregistrare şi, după caz, atestatul profesional, precum şi celelalte documente prevăzute de legislaţia în vigoare;</p><p style=""margin-left:0px;text-align:justify;""><span style=""color:rgb(34,34,34);""><strong>2.</strong></span> să circule numai pe sectoarele de drum pe care îi este permis accesul şi să respecte normele referitoare la masele totale maxime autorizate şi admise şi/sau la dimensiunile maxime admise de autoritatea competentă pentru autovehiculele conduse;</p><p style=""margin-left:0px;text-align:justify;""><span style=""background-color:hsl(60, 75%, 60%);color:rgb(34,34,34);""><strong>3.</strong></span><span style=""background-color:hsl(60, 75%, 60%);""> să verifice funcţionarea sistemului de lumini şi de semnalizare, a instalaţiei de climatizare, să menţină permanent curate parbrizul, luneta şi geamurile laterale ale autovehiculului, precum şi plăcuţele cu numărul de înmatriculare sau înregistrare ale autovehiculului şi remorcii;</span></p><p style=""margin-left:0px;text-align:justify;""><span style=""background-color:hsl(60, 75%, 60%);color:rgb(34,34,34);""><strong>4.</strong></span><span style=""background-color:hsl(60, 75%, 60%);color:rgb(68,68,68);""> să permită controlul stării tehnice a vehiculului, precum şi al bunurilor transportate, în condiţiile legii;</span></p><p style=""margin-left:0px;text-align:justify;""><span style=""color:rgb(34,34,34);""><strong>5.</strong></span><span style=""color:rgb(68,68,68);""> să se prezinte la verificarea medicală periodică, potrivit legii;</span></p><p style=""margin-left:0px;text-align:justify;""><span style=""color:rgb(34,34,34);""><strong>6.</strong></span><span style=""color:rgb(68,68,68);""> să aplice pe parbrizul şi pe luneta autovehiculului semnul distinctiv stabilit pentru conducătorii de autovehicule începători, dacă are o vechime mai mică de un an de la obţinerea permisului de conducere.</span></p>


                    </div>","https://scoaladrpciv.ro/intrebari/categoria-e/obligatiile-conducatorilor-de-autovehicule"
"1790577050-37","https://scoaladrpciv.ro/intrebari/categoria-e","Ce obligatii va revin in cazul in care autovehiculul pe care il conduceti sau remorca atasata acestuia ramane in pana?","A - sa scoti ansamblul in afara parţii carosabile sau sa il deplasezi langa bordura sau acostament","","","B - sa semnalizezi ansamblul cu orice obiecte ai la dispozitie","C - sa aprinzi farurile si luminile de pozitie.","https://scoaladrpciv.ro/intrebare/ce-obligatii-va-revin-in-cazul-in-care-autovehiculul-pe-care-il-conduceti-sau-remorca-atasata-acestuia-ramane-in-pana-4bf1","","<div class="""">
                        <p>Articolul 79</p><p>(1) Conducătorii de vehicule implicați într-un accident de circulație în urma căruia au rezultat numai avarierea vehiculelor și/sau alte pagube materiale sunt obligați:&nbsp;</p><p><span style=""background-color:hsl(60, 75%, 60%);"">a) să scoată imediat vehiculele în afara părții carosabile ori, dacă starea vehiculelor nu permite acest lucru, să le deplaseze cât mai aproape de bordură sau acostament, semnalizându-le prezența;&nbsp;</span></p><p>b) să se prezinte la unitatea de poliție competentă pe raza căreia s-a produs accidentul în termen de cel mult 24 de ore de la producerea evenimentului pentru întocmirea documentelor de constatare</p>


                    </div>","https://scoaladrpciv.ro/intrebari/categoria-e/obligatiile-conducatorilor-de-autovehicule"
"1790577057-38","https://scoaladrpciv.ro/intrebari/categoria-e","In caz de imobilizare prelungita in tunel a autovehiculului cu remorca pe care il conduci, esti obligat?","A - sa opresti motorul","","","B - sa tractezi vehiculul pentru a elibera tunelul","C - sa tractezi remorca pentru a nu crea pericole suplimentare.","https://scoaladrpciv.ro/intrebare/in-caz-de-imobilizare-prelungita-in-tunel-a-autovehiculului-cu-remorca-pe-care-il-conduci-esti-obligat-91a4","","<div class="""">
                        <p style=""margin-left:0px;text-align:justify;""><strong>Articolul 141</strong></p><p style=""margin-left:0px;text-align:justify;""><span style=""color:rgb(34,34,34);""><strong>(1)</strong></span> Conducătorii autovehiculelor imobilizate pe drumurile publice, care se îndepărtează de acestea, sunt obligaţi să acţioneze frâna de ajutor, să oprească funcţionarea motorului şi să cupleze într-o treaptă de viteză inferioară sau în cea de parcare dacă autovehiculul are transmisie automată.</p><p style=""margin-left:0px;text-align:justify;""><span style=""color:rgb(34,34,34);""><strong>(2)</strong></span> În cazul imobilizării involuntare a autovehiculului în pantă sau în rampă, pe lângă obligaţiile prevăzute la <a href=""https://lege5.ro/Gratuit/geydembrha/regulamentul-de-aplicare-a-ordonantei-de-urgenta-a-guvernului-nr-195-2002-privind-circulatia-pe-drumurile-publice-din-04102006?pid=30155313&amp;d=2023-08-09#p-30155313"">alin. (1)</a> conducătorul trebuie să bracheze roţile directoare.</p><p style=""margin-left:0px;text-align:justify;""><span style=""background-color:hsl(60, 75%, 60%);color:rgb(34,34,34);""><strong>(3)</strong></span><span style=""background-color:hsl(60, 75%, 60%);""> În cazul imobilizării involuntare a autovehiculului în pasaje subterane sau în tuneluri, conducătorul acestuia este obligat să oprească funcţionarea motorului</span></p><p style=""margin-left:0px;text-align:justify;""><span style=""color:rgb(34,34,34);""><strong>(4)</strong></span><span style=""color:rgb(68,68,68);""> În localităţi, pe drumurile cu sens unic, oprirea sau staţionarea voluntară a vehiculelor este permisă şi pe partea stângă, dacă rămâne liberă cel puţin o bandă de circulaţie.</span></p><p style=""margin-left:0px;text-align:justify;""><span style=""color:rgb(34,34,34);""><strong>(5)</strong></span><span style=""color:rgb(68,68,68);""> În afara localităţilor oprirea sau staţionarea voluntară a vehiculelor se face în afara părţii carosabile, iar atunci când nu este posibil, cât mai aproape de marginea din dreapta a drumului, paralel cu axa acestuia.</span></p><p>.<br>.<br>.</p>


                    </div>","https://scoaladrpciv.ro/intrebari/categoria-e/oprirea-stationarea-si-parcarea"
"1790577059-39","https://scoaladrpciv.ro/intrebari/categoria-e","Unde este interzisa oprirea unui autovehicul cu remorca?","A - pe pistele obligatorii pentru pietoni","C - in locurile in care se impiedica vizibilitatea asupra unui indicator sau semnal luminos.","","B - in parcarile special amenajate","","https://scoaladrpciv.ro/intrebare/unde-este-interzisa-oprirea-unui-autovehicul-cu-remorca-fbbf","","<div class="""">
                        <p style=""margin-left:0px;text-align:justify;"">Articolul 142<br><span style=""color:rgb(68,68,68);"">Se interzice oprirea voluntară a vehiculelor:</span></p><p style=""margin-left:0px;text-align:justify;""><span style=""color:rgb(34,34,34);""><strong>a)</strong></span> în zona de acţiune a indicatorului ""Oprirea interzisă"";</p><p style=""margin-left:0px;text-align:justify;""><span style=""color:rgb(34,34,34);""><strong>b)</strong></span><span style=""color:rgb(68,68,68);""> pe trecerile la nivel cu calea ferată curentă şi la o distanţă mai mică de 50 m înainte şi după acestea;</span></p><p style=""margin-left:0px;text-align:justify;""><span style=""color:rgb(34,34,34);""><strong>c)</strong></span><span style=""color:rgb(68,68,68);""> pe poduri, pe şi sub pasaje denivelate, precum şi pe viaducte;</span></p><p style=""margin-left:0px;text-align:justify;""><span style=""color:rgb(34,34,34);""><strong>d)</strong></span><span style=""color:rgb(68,68,68);""> în curbe şi în alte locuri cu vizibilitate redusă sub 50 m;</span></p><p style=""margin-left:0px;text-align:justify;""><span style=""background-color:hsl(60, 75%, 60%);color:rgb(34,34,34);""><strong>e)</strong></span><span style=""background-color:hsl(60, 75%, 60%);""> pe trecerile pentru pietoni ori la mai puţin de 25 m înainte şi înainte de acestea;</span></p><p style=""margin-left:0px;text-align:justify;""><span style=""color:rgb(34,34,34);""><strong>f)</strong></span><span style=""color:rgb(68,68,68);""> în intersecţii, inclusiv cele cu circulaţie în sens giratoriu, precum şi în zona de preselecţie unde sunt aplicate marcaje continue, iar în lipsa acestora, la o distanţă mai mică de 25 m de colţul intersecţiei;</span></p><p style=""margin-left:0px;text-align:justify;""><span style=""color:rgb(34,34,34);""><strong>g)</strong></span><span style=""color:rgb(68,68,68);""> în staţiile mijloacelor de transport public de persoane, precum şi la mai puţin de 25 m înainte şi după acestea;</span></p><p style=""margin-left:0px;text-align:justify;""><span style=""background-color:hsl(60, 75%, 60%);color:rgb(34,34,34);""><strong>h)</strong></span><span style=""background-color:hsl(60, 75%, 60%);color:rgb(68,68,68);""> în dreptul altui vehicul oprit pe partea carosabilă, dacă prin aceasta se stânjeneşte circulaţia a două vehicule venind din sensuri opuse, precum şi în dreptul marcajului continuu, în cazul în care conducătorii celorlalte vehicule care circulă în acelaşi sens ar fi obligaţi, din această cauză, să treacă peste acest marcaj;</span></p><p style=""margin-left:0px;text-align:justify;""><span style=""color:rgb(34,34,34);""><strong>i)</strong></span><span style=""color:rgb(68,68,68);""> în locul în care se împiedică vizibilitatea asupra unui indicator sau semnal luminos;</span></p><p style=""margin-left:0px;text-align:justify;""><span style=""color:rgb(34,34,34);""><strong>j)</strong></span><span style=""color:rgb(68,68,68);""> pe sectoarele de drum unde sunt instalate indicatoarele cu semnificaţiile ""Drum îngustat"", ""Prioritate pentru circulaţia din sens invers"" sau ""Prioritate faţă de circulaţia din sens invers"";</span></p><p style=""margin-left:0px;text-align:justify;""><span style=""color:rgb(34,34,34);""><strong>k)</strong></span> pe pistele obligatorii pentru pietoni şi/sau biciclişti ori pe benzile rezervate unor anumite categorii de vehicule, semnalizate ca atare;<br>.<br>.<br>.</p>


                    </div>","https://scoaladrpciv.ro/intrebari/categoria-e/oprirea-stationarea-si-parcarea"
"1790577061-40","https://scoaladrpciv.ro/intrebari/categoria-e","Unde este interzisa stationarea voluntara a unui vehicul destinat transportului de marfa cu remorca?","A - in pante si rampe","B - pe pistele pentru biciclete","C - pe drumurile publice cu o latime mai mica de 6 m.","","","https://scoaladrpciv.ro/intrebare/unde-este-interzisa-stationarea-voluntara-a-unui-vehicul-destinat-transportului-de-marfa-cu-remorca-9328","","<div class="""">
                        <p><strong>Articolul 142</strong><br><span style=""background-color:rgb(255,255,255);color:rgb(68,68,68);"">Se interzice oprirea voluntară a vehiculelor:</span></p><p><span style=""background-color:hsl(60, 75%, 60%);color:rgb(34,34,34);""><strong>k)</strong></span><span style=""background-color:hsl(60, 75%, 60%);color:rgb(51,51,51);""> pe pistele obligatorii pentru pietoni şi/sau biciclişti ori pe benzile rezervate unor anumite categorii de vehicule, semnalizate ca atare;</span></p><p><strong>Articolul 143</strong></p><p style=""margin-left:0px;text-align:justify;""><span style=""color:rgb(68,68,68);"">Se interzice staţionarea voluntară a vehiculelor:</span></p><p style=""margin-left:0px;text-align:justify;""><span style=""background-color:hsl(60, 75%, 60%);color:rgb(34,34,34);""><strong>a)</strong></span><span style=""background-color:hsl(60, 75%, 60%);""> în toate cazurile în care este interzisă oprirea voluntară;</span></p><p style=""margin-left:0px;text-align:justify;""><span style=""color:rgb(34,34,34);""><strong>b)</strong></span><span style=""color:rgb(68,68,68);""> în zona de acţiune a indicatorului cu semnificaţia ""Staţionarea interzisă"" şi a marcajului cu semnificaţia de interzicere a staţionării;</span></p><p style=""margin-left:0px;text-align:justify;""><span style=""background-color:hsl(60, 75%, 60%);color:rgb(34,34,34);""><strong>c)</strong></span><span style=""background-color:hsl(60, 75%, 60%);color:rgb(68,68,68);""> pe drumurile publice cu o lăţime mai mică de 6 m;</span></p><p style=""margin-left:0px;text-align:justify;""><span style=""color:rgb(34,34,34);""><strong>d)</strong></span><span style=""color:rgb(68,68,68);""> în dreptul căilor de acces care deservesc proprietăţile alăturate drumurilor publice;</span></p><p style=""margin-left:0px;text-align:justify;""><span style=""background-color:hsl(60, 75%, 60%);color:rgb(34,34,34);""><strong>e)</strong></span><span style=""background-color:hsl(60, 75%, 60%);color:rgb(68,68,68);""> în pante şi în rampe;</span></p><p style=""margin-left:0px;text-align:justify;""><span style=""color:rgb(34,34,34);""><strong>f)</strong></span><span style=""color:rgb(68,68,68);""> în locul unde este instalat indicatorul cu semnificaţia ""Staţionare alternantă"", în altă zi sau perioadă decât cea permisă, ori indicatorul cu semnificaţia ""Zona de staţionare cu durată limitată"" peste durata stabilită.</span></p>


                    </div>","https://scoaladrpciv.ro/intrebari/categoria-e/oprirea-stationarea-si-parcarea"
"1790577064-41","https://scoaladrpciv.ro/intrebari/categoria-e","Unde este interzisa oprirea voluntara a unui vehicul destinat transportului de marfa cu remorca?","A - in intersectiile cu circulatia in sens giratoriu","B - pe viaducte","C - pe partea carosabila a drumurilor nationale europene (E).","","","https://scoaladrpciv.ro/intrebare/unde-este-interzisa-oprirea-voluntara-a-unui-vehicul-destinat-transportului-de-marfa-cu-remorca-7fdb","","<div class="""">
                        <p style=""margin-left:0px;text-align:justify;"">Articolul 142</p><p style=""margin-left:0px;text-align:justify;""><span style=""color:rgb(68,68,68);"">Se interzice oprirea voluntară a vehiculelor:</span></p><p style=""margin-left:0px;text-align:justify;""><span style=""color:rgb(34,34,34);""><strong>a)</strong></span> în zona de acţiune a indicatorului ""Oprirea interzisă"";</p><p style=""margin-left:0px;text-align:justify;""><span style=""color:rgb(34,34,34);""><strong>b)</strong></span><span style=""color:rgb(68,68,68);""> pe trecerile la nivel cu calea ferată curentă şi la o distanţă mai mică de 50 m înainte şi după acestea;</span></p><p style=""margin-left:0px;text-align:justify;""><span style=""background-color:hsl(60, 75%, 60%);color:rgb(34,34,34);""><strong>c)</strong></span><span style=""background-color:hsl(60, 75%, 60%);color:rgb(68,68,68);""> pe poduri, pe şi sub pasaje denivelate, precum şi pe viaducte;</span></p><p style=""margin-left:0px;text-align:justify;""><span style=""color:rgb(34,34,34);""><strong>d)</strong></span><span style=""color:rgb(68,68,68);""> în curbe şi în alte locuri cu vizibilitate redusă sub 50 m;</span></p><p style=""margin-left:0px;text-align:justify;""><span style=""color:rgb(34,34,34);""><strong>e)</strong></span> pe trecerile pentru pietoni ori la mai puţin de 25 m înainte şi înainte de acestea;</p><p style=""margin-left:0px;text-align:justify;""><span style=""background-color:hsl(60, 75%, 60%);color:rgb(34,34,34);""><strong>f)</strong></span><span style=""background-color:hsl(60, 75%, 60%);color:rgb(68,68,68);""> în intersecţii, inclusiv cele cu circulaţie în sens giratoriu, precum şi în zona de preselecţie unde sunt aplicate marcaje continue, iar în lipsa acestora, la o distanţă mai mică de 25 m de colţul intersecţiei;</span></p><p style=""margin-left:0px;text-align:justify;""><span style=""color:rgb(34,34,34);""><strong>g)</strong></span><span style=""color:rgb(68,68,68);""> în staţiile mijloacelor de transport public de persoane, precum şi la mai puţin de 25 m înainte şi după acestea;</span></p><p style=""margin-left:0px;text-align:justify;""><span style=""color:rgb(34,34,34);""><strong>h)</strong></span><span style=""color:rgb(68,68,68);""> în dreptul altui vehicul oprit pe partea carosabilă, dacă prin aceasta se stânjeneşte circulaţia a două vehicule venind din sensuri opuse, precum şi în dreptul marcajului continuu, în cazul în care conducătorii celorlalte vehicule care circulă în acelaşi sens ar fi obligaţi, din această cauză, să treacă peste acest marcaj;</span></p><p style=""margin-left:0px;text-align:justify;""><span style=""color:rgb(34,34,34);""><strong>i)</strong></span><span style=""color:rgb(68,68,68);""> în locul în care se împiedică vizibilitatea asupra unui indicator sau semnal luminos;</span></p><p style=""margin-left:0px;text-align:justify;""><span style=""color:rgb(34,34,34);""><strong>j)</strong></span><span style=""color:rgb(68,68,68);""> pe sectoarele de drum unde sunt instalate indicatoarele cu semnificaţiile ""Drum îngustat"", ""Prioritate pentru circulaţia din sens invers"" sau ""Prioritate faţă de circulaţia din sens invers"";</span></p><p style=""margin-left:0px;text-align:justify;""><span style=""color:rgb(34,34,34);""><strong>k)</strong></span> pe pistele obligatorii pentru pietoni şi/sau biciclişti ori pe benzile rezervate unor anumite categorii de vehicule, semnalizate ca atare;</p><p style=""margin-left:0px;text-align:justify;""><span style=""color:rgb(34,34,34);""><strong>l)</strong></span><span style=""color:rgb(68,68,68);""> pe platforma căii ferate industriale sau de tramvai ori la mai puţin de 50 m de acestea, dacă circulaţia vehiculelor pe şine ar putea fi stânjenită sau împiedicată;</span></p><p style=""margin-left:0px;text-align:justify;""><span style=""background-color:hsl(60, 75%, 60%);color:rgb(34,34,34);""><strong>m)</strong></span><span style=""background-color:hsl(60, 75%, 60%);color:rgb(68,68,68);""> pe partea carosabilă a autostrăzilor, a drumurilor expres şi a celor naţionale europene (E);</span></p><p style=""margin-left:0px;text-align:justify;""><span style=""color:rgb(34,34,34);""><strong>n)</strong></span> pe trotuar, dacă nu se asigură spaţiu de cel puţin 1 m pentru circulaţia pietonilor;</p><p style=""margin-left:0px;text-align:justify;""><span style=""color:rgb(34,34,34);""><strong>o)</strong></span><span style=""color:rgb(68,68,68);""> pe pistele pentru biciclete;</span></p><p style=""margin-left:0px;text-align:justify;""><span style=""color:rgb(34,34,34);""><strong>p)</strong></span><span style=""color:rgb(68,68,68);""> în locurile unde este interzisă depăşirea.</span></p>


                    </div>","https://scoaladrpciv.ro/intrebari/categoria-e/oprirea-stationarea-si-parcarea"
"1790577071-42","https://scoaladrpciv.ro/intrebari/categoria-e","Cum trebuie sa procedezi atunci cand circuli in acelasi sens cu autovehiculele din serviciile regulate de transport public oprite in statie?","B - reduci viteza si, la nevoie, opresti, pentru a permite plecarea acestora din statie, daca aceasta este prevazuta cu alveola","","","A - le ocolesti cat mai mult, pentru a evita orice situatie neplacuta","C - iti continui deplasarea, deoarece ai prioritate de trecere fata de toate vehiculele care pleaca de pe loc.","https://scoaladrpciv.ro/intrebare/cum-trebuie-sa-procedezi-atunci-cand-circuli-in-acelasi-sens-cu-autovehiculele-din-serviciile-regulate-de-transport-public-oprite-in-statie-ca64","","<div class="""">
                        <p>Articolul 43&nbsp;</p><p>(1) Dacă un drum este prevăzut cu o bandă destinată vehiculelor lente sau transportului public de persoane, semnalizată ca atare, acestea vor circula numai pe banda respectiva.&nbsp;</p><p><span style=""background-color:hsl(60, 75%, 60%);"">(2) Conducătorul de vehicul care circulă pe banda situată lângă marginea părții carosabile trebuie să acorde prioritate de trecere vehiculelor care efectuează transport public de persoane numai atunci când conducătorii acestora semnalizează intenția de a reintra în trafic din stațiile prevăzute cu alveole și s-au asigurat că prin manevra lor nu pun în pericol siguranță celorlalți participanți la trafic.</span></p>


                    </div>","https://scoaladrpciv.ro/intrebari/categoria-e/prioritate-de-trecere"
"1790577073-43","https://scoaladrpciv.ro/intrebari/categoria-e","Conduci un vehicul care tracteaza o remorca, intr-o intersectie nedirijata. Esti obligat sa acorzi prioritate de trecere unui autovehicul al Salvarii care circula din partea stanga, avand in functiune dispozitivul special cu lumini de culoare albastra si pe cel sonor?","C - da.","","","A - nu, deoarece autovehiculul Salvarii nu face parte din categoria autovehiculelor cu regim prioritar","B - nu, deoarece in acest caz se aplica regula prioritatii de dreapta","https://scoaladrpciv.ro/intrebare/conduci-un-vehicul-care-tracteaza-o-remorca-intr-o-intersectie-nedirijata-esti-obligat-sa-acorzi-prioritate-de-trecere-unui-autovehicul-al-salvarii-care-circula-din-partea-stanga-avand-in-functiune-dispozitivul-special-cu-lumini-de-culoare-albastra-si-pe-cel-sonor-d6c6","","<div class="""">
                        <p>(1) Conducătorii de vehicule sunt obligați să oprească imediat, pe acostament sau, în lipsa acestuia, cât mai aproape de marginea drumului sau bordura trotuarului, în sensul de deplasare, la apropierea și la trecerea autovehiculelor cu regim de circulație prioritară care au în funcțiune mijloacele speciale de avertizare luminoasă de culoare roșie și sonore.&nbsp;</p><p><span style=""background-color:hsl(60, 75%, 60%);"">(2) Conducătorii de vehicule sunt obligați să reducă viteza, să circule cât mai aproape de marginea drumului în sensul de deplasare și să acorde prioritate la trecerea autovehiculelor cu regim de circulație prioritară care au în funcțiune mijloacele speciale de avertizare luminoasă de culoare albastră și sonore.&nbsp;</span></p><p>(3) În situațiile prevăzute la alin. (1) și (2), pietonilor le sunt interzise traversarea și circulația pe carosabil până la trecerea vehiculelor respective.</p>


                    </div>","https://scoaladrpciv.ro/intrebari/categoria-e/prioritate-de-trecere"
"1790577075-44","https://scoaladrpciv.ro/intrebari/categoria-e","Cand vei acorda prioritate de trecere, daca tractezi o remorca?","B - la intalnirea indicatorului ""Prioritate pentru circulatia din sens invers""","","","A - la intalnirea indicatorului ""Intersectie cu un drum fara prioritate""","C - la intalnirea indicatorului ""Sfarsitul drumului cu prioritate"".","https://scoaladrpciv.ro/intrebare/cand-vei-acorda-prioritate-de-trecere-daca-tractezi-o-remorca-f28e","","<div class="""">
                        <p><strong>Pentru varianta C:</strong> Indicatorul <strong>""Sfarsitul drumului cu prioritate""</strong> informeaza ca se circula pe un drum prioritar si ca in intersectia ce urmeaza se va pierde prioritatea si va trebuii sa se respecte regulile de circulatie aplicabile in acea intersectie.</p>


                    </div>","https://scoaladrpciv.ro/intrebari/categoria-e/prioritate-de-trecere"
"1790577080-45","https://scoaladrpciv.ro/intrebari/categoria-e","Cum trebuie să procedezi pe porţiunile drumului public care urcă sau coboară, în cazul a două vehicule de aceeaşi categorie?","A - vehiculele care coboară au prioritate faţă de cele care urcă;","","","B - vehiculele care urcă au prioritate faţă de cele care coboară;","C - nu este prevăzut în lege.","https://scoaladrpciv.ro/intrebare/cum-trebuie-sa-procedezi-pe-portiunile-de-drum-public-care-urca-sau-coboara-in-cazul-a-doua-vehicule-de-aceiasi-categorie-632e","","<div class="""">
                        <p>Articolul 127&nbsp;</p><p>(1) Pe drumurile publice înguste și/sau cu declivitate, unde trecerea vehiculelor care circulă din sensuri opuse, unele pe lângă altele, este imposibilă sau periculoasă, se procedează după cum urmează:&nbsp;</p><p>a) la întâlnirea unui ansamblu de vehicule cu un vehicul conducătorul acestuia din urma trebuie să manevreze cu spatele;&nbsp;</p><p>b) la întâlnirea unui vehicul greu cu un vehicul ușor, conducătorul acestuia din urma trebuie să manevreze cu spatele;&nbsp;</p><p>c) la întâlnirea unui vehicul care efectuează transport public de persoane cu un vehicul de transport mărfuri conducătorul acestuia din urma trebuie să manevreze cu spatele.&nbsp;</p><p><span style=""background-color:hsl(60, 75%, 60%);"">(2) În cazul vehiculelor de aceeași categorie, obligația de a efectua o manevră de mers înapoi revine conducătorului care urca, cu excepția cazului când este mai ușor și există condiții pentru conducătorul care coboară să execute această manevră, mai ales atunci când se află aproape de un refugiu</span></p>


                    </div>","https://scoaladrpciv.ro/intrebari/categoria-e/reguli-referitoare-la-manevre"
"1790577082-46","https://scoaladrpciv.ro/intrebari/categoria-e","Cand trebuie dirijati conducatorii de autovehicule cu remorca, la manevrarea vehiculului spre inapoi?","B - atunci cand vizibilitatea in spate este impiedicata","","","A - pe marcajul pietonal","C - acolo unde soliditatea drumului nu permite.","https://scoaladrpciv.ro/intrebare/cand-trebuie-dirijati-conducatorii-de-autovehicule-cu-remorca-la-manevrarea-vehiculului-spre-inapoi-513a","","<div class="""">
                        <p>Articolul 128</p><p style=""margin-left:0px;text-align:justify;""><span style=""color:rgb(34,34,34);""><strong>(1)</strong></span><span style=""color:rgb(68,68,68);""> Se interzice mersul înapoi cu vehiculul:</span></p><p style=""margin-left:0px;text-align:justify;""><span style=""color:rgb(34,34,34);""><strong>a)</strong></span><span style=""color:rgb(68,68,68);""> în cazurile prevăzute la </span><a href=""https://lege5.ro/Gratuit/geydembrha/regulamentul-de-aplicare-a-ordonantei-de-urgenta-a-guvernului-nr-195-2002-privind-circulatia-pe-drumurile-publice-din-04102006?pid=30155244&amp;d=2023-08-09#p-30155244""><span style=""color:rgb(68,68,68);"">art. 126</span></a><span style=""color:rgb(68,68,68);"">, cu excepţia lit. d);</span></p><p style=""margin-left:0px;text-align:justify;""><span style=""color:rgb(34,34,34);""><strong>b)</strong></span><span style=""color:rgb(68,68,68);""> pe o distanţă mai mare de 50 m;</span></p><p style=""margin-left:0px;text-align:justify;""><span style=""color:rgb(34,34,34);""><strong>c)</strong></span><span style=""color:rgb(68,68,68);""> la ieşirea de pe proprietăţi alăturate drumurilor publice.</span></p><p style=""margin-left:0px;text-align:justify;""><span style=""background-color:hsl(60, 75%, 60%);color:rgb(34,34,34);""><strong>(2)</strong></span><span style=""background-color:hsl(60, 75%, 60%);color:rgb(68,68,68);""> În locurile în care mersul înapoi este permis, dar vizibilitatea în spate este împiedicată, vehiculul poate fi manevrat înapoi numai atunci când conducătorul acestuia este dirijat de cel puţin o persoană aflată în afara vehiculului.</span></p><p style=""margin-left:0px;text-align:justify;""><span style=""color:rgb(34,34,34);""><strong>(3)</strong></span><span style=""color:rgb(68,68,68);""> Persoana care dirijează manevrarea cu spatele a unui vehicul este obligată să se asigure că manevra se efectuează fără a pune în pericol siguranţa participanţilor la trafic.</span></p><p style=""margin-left:0px;text-align:justify;""><span style=""color:rgb(34,34,34);""><strong>(4)</strong></span><span style=""color:rgb(68,68,68);""> Mersul înapoi cu autovehiculul trebuie semnalizat cu lumina sau luminile speciale din dotare. Se recomandă dotarea autovehiculelor şi cu dispozitive sonore pentru semnalizarea acestei manevre.</span></p>


                    </div>","https://scoaladrpciv.ro/intrebari/categoria-e/reguli-referitoare-la-manevre"
"1790577087-47","https://scoaladrpciv.ro/intrebari/categoria-e","Pentru conducătorii auto începători care conduc un autocamion ce tractează o remorcă, în afara localităților, limitele de viteză scad cu:","C - 30 km/h.","","","A - 10 km/h;","B - 20 km/h;","https://scoaladrpciv.ro/intrebare/pentru-conducatorii-auto-incepatori-care-conduc-un-autocamion-ce-tracteaza-o-remorca-in-afara-localitatilor-limitele-de-viteza-scad-cu-bf2b","","<div class="""">
                        <p>Conducatorii incepatori au automat limita de viteza redusa cu <strong>20 km/h</strong>.<br>Pentru autocamioanele care tracteaza o remorca, limita de viteza este mai mica cu&nbsp;<strong>10km/h<br></strong></p>
<p>In total limita de viteza este mai mica cu <strong>30km/h</strong></p>


                    </div>","https://scoaladrpciv.ro/intrebari/categoria-e/viteza-si-distanta-intre-vehicule"
"1790577089-48","https://scoaladrpciv.ro/intrebari/categoria-e","Dacă conduci un autovehicul din categoria C care tractează o remorcă, cu cât este mai mică limita de viteză pe drumurile publice?","A - 10 km/h","","","B - 20 km/h","C - 30 km/h","https://scoaladrpciv.ro/intrebare/daca-conduci-un-autovehicul-din-categoria-c-care-tracteaza-o-remorca-cu-cat-este-mai-mica-limita-de-viteza-pe-drumurile-publice-dc7b","","<div class="""">
                        <h4>Articolul 50</h4><p>(1)&nbsp;&nbsp; Vitezele maxime admise în afara localităților pentru categoriile de autovehicule prevăzute în anexa nr. 1 sunt următoarele:</p><ul><li>a)&nbsp;&nbsp;&nbsp;130 km/h pe autostrăzi, 120 km/h pe drumurile expres, 100 km/h pe drumurile naționale europene (E) și 90 km/h pe celelalte categorii de drumuri, pentru autovehiculele din categoriile A și B;</li><li>b)&nbsp;&nbsp;&nbsp;110 km/h pe autostrăzi, 100 km/h pe drumurile expres, 90 km/h pe drumurile naționale europene (E) și 80 km/h pe celelalte categorii de drumuri, pentru autovehiculele din categoriile C, D și categoria D1;</li><li>c)&nbsp;&nbsp;&nbsp;90 km/h pe autostrăzi, 85 km/h pe drumuri expres, 80 km/h pe drumurile naționale europene (E) și 70 km/h pentru celelalte categorii de drumuri, pentru autovehiculele din categoriile A1, B1 și C1;</li><li>d)&nbsp; 45 km/h, pentru tractoarele agricole sau forestiere și mopede.</li></ul><p><span style=""background-color:hsl(60, 75%, 60%);"">(2)&nbsp; Viteza maximă admisă în afara localităților pentru autovehiculele care tractează remorci sau semiremorci este cu 10 km/h mai mică decât viteza maximă admisă pentru categoria din care face parte autovehiculul trăgător.</span></p><p style=""margin-left:0cm;text-align:justify;"">(3)&nbsp;&nbsp; Viteza maximă admisă pentru autovehicule cu mase și/sau gabarite depășite ori care transportă produse periculoase este de 40 km/h în localități, iar în afara localităților de 70 km/h.</p><p>(4)&nbsp;&nbsp;Viteza maximă admisă în afara localităților pentru autovehiculele ai căror conducători au mai puțin de un an practică de conducere sau pentru persoanele care efectuează pregătirea practică în vederea obținerii permisului de conducere este cu 20 km/h mai mică decât viteza maximă admisă pentru categoria din care fac parte autovehiculele conduse.</p>


                    </div>","https://scoaladrpciv.ro/intrebari/categoria-e/viteza-si-distanta-intre-vehicule"
"1790577091-49","https://scoaladrpciv.ro/intrebari/categoria-e","Autovehiculele cu remorca pot circula in localitati, in zona drumurilor cu denivelari semnalizate  ca atare, cu o viteza mai mare de 30 km/h?","A - nu","","","B - da, daca drumul permite","C - da, daca in zona respectiva nu sunt pietoni.","https://scoaladrpciv.ro/intrebare/autovehiculele-cu-remorca-pot-circula-in-localitati-in-zona-drumurilor-cu-denivelari-semnalizate-ca-atare-cu-o-viteza-mai-mare-de-30-km-h-2925","","<div class="""">
                        <p><strong>Articolul 123</strong></p><p style=""margin-left:0px;text-align:justify;""><span style=""color:rgb(68,68,68);"">Conducătorul de vehicul este obligat să circule cu o viteză care să nu depăşească 30 km/h în localităţi sau 50 km/h în afara localităţilor, în următoarele situaţii:</span></p><p style=""margin-left:0px;text-align:justify;""><span style=""color:rgb(34,34,34);""><strong>a)</strong></span><span style=""color:rgb(68,68,68);""> la trecerea prin intersecţiile cu circulaţie nedirijată;</span></p><p style=""margin-left:0px;text-align:justify;""><span style=""color:rgb(34,34,34);""><strong>b)</strong></span><span style=""color:rgb(68,68,68);""> în curbe deosebit de periculoase semnalizate ca atare sau în care vizibilitatea este mai mică de 50 m;</span></p><p style=""margin-left:0px;text-align:justify;""><span style=""color:rgb(34,34,34);""><strong>c)</strong></span><span style=""color:rgb(68,68,68);""> la trecerea pe lângă grupuri organizate, coloane militare sau cortegii, indiferent dacă acestea se află în mers sau staţionează pe partea carosabilă a drumurilor cu o singură bandă de circulaţie pe sens;</span></p><p style=""margin-left:0px;text-align:justify;""><span style=""color:rgb(34,34,34);""><strong>d)</strong></span><span style=""color:rgb(68,68,68);""> la trecerea pe lângă animale care sunt conduse pe partea carosabilă sau pe acostament;</span></p><p style=""margin-left:0px;text-align:justify;""><span style=""color:rgb(34,34,34);""><strong>e)</strong></span><span style=""color:rgb(68,68,68);""> când partea carosabilă este acoperită cu polei, gheaţă, zăpadă bătătorită, mâzgă sau piatră cubică umedă;</span></p><p style=""margin-left:0px;text-align:justify;""><span style=""background-color:hsl(60, 75%, 60%);color:rgb(34,34,34);""><strong>f)</strong></span><span style=""background-color:hsl(60, 75%, 60%);""> pe drumuri cu denivelări, semnalizate ca atare;</span></p>


                    </div>","https://scoaladrpciv.ro/intrebari/categoria-e/viteza-si-distanta-intre-vehicule"
"1790577094-50","https://scoaladrpciv.ro/intrebari/categoria-e","Atunci când conduci pe un drum judeţean un autovehicul din categoria C, care tractează o remorcă, viteza maximă admisă este de:","A - 70 km/h;","","","B - 90 km/h;","C - 80 km/h.","https://scoaladrpciv.ro/intrebare/atunci-cand-conduci-pe-un-drum-judetean-un-autovehicul-din-categoria-c-care-tracteaza-o-remorca-viteza-maxima-admisa-este-de-f016","","<div class="""">
                        <p><strong>Articolul 50&nbsp;</strong></p>
<p>(1) Vitezele maxime admise în afara localităților pentru categoriile de autovehicule prevăzute în anexa nr. 1 sunt următoarele:&nbsp;</p>
<ul>
<li>a) 130 km/h pe autostrăzi, 120 km/h pe drumurile expres, 100 km/h pe drumurile naționale europene (E) și 90 km/h pe celelalte categorii de drumuri, pentru autovehiculele din categoriile A și B;&nbsp;</li>
<li><span style=""background-color: hsl(60,75%,60%);"">b) 110 km/h pe autostrăzi, 100 km/h pe drumurile expres, 90 km/h pe drumurile naționale europene (E) și 80 km/h pe celelalte categorii de drumuri, pentru autovehiculele din categoriile C, D și categoria D1;&nbsp;</span></li>
<li>c) 90 km/h pe autostrăzi, 85 km/h pe drumuri expres, 80 km/h pe drumurile naționale europene (E) și 70 km/h pentru celelalte categorii de drumuri, pentru autovehiculele din categoriile A1, B1 și C1;&nbsp;</li>
<li>d) 45 km/h, pentru tractoarele agricole sau forestiere și mopede.</li>
</ul>
<p><span style=""background-color: hsl(60,75%,60%);"">(2) Viteza maximă admisă în afara localităților pentru autovehiculele care tractează remorci sau semiremorci este cu 10 km/h mai mică decât viteza maximă admisă pentru categoria din care face parte autovehiculul trăgător</span></p>


                    </div>","https://scoaladrpciv.ro/intrebari/categoria-e/viteza-si-distanta-intre-vehicule"
"1790577096-51","https://scoaladrpciv.ro/intrebari/categoria-e","Atunci cand conduci pe o autostrada un autovehicul din categoria C, care tracteaza o remorca, viteza maxima admisa este de:","B - 100 km/h","","","A - 90 km/h","C - 110 km/h.","https://scoaladrpciv.ro/intrebare/atunci-cand-conduci-pe-o-autostrada-un-autovehicul-din-categoria-c-care-tracteaza-o-remorca-viteza-maxima-admisa-este-de-d78d","","<div class="""">
                        <p><strong>Articolul 50&nbsp;</strong></p><p>(1) Vitezele maxime admise în afara localităților pentru categoriile de autovehicule prevăzute în anexa nr. 1 sunt următoarele:&nbsp;</p><ul><li>a) 130 km/h pe autostrăzi, 120 km/h pe drumurile expres, 100 km/h pe drumurile naționale europene (E) și 90 km/h pe celelalte categorii de drumuri, pentru autovehiculele din categoriile A și B;&nbsp;</li><li><span style=""background-color:hsl(60,75%,60%);"">b) 110 km/h pe autostrăzi, 100 km/h pe drumurile expres, 90 km/h pe drumurile naționale europene (E) și 80 km/h pe celelalte categorii de drumuri, pentru autovehiculele din categoriile C, D și categoria D1;&nbsp;</span></li><li>c) 90 km/h pe autostrăzi, 85 km/h pe drumuri expres, 80 km/h pe drumurile naționale europene (E) și 70 km/h pentru celelalte categorii de drumuri, pentru autovehiculele din categoriile A1, B1 și C1;&nbsp;</li><li>d) 45 km/h, pentru tractoarele agricole sau forestiere și mopede.</li></ul><p><span style=""background-color:hsl(60,75%,60%);"">(2) Viteza maximă admisă în afara localităților pentru autovehiculele care tractează remorci sau semiremorci este cu 10 km/h mai mică decât viteza maximă admisă pentru categoria din care face parte autovehiculul trăgător</span></p>


                    </div>","https://scoaladrpciv.ro/intrebari/categoria-e/viteza-si-distanta-intre-vehicule"
"1790577098-52","https://scoaladrpciv.ro/intrebari/categoria-e","Atunci când conduci un autovehicul din categoria C, care tractează o remorcă, pe drumuri naţionale europene (E), viteza maximă admisă este de:","A - 80 km/h;","","","B - 70 km/h;","C - 90 km/h.","https://scoaladrpciv.ro/intrebare/atunci-cand-conduci-un-autovehicul-din-categoria-c-care-tracteaza-o-remorca-pe-drumuri-nationale-europene-e-viteza-maxima-admisa-este-de-4e44","","<div class="""">
                        <p><strong>Articolul 50&nbsp;</strong></p><p>(1) Vitezele maxime admise în afara localităților pentru categoriile de autovehicule prevăzute în anexa nr. 1 sunt următoarele:&nbsp;</p><ul><li>a) 130 km/h pe autostrăzi, 120 km/h pe drumurile expres, 100 km/h pe drumurile naționale europene (E) și 90 km/h pe celelalte categorii de drumuri, pentru autovehiculele din categoriile A și B;&nbsp;</li><li><span style=""background-color:hsl(60, 75%, 60%);"">b) 110 km/h pe autostrăzi, 100 km/h pe drumurile expres, 90 km/h pe drumurile naționale europene (E) și 80 km/h pe celelalte categorii de drumuri, pentru autovehiculele din categoriile C, D și categoria D1;&nbsp;</span></li><li>c) 90 km/h pe autostrăzi, 85 km/h pe drumuri expres, 80 km/h pe drumurile naționale europene (E) și 70 km/h pentru celelalte categorii de drumuri, pentru autovehiculele din categoriile A1, B1 și C1;&nbsp;</li><li>d) 45 km/h, pentru tractoarele agricole sau forestiere și mopede.</li></ul><p><span style=""background-color:hsl(60, 75%, 60%);"">(2) Viteza maximă admisă în afara localităților pentru autovehiculele care tractează remorci sau semiremorci este cu 10 km/h mai mică decât viteza maximă admisă pentru categoria din care face parte autovehiculul trăgător</span></p>


                    </div>","https://scoaladrpciv.ro/intrebari/categoria-e/viteza-si-distanta-intre-vehicule"
"1790577103-53","https://scoaladrpciv.ro/intrebari/categoria-e","Manevra de ocolire, prin schimbarea directiei de mers, a unui obstacol aflat pe sensul tau de circulatie, urmata de revenirea pe acelasi sens, constitue:","A - depasire","","","B - ocolire","C - situatie de urgenta.","https://scoaladrpciv.ro/intrebare/manevra-de-ocolire-prin-schimbarea-directiei-de-mers-a-unui-obstacol-aflat-pe-sensul-tau-de-circulatie-urmata-de-revenirea-pe-acelasi-sens-constitue-e8f1","","<div class="""">
                        <p>Articolul 45</p><p><span style=""background-color:hsl(60, 75%, 60%);"">&nbsp;(1) Depășirea este manevra prin care un vehicul trece înaintea altui vehicul ori pe lângă un obstacol, aflat pe același sens de circulație, prin schimbarea direcției de mers și ieșirea de pe banda de circulație sau din șirul de vehicule în care s-a aflat inițial.&nbsp;</span></p><p>(2) Conducătorul vehiculului care se angajează în depășire trebuie să se asigure că vehiculul care circulă în fața sau în spatele lui nu a inițiat o asemenea manevră.</p><p>&nbsp;(3) Atunci când prin manevra de depășire se trece peste axa care separa sensurile de circulație, conducătorii de vehicule trebuie să se asigure că din sens opus nu se apropie un vehicul și că dispun de spațiu suficient pentru a reintra pe banda inițială, unde au obligația să revină după efectuarea manevrei de depășire.</p><p>&nbsp;(4) Nu constituie depășire, în sensul alin. (1), situația în care un vehicul circulă mai repede pe una dintre benzi decât vehiculele care circulă pe altă bandă în același sens de circulație.&nbsp;</p><p>(5) Depășirea se efectuează numai pe partea stângă a vehiculului depășit. Tramvaiul sau vehiculul al cărui conducător a semnalizat intenția și s-a încadrat corespunzător părăsirii sensului de mers spre stânga se depășește prin partea dreapta.&nbsp;</p><p>(6) Tramvaiul aflat în mers poate fi depășit și pe partea stângă atunci când drumul este cu sens unic sau când între șina din dreapta și marginea trotuarului nu există spațiu suficient.</p>


                    </div>","https://scoaladrpciv.ro/intrebari/categoria-e/depasirea"
"1790577105-54","https://scoaladrpciv.ro/intrebari/categoria-e","Cum trebuie sa procedezi inainte de a te angaja intr-o depasire, daca tractezi o remorca?","C - te asiguri ca autovehiculul care circula in fata sau in spatele tau nu a initiat o astfel de manevra.","","","A - semnalizezi si te apropii cat mai mult de cel pe care intentionezi sa il depasesti","B - il avertizezi sonor si optic pe conducatorul auto pe care intentionezi sa il depasesti","https://scoaladrpciv.ro/intrebare/cum-trebuie-sa-procedezi-inainte-de-a-te-angaja-intr-o-depasire-daca-tractezi-o-remorca-7ec9","","<div class="""">
                        <p>Articolul 118<br><span style=""color:rgb(68,68,68);"">Conducătorul de vehicul care efectuează depăşirea este obligat:</span></p><p style=""margin-left:0px;text-align:justify;""><span style=""background-color:hsl(60, 75%, 60%);color:rgb(34,34,34);""><strong>a)</strong></span><span style=""background-color:hsl(60, 75%, 60%);""> să se asigure că acela care îl urmează sau îl precedă nu a semnalizat intenţia începerii unei manevre similare şi că poate depăşi fără a pune în pericol sau fără a stânjeni circulaţia din sens opus;</span></p>


                    </div>","https://scoaladrpciv.ro/intrebari/categoria-e/depasirea"
"1790577108-55","https://scoaladrpciv.ro/intrebari/categoria-e","In care dintre cele trei situatii depasirea este interzisa, daca esti conducatorul unui autovehicul cu remorca?","C - pe drumul unde sensurile de circulatie sunt despartite prin marcaj longitudinal continuu, iar pentru depasire ar fi necesara incalcarea acestuia.","","","A - pe drumul unde sensurile de circulatie sunt despartite prin marcaj discontinuu","B - pe drumul cu o singura banda pe sens","https://scoaladrpciv.ro/intrebare/in-care-dintre-cele-trei-situatii-depasirea-este-interzisa-daca-esti-conducatorul-unui-autovehicul-cu-remorca-1f91","","<div class="""">
                        <p><strong>Articolul 120</strong></p><p style=""margin-left:0px;text-align:justify;""><span style=""color:rgb(34,34,34);""><strong>(1)</strong></span> Se interzice depăşirea vehiculelor:</p><p style=""margin-left:0px;text-align:justify;""><span style=""color:rgb(34,34,34);""><strong>a)</strong></span> în intersecţii cu circulaţia nedirijată;</p><p style=""margin-left:0px;text-align:justify;""><span style=""color:rgb(34,34,34);""><strong>b)</strong></span><span style=""color:rgb(68,68,68);""> în apropierea vârfurilor de rampă, când vizibilitatea este redusă sub 50 m;</span></p><p style=""margin-left:0px;text-align:justify;""><span style=""color:rgb(34,34,34);""><strong>c)</strong></span> în curbe şi în orice alte locuri unde vizibilitatea este redusă sub 50 m;</p><p style=""margin-left:0px;text-align:justify;""><span style=""color:rgb(34,34,34);""><strong>d)</strong></span> pe pasaje denivelate, pe poduri, sub poduri şi în tuneluri. Prin excepţie, pot fi depăşite în aceste locuri vehiculele cu tracţiune animală, motocicletele fără ataş, mopedele şi bicicletele, dacă vizibilitatea asupra drumului este asigurată pe o distanţă mai mare de 20 m, iar lăţimea drumului este de cel puţin 7 m;</p><p style=""margin-left:0px;text-align:justify;""><span style=""color:rgb(34,34,34);""><strong>e)</strong></span> pe trecerile pentru pietoni semnalizate prin indicatoare şi marcaje;</p><p style=""margin-left:0px;text-align:justify;""><span style=""color:rgb(34,34,34);""><strong>f)</strong></span><span style=""color:rgb(68,68,68);""> pe trecerile la nivel cu calea ferată curentă şi la mai puţin de 50 m înainte de acestea;</span></p><p style=""margin-left:0px;text-align:justify;""><span style=""color:rgb(34,34,34);""><strong>g)</strong></span><span style=""color:rgb(68,68,68);""> în dreptul staţiei pentru tramvai, atunci când acesta este oprit, iar staţia nu este prevăzută cu refugiu pentru pietoni;</span></p><p style=""margin-left:0px;text-align:justify;""><span style=""color:rgb(34,34,34);""><strong>h)</strong></span> în zona de acţiune a indicatorului ""Depăşirea interzisă"";</p><p style=""margin-left:0px;text-align:justify;""><span style=""background-color:hsl(60, 75%, 60%);color:rgb(34,34,34);""><strong>i)</strong></span><span style=""background-color:hsl(60, 75%, 60%);""> când pentru efectuarea manevrei se încalcă marcajul continuu, simplu sau dublu, care desparte sensurile de mers, iar autovehiculul circulă, chiar şi parţial, pe sensul opus, ori se încalcă marcajul care delimitează spaţiul de interzicere;</span></p><p style=""margin-left:0px;text-align:justify;""><span style=""color:rgb(34,34,34);""><strong>j)</strong></span> când din sens opus se apropie un alt vehicul, iar conducătorul acestuia este obligat să efectueze manevre de evitare a coliziunii;</p><p style=""margin-left:0px;text-align:justify;""><span style=""color:rgb(34,34,34);""><strong>k)</strong></span> pe sectorul de drum unde s-a format o coloană de vehicule în aşteptare, dacă prin aceasta se intră pe sensul opus de circulaţie.</p><p style=""margin-left:0px;text-align:justify;""><span style=""color:rgb(34,34,34);""><strong>(2)</strong></span><span style=""color:rgb(68,68,68);""> Se interzice depăşirea coloanei oficiale.</span></p>


                    </div>","https://scoaladrpciv.ro/intrebari/categoria-e/depasirea"
"1790577110-56","https://scoaladrpciv.ro/intrebari/categoria-e","Se consideră depăşire faptul că te deplasezi pe un drum public cu mai multe benzi de circulaţie, cu o viteză mai mare decât cea a vehiculelor de pe celelalte benzi?","C - nu.","","","A - da, dacă circuli pe banda din dreapta;","B - da, dacă circuli pe banda din stânga;","https://scoaladrpciv.ro/intrebare/se-considera-depasire-faptul-ca-te-deplasezi-pe-un-drum-public-cu-mai-multe-benzi-de-circulatie-cu-o-viteza-mai-mare-decat-cea-a-vehiculelor-de-pe-celelalte-benzi-38d9","","<div class="""">
                        <p>Articolul 45</p><p>&nbsp;(1) Depășirea este manevra prin care un vehicul trece înaintea altui vehicul ori pe lângă un obstacol, aflat pe același sens de circulație, prin schimbarea direcției de mers și ieșirea de pe banda de circulație sau din șirul de vehicule în care s-a aflat inițial.&nbsp;</p><p>(2) Conducătorul vehiculului care se angajează în depășire trebuie să se asigure că vehiculul care circulă în fața sau în spatele lui nu a inițiat o asemenea manevră.</p><p>&nbsp;(3) Atunci când prin manevra de depășire se trece peste axa care separa sensurile de circulație, conducătorii de vehicule trebuie să se asigure că din sens opus nu se apropie un vehicul și că dispun de spațiu suficient pentru a reintra pe banda inițială, unde au obligația să revină după efectuarea manevrei de depășire.</p><p><span style=""background-color:hsl(60, 75%, 60%);"">&nbsp;(4) Nu constituie depășire, în sensul alin. (1), situația în care un vehicul circulă mai repede pe una dintre benzi decât vehiculele care circulă pe altă bandă în același sens de circulație.&nbsp;</span></p><p>(5) Depășirea se efectuează numai pe partea stângă a vehiculului depășit. Tramvaiul sau vehiculul al cărui conducător a semnalizat intenția și s-a încadrat corespunzător părăsirii sensului de mers spre stânga se depășește prin partea dreapta.&nbsp;</p><p>(6) Tramvaiul aflat în mers poate fi depășit și pe partea stângă atunci când drumul este cu sens unic sau când între șina din dreapta și marginea trotuarului nu există spațiu suficient.</p>


                    </div>","https://scoaladrpciv.ro/intrebari/categoria-e/depasirea"
"1790577112-57","https://scoaladrpciv.ro/intrebari/categoria-e","Conduci un autovehicul cu remorca. Cum se efectueaza, de regula, depasirea?","C - pe partea stanga.","","","A - pe partea dreapta, daca exista banda de refugiu","B - pe partea dreapta, pentru vehiculele avand o latime maxima de 2 m","https://scoaladrpciv.ro/intrebare/conduci-un-autovehicul-cu-remorca-cum-se-efectueaza-de-regula-depasirea-fadc","","<div class="""">
                        <p>Articolul 45</p><p>&nbsp;(1) Depășirea este manevra prin care un vehicul trece înaintea altui vehicul ori pe lângă un obstacol, aflat pe același sens de circulație, prin schimbarea direcției de mers și ieșirea de pe banda de circulație sau din șirul de vehicule în care s-a aflat inițial.&nbsp;</p><p>(2) Conducătorul vehiculului care se angajează în depășire trebuie să se asigure că vehiculul care circulă în fața sau în spatele lui nu a inițiat o asemenea manevră.</p><p>&nbsp;(3) Atunci când prin manevra de depășire se trece peste axa care separa sensurile de circulație, conducătorii de vehicule trebuie să se asigure că din sens opus nu se apropie un vehicul și că dispun de spațiu suficient pentru a reintra pe banda inițială, unde au obligația să revină după efectuarea manevrei de depășire.</p><p>&nbsp;(4) Nu constituie depășire, în sensul alin. (1), situația în care un vehicul circulă mai repede pe una dintre benzi decât vehiculele care circulă pe altă bandă în același sens de circulație.&nbsp;</p><p><span style=""background-color:hsl(60, 75%, 60%);"">(5) Depășirea se efectuează numai pe partea stângă a vehiculului depășit. Tramvaiul sau vehiculul al cărui conducător a semnalizat intenția și s-a încadrat corespunzător părăsirii sensului de mers spre stânga se depășește prin partea dreapta.&nbsp;</span></p><p>(6) Tramvaiul aflat în mers poate fi depășit și pe partea stângă atunci când drumul este cu sens unic sau când între șina din dreapta și marginea trotuarului nu există spațiu suficient.</p>


                    </div>","https://scoaladrpciv.ro/intrebari/categoria-e/depasirea"
"1790577114-58","https://scoaladrpciv.ro/intrebari/categoria-e","Pe un pod pot fi depăşite, prin excepţie, următoarele vehicule:","A - căruţele, motocicletele fără ataş şi bicicletele;","","","B - tractoarele, precum şi alte autovehicule lente;","C - niciun vehicul.","https://scoaladrpciv.ro/intrebare/pe-un-pod-pot-fi-depasite-prin-exceptie-urmatoarele-vehicule-5ab3","","<div class="""">
                        <p><strong>Articolul 120</strong></p><p style=""margin-left:0px;text-align:justify;""><span style=""color:rgb(34,34,34);""><strong>(1)</strong></span> Se interzice depăşirea vehiculelor:</p><p style=""margin-left:0px;text-align:justify;""><span style=""color:rgb(34,34,34);""><strong>a)</strong></span> în intersecţii cu circulaţia nedirijată;</p><p style=""margin-left:0px;text-align:justify;""><span style=""color:rgb(34,34,34);""><strong>b)</strong></span><span style=""color:rgb(68,68,68);""> în apropierea vârfurilor de rampă, când vizibilitatea este redusă sub 50 m;</span></p><p style=""margin-left:0px;text-align:justify;""><span style=""color:rgb(34,34,34);""><strong>c)</strong></span> în curbe şi în orice alte locuri unde vizibilitatea este redusă sub 50 m;</p><p style=""margin-left:0px;text-align:justify;""><span style=""background-color:hsl(60, 75%, 60%);color:rgb(34,34,34);""><strong>d)</strong></span><span style=""background-color:hsl(60, 75%, 60%);""> pe pasaje denivelate, pe poduri, sub poduri şi în tuneluri. Prin excepţie, pot fi depăşite în aceste locuri vehiculele cu tracţiune animală, motocicletele fără ataş, mopedele şi bicicletele, dacă vizibilitatea asupra drumului este asigurată pe o distanţă mai mare de 20 m, iar lăţimea drumului este de cel puţin 7 m;</span></p><p style=""margin-left:0px;text-align:justify;""><span style=""color:rgb(34,34,34);""><strong>e)</strong></span> pe trecerile pentru pietoni semnalizate prin indicatoare şi marcaje;</p><p style=""margin-left:0px;text-align:justify;""><span style=""color:rgb(34,34,34);""><strong>f)</strong></span><span style=""color:rgb(68,68,68);""> pe trecerile la nivel cu calea ferată curentă şi la mai puţin de 50 m înainte de acestea;</span></p><p style=""margin-left:0px;text-align:justify;""><span style=""color:rgb(34,34,34);""><strong>g)</strong></span><span style=""color:rgb(68,68,68);""> în dreptul staţiei pentru tramvai, atunci când acesta este oprit, iar staţia nu este prevăzută cu refugiu pentru pietoni;</span></p><p style=""margin-left:0px;text-align:justify;""><span style=""color:rgb(34,34,34);""><strong>h)</strong></span> în zona de acţiune a indicatorului ""Depăşirea interzisă"";</p><p style=""margin-left:0px;text-align:justify;""><span style=""color:rgb(34,34,34);""><strong>i)</strong></span> când pentru efectuarea manevrei se încalcă marcajul continuu, simplu sau dublu, care desparte sensurile de mers, iar autovehiculul circulă, chiar şi parţial, pe sensul opus, ori se încalcă marcajul care delimitează spaţiul de interzicere;</p><p style=""margin-left:0px;text-align:justify;""><span style=""color:rgb(34,34,34);""><strong>j)</strong></span> când din sens opus se apropie un alt vehicul, iar conducătorul acestuia este obligat să efectueze manevre de evitare a coliziunii;</p><p style=""margin-left:0px;text-align:justify;""><span style=""color:rgb(34,34,34);""><strong>k)</strong></span> pe sectorul de drum unde s-a format o coloană de vehicule în aşteptare, dacă prin aceasta se intră pe sensul opus de circulaţie.</p><p style=""margin-left:0px;text-align:justify;""><span style=""color:rgb(34,34,34);""><strong>(2)</strong></span><span style=""color:rgb(68,68,68);""> Se interzice depăşirea coloanei oficiale.</span></p>


                    </div>","https://scoaladrpciv.ro/intrebari/categoria-e/depasirea"
"1790577117-59","https://scoaladrpciv.ro/intrebari/categoria-e","Se poate angaja conducatorul unui autovehicul cu remorca in depasirea unei carute aflate in traversarea trecerii la nivel cu o cale ferata fara bariere?","C - nu, depasirea este interzisa in aceasta situatie.","","","A - da, in cazul cand nu se apropie trenul","B - da, intrucat caruta se deplaseaza cu viteza redusa","https://scoaladrpciv.ro/intrebare/se-poate-angaja-conducatorul-unui-autovehicul-cu-remorca-in-depasirea-unei-carute-aflate-in-traversarea-trecerii-la-nivel-cu-o-cale-ferata-fara-bariere-8891","","<div class="""">
                        <p><strong>Articolul 120</strong></p><p style=""margin-left:0px;text-align:justify;""><span style=""color:rgb(34,34,34);""><strong>(1)</strong></span> Se interzice depăşirea vehiculelor:</p><p style=""margin-left:0px;text-align:justify;""><span style=""color:rgb(34,34,34);""><strong>a)</strong></span> în intersecţii cu circulaţia nedirijată;</p><p style=""margin-left:0px;text-align:justify;""><span style=""color:rgb(34,34,34);""><strong>b)</strong></span><span style=""color:rgb(68,68,68);""> în apropierea vârfurilor de rampă, când vizibilitatea este redusă sub 50 m;</span></p><p style=""margin-left:0px;text-align:justify;""><span style=""color:rgb(34,34,34);""><strong>c)</strong></span> în curbe şi în orice alte locuri unde vizibilitatea este redusă sub 50 m;</p><p style=""margin-left:0px;text-align:justify;""><span style=""color:rgb(34,34,34);""><strong>d)</strong></span> pe pasaje denivelate, pe poduri, sub poduri şi în tuneluri. Prin excepţie, pot fi depăşite în aceste locuri vehiculele cu tracţiune animală, motocicletele fără ataş, mopedele şi bicicletele, dacă vizibilitatea asupra drumului este asigurată pe o distanţă mai mare de 20 m, iar lăţimea drumului este de cel puţin 7 m;</p><p style=""margin-left:0px;text-align:justify;""><span style=""color:rgb(34,34,34);""><strong>e)</strong></span> pe trecerile pentru pietoni semnalizate prin indicatoare şi marcaje;</p><p style=""margin-left:0px;text-align:justify;""><span style=""background-color:hsl(60, 75%, 60%);color:rgb(34,34,34);""><strong>f)</strong></span><span style=""background-color:hsl(60, 75%, 60%);color:rgb(68,68,68);""> pe trecerile la nivel cu calea ferată curentă şi la mai puţin de 50 m înainte de acestea;</span></p><p style=""margin-left:0px;text-align:justify;""><span style=""color:rgb(34,34,34);""><strong>g)</strong></span><span style=""color:rgb(68,68,68);""> în dreptul staţiei pentru tramvai, atunci când acesta este oprit, iar staţia nu este prevăzută cu refugiu pentru pietoni;</span></p><p style=""margin-left:0px;text-align:justify;""><span style=""color:rgb(34,34,34);""><strong>h)</strong></span> în zona de acţiune a indicatorului ""Depăşirea interzisă"";</p><p style=""margin-left:0px;text-align:justify;""><span style=""color:rgb(34,34,34);""><strong>i)</strong></span> când pentru efectuarea manevrei se încalcă marcajul continuu, simplu sau dublu, care desparte sensurile de mers, iar autovehiculul circulă, chiar şi parţial, pe sensul opus, ori se încalcă marcajul care delimitează spaţiul de interzicere;</p><p style=""margin-left:0px;text-align:justify;""><span style=""color:rgb(34,34,34);""><strong>j)</strong></span> când din sens opus se apropie un alt vehicul, iar conducătorul acestuia este obligat să efectueze manevre de evitare a coliziunii;</p><p style=""margin-left:0px;text-align:justify;""><span style=""color:rgb(34,34,34);""><strong>k)</strong></span> pe sectorul de drum unde s-a format o coloană de vehicule în aşteptare, dacă prin aceasta se intră pe sensul opus de circulaţie.</p><p style=""margin-left:0px;text-align:justify;""><span style=""color:rgb(34,34,34);""><strong>(2)</strong></span><span style=""color:rgb(68,68,68);""> Se interzice depăşirea coloanei oficiale.</span></p>


                    </div>","https://scoaladrpciv.ro/intrebari/categoria-e/depasirea"
"1790577119-60","https://scoaladrpciv.ro/intrebari/categoria-e","Conducatorul unui autovehicul cu remorca trebuie sa se asigure, inainte de efectuarea unei depasiri:","A - ca din sens opus nu se apropie un alt autovehicul, ca spatiul lateral ii permite trecerea, iar manevra respectiva nu este interzisa","","","B - ca cel depasit a inteles intentia de a fi depasit","C - ca celalalt conducator a redus viteza.","https://scoaladrpciv.ro/intrebare/conducatorul-unui-autovehicul-cu-remorca-trebuie-sa-se-asigure-inainte-de-efectuarea-unei-depasiri-a37f","","<div class="""">
                        <p>Articolul 45<br><span style=""background-color:hsl(60, 75%, 60%);"">(2) Conducătorul vehiculului care se angajează în depășire trebuie să se asigure că vehiculul care circulă în fața sau în spatele lui nu a inițiat o asemenea manevră.</span><br><br><strong>Articolul 118</strong><br><span style=""color:rgb(68,68,68);"">Conducătorul de vehicul care efectuează depăşirea este obligat:</span><br><span style=""background-color:hsl(60, 75%, 60%);color:rgb(34,34,34);""><strong>a)</strong></span><span style=""background-color:hsl(60, 75%, 60%);""> să se asigure că acela care îl urmează sau îl precedă nu a semnalizat intenţia începerii unei manevre similare şi că poate depăşi fără a pune în pericol sau fără a stânjeni circulaţia din sens opus;</span></p>


                    </div>","https://scoaladrpciv.ro/intrebari/categoria-e/depasirea"
"1790577121-61","https://scoaladrpciv.ro/intrebari/categoria-e","Efectuarea depasirii este interzisa?","A - cand depasirea urmeaza sa se efectueze in varfuri de rampa, iar vizibilitatea este redusa sub 50 m","","","B - la mai putin de 50 m de statiile de tramvai, troleibuz sau autobuz","C - pe drumurile publice cu o latime mai mica de 6 m.","https://scoaladrpciv.ro/intrebare/efectuarea-depasirii-este-interzisa-e066","","<div class="""">
                        <p style=""margin-left:0px;text-align:justify;""><strong>Articolul 120</strong></p><p style=""margin-left:0px;text-align:justify;""><span style=""color:rgb(34,34,34);""><strong>(1)</strong></span> Se interzice depăşirea vehiculelor:</p><p style=""margin-left:0px;text-align:justify;""><span style=""color:rgb(34,34,34);""><strong>a)</strong></span> în intersecţii cu circulaţia nedirijată;</p><p style=""margin-left:0px;text-align:justify;""><span style=""background-color:hsl(60, 75%, 60%);color:rgb(34,34,34);""><strong>b)</strong></span><span style=""background-color:hsl(60, 75%, 60%);color:rgb(68,68,68);""> în apropierea vârfurilor de rampă, când vizibilitatea este redusă sub 50 m;</span></p><p style=""margin-left:0px;text-align:justify;""><span style=""color:rgb(34,34,34);""><strong>c)</strong></span> în curbe şi în orice alte locuri unde vizibilitatea este redusă sub 50 m;<br>.<br>.<br>.</p>


                    </div>","https://scoaladrpciv.ro/intrebari/categoria-e/depasirea"
"1790577123-62","https://scoaladrpciv.ro/intrebari/categoria-e","Pe ce parte depasesti un tramvai aflat in mers, daca tractezi o remorca?","A - pe partea dreapta","","","B - pe partea stanga","C - pe ambele parti.","https://scoaladrpciv.ro/intrebare/pe-ce-parte-depasesti-un-tramvai-aflat-in-mers-daca-tractezi-o-remorca-b81e","","<div class="""">
                        <p><strong>Articolul 45</strong></p><p>(1) Depășirea este manevra prin care un vehicul trece înaintea altui vehicul ori pe lângă un obstacol, aflat pe același sens de circulație, prin schimbarea direcției de mers și ieșirea de pe banda de circulație sau din șirul de vehicule în care s-a aflat inițial.&nbsp;</p><p>(2) Conducătorul vehiculului care se angajează în depășire trebuie să se asigure că vehiculul care circulă în fața sau în spatele lui nu a inițiat o asemenea manevră.&nbsp;</p><p>(3) Atunci când prin manevra de depășire se trece peste axa care separa sensurile de circulație, conducătorii de vehicule trebuie să se asigure că din sens opus nu se apropie un vehicul și că dispun de spațiu suficient pentru a reintra pe banda inițială, unde au obligația să revină după efectuarea manevrei de depășire.&nbsp;</p><p>(4) Nu constituie depășire, în sensul alin. (1), situația în care un vehicul circulă mai repede pe una dintre benzi decât vehiculele care circulă pe altă bandă în același sens de circulație.&nbsp;</p><p><span style=""background-color:hsl(60, 75%, 60%);"">(5) Depășirea se efectuează numai pe partea stângă a vehiculului depășit. Tramvaiul sau vehiculul al cărui conducător a semnalizat intenția și s-a încadrat corespunzător părăsirii sensului de mers spre stânga se depășește prin partea dreapta.&nbsp;</span></p><p>(6) Tramvaiul aflat în mers poate fi depășit și pe partea stângă atunci când drumul este cu sens unic sau când între șina din dreapta și marginea trotuarului nu există spațiu suficient.</p>


                    </div>","https://scoaladrpciv.ro/intrebari/categoria-e/depasirea"
"1790577128-63","https://scoaladrpciv.ro/intrebari/categoria-e","Pe ce bandă se desfăşoară transportul de mărfuri pe autostradă, cu autovehicule cu sau fără remorcă?","B - de regulă, numai pe banda marginală din partea dreaptă a autostrăzii, în sensul de mers;","","","A - numai pe banda de urgenţă;","C - numai pe banda a doua în sensul de deplasare.","https://scoaladrpciv.ro/intrebare/pe-ce-banda-se-desfasoara-transportul-de-marfuri-pe-autostrada-cu-autovehicule-cu-sau-fara-remorca-9f97","","<div class="""">
                        <p>Articolul 74&nbsp;</p><p>(1) Pe autostrăzi sau pe drumurile expres este interzisă circulația pietonilor, a autovehiculelor cu gabarite sau mase depășite, fără autorizație specială de transport eliberată de administratorul drumului public, conform reglementărilor în vigoare, a vehiculelor cu tracțiune animală, a animalelor, a vehiculelor trase sau împinse cu mâna, a bicicletelor, trotinetelor electrice și mopedelor, a tractoarelor agricole sau forestiere și a mașinilor autopropulsate pentru lucrări agricole, precum și a vehiculelor care, prin construcție sau din alte cauze, nu pot depăși viteza de 50 km/h.&nbsp;</p><p>(2) De asemenea, pe autostrăzi sau pe drumurile expres sunt interzise învățarea conducerii unui vehicul, încercările prototipurilor de șasiuri și de autovehicule, manifestațiile, defilările, caravanele publicitare, antrenamentele și competițiile sportive de orice fel, precum și cortegiile.&nbsp;</p><p>(3) Se interzice circulația, oprirea sau staționarea autovehiculelor pe banda de urgență sau acostament, cu excepția cazurilor justificate, precum și a autovehiculelor cu regim de circulație prioritar.&nbsp;</p><p><span style=""background-color:hsl(60, 75%, 60%);"">(4) Circulația autovehiculelor destinate transportului public de persoane sau de mărfuri se efectuează, de regulă, numai pe banda marginală din partea dreaptă a autostrăzii sau a drumului expres, în sensul de mers.</span></p>


                    </div>","https://scoaladrpciv.ro/intrebari/categoria-e/pozitia-in-timpul-mersului-si-semnalele-conducatorilor-de-autovehicule"
"1790577130-64","https://scoaladrpciv.ro/intrebari/categoria-e","Atunci cand conducatorii a doua autovehicule circula in aceiasi directie, dar pe benzi diferite, pe un drum public prevazut cu minimum 3 benzi pe sens, si intentioneaza sa se inscrie pe banda libera dintre ei, aceasta banda va fi ocupata de:.","B - autovehiculul care circula pe banda din stanga fata de cel care circula pe banda din dreapta","","","A - autovehiculul care circula pe banda din dreapta fata de cel care circula pe banda din stanga","C - autovehiculul care circula cu viteza maxima admisa pe sectorul de drum respectiv.","https://scoaladrpciv.ro/intrebare/atunci-cand-conducatorii-a-doua-autovehicule-circula-in-aceiasi-directie-dar-pe-benzi-diferite-pe-un-drum-public-prevazut-cu-minimum-3-benzi-pe-sens-si-intentioneaza-sa-se-inscrie-pe-banda-libera-dintre-ei-aceasta-banda-va-fi-ocupata-de-c208","","<div class="""">
                        <p><strong>Articolul 106</strong><br><br><span style=""background-color:hsl(60, 75%, 60%);color:rgb(34,34,34);""><strong>(1)</strong></span><span style=""background-color:hsl(60, 75%, 60%);color:rgb(68,68,68);""> Pe un drum public prevăzut cu minimum 3 benzi pe sens, când conducătorii a două autovehicule circulă în aceeaşi direcţie, dar pe benzi diferite, şi intenţionează să se înscrie pe banda liberă dintre ei, cel care circulă pe banda din dreapta este obligat să permită celui care vine din stânga să ocupe acea bandă.</span></p><p style=""margin-left:0px;text-align:justify;""><span style=""color:rgb(34,34,34);""><strong>(2)</strong></span><span style=""color:rgb(68,68,68);""> Pe drumul public cu mai multe benzi, conducătorii de autovehicule care circulă pe o bandă care se sfârşeşte, pentru a continua deplasarea pe banda din stânga trebuie să permită trecerea vehiculelor care circulă pe acea bandă.</span></p>


                    </div>","https://scoaladrpciv.ro/intrebari/categoria-e/pozitia-in-timpul-mersului-si-semnalele-conducatorilor-de-autovehicule"
"1790577133-65","https://scoaladrpciv.ro/intrebari/categoria-e","Atunci când eşti obligat să semnalizezi că eşti în pană, luminile de avarie pot fi înlocuite astfel:","A - cu o lampă portabilă având lumina galbenă intermitentă instalată în partea din spate a vehiculului;","","","B - prin aprinderea farurilor şi a semnalizatoarelor de pe partea stângă;","C - cu un girofar de culoare roşie, instalat pe capotă.","https://scoaladrpciv.ro/intrebare/atunci-cand-esti-obligat-sa-semnalizezi-ca-esti-in-pana-luminile-de-avarie-pot-fi-inlocuite-astfel-c4b7","","<div class="""">
                        <p style=""margin-left:0px;text-align:justify;"">Articolul 156</p><p style=""margin-left:0px;text-align:justify;""><span style=""color:rgb(34,34,34);""><strong>(1)</strong></span> Dacă un autovehicul sau o remorcă a rămas în pană pe partea carosabilă a drumului şi nu poate fi deplasat/deplasată în afara acesteia, conducătorul autovehiculului este obligat să pună în funcţiune luminile de avarie şi să instaleze triunghiurile reflectorizante.</p><p style=""margin-left:0px;text-align:justify;""><span style=""color:rgb(34,34,34);""><strong>(2)</strong></span><span style=""color:rgb(68,68,68);""> Triunghiurile reflectorizante se instalează în faţa şi în spatele vehiculului, pe aceeaşi bandă de circulaţie, la o distanţă de cel puţin 30 m de acesta, astfel încât să poată fi observate din timp de către participanţii la trafic care se apropie. În localităţi, atunci când circulaţia este intensă, triunghiurile reflectorizante pot fi aşezate la o distanţă mai mică sau chiar pe vehicul, astfel încât să poată fi observate din timp de ceilalţi conducători de vehicule.</span></p><p style=""margin-left:0px;text-align:justify;""><span style=""background-color:hsl(60, 75%, 60%);color:rgb(34,34,34);""><strong>(3)</strong></span><span style=""background-color:hsl(60, 75%, 60%);color:rgb(68,68,68);""> Dacă vehiculul nu este dotat cu lumini de avarie sau acestea sunt defecte, conducătorul poate folosi, pe timpul nopţii ori în condiţii de vizibilitate redusă, o lampă portativă cu lumina galbenă intermitentă, care se instalează la partea din spate a vehiculului.</span></p><p style=""margin-left:0px;text-align:justify;""><span style=""color:rgb(34,34,34);""><strong>(4)</strong></span><span style=""color:rgb(68,68,68);""> Se interzice folosirea triunghiurilor reflectorizante ori a luminilor de avarie în mod nejustificat sau pentru a simula o rămânere în pană în locurile unde oprirea ori staţionarea este interzisă.</span></p>


                    </div>","https://scoaladrpciv.ro/intrebari/categoria-e/pozitia-in-timpul-mersului-si-semnalele-conducatorilor-de-autovehicule"
"1790577135-66","https://scoaladrpciv.ro/intrebari/categoria-e","Atunci cand ansamblul vehicul-remorca ramane in pana in localitati si circulatia este intensa, triunghiurile reflectorizante se instaleaza:","A - la o distanta mai mica de 30 m sau direct pe vehicul, astfel incat sa poata fi observate din  timp de catre ceilalti participanti la trafic","","","B - pe carosabil, insotite de un fanion de culoare rosie","C - nu se instaleaza, pentru a nu fi un obstacol periculos pentru ceilalti participanti la trafic.","https://scoaladrpciv.ro/intrebare/atunci-cand-ansamblul-vehicul-remorca-ramane-in-pana-in-localitati-si-circulatia-este-intensa-triunghiurile-reflectorizante-se-instaleaza-e032","","<div class="""">
                        <p style=""margin-left:0px;text-align:justify;"">Articolul 156</p><p style=""margin-left:0px;text-align:justify;""><span style=""color:rgb(34,34,34);""><strong>(1)</strong></span> Dacă un autovehicul sau o remorcă a rămas în pană pe partea carosabilă a drumului şi nu poate fi deplasat/deplasată în afara acesteia, conducătorul autovehiculului este obligat să pună în funcţiune luminile de avarie şi să instaleze triunghiurile reflectorizante.</p><p style=""margin-left:0px;text-align:justify;""><span style=""background-color:hsl(60,75%,60%);color:rgb(34,34,34);""><strong>(2)</strong></span><span style=""background-color:hsl(60,75%,60%);color:rgb(68,68,68);""> Triunghiurile reflectorizante se instalează în faţa şi în spatele vehiculului, pe aceeaşi bandă de circulaţie, la o distanţă de cel puţin 30 m de acesta, astfel încât să poată fi observate din timp de către participanţii la trafic care se apropie. În localităţi, atunci când circulaţia este intensă, triunghiurile reflectorizante pot fi aşezate la o distanţă mai mică sau chiar pe vehicul, astfel încât să poată fi observate din timp de ceilalţi conducători de vehicule.</span></p><p style=""margin-left:0px;text-align:justify;""><span style=""color:rgb(34,34,34);""><strong>(3)</strong></span><span style=""color:rgb(68,68,68);""> Dacă vehiculul nu este dotat cu lumini de avarie sau acestea sunt defecte, conducătorul poate folosi, pe timpul nopţii ori în condiţii de vizibilitate redusă, o lampă portativă cu lumina galbenă intermitentă, care se instalează la partea din spate a vehiculului.</span></p><p style=""margin-left:0px;text-align:justify;""><span style=""color:rgb(34,34,34);""><strong>(4)</strong></span><span style=""color:rgb(68,68,68);""> Se interzice folosirea triunghiurilor reflectorizante ori a luminilor de avarie în mod nejustificat sau pentru a simula o rămânere în pană în locurile unde oprirea ori staţionarea este interzisă.</span></p>


                    </div>","https://scoaladrpciv.ro/intrebari/categoria-e/pozitia-in-timpul-mersului-si-semnalele-conducatorilor-de-autovehicule"
"1790577137-67","https://scoaladrpciv.ro/intrebari/categoria-e","Atunci cand ansamblul vehicul-remorca ramane in pana, triunghiurile reflectorizante se instaleaza:","C - in fata si in spatele vehiculului, la o distanta de 30 m","","","A - in spatele vehiculului, la o distanta de 30 m","B - in fata vehiculului, la o distanta de 50 m","https://scoaladrpciv.ro/intrebare/atunci-cand-ansamblul-vehicul-remorca-ramane-in-pana-triunghiurile-reflectorizante-se-instaleaza-493e","","<div class="""">
                        <p style=""margin-left:0px;text-align:justify;"">Articolul 156</p><p style=""margin-left:0px;text-align:justify;""><span style=""color:rgb(34,34,34);""><strong>(1)</strong></span> Dacă un autovehicul sau o remorcă a rămas în pană pe partea carosabilă a drumului şi nu poate fi deplasat/deplasată în afara acesteia, conducătorul autovehiculului este obligat să pună în funcţiune luminile de avarie şi să instaleze triunghiurile reflectorizante.</p><p style=""margin-left:0px;text-align:justify;""><span style=""background-color:hsl(60, 75%, 60%);color:rgb(34,34,34);""><strong>(2)</strong></span><span style=""background-color:hsl(60, 75%, 60%);color:rgb(68,68,68);""> Triunghiurile reflectorizante se instalează în faţa şi în spatele vehiculului, pe aceeaşi bandă de circulaţie, la o distanţă de cel puţin 30 m de acesta, astfel încât să poată fi observate din timp de către participanţii la trafic care se apropie. În localităţi, atunci când circulaţia este intensă, triunghiurile reflectorizante pot fi aşezate la o distanţă mai mică sau chiar pe vehicul, astfel încât să poată fi observate din timp de ceilalţi conducători de vehicule.</span></p><p style=""margin-left:0px;text-align:justify;""><span style=""color:rgb(34,34,34);""><strong>(3)</strong></span><span style=""color:rgb(68,68,68);""> Dacă vehiculul nu este dotat cu lumini de avarie sau acestea sunt defecte, conducătorul poate folosi, pe timpul nopţii ori în condiţii de vizibilitate redusă, o lampă portativă cu lumina galbenă intermitentă, care se instalează la partea din spate a vehiculului.</span></p><p style=""margin-left:0px;text-align:justify;""><span style=""color:rgb(34,34,34);""><strong>(4)</strong></span><span style=""color:rgb(68,68,68);""> Se interzice folosirea triunghiurilor reflectorizante ori a luminilor de avarie în mod nejustificat sau pentru a simula o rămânere în pană în locurile unde oprirea ori staţionarea este interzisă.</span></p>


                    </div>","https://scoaladrpciv.ro/intrebari/categoria-e/pozitia-in-timpul-mersului-si-semnalele-conducatorilor-de-autovehicule"
"1790577140-68","https://scoaladrpciv.ro/intrebari/categoria-e","Cum trebuie să procedezi dacă vehiculul sau remorca sunt defecte şi nu pot fi deplasate spre marginea părţii carosabile?","B - să pui în funcţiune luminile de avarie şi să instalezi triunghiurile reflectorizante;","","","A - să te îndepărtezi de vehicul şi să aştepţi sosirea echipei de intervenţie;","C - este suficient să semnalizezi ansamblul cu crengi sau cu alte obiecte vizibile.","https://scoaladrpciv.ro/intrebare/cum-trebuie-sa-procedati-daca-vehiculul-sau-remorca-sunt-defecte-si-nu-pot-fi-deplasate-spre-marginea-partii-carosabile-e635","","<div class="""">
                        <p>Articolul 156</p><p><span style=""background-color:hsl(60, 75%, 60%);color:rgb(34,34,34);""><strong>(1)</strong></span><span style=""background-color:hsl(60, 75%, 60%);color:rgb(51,51,51);""> Dacă un autovehicul sau o remorcă a rămas în pană pe partea carosabilă a drumului şi nu poate fi deplasat/deplasată în afara acesteia, conducătorul autovehiculului este obligat să pună în funcţiune luminile de avarie şi să instaleze triunghiurile reflectorizante.</span></p>


                    </div>","https://scoaladrpciv.ro/intrebari/categoria-e/pozitia-in-timpul-mersului-si-semnalele-conducatorilor-de-autovehicule"
"1790577142-69","https://scoaladrpciv.ro/intrebari/categoria-e","Dacă vehiculul sau remorca au defecţiuni la sistemul de iluminare, este permisă tractarea celei din urmă pe timp de noapte?","A - da, dacă vehiculul şi remorca au în funcţiune cel puţin luminile de poziţie de pe partea stângă;","","","B - nu este permis în niciun caz;","C - da, dar numai până la primul service.","https://scoaladrpciv.ro/intrebare/daca-vehiculul-sau-remorca-au-defectiuni-la-sistemul-de-iluminare-este-permisa-tractarea-celei-din-urma-pe-timp-de-noapte-4d7e","","<div class="""">
                        <p style=""margin-left:0px;text-align:justify;"">Articolul 155</p><p style=""margin-left:0px;text-align:justify;""><span style=""color:rgb(34,34,34);""><strong>(1)</strong></span> În cazul rămânerii în pană a unui autovehicul ori a remorcii acestuia, conducătorul ansamblului este obligat să îl scoată imediat în afara părţii carosabile sau, dacă nu este posibil, să îl deplaseze lângă bordură ori acostament, aşezându-l paralel cu axa drumului şi luând măsuri pentru remedierea defecţiunilor sau, după caz, de remorcare</p><p style=""margin-left:0px;text-align:justify;""><span style=""background-color:hsl(60, 75%, 60%);color:rgb(34,34,34);"">(2)</span><span style=""background-color:hsl(60, 75%, 60%);""> Pe timpul nopţii sau în condiţii de vizibilitate redusă, autovehiculul sau remorca acestuia care are defecţiuni la sistemul de iluminare sau de semnalizare luminoasă nu poate fi tractat/tractată pe drumurile publice fără a avea în funcţiune, în partea stângă, în faţă, o lumină de întâlnire şi în spate, una de poziţie.</span></p>


                    </div>","https://scoaladrpciv.ro/intrebari/categoria-e/pozitia-in-timpul-mersului-si-semnalele-conducatorilor-de-autovehicule"
