numar,intrebare,varianta_a,varianta_b,varianta_c,litera_corecta
1,Care dintre următoarele afirmații se referă la un risc asigurabil?,"un eveniment viitor, posibil, cu caracter întâmplător",o situație concretă de pericol grav și iminent de accidentare,o stare de nesiguranță datorată unui eveniment excepţional,a
2,Selecția riscurilor presupune:,asiguratul își poate alege riscurile pe care le lasă în seama asigurătorului,"anumite riscuri pot fi excluse sau pot fi cuprinse în asigurare, în condiții tarifare corespunzătoare",asigurătorul este obligat să aleagă anumite riscuri,b
3,Ce presupune selecția adversă a riscurilor?,asiguratul își poate alege riscurile pe care le lasă în seama asigurătorului,anumite riscuri pot fi excluse sau pot fi cuprinse în condiții tarifare deosebite,probabilitatea mai ridicată de a încheia o asigurare de către persoanele supuse la riscuri mai mari,c
4,"În raport cu posibilitatea de a fi acoperite prin asigurare, riscurile pot fi:",riscuri naturale și riscuri artificiale,riscuri antropogene și riscuri neutrogene,riscuri asigurabile și riscuri neasigurabile sau excluse,c
5,Printre caracteristicile riscului asigurabil se numără:,"să fie natural sau antropogen, să se producă în grupuri mici şi eterogene","să poată fi măsurat în termeni financiari, să afecteze grupuri mari şi omogene, să fie un risc pur, să fie fortuit",are probabilitate de producere relativ constantă în timp,b
6,"Riscul de incendiu, pentru o locuință, este asigurabil, deoarece:",nu afectează un număr mare de oameni,nu se poate estima valoarea bunurilor,valoarea locuinței și a bunurilor din locuința afectată se poate măsura,c
7,Riscurile care decurg din conducerea vehiculelor sub influența alcoolului nu sunt asigurabile deoarece:,sunt riscuri care decurg dintr-o ilegalitate,nu se poate estima valoarea pagubelor,nu afectează un număr mare de oameni,a
8,Un risc obiectiv este:,un risc datorat exclusiv evenimentelor naturale,un risc influențat de acțiunile oamenilor,un risc la care probabilitatea de producere este relativ constantă în timp,a
9,Un risc dinamic este:,un risc la care probabilitatea de producere este relativ constantă în timp,un risc care poate genera pierderi sau profituri,un risc la care probabilitatea de producere se modifică în timp,c
10,Un risc pur este:,un risc la care probabilitatea de producere este relativ constantă în timp,un risc la care există doar două alternative - pierdere sau fără pierdere,un risc la care probabilitatea de producere se modifică în timp,b
11,Achiziționarea de acțiuni la bursă reprezintă un risc:,speculativ,dinamic,static,a
12,Cei patru piloni cheie pentru dezvoltarea funcției de risc în viitor sunt:,"predictibilitatea, infrastructura, aptitudinile, cunoștințele","tehnologia, sistemele de analiză a datelor performante, abilități și capabilități noi, conștientizarea unei culturi a riscului","alimentația, activitatea fizică, mediul de muncă, competențele profesionale",b
13,Ce este asigurarea?,"o formă clasică de transfer al riscului de la asigurați la companii specializate, denumite asigurători",un concept care definește posibilitatea de prevenire a producerii unor catastrofe,"o practică prin care oamenii se îmbogățesc, dacă riscurile pe care au pariat s-au produs",a
14,"Din perspectivă financiară, asigurarea constă în:",împărțirea fondului de asigurare între membrii comunității de risc,conservarea patrimoniului asiguratului în cazul producerii evenimentului asigurat,crearea unui fond de asigurare din care sunt despăgubite persoanele din comunitatea de risc care au suferit pagube materiale,c
15,"Din perspectivă juridică, asigurarea este privită ca:","un fond de asigurare, creat prin contribuția persoanelor fizice și juridice","un contract, cu obligații clar specificate pentru asigurat și asigurător","o ramură economică, care prestează servicii de acoperire a posibilelor riscuri",b
16,Contractantul asigurării este:,"persoana care încheie contractul de asigurare, obligându-se față de asigurător să plătească prima de asigurare",persoana care încasează despăgubirea în caz de producere a evenimentului asigurat,exclusiv proprietarul bunului asigurat,a
17,Beneficiarul asigurării este persoana care:,"suportă franșiza, în cazul producerii evenimentului asigurat","plătește prima de asigurare, indiferent cine a încheiat asigurarea",încasează despăgubirea prevăzută în contractul de asigurare,c
18,Suma asigurată reprezintă:,"limita maximă a răspunderii asigurătorului în cazul producerii evenimentului asigurat, care, în unele cazuri, se stabilește prin prevederi legale","despăgubirea pe care o primește beneficiarul, în cazul producerii unei daune parțiale","suma la care beneficiarul dorește să încheie asigurarea și, în funcție de care, plătește prima de asigurare",a
19,Supraasigurarea se referă la:,posibilitatea pe care o are asiguratul de a primi o despăgubire mai mare decât valoarea bunului asigurat,asigurarea bunului la o sumă asigurată mai mare decât valoarea reală a acestuia,asigurarea unui bun la o valoare mai mică decât valoarea reală a acestuia,b
20,Subasigurarea este o noțiune care se referă la:,asigurarea bunului la valoarea reală a acestuia,o despăgubire mai mică decât cea cuvenită asiguratului,asigurarea bunului la o sumă asigurată mai mică decât valoarea reală a acestuia,c
21,Un rol al asigurării este:,repunerea asiguratului în situația financiară în care se afla înainte de producerea evenimentului asigurat,"de a îmbunătăți situația financiară a asiguratului sau a beneficiarului asigurării, după caz",să împiedice apariția unui eveniment neplăcut,a
22,Despăgubirea reprezintă:,paguba suferită de asigurat în cazul producerii evenimentului asigurat,suma de bani pe care asigurătorul o datorează beneficiarului asigurării în cazul producerii evenimentului asigurat,suma asigurată din care se scade franșiza,b
23,Prima brută este egală cu:,prima minimă plus TVA,prima netă plus adaosul comercial,prima netă plus adaosul de primă,c
24,Principiul despăgubirii proporționale se referă la faptul că:,raportul dintre despăgubire și daună este același cu raportul dintre suma asigurată și valoarea reală a bunului,despăgubirea este proporțională cu suma asigurată,"despăgubirea este proporțională cu suma asigurată, numai dacă contractul de asigurare s-a încheiat fără franșiză",a
25,Principiul despăgubirii la prim risc se referă la faptul că:,asigurătorul despăgubește numai primul risc care s-a produs în perioada asigurată,asigurătorul despăgubește întreaga daună numai dacă contractul a fost încheiat fără franșiză,"asigurătorul despăgubește întreaga daună, indiferent de raportul dintre suma asigurată și valoarea reală a bunului, în limita sumei asigurate",c
26,Principiul despăgubirii limitate se referă la faptul că:,despăgubirea este proporțională cu suma asigurată,despăgubirea se acordă numai dacă valoarea daunei atinge nivelul prevăzut în contractul de asigurare,asigurătorul despăgubește numai primul risc care s-a produs în perioada asigurată prin contractul de asigurare,b
27,Franșiza este o noțiune care se referă la:,termenul de franciză care se folosește în domeniul economic,"transmiterea dreptului de a dezvolta o afacere, în schimbul plăţii unei redevenţe din partea beneficiarului",partea din daună care rămâne în sarcina asiguratului,c
28,"Principiul mutualităţii, care stă la baza asigurărilor, se referă la faptul că:",asigurații cu risc iminent de producere a evenimentului contribuie la constituirea fondului de asigurare și sunt despăgubiți toți la fel,"toți asigurații contribuie la constituirea fondului de asigurare și sunt despăgubiți toți, proporțional cu contribuția fiecăruia",toți asigurații contribuie la constituirea fondului de asigurare și sunt despăgubiți numai cei care au suferit daune,c
29,Rata daunei reprezintă raportul procentual între:,daunele plătite și primele încasate într-o anumită perioadă de timp,daunele înregistrate și primele încasate într-o anumită perioadă de timp,daunele înregistrate și sumele asigurate într-o anumită perioadă de timp,a
30,Ce poate face un asigurător pentru a face față unor obligații mari de plată în viitor?,să refuze să preia riscurile,să cedeze o parte din riscurile subscrise și o parte din prima încasată de la asigurați către reasigurător,să nu mai reînnoiască polițele de asigurare după expirarea perioadei inițiale de asigurare,b
31,Contractele de reasigurare facultative sunt acelea în care:,reasiguratul își stabilește singur natura riscurilor pe care dorește să le rețină în răspunderea sa,"reasigurătorul acceptă sau refuză preluarea riscului propus de reasigurat, în funcție de mărimea și natura lui",reasiguratul își stabilește singur mărimea riscului pe care dorește să-l rețină în răspunderea sa,b
32,Contractele de reasigurare obligatorii sunt acelea în care:,reasiguratul este obligat să cedeze în reasigurare toate riscurile peste o anumită sumă indiferent de natura lor,"reasigurătorul este obligat să preia în reasigurare toate riscurile peste o anumită sumă, indiferent de mărimea și natura lor","reasiguratul este obligat să cedeze, iar reasigurătorul este obligat să preia toate riscurile de un anumit tip, indiferent de mărimea și natura lor",c
33,Cum se calculează răspunderea părților în situația contractelor de reasigurare proporționale?,sub forma unei cote procentuale din valoarea daunei,sub forma unei cote procentuale din suma asigurată,direct proporțional cu mărimea daunei,b
34,"În cazul contractelor de reasigurare neproporționale, reasigurătorul răspunde:",numai pentru daunele a căror valoare este mai mare decât cele aflate în răspunderea reasiguratului,pentru faptul că nu se aplică principiul proporționalității,neproporțional cu sumele asigurate,a
35,Cele două părți între care se încheie contractul de reasigurare sunt:,persoana reasigurată și compania de asigurări,compania de asigurări și banca comercială unde deține conturile,societatea cedentă și reasigurătorul,c
36,Piața de asigurări este:,un cadru organizat în care agenții economici pot negocia prețul produselor de asigurare,un cadru organizat în care intermediarii pun la dispoziția agenților economici produse de asigurare,un cadru organizat și reglementat în care se întâlnesc cererea de asigurare și oferta de asigurare,c
37,Principalii operatori în piața de asigurări sunt:,"asigurătorii, reasigurătorii, intermediarii în asigurări, Ministerul Finanțelor, BAAR","asigurații, asigurătorii și/sau reasigurătorii, intermediarii în asigurări","asigurații, intermediarii, distribuitorii de asigurări, reasigurătorii, Autoritatea de Supraveghere Financiară, FGA",b
38,A.S.F. are atribuții de:,respectarea Regulamentului pentru prevenirea spălării banilor şi finanţarea terorismului,respectarea prevederilor Regulamentului privind protecția datelor cu caracter personal,"reglementare, autorizare/avizare, monitorizare, supraveghere și control pentru toți participanții din piața de asigurări",c
39,"În funcție de formele de asigurare pe care le practică, asigurătorii pot fi:",asigurători care vând polițe de asigurare numai în România și asigurători care vând polițe de asigurare în statele membre UE,"asigurători de viaţă, asigurători non-viaţă şi asigurători compoziți",asigurători care oferă polițe facultative și asigurători care oferă polițe obligatorii,b
40,Intermediarul în asigurări este:,"persoana fizică sau juridică, care desfăşoară activitatea de distribuţie de asigurări în schimbul unei remuneraţii",persoana juridică care preia riscurile cedate de un alt asigurător,persoana juridică care desfăşoară activitatea de distribuţie de asigurări auxiliare,a
41,"În conformitate cu prevederile legale în vigoare, intermediarii principali pot fi:","companiile de brokeraj, instituţiile de credit, firmele de investiţii",doar instituţiile de credit și companiile de brokeraj,doar companiile de brokeraj și firmele de investiţii,a
42,Indicați varianta corectă și completă privind toate categoriile de intermediari secundari:,"agenţii, agenții auxiliari, instituții de credit, firme de investiții","agenţii, agenţii afiliaţi, agenţii auxiliari, asistenţii, asistenţii auxiliari","agenţii, agenţii auxiliari, asistenţii, asistenţii auxiliari",b
43,Unul dintre avantajele reasigurării este:,diversificarea portofoliului asigurătorului,creșterea gradului de cuprindere în asigurare,o mai bună acoperire a riscurilor asigurate,a
44,Ce altă categorie de intermediar secundar este compatibilă cu categoria agentului de asigurare?,broker în asigurări,subasistent,nu există o categorie de intermediar secundar compatibilă cu categoria agentului de asigurare,c
45,"Cum pot fi prevenite sau evitate efectele producerii unor riscuri mari, care nu pot fi controlate?",prin cedarea acestor riscuri către asigurători,prin acumularea unor fonduri bănești suficient de mari cu care să facă față unor situații neprevăzute,"prin manifestarea unei griji excesive față de protejarea patrimoniului, a sănătății și a vieții proprii",a
46,Riscul de malpraxis intră în categoria riscurilor:,obiective,subiective,neasigurabile,b
47,Riscul de inundații intră în categoria riscurilor:,obiective,subiective,neasigurabile,a
48,Riscurile datorate exclusiv evenimentelor naturale fac parte din categoria riscurilor:,obiective,subiective,statice,a
49,Riscurile a căror producere este influențată de acțiunile oamenilor fac parte din categoria riscurilor:,obiective,subiective,dinamice,b
50,Riscul financiar de neplată a facturilor cu plata la termen face parte din categoria riscurilor:,statice,dinamice,neasigurabile,b
51,"Riscurile dinamice sunt mai greu de anticipat, deoarece:",nu apar regulat,apar regulat,nu se pot anticipa,a
52,Probabilitatea de producere a riscurilor statice este:,relativ constantă în timp,variabilă în timp,"uneori constantă, uneori variabilă în timp",a
53,"Asigurarea este o metodă de management a riscului, care are drept scop:",prevenirea producerii riscurilor generatoare de pagube,compensarea efectelor negative generate de producerea acestuia,înlăturarea cauzelor care duc la producerea riscurilor generatoare de pagube,b
54,"În ce categorie se încadrează următorii intermediari - agenții, agenții auxiliari, agenții afiliați?",intermediari secundari,intermediari independenți,intermediari principali,a
55,Asigurații sunt subiecții implicați în activitatea de asigurare care:,facilitează relația dintre asigurați şi asigurători,"preiau riscul producerii unor evenimente nedorite, în schimbul încasării primelor de asigurare de la asigurați","transferă riscul producerii unor evenimente nedorite, pentru care plătesc o primă de asigurare, către asigurători",c
56,Accesul specialiștilor la surse variate de date pentru calculul riscurilor asigură:,"transformarea operațiunilor, a finanțelor şi a modului de implicare a clienților",o vedere mai amplă asupra profilului de risc,"dezvoltarea unei gândiri creative, ample și generarea de idei predictive",b
57,În ce domeniu își are originea reasigurarea?,domeniul maritim,domeniul industrial,domeniul fiscal,a
58,Care este misiunea Fundației Institutul de Studii Financiare?,protejarea creditorilor de asigurări de consecințele insolvenței unui asigurător,despăgubirea rezidenților români care au suferit prejudicii ca urmare a accidentelor produse pe teritoriul altor state,studierea fenomenelor și mecanismelor financiare pentru specializarea și evaluarea profesională continuă a personalului din sistemul financiar nebancar,c
59,Câte clase de asigurare include secțiunea Asigurări generale?,18,15,8,a
60,Asigurările care oferă protecţie împotriva riscurilor care afectează viața și sănătatea unei persoane sunt:,asigurări de răspundere civilă,asigurări de persoane,asigurări facultative,b
61,"Care sunt tipurile de contracte încheiate de intermediari, reglementate de legislația aplicabilă privind distribuția de asigurări, pentru desfășurarea activității de distribuție?",contractul de asigurare și contractul de intermediere,contractul de muncă și contractul de intermediere,mandatul de brokeraj și mandatul de intermediere,c
62,Reglementarea juridică a mandatului de brokeraj și a mandatului de intermediere pentru desfășurarea activității de distribuție se regăsește în:,Norma A.S.F. nr. 22/2021 privind distribuția de asigurări,în Norma A.S.F. nr. 236/2018 privind distribuția de asigurări,legislația europeană,a
63,Mandatul de brokeraj este contractul:,"dintre un client (persoană juridică sau persoană fizică) şi compania de brokeraj prin care clientul îi încredinţează acesteia reprezentarea intereselor sale privind obţinerea şi negocierea celor mai bune oferte în vederea încheierii contractelor de asigurare şi/sau de reasigurare, acordarea de asistenţă înainte şi pe durata gestionării contractelor",contractul de muncă definit de Norma A.S.F. nr. 22/2021 ca fiind contractul dintre un client (persoană juridică sau persoană fizică) şi compania de brokeraj,"contractul de colaborare încheiat de agenți cu una sau mai multe societăți, în vederea desfășurării activității de distribuție, în numele acesteia, respectiv acestora, și de acordare a asistenței pe toată durata contractului de asigurare",a
64,"Ce se întâmplă, de exemplu, în cazul în care apar situații de incompatibilitate între intermediarii principali și cei secundari?","situațiile de incompatibilitate sunt acceptate de legislație, în orice situație","aceștia nu pot să fie înscrişi în registre de două ori sau, după caz, nu pot desfășura activitate de distribuție simultan la mai mulţi distribuitori",Autoritatea de Supraveghere Financiară va decide ce reguli se aplică situației respective,b
65,În ce condiție pot colabora intermediarii principali cu alţi intermediari principali?,"cu informarea, în prealabil, a Autorității de Supraveghere Financiară",în condițiile informării în prealabil a asigurătorului,"cu informare, în prealabil, a clientului și cu indicarea, în mod expres, în mandatul de brokeraj/intermediere a acțiunilor efectuate de fiecare intermediar principal",c
66,Precizați varianta corectă de răspuns care indică o situație de incompatibilitate:,angajatul unei societăți de asigurare care desfășoară activitate de distribuție de asigurări,asiguratorul angajează salariați pentru a desfășura activitatea de distribuție de asigurare,persoana titulară a PFA cumulează această calitate cu cea de salariat al unei terţe persoane care funcţionează în acelaşi domeniu,c
67,Ce este mandatul de intermediere?,"contractul dintre un client şi instituţia de credit sau firma de investiţii în calitate de intermediar principal, prin care clientul încredinţează acesteia reprezentarea intereselor sale în vederea încheierii contractelor de asigurare, acordarea de asistenţă înainte şi pe durata gestionării contractelor",contractul dintre un client şi compania de brokeraj prin care clientul încredinţează acesteia reprezentarea intereselor sale în vederea încheierii contractelor de asigurare și de acordarea asistenţei înainte şi pe durata gestionării contractelor,"contractul de colaborare încheiat de agenții de asigurare cu una sau mai multe societăți, în vederea desfășurării activității de distribuție și de acordarea asistenţei înainte şi pe durata gestionării contractelor de asigurare",a
68,Reprezintă situație de incompatibilitate dacă:,asiguratorul angajează salariați pentru a desfășura activitatea de distribuție de asigurări,"întreprinzătorul persoană fizică, titular al întreprinderii individuale, cumulează şi calitatea de salariat al unei terţe persoane care funcţionează în acelaşi domeniu",angajatul unui asigurător desfășoară activități de distribuție de asigurări,b
69,Situație de incompatibilitate este atunci când:,membrii unei întreprinderi familiale sunt simultan și persoane fizice autorizate,angajatul unui asigurator desfașoară activități de distribuție de asigurări,asigurătorul angajează persoane pentru a desfășura activitatea de distribuție de asigurări,a
70,Există vreo distincție între distribuitorul de asigurări și intermediarul de asigurări?,"da, deoarece asigurătorul și intermediarul de asigurări auxiliare sunt incluși în categoria distribuitorului de asigurări, dar nu și în cea a intermediarului de asigurări","da, deoarece asigurătorul și intermediarul de asigurări auxiliare sunt incluși doar în categoria intermediarului de asigurare, neintrând și în categoria distribuitorului de asigurări",cele două noțiuni sunt identice și se referă la entitățile care realizează distribuția produselor de asigurare,a
71,Precizați cine poate fi creator de produse de asigurare:,orice intermediar care se asociază cu un reasigurător care are rol decizional în conceperea și dezvoltarea produsului de asigurare,"clientul, pentru că el solicită un anumit produs de asigurare","de regulă asigurătorul, dar poate fi și intermediarul principal dacă acesta are un rol decizional în conceperea și dezvoltarea produsului de asigurare",c
72,Indicați varianta de răspuns corectă:,asigurătorul poate fi creator de produse,asigurătorul nu poate fi creator de produse,"în funcție de opțiunea clientului, asigurătorul poate fi creator de produse",a
73,Companiile de brokeraj pot fi creatori de produse?,"da, prin asocierea mai multor companii de brokeraj","da, prin asocierea cu un asigurător","da, în orice situație când dorește să creeze un produs de asigurare cu componentă investițională",b
74,Agenții de asigurare pot fi creatori de produse?,aceștia sunt doar distribuitori de produse de asigurare și nu pot crea produse de asigurare,"da, însă numai prin asocierea cu un asigurător","da, dacă obțin avizul de la Autoritatea de Supraveghere Financiară",a
75,Poate fi asigurătorul atât creator de produse de asigurare cât și distribuitor de produse de asigurare?,doar în situația în care obține acordul expres al Autorității de Supraveghere Financiară,doar dacă se asociază cu o companie de brokeraj care va face distribuție,"da, în situația în care asigurătorul realizează vânzarea produselor de asigurare direct prin angajații proprii",c
76,Care sunt cerințele pentru ca o companie de brokeraj să se avizeze ca și creator de produse?,să semneze acord de asociere cu asigurătorul și să solicite la Autoritatea de Supraveghere Financiară avizarea în calitatea de co-creator de produse,"în nicio situație compania de brokeraj nu poate fi creator de produse, astfel încât nu va putea solicita la Autoritatea de Supraveghere Financiară această avizare","solicită avizarea direct la Autoritatea de Supraveghere Financiară, fără a fi necesară încheierea unui acord de asociere cu asigurătorul",a
77,"Indicați dacă există o situație de incompatibilitate între intermediarii principali și intermediarii secundari prevăzuți de legislație care desfăşoară activitate de distribuţie, pe lângă canalele proprii de distribuţie, după caz, şi prin intermediul conducerii executive, precum şi al angajaţilor implicaţi în activitatea de distribuţie, precum și angajații sau conducerea executivă a acestora:","nu, deoarece în baza libertății de stabilire și a prestării serviciilor, aceștia pot îndeplini mai multe calități în același timp","da, potrivit prevederilor legale, aceste calități sunt incompatibile între ele","aceste calități sunt compatibile, pentru că aceștia pot fi înscriși în registrul distribuitorilor de asigurări",b
78,Intermediarii principali pot să colaboreze cu alţi intermediari principali?,"o asemenea colaborare este imposibilă, pentru că ar fi o situație de incompatibilitate","este posibilă o asemenea colaborare în orice situație, fără nicio altă formalitate","este posibilă colaborarea, cu condiția să fi informat în prealabil clientul și să se fi indicat, în mod expres, în mandatul de brokeraj, respectiv de intermediere, acțiunile efectuate de fiecare intermediar",c
79,Suspendarea activității de distribuție desfășurate de intermediarii principali:,este dispusă de către A.S.F. sau la cererea intermediarilor principali,nu este posibilă dacă intermediarul principal a emis polițe de asigurare,este dispusă doar de către Autoritatea de Supraveghere Financiară,a
80,"Încetarea activității intermediarilor principali, ca urmare a unei sancțiuni a Autorității de Supraveghere Financiare, are următoarele consecințe:",A.S.F. va refuza radierea intermediarului principal din registrul său și va solicita eliminarea sintagmei specifice din denumirea companiei de brokeraj sau a firmei de investiții/instituției de credit,"A.S.F. va radia intermediarul principal din registrul A.S.F., va solicita eliminarea sintagmei specifice și va elimina activitatea de distribuție din obiectul de activitate al intermediarului principal","A.S.F. va solicita doar eliminarea activității de distribuție din obiectul de activitate al intermediarului principal, acesta urmând să figureze în registrul A.S.F. în categoria celor cu activitatea suspendată",b
81,"Decizia emisă de Autoritatea de Supraveghere Financiară privind aprobarea, la cerere, a suspendării autorizaţiei de funcţionare a unei companii de brokeraj:",se publică în Monitorul Oficial,"este trimisă doar companiei de brokeraj, cu obligația ca aceasta să o publice pe site-ul său",se publică doar pe site-ul A.S.F.,a
82,"În cazul suspendării contractului de distribuție încheiat între asigurător, respectiv intermediarul principal, pe de o parte, și intermediarul secundar, pe de altă parte, consecințele vor fi:","asigurătorul sau intermediarul principal nu vor putea înceta contractul, ci acesta va fi menținut, intermediarul secundar putând presta activități de distribuție pe perioada suspendării",asigurătorul sau intermediarul principal reziliază contractul de distribuție din Registrul Intermediarilor Secundari,"contractul de distribuție va fi menținut, însă codurile RAF nu vor mai fi active nici în registrele asigurătorilor sau intermediarilor principali și nici în Registrul Intermediarilor Secundari",c
83,În ce act legislativ se regăsește definiția contractului de asigurare?,în actul normativ privind pregătirea profesională a distribuitorilor în asigurări și/sau reasigurări,"părțile contractului sunt cele care dau această definiție, nefiind necesară o prevedere legală",în Codul civil,c
84,Precizați care sunt părțile contractului de asigurare:,"doar asigurătorul, fiind contract de adeziune, asiguratul lipsește ca parte în contract","asigurătorul, asiguratul și, în anumite cazuri, contractantul asigurării, dacă acesta este diferit de asigurat","asiguratul și, în anumite cazuri, contractantul asigurării, dacă acesta este diferit de asigurat",b
85,Cine sunt beneficiarii unui contract de asigurare?,"persoanele care locuiesc împreună cu asiguratul, indiferent de situație","terțe persoane, care deși nu sunt parte la contractul de asigurare, efectele acestuia se răsfrâng în ceea ce privește indemnizarea și asupra lor",această noțiune lipsește în legislația specifică asigurărilor,b
86,Contractul de asigurare poate fi dovedit prin:,polița de asigurare sau certificatul de asigurare emis și semnat de asigurător ori prin nota de acoperire emisă și semnată de compania de brokeraj,emiterea unui document nu este nerelevantă pentru dovedirea contractul de asigurare dacă distribuitorul în asigurări a încasat prima de asigurare,orice document emis de asigurător,a
87,În polița de asigurare este necesar a se preciza primele de asigurare pe care trebuie să le plătească clientul?,este una din cerințele obligatorii de completare a unei polițe de asigurare,este la latitudinea asigurătorului și a companiei de brokeraj,este la latitudinea clientului,a
88,Caracterul aleatoriu al contractului de asigurare semnifică:,"faptul că niciuna dintre părțile contractante nu cunoaște la încheierea contractului dacă va avea un câștig sau va suferi o pierdere în perioada de asigurare, câștigul sau pierderea depinzând de incertitudinea producerii riscului asigurat",că acel contract de asigurare acoperă aleatoriu riscurile,prestabilirea sau redactarea clauzelor de către asigurător și propuse asiguratului sau contractantului asigurării,a
89,Caracterul de adeziune al contractului de asigurare înseamnă:,"că niciuna dintre părțile contractante nu cunoaște la încheierea contractului dacă va avea un câștig sau va suferi o pierdere în perioada de asigurare, câștigul sau pierderea depinzând de incertitudinea (dacă și/sau când) producerii riscului asigurat","prestabilirea sau redactarea clauzelor de către asigurător și propuse asiguratului sau, după caz, contractantului asigurării",faptul că asigurătorul cere clientului să redacteze contractul la care acesta aderă,b
90,Cum trebuie să acționeze distribuitorii de asigurări în relația cu clienții?,distribuitorii de asigurări își vor urma întotdeauna propriul interes,"în mod liber, etic și empatic","în mod onest, corect și profesionist",c
91,"Este obligat distribuitorul în asigurări ca, în faza premergătoare încheierii unui contract de asigurare, să informeze clientul dacă oferă consultanță?",această informație este nerelevantă pentru client,"da, face parte din obligațiile de informare precontractuală cerută de prevederile legale","doar în anumite situații, când distribuitorul în asigurări sesizează că potențialul client nu este hotărât asupra unui produs de asigurare",b
92,Precizați varianta corectă în legătură cu informațiile privind conflictele de interese:,"informațiile privind conflictele de interese trebuie comunicate potențialului client încă din faza precontractuală, înainte de încheierea contractului de asigurare",informațiile privind conflictele de interese nu sunt relevante pentru client înainte de încheierea contractului de asigurare,clientul poate verifica în registrele oficiale dacă există situații de conflicte de interese înainte de încheierea contractului de asigurare,a
93,"Ce modalități de comunicare a informațiilor, alternative hârtiei, sunt prevăzute de legislația aplicabilă domeniului distribuției de asigurări pentru comunicarea cu potențialul client sau cu clientul?","alt suport durabil, precum e-mail-ul, site-ul, dacă sunt îndeplinite anumite condiții","legislația nu permite alte modalități de comunicare, este permisă doar hârtia","prin intermediul site-ului, chiar dacă potențialul client sau clientul nu au fost de acord cu această modalitate",a
94,Furnizarea de către client a unei adrese de e-mail este considerată o dovadă că informația poate fi transmisă către acesta prin intermediul altui suport durabil decât hârtia sau al unui site?,niciodată,"da, dar suplimentar va fi transmisă informația și prin intermediul hârtiei","da, furnizarea unei adrese de e-mail poate fi o dovadă necesară și suficientă pentru furnizarea informațiilor în modalitatea indicată",c
95,Documentul privind analiza cerinţelor şi necesităţilor clienţilor:,este irelevant pentru consumatorii profesioniști de produse de asigurare,este documentul care concretizează procesul de analiză a cerinţelor şi necesităţilor clientului realizate de către distribuitorul de asigurări,"este necesar doar în cazul asigurărilor de sănătate, pentru că este legat de analizele privind starea de sănătate a clientului",b
96,Precizați dacă în acordarea consultanței sunt relevante complexitatea produsului de asigurare propus și tipul de client căruia i se adresează:,depinde de situație,"da, acordarea consultanței trebuie adecvată în funcție de aceste aspecte",este inutilă acordarea consultanței dacă clientul are mai multe contracte de asigurare încheiate de același distribuitor,b
97,"Dacă clienții nu au optat pentru consultanță, atunci sunt exceptate de la acordarea consultanței următoarele categorii de asigurări:",o asemenea excepție lipsește din prevederile legale în vigoare aplicabile distribuției de asigurări,"asigurarea de răspundere civilă auto pentru utilizarea vehiculelor auto terestre, prevăzută în anexa nr. 1 ""Clasele de asigurare"" secţiunea A ""Asigurări generale"" pct. 10 din Legea nr. 237/2015, fără a include şi răspunderea transportatorului; asigurarea de răspundere civilă profesională, asigurarea medicală de călătorii în străinătate, asigurarea obligatorie a locuințelor, alte asigurări impuse de legislația în vigoare, precum și asigurările distribuite prin comercializare electronică","doar asigurările distribuite prin comercializare electronică, pentru că acolo nu există contact față-în-față cu clientul",b
98,Când sunt distribuitorii în asigurări și/sau reasigurări obligați să acorde consultanță?,"de fiecare dată când le cere asigurătorul sau intermediarul principal, pentru că acționează sub directa îndrumare a acestora","când propun consumatorului un produs complex de asigurare, cum ar fi un produs de investiție bazat pe asigurare","pentru toate produsele de asigurare, indiferent dacă sunt asigurări generale sau de viață, cu excepția produselor de asigurare exceptate în mod expres și numai dacă potențialul client nu dorește consultanță",c
99,Ce sunt produsele de investiție bazate pe asigurări?,"produse de asigurare care au apărut recent în legislație, neavând încă o consacrare legislativă",produsele de asigurare create de asigurător în colaborare cu o firmă de investiții,"produse din categoria asigurărilor de viață care oferă o valoare la scadență sau o valoare de răscumpărare expusă parțial sau integral, direct sau indirect, fluctuațiilor pieței",c
100,"Cerințele, în materia gestionării conflictelor de interese, sunt:","identificare, prevenire, gestionare, divulgare",identificare și prevenire,gestionare și divulgare,a
101,În cazul produselor de investiții bazate pe asigurări este necesar ca:,"să se convingă clientul să aleagă un produs de asigurare care aduce o remunerație mai mare distribuitorului de asigurare, având în vedere munca depusă, ținându-se cont și de capacitatea financiară a clientului",produsul să fie prezentat clientului numai de către distribuitorul în asigurări și/sau reasigurări care deține o certificare profesională în domeniul instrumentelor și investițiilor financiare,recomandarea adecvată a produsului de investiții bazat pe asigurări să vizeze toleranța la risc și capacitatea clientului de a suporta pierderi financiare ca urmare a achiziționării respectivului produs,c
102,Când apare situația unei vânzări combinate?,când se combină mai mulți asigurători pentru a elabora un produs de asigurare pe care apoi îl distribuie prin rețeaua proprie de vânzare,"când este furnizat un produs de asigurare împreună cu un serviciu sau un produs auxiliar, care nu este o asigurare, și care compun același pachet sau același acord",când mai mulți distribuitori de produse de asigurare se combină pentru a prezenta un produs complex unui potențial client sau client,b
103,Care sunt documentele de informare precontractuală care conțin informațiile cheie și care sunt specifice în funcție de tipul produsului de asigurare?,"document de informare standardizat, denumit PID, document de informare standardizat, denumit KID și document de informare privind produsul de asigurare","document de informare standardizat, denumit PID, respectiv documentul de informare standardizat, denumit KID",document de informare privind produsul de asigurare cu indicarea tipului specific de produs,a
104,Poate influența distribuitorul în asigurări și/sau reasigurări clientul sau potențialul client în sensul renunțării la consultanță?,"da, uneori, când clientul sau potențialul client este nehotărât și nefamiliarizat cu noțiunea de consultanță",distribuitorului în asigurări și/sau reasigurări îi este interzisă o asemenea acțiune,este posibilă folosirea de către distribuitorul în asigurări și/sau reasigurări a mijloacelor de influențare indirectă care să-l ajute pe client să renunțe la consultanță,b
105,Indicați ce este contractul de asigurare încheiat la distanță:,este un contract de asigurare încheiat între un distribuitor de asigurări și un potențial client în cadrul unui sistem de vânzare la distanță sau al unui sistem de furnizare de servicii care utilizează în mod exclusiv una sau mai multe tehnici de comunicare la distanță,este un contract de distribuție încheiat între un distribuitor de asigurări și un potențial client,"este acel contract de asigurare încheiat între un distribuitor de asigurări și un potențial client, avizat în prealabil de către A.S.F., folosind una sau mai multe tehnici de comunicare la distanță",a
106,Care este termenul general de denunțare de către client a unui contract încheiat la distanță?,30 de zile calendaristice,10 zile calendaristice,"14 zile calendaristice, cu excepția asigurărilor de viață și RCA",c
107,Care este locul încheierii contractului de asigurare atunci când contractul se încheie între persoanele prezente?,este sediul asigurătorului,este sediul distribuitorului în asigurări și/sau reasigurări,"este acela în care se găsesc părţile, respectiv distribuitorul în asigurări și clientul",c
108,"Care este locul încheierii contractului de asigurare atunci când contractul se încheie distanță, inclusiv prin mijloace electronice?",stabilirea locului în care se încheie contractul de asigurare nu este necesară pentru că această informație nu prezintă relevanță,"va fi locul unde își are sediul ofertantul contractului, așadar sediul distribuitorului de la asigurări, la momentul când se primește acceptarea ofertei din partea clientului","va fi întotdeauna teritoriul României, pentru a se aplica legislația națională",b
109,Ce se întâmplă dacă compania de brokeraj sau agentul de asigurare nu depune la asigurător sumele încasate cu titlu de prime de asigurare și se produc riscurile acoperite prin contractele încheiate?,"asigurătorul va refuza să plătească indemnizația asiguratului sau, după caz, despăgubirea terțului păgubit, deoarece este culpa companiei de brokeraj sau a agentului de asigurare","asigurătorul este obligat să plătească indemnizația asiguratului sau, după caz, despăgubirea terțului păgubit, deoarece asiguratul sau terțul nu au nicio culpă pentru situațiile arătate","asigurătorul poate alege să plătească sau să refuze indemnizația asiguratului sau, după caz, despăgubirea terțului păgubit",b
110,Sunt numele și prenumele unei persoane fizice considerate a se încadra în categoria datelor cu caracter personal?,"da, pentru că în baza lor se poate identifica persoana fizică","da, însă numai dacă sunt furnizate de către persoana vizată pentru a putea fi identificată","niciodată, pentru că numele și prenumele trebuie combinate cu CNP pentru a fi siguri că este persoana vizată",a
111,"În conformitate cu prevederile GDPR, persoana vizată este:",persoana juridică ale cărei date cu caracter personal sunt prelucrate,persoana fizică ale cărei date cu caracter personal sunt prelucrate,"noțiunea de persoană vizată are legătură cu domeniul legislației penale, nu are nicio legătură cu regulamentul GDPR sau cu protecția datelor",b
112,"Potrivit GDPR, asigurătorul este operator de date:",atunci când stabileşte scopurile şi mijloacele de prelucrare a datelor cu caracter personal,"atunci când datele sunt colectate de către intermediarii secundari, nu de către asigurător","când, în calitate de operator, trebuie să colecteze direct datele personale ale persoanei vizate, neputând apela la un împuternicit",a
113,"Conform GDPR, ""reducerea la minimum a datelor"" reprezintă:",unul dintre principiile GDPR potrivit căruia trebuie să existe scopuri specifice ale prelucrării datelor,furnizarea către client a cât mai puține date sau informații,unul dintre principiile GDPR potrivit căruia distribuitorul de asigurări trebuie să colecteze și să prelucreze numai acele date cu caracter personal care sunt necesare pentru îndeplinirea scopului respectiv,c
114,"Ce presupune sintagma ""limitări legate de scop” în contextul GDPR?",unul dintre principiile GDPR potrivit căruia trebuie să existe scopuri specifice ale prelucrării datelor,unul dintre principiile GDPR potrivit căruia distribuitorul de asigurări trebuie să colecteze și să prelucreze numai acele date cu caracter personal care sunt necesare pentru îndeplinirea scopului respectiv,"limitarea scopului acordării consultanței către client, furnizând cât mai puține date posibil",a
115,"Potrivit cărui principiu GDPR este necesar ca datele cu caracter personal să fie prelucrate într-un mod legal și transparent, garantând echitatea:",integritate și confidențialitate,exactitate,"legalitate, echitate și transparență",c
116,"Indicați varianta completă și corectă privind temeiurile de prelucrare a datelor, potrivit GDPR:","obligația contractuală, obligația legală, consimțământul, interesul legitim, protecția intereselor vitale, îndeplinirea unei sarcini în interesul publicului","consimțământul, interesul legitim, protecția intereselor vitale, îndeplinirea unei sarcini în interesul publicului","consimțământul, îndeplinirea unei sarcini în interes legal, îndeplinirea unor activități de protecție a intereselor vitale",a
117,Care din următoarele variante nu constituie obligație în legătură cu combaterea spălării banilor și finanțarea terorismului?,numirea ofițerilor de conformitate și a persoanelor desemnate,obligația de a acorda consultanță pentru distribuția de asigurări,obligația de cunoaștere a clientelei,b
118,Precizați dacă spălarea banilor și finanțarea terorismului sunt considerate infracțiuni:,acestea fac parte din desfășurarea normală a activității unei entități autorizate,acestea reprezintă doar contravenții fiind sancționate cu amendă,ambele sunt infracțiuni și se sancționează cu închisoare,c
119,"Privind la funcția de conformitate, care din următoarele afirmații nu este adevărată:",este o funcție fără relevanță pentru entități și nereglementată prin legislație,"este o funcție considerată ""funcție cheie” în cadrul organizației",este o funcție care face parte din linia a doua de apărare,a
120,"Privind piețele de asigurări din țările dezvoltate, se poate afirma faptul că acestea:","se caracterizează printr-un anumit nivel de echilibru, au rate relativ mici de creștere, grad ridicat de competitivitate, iar preocuparea principală a distribuitorilor de asigurări este îndreptată în direcția retenției, a conservării portofoliilor de clienți, principalele activități fiind cele legate de acțiunile post-vânzare, precum campanii de cross-sell și up-sell","se află într-un plin proces de creștere, cele mai multe strategii ale asiguratorilor sunt îndreptate în direcția achizițiilor agresive de clienți și a dezvoltării portofoliilor de clienți corporate, cu accent preponderent pe campanii de cross-sell și up-sell, respectiv a retenției clienților pentru care nu s-au înregistrat daune",se află într-un proces constant de selecție a clienților pentru care nu s-au înregistrat daune,a
121,"În legătură cu piețele de asigurări din țările din Europa Centrală și de Est, deci inclusiv România, se poate afirma faptul că:","se caracterizează printr-un anumit nivel de echilibru, au rate relativ mici de creștere, grad ridicat de competitivitate, iar preocuparea principală a distribuitorilor de asigurări este îndreptată în direcția retenției, a conservării portofoliilor de clienți","se află într-un plin proces de creștere, iar cele mai multe strategii ale asigurătorilor sunt îndreptate în direcția achizițiilor agresive de clienți",se află într-un proces constant de selecție a clienților pentru care nu s-au înregistrat daune,b
122,"În ceea ce privește gradul de profesionalizare al distribuitorilor în asigurări și/sau reasigurări din România, se poate afirma că, în ultimii ani:","nivelul de cunoștințe, precum și cel al abilităților acestora, s-a deteriorat continuu","nivelul de cunoștințe, precum și cel al abilităților acestora, s-a îmbunătățit continuu","nivelul de cunoștințe, precum și cel al abilităților acestora, a rămas neschimbat",b
123,"Pentru a-și continua dezvoltarea pe o fundație solidă în cadrul pieței românești de asigurări, relația dintre distribuitorii în asigurări și/sau reasigurări și clienții acestora trebuie să se bazeze pe:",prietenie,un număr cât mai mare de polițe de asigurare vândute aceluiași client,încredere,c
124,Etica reprezintă:,un ansamblu de norme în raport cu care un grup uman își reglează comportamentul pentru a deosebi ceea ce este legitim și acceptabil în realizarea scopurilor sale,"un set de reguli, norme şi principii aplicabile numai în economiile puternic dezvoltate",un set de proceduri aplicabile doar profesioniștilor din domeniul asigurărilor non-life,a
125,Etica profesională reprezintă:,lucrurile sau acţiunile pe care tot personalul unei organizații ar trebui sau nu ar trebui să le facă în prestarea ocupaţiei lor,recomandări de conduită pe care doar personalul de conducere din entitățile supravegheate de către A.S.F. trebuie să le ia în considerare,un standard de comportament destinat numai persoanelor cu vechime de minim 5 ani în domeniul asigurărilor,a
126,"Încrederea este elementul esențial al unei relații de calitate între distribuitorul în asigurări și/sau reasigurări și client, deoarece:","clienții cumpără doar de la distribuitori în asigurări care le sunt rude, deci există deja între aceștia o relație specială","majoritatea clienților nu au cunoștințe corespunzătoare privind asigurările, motiv pentru care încredințează sarcina gestionării serviciilor de protecție financiară de care au nevoie unui distribuitor în asigurări și/sau reasigurări","clienții cumpără doar de la distribuitorii în asigurări și/sau reasigurări care le sunt prieteni foarte buni, între aceștia existând deja dezvoltată o relație de încredere",b
127,Considerați că ar putea înregistra mai multe vânzări:,un vânzător bun cu un produs mediocru,un vânzător mediocru cu un produs bun,un vânzător mediocru cu un produs mediocru,a
128,Asigurările sunt un domeniu al încrederii pentru că:,e necesar ca asiguratul să aibă întotdeauna încredere în propriile decizii privind selecția produsului de asigurare,"asiguratul trebuie să aibă încredere că soluția de protecție financiară care i se oferă corespunde cerințelor, necesităților și posibilităților sale financiare, că are un preț corect, și că asigurătorul va exista și va fi solvabil pe toată durata pentru care clientul și-a achiziționat polița de asigurare",asiguratul are încredere în soluția de asigurare propusă deoarece are un cost pe care îl poate suporta anual,b
129,"Despre încrederea clientului în sistemul de asigurări, în general, și în distribuitorul în asigurări și/sau reasigurări, în particular, se poate afirma că:","se clădește treptat, ”materia sa primă” fiind corectitudinea, profesionalismul și preocuparea continuă a distribuitorului în asigurări și/sau reasigurări privind interesele clienților săi, adică un înalt nivel etic al distribuitorului în asigurări și/sau reasigurări","este un element important doar la încheierea asigurărilor facultative, nu și a celor obligatorii",distribuitorul în asigurări și/sau reasigurări este preocupat continuu de interesele clienților săi care achiziționează doar produse de asigurare de viață,a
130,Oamenii de vânzări se confruntă frecvent cu contexte care le permit și/sau încurajează încălcarea politicilor de etică ale companiei. Această afirmație este:,falsă,adevărată,"adevărată, în general, dar nu și în ceea ce privește piața de asigurări",b
131,"Ca funcții într-o organizație, care din următoarele zone se pare că ar fi cel mai puțin etică:",actuariat,IT,vânzări și marketing,c
132,"Indicați exemplul de comportament din piața de asigurări, la nivelul distribuitorului asigurări și/sau reasigurări, considerat ca fiind neetic:","distribuitori în asigurări și/sau reasigurări care returnează către client o parte din comisionul cuvenit, ca modalitate de a ”recompensa” decizia clientului de a achiziționa o anumită soluție de protecție financiară",vânzarea produselor de asigurare de către distribuitorii în asigurări și/sau reasigurări în autorizați,"vânzarea de asigurări după cerințele, necesitățile și dorințele clienților",a
133,"Precizați care variantă reprezintă, pentru distribuitorului în asigurări și/sau reasigurări, un exemplu de comportament considerat ca fiind neetic:","convingerea unui client să renunțe la unul sau mai multe contracte de asigurare pe care le deține, în favoarea unei soluții financiare noi, inferioară calitativ, dar mai recompensante pentru distribuitorul în asigurări și/sau reasigurări","prezentarea unei soluții financiare integrate clientului, care cuprinde oferte de la mai mulți asigurători",încercarea distribuitorului în asigurări și/sau reasigurări de a explica clientului utilitatea unei soluții complexe de protecție financiară,a
134,Indicați varianta de răspuns care reprezintă un exemplu de comportament neetic al distribuitorului în asigurări și/sau reasigurări:,promovarea produselor de asigurare de către distribuitorii în asigurări și/sau reasigurări care au mai puțin de un an experiență în domeniul de referință,"eșuarea în a identifica corect necesitățile financiare ale clientului, fie involuntar ca urmare a lipsei de instruire adecvată, fie voluntar",distribuitorul în asigurări și/sau reasigurări prezintă simultan clientului o asigurare de viață și o asigurare facultativă de locuință,b
135,Precizați varianta de răspuns care indică un exemplu de comportament al distribuitorului în asigurări și/sau reasigurări considerat ca fiind neetic:,"oferirea unor răspunsuri incorecte sau incomplete, din dorința de a-l convinge mai ușor pe client să achiziționeze un anumit produs de asigurare",accentuarea distincției dintre sumele garantate ale asigurării (mai mici) şi cele estimate (mai consistente şi doar probabile ca realizare) în cazul polițelor de asigurare de viață cu capitalizare,prezentarea unui produs de asigurare Casco într-o discuție de vânzare cu durată mai scurtă de 1 oră,a
136,Un exemplu de comportament neetic al unui distribuitor în asigurări și/sau reasigurări este:,un distribuitor în asigurări și/sau reasigurări care încheie contracte de asigurare de viață pe durata de 1 an,"oferirea unui pachet de asigurare peste necesitățile reale ale clientului, din dorința distribuitorului în asigurări și/sau reasigurări de a realiza un câștig (comision) mai mare, ca urmare a achitării de către client a unei prime mari de asigurare",furnizarea de răspunsuri corecte și complete față de solicitările clientului,b
137,"Este considerat ca fiind neetic unul dintre exemplele de comportament din piața de asigurări, la nivelul distribuitorului în asigurări și/sau reasigurări:",distribuitorul în asigurări și/sau reasigurări care laudă societățile de asigurare sau companiile de brokeraj concurente şi produsele acestora de asigurare,distribuitorul în asigurări și/sau reasigurări care denigrează societățile de asigurare sau companiile de brokeraj concurente şi produsele de asigurare distribuite de acestea,distribuitorul în asigurări și/sau reasigurări care pune pe primul loc interesele clienților și apoi pe cele personale,b
138,"Documentul oficial, elaborat de către un asigurător sau intermediar principal, care cuprinde o serie de regului de conduită pentru distribuitorii în asigurări și/sau reasigurări este:",un Cod Etic (Cod de Conduită),o Fișă pentru Protecția Muncii,un contract de asigurare,a
139,"Prevederile din Codurile Etice (Codurile de conduită) care impun un cadru concret de acţiune al distribuitorilor în asigurări și/sau reasigurări, norme şi principii de activitate în raport cu entitatea angajatoare, respectiv cu care colaborează, ce trebuie respectate, eventuale penalizări pentru abaterile de la conduita acceptată fac referire la:",responsabilitatea distribuitorului în asigurări și/sau reasigurări față de client,"responsabilitatea distribuitorului în asigurări și/sau reasigurări față de asigurător, respectiv față de intermediarul principal",responsabilitatea distribuitorului în asigurări și/sau reasigurări față de publicul larg,b
140,Prevederile din Codurile Etice (Codurile de conduită) care stipulează elemente legate de calitatea serviciilor pe care distribuitorii în asigurări și/sau reasigurări trebuie să ofere potenţialilor şi actualilor clienţi fac trimitere la:,responsabilitatea distribuitorului în asigurări și/sau reasigurări față de client,"responsabilitatea distribuitorului în asigurări și/sau reasigurări față de societatea de asigurări le sau compania de brokeraj, după caz",responsabilitatea distribuitorului în asigurări și/sau reasigurări față de publicul larg,a
141,"Prevederile din Codurile Etice (Codurile de conduită) care menționează faptul că distribuitorilor în asigurări și/sau reasigurări le este recomandat să ofere potenţialilor şi actualilor clienţi cele mai reprezentative şi adecvate produse de asigurare, să fie transparenți în ceea ce priveşte relaţiile cu exteriorul, să ofere informaţii corecte şi utile tuturor celor interesaţi se referă la:",responsabilitatea distribuitorului în asigurări și/sau reasigurări față de client,"responsabilitatea distribuitorului în asigurări și/sau reasigurări față de societatea de asigurări, respectiv compania de brokeraj",responsabilitatea distribuitorului în asigurări și/sau reasigurări față de publicul larg,c
142,Un Cod Etic (Cod de conduită) corespunzător ar trebui să îndeplinească următoarea caracteristică:,să aibă un caracter educaţional şi conceptual,să pună accentul principal pe interesul distribuitorilor în asigurări și/sau reasigurări și mai puțin pe cel al clienților,"să pună accentul, în principal, pe interesul conducătorilor executivi din domeniul asigurărilor",a
143,Indicați ce caracteristică trebuie îndeplinită pentru ca un Cod Etic (Cod de conduită) să fie corespunzător:,să nu facă nicio referire la conflictele de interese,"să fie aplicabil conduitei profesionale, mai degrabă decât conduitei personale","să pună accentul principal pe interesul conducătorilor executivi, și mai puțin pe cel al distribuitorilor în asigurări și/sau reasigurări",b
144,Precizați caracteristica ce trebuie îndeplinită de un Cod Etic (Cod de conduită) corespunzător:,să fie aplicabil numai conducătorilor executivi,"să fie însoţit de interpretări, elemente de ghidare, reguli disciplinare şi studii de caz",să fie foarte succcint (maximum 1 sau 2 pagini),b
145,"Printre beneficiile unui comportament etic, la nivelul distribuitorului în asigurări și/sau reasigurări, se înscrie:","creșterea gradului de încredere al asiguraților în distribuitorul în asigurări și/sau reasigurări, primii înțelegând faptul că distribuitorul în asigurări și/sau reasigurări a depus toate eforturile pentru a le satisface cerințele și necesitățile",scăderea gradului de încredere al asiguraților în distribuitorul în asigurări și/sau reasigurări,scăderea gradului de retenție al consumatorilor de produse de asigurare,a
146,Printre beneficiile unui comportament etic al distribuitorului în asigurări și/sau reasigurări se numără:,gradul scăzut de retenție al clienților la nivelul portofoliului acestor distribuitori în asigurări și/sau reasigurări,gradul ridicat de retenție al clienților la nivelul portofoliului acestor distribuitori în asigurări și/sau reasigurări,eliminarea clienților care au istoric cu valori ridicate ale indemnizației de asigurare,b
147,Comportamentul etic al unui distribuitor în asigurări și/sau reasigurări poate conduce la:,"retenția clienților, concretizată în dezvoltarea unei relații pe termen lung, care deschide oportunități în ceea ce privește acoperirea necesităților financiare viitoare ale clienților (oportunități de upp-sell și cross-sell)","îndepărtarea potențialilor clienți noi, pe seama ”publicității negative” făcute de către cei existenți",scăderea gradului de încredere al asiguraților în distribuitorul în asigurări și/sau reasigurări,a
148,Printre beneficiile unui comportament etic al distribuitorului în asigurări și/sau reasigurări se numără:,"un nivel consistent, stabil și predictibil de venituri din comisioane și bonusuri, la nivelul distribuitorului în asigurări și/sau reasigurări","un grad extrem de scăzut de împlinire și satisfacție atât profesională, cât și personală",un nivel crescut la veniturilor realizate ca urmare a bonusurilor primite de la clienți,a
149,Printre beneficiile unui comportament etic la nivelul distribuitorului în asigurări și/sau reasigurări se înscrie:,"un nivel redus, instabil și impredictibil de venituri din comisioane și bonusuri","un grad ridicat de împlinire și satisfacție atât profesională, cât și personală a distribuitorului în asigurări și/sau reasigurări","un grad extrem de scăzut de împlinire și satisfacție atât profesională, cât și personală",b
150,"În general, privind detaliile unui contract de asigurare, este adevărat faptul că:",marea majoritate a clienților nu înțelege prevederile acestuia,marea majoritate a clienților înțelege prevederile acestuia,marea majoritate a clienților înțelege prevederile contractuale doar dacă este vorba de o asigurare generală,a
151,Care dintre următoarele variante de răspuns definește corect una dintre practicile neetice întâlnite în domeniul distribuției de asigurări sub denumirea ”vânzare excesivă” (churning)?,"practica ce implică vânzarea forțată a unor polițe care nu sunt neapărat necesare și nici dorite de către clienți, exclusiv în scopul obținerii de comisioane","practica în care un distribuitor în asigurări și/sau reasigurări face o prezentare eronată a unei asigurări deținute deja de către client, pentru a-l convinge să înlocuiască acea poliță cu una nouă, mai avantajoasă ca și comision pentru distribuitorul în asigurări și/sau reasigurări","practica de împărțire a comisionului între distribuitorul în asigurări și/sau reasigurări și clientul său, ca element de ”motivare” pentru cel din urmă, ajungându-se la o primă de asigurare redusă",a
152,Una dintre practicile neetice întâlnite în piață este așa-numita ”denaturare” (twisting). Care dintre următoarele variante de răspuns o definește corect?,"practica ce implică vânzarea forțată a unor polițe care nu sunt neapărat necesare și nici dorite de către clienți, exclusiv în scopul obținerii de comisioane","practica în care un distribuitor în asigurări și/sau reasigurări face o prezentare eronată a unei asigurări deținute deja de către client, în scopul de a-l convinge să înlocuiască acea poliță cu una nouă, mai avantajoasă privind nivelul comisionului","practica ce implică împărțirea comisionului între distribuitorul în asigurări și/sau reasigurări și clientul său, ca element de ”motivare” pentru cel din urmă, ajungându-se la o primă de asigurare mai redusă",b
153,"Una dintre practicile neetice, întâlnite în piața de asigurări, este așa-numita ”împărțirea comisionului” (commission sharing). Care dintre următoarele variante o definește corect?","practica ce implică vânzarea forțată a unor produse de asigurare care nu sunt neapărat necesare și nici dorite de către clienți, exclusiv în scopul obținerii de comisioane","practica în care un distribuitor în asigurări și/sau reasigurări face o prezentare eronată a unei asigurări deținute deja de către client, pentru a-l convinge să înlocuiască acea asigurare cu una nouă, mai avantajoasă privind comisionul urmărit","practica ce implică împărțirea comisionului între distribuitorul în asigurări și/sau reasigurări și clientul său, ca element de ”motivare” pentru cel din urmă, ajungându-se la o primă de asigurare mai mică",c
154,"Conform legislației aplicabile privind conduita distribuitorilor în asigurări și/sau reasigurări, asigurătorii și intermediarii principali au obligaţia să își revizuiască Codurile de Etice (Codurile de Conduită) existente sau să elaboreze astfel de documente în care să includă cele mai bune practici la care să se raporteze distribuitorii în asigurări și/sau reasigurări. Indicați standardele ce trebuie să se regăsească în aceste Coduri Etice (Coduri de Conduită):","numai integritatea, expertiza și profesionalismul","numai respectarea confidențialității, transparența, concurența loială și acordarea consultanței","integritatea, expertiza și profesionalismul, respectarea confidențialității, transparența, concurența loială și asistența post-vânzare",c
155,"Conform legislației aplicabile privind conduita distribuitorilor în asigurări și/sau reasigurări, elementul care se referă la faptul că distribuitorul în asigurări și/sau reasigurări trebuie să acționeze permanent în litera și spiritul legii este standardul privind:",concurența loială,integritatea,respectarea confidențialității,b
156,"Conform legislației aplicabile privind conduita distribuitorilor în asigurări și/sau reasigurări, elementul care se referă la faptul că distribuitorul nu are voie să divulge datele personale ale clienților decât persoanelor din societate care trebuie să cunoască aceste informații este standardul privind:",concurența loială,integritatea,respectarea confidențialității,c
157,"Conform legislației aplicabile privind conduita distribuitorilor în asigurări și/sau reasigurări, elementul care se referă la faptul că distribuitorul nu are voie să facă afirmații depreciative, false sau înșelătoare la adresa competitorilor este standardul privind:",concurența loială,integritatea,respectarea confidențialității,a
158,"Conform legislației aplicabile privind conduita distribuitorilor în asigurări și/sau reasigurări, elementul care se referă la faptul că distribuitorul trebuie să furnizeze servicii de calitate clientului său pe tot parcursul derulării perioadei contractuale este standardul privind:",asistența post-vânzare,integritatea,respectarea confidențialității,a
159,"Conform legislației aplicabile privind conduita distribuitorilor în asigurări și/sau reasigurări, elementul care se referă la faptul că distribuitorul trebuie să se pregătească profesional în mod continuu, să-și completeze nivelul de cunoștințe și să-ți dezvolte abilitățile necesare interacțiunii cu clienții la cele mai înalte niveluri calitative este standardul privind:",asistența post-vânzare,integritatea,expertiza și profesionalismul,c
160,Cauzele principale care determină oamenii să vadă asigurarea ca formă de protecție sunt:,determinate de dorința de a se îmbogăți în cazul producerii unui eveniment asigurat,nejustificate de cele mai multe ori,"cele care afectează integritatea fizică a persoanelor, a proprietăților acestora și acțiunile indivizilor",c
161,Asigurarea de viață reprezintă:,un instrument financiar prin care persoanele sunt protejate față de un dezechilibru financiar în cazul unor dezastre naturale,"cel mai eficient mod de protecție pentru individ și familie, în cazul unor evenimente neprevăzute, prin înlocuirea venitului pierdut și acoperirea datoriilor restante (în cazul decesului persoanei asigurate), pentru a menține standardul de viață al familiei",un instrument financiar prin care persoanele sunt protejate față de un dezechilibru financiar în cazul unor boli grave,b
162,Indicați care este beneficiul asigurărilor de viață individuale:,"suportul moral pe care îl va avea atât persoana asigurată, cât și beneficiarul asigurării, prin achiziția unei asigurări de viață",returnarea integrală a primelor plătite în cazul în care evenimentul asigurat nu are loc,posibilitatea de a schimba persoana asigurată după primul an de contract,a
163,"Interesul asigurabil, cu privire la asigurările de viață, este cuantificabil în termeni financiari?",întotdeauna,niciodată,depinde de situație,a
164,"În vederea emiterii cererii de asigurare, asigurătorul evaluează interesul asigurabil, ca motivație care există între:",persoana asigurată și contractant și apoi între persoana asigurată și beneficiarul asigurării,doar între persoana asigurată și beneficiarul asigurării,doar între contractant și persoana asigurată,a
165,Asigurarea de viață este un contract între:,asigurător și persoana asigurată,asigurător și contractant,"asigurător, contractant și persoana asigurată",c
166,Asigurările de viață cu componentă strict de protecție oferă:,protecție în caz de deces,"protecție în caz de deces, dar și posibilitatea de a investi în programe de tip Unit Linked",posibilitatea de a avea atât o componentă de protecție cât și una de economisire/investiție,a
167,"Privind asigurările de viață cu componentă de economisire, precizați care din următoarele afirmații este falsă:",contractantul poate opta doar pentru componenta de economisire,"pe lângă componenta de protecție, au și rolul de a ajuta la acumularea unor sume de bani",garantează o anumită sumă asigurată în cazul în care persoana asigurată supraviețuiește până la finalul contractului,a
168,Asigurările și opțiunile suplimentare pot fi atașate anumitor contracte de asigurare de viață:,doar la începutul contractului,încă de la început sau pe parcursul derulării contractului,doar după anul doi de contract,b
169,"Care din următoarele afirmații, privind persoana asigurată din contractele de asigurare individuală de viață, este adevărată:",persoana asigurată poate fi modificată oricând pe parcursul derulării contractului doar cu acordul asigurătorului,persoana asigurată este imposibil de modificat,"persoana asigurată poate fi modificată oricând pe parcursul derulării contractului, doar cu acordul contractantului",b
170,Contractantul unei asigurări de viață poate fi:,doar o persoană juridică,doar o persoană fizică,"o persoană fizică, în cazul contractelor individuale, sau o persoană juridică, în cazul contractelor individuale sau de grup",c
171,Care din următoarele afirmații este adevărată:,contractantul unei asigurări de viață nu poate fi o persoană juridică,beneficiarul unei asigurări de viață nu poate fi o persoană juridică,beneficiarul unei asigurări de viață poate fi o persoană fizică sau juridică,c
172,Beneficiarul asigurării de viață este:,persoana fizică a cărei viață constituie obiectul asigurării,"persoana care, având interes asigurabil cu privire la persoana asigurată, încheie contractul de asigurare împreună cu asigurătorul și care se obligă să plătească primele de asigurare","persoana fizică sau juridică, deținătoare are unui interes asigurabil și căreia îi va fi oferită indemnizația de asigurare în momentul în care are loc evenimentului asigurat",c
173,Persoana asigurată prin contractul de asigurare de viață este:,persoana fizică a cărei viață constituie obiectul asigurării,"persoana care, având interes asigurabil privind persoana asigurată, încheie contractul de asigurare împreună cu asigurătorul și care se obligă să plătească primele de asigurare","persoana fizică sau juridică, având interes asigurabil, căreia îi va fi plătită indemnizația de asigurare în momentul producerii evenimentului asigurat",a
174,Contractantul asigurării de viață este:,persoana fizică a cărei viață constituie obiectul asigurării,"persoana care, având interes asigurabil cu privire la persoana asigurată, încheie contractul de asigurare împreună cu asigurătorul și care se obligă să plătească primele de asigurare","persoana fizică sau juridică, având interes asigurabil, căreia îi va fi plătită indemnizația de asigurare, în momentul producerii evenimentului asigurat",b
175,Data încheierii contractului de asigurare reprezintă:,"data la care compania de asigurare emite polița de asigurare, în urma a finalizării procesului de evaluare a riscului","data la care a fost semnată cererea de asigurare și, totodată, momentul în care a fost efectuată și plata primei de asigurare",data la care încetează obligațiile contractuale pentru toate părțile,a
176,Data încheierii cererii de asigurare reprezintă:,data la care asigurătorul emite polița de asigurare,"data la care aceasta a fost semnată și, totodată, momentul în care a fost efectuată și plata primei prime de asigurare",data la care încetează obligațiile contractuale pentru toate părțile,b
177,"În cazul în care riscul depășește riscul de asigurare standard, asigurătorul are dreptul:","de a refuza preluarea în asigurare, situație în care prima de asigurare nu va mai fi returnată contractantului","de a refuza preluarea în asigurare, situație în care prima de asigurare va fi returnată contractantului, calculându-se o dobândă, pentru fiecare zi din momentul efectuării plății de către contractant, raportată la dobânda BNR","de a refuza preluarea în asigurare, situație în care prima inițială de asigurare plătită de contractant va fi returnată acestuia, fără a fi purtătoare de dobândă",c
178,"Care dintre următoarele afirmații, privind asigurările de viață, este adevărată:",perioada cuprinsă între data semnării cererii de asigurare și cea a emiterii acesteia poartă denumirea de perioadă acoperită limitat,"odată emis contractul de asigurare, riscurile vor fi preluate de asigurător începând cu ora 00:00 a zilei următoare emiterii",asigurătorul preia în întregime riscul din momentul în care contractantul a semnat cererea de asigurare și a efectuat prima plată,a
179,Ce reprezintă excluderile unei polițe de asigurare de viață?,"riscuri care nu sunt inițial prevăzute în condițiile de asigurare, dar pot fi preluate contra cost",riscuri și situații care nu sunt cuprinse în asigurare și pentru care asigurătorul nu acordă despăgubiri,anexele la contractul de asigurare,b
180,În ce situație vorbim de o despăgubire acceptată în ceea ce privește plata indemnizației de asigurare către beneficiarul acesteia?,"decesul persoanei asigurate a fost cauzat direct sau indirect de război, război civil, invazie, acțiuni ale altor state",decesul persoanei asigurate s-a produs în urma unei boli grave,decesul persoanei asigurate a fost cauzat de un act intenționat al beneficiarului,b
181,Căreia dintre funcțiile asigurării de viață îi corespunde posibilitatea oferită clientului de a economisi sau de a investi pentru a-și putea realiza planurile privind calitatea vieții la pensie sau privind viitorul copiilor?,funcției de acumulare de capital,funcției de protecție financiară,funcției de siguranță,a
182,"În funcție de numărul persoanelor cuprinse în asigurare, asigurările de viață pot fi:",individuale și de familie,individuale și de grup,de grup și de familie,b
183,Asigurările de viață cu componentă de risc și capitalizare (mixte) sunt:,asigurările de viață și asigurările de viață tip Unit Linked,asigurările de viață tip Unit Linked (cu suma la maturitate negarantată),asigurările de viață tradiționale (cu suma la maturitate garantată),a
184,Precizați dacă toate tipurile de asigurări de viață includ riscul de deces:,cea mai mare parte a lor includ riscul de deces,"da, toate asigurările de viață acoperă obligatoriu riscul de deces","depinde de analiza de necesități, clientul putând opta pentru o asigurare de viață fără acoperirea riscului de deces",b
185,Asigurarea de viață pe termen limitat este:,cea mai simplă formă de asigurare de protecție financiară și are ca eveniment asigurat decesul din orice cauză al persoanei asigurate,"cea mai simplă formă de asigurare de protecție financiară, care are ca eveniment asigurat decesul din orice cauză al persoanei asigurate, însă oferă și posibilitatea economisirii/investiției","cea mai simplă formă de asigurare de protecție financiară, care are ca eveniment asigurat decesul din orice cauză al persoanei asigurate și oferă o valoare de răscumpărare în cazul rezilierii anticipate",a
186,Asigurarea de viață pe termen limitat are valoare de răscumpărare?,"da, doar în situația în care contractantul a optat și pentru componenta de economisire","da, doar dacă valoarea acumulată în cont este mai mare decât o limită stabilită de asigurător",nu,c
187,"Spre deosebire de asigurarea de viață pe termen limitat, în cazul asigurării pe termen nelimitat:",primele de asigurare sunt diferite,primele de asigurare sunt mai mici și sumele asigurate mai mari,primele de asigurare sunt mai mici,a
188,"Care din afirmațiile următoare, privind asigurarea de viață pe termen nelimitat, este adevărată:","acest tip de asigurare poate oferi protecție, în unele cazuri, și după vârsta de 95 de ani",pentru acest tip de asigurare frecvența de plată nu poate fi modificată,acest tip de asigurare nu poate deține și o componentă de acumulare,a
189,Precizați varianta completă și corectă privind elementele în funcție de care variază costul asigurării mixte de viață:,durata contractului și suma asigurată,vârsta asiguratului și suma asigurată,"durata contractului, vârsta asiguratului, suma asigurată și combinația de asigurări suplimentare adăugate riscului de bază",c
190,Ce componente are asigurarea mixtă de viață?,componenta de risc și componenta de capitalizare,componenta de economisire și componenta de fonduri de urgență ce acoperă intervenții chirurgicale,componenta de protecție și componenta de fonduri de urgență ce acoperă cheltuielile medicale de recuperare,a
191,Care din următoarele afirmații reprezintă o caracteristică a asigurării de studii:,destinația utilizării fondurilor acumulate de contractant pe parcursul perioadei de economisire este exclusiv pentru acoperirea cheltuielilor legate de studiile copilului,"în cazul rezilierii, asigurătorul nu are obligația de a acorda o valoare de răscumpărare","perioada contractuală este împărțită în două etape, după cum urmează - în prima etapă, contractantul plătește primele de asigurare, iar în cea de a doua etapă, beneficiarul primește de la asigurător rentele de studii",c
192,Ce este asigurarea de căsătorie?,"un produs financiar asemănător cu asigurarea mixtă de viață, care oferă anuități pe întreaga durată a vieții beneficiarului","un produs financiar similar cu asigurarea de studii, dar indemnizația de asigurare este primită de copil în momentul căsătoriei sau la împlinirea unei vârste specifice, stabilite diferit de către fiecare asigurător","un produs financiar, asemănător cu asigurarea de tip Unit Linked, cu o sumă asigurată ce se plătește sub forma unei sume unice",b
193,Diferența între un produs de asigurare de tip Unit Linked și celelalte tipuri de asigurări de viață este dată de:,"riscul investiției, care în acest caz este asumat de persoana asigurată","riscul investiției, care în acest caz este asumat de contractant","riscul investiției, care în acest caz este asumat de beneficiarii indemnizației de asigurare, în cazul decesului persoanei asigurate",b
194,Care este varianta corectă și completă privind frecvența de plată a primelor de asigurare în cazul asigurărilor de viață pe termen limitat?,"lunară, trimestrială, semestrială sau anuală",doar trimestrială sau anuală,"doar lunară, semestrială sau anuală",a
195,Renta cu rată fixă se plătește:,"pe o perioadă de doi ani, dacă pe perioada contractului s-au înregistrat creșteri la nivel de profit","pe o perioadă determinată de timp, cu condiția ca banii din cont să fie suficienți","pe o perioadă determinată de timp, așa cum este stipulat în contractul de asigurare",c
196,"Care este condiția pentru a primi indemnizația, în cazul rentei cu rată viageră?",beneficiarul să fi solicitat indemnizația,beneficiarul să fie în viață,persoana asigurată să fi decedat,b
197,Indicați varianta de răspuns care reprezintă definiția anuitantului:,persoana care primește o anuitate,persoana eligibilă să încheie o asigurare de tip rentă,contractantul unei asigurări de rentă,a
198,Care sunt principalele avantaje ale anuităților?,permit crearea unei stabilități financiare pentru întreaga familie și constituirea de fonduri pentru acoperirea cheltuielilor de deces,"oferă siguranță în menținerea nivelului de trai, permit crearea unei stabilități financiare pentru întreaga familie și se pot constitui în fonduri pentru acoperirea cheltuielilor de deces sau în fonduri pentru urmași",oferă siguranță în menținerea nivelului de trai și asigurarea fondurilor pentru urmași,b
199,Asigurările și opțiunile suplimentare:,au obligatoriu aceeași durată ca cea a contractului de bază,nu pot depăși perioada de plată a primelor de pe contractul de bază,pot depăși perioada de plată a primelor de pe contractul de bază,b
200,Care din următoarele afirmații privind asigurările și opțiunile suplimentare este adevărată:,pot fi reziliate doar la aniversarea contractului de asigurare,pot fi reziliate oricând pe durata contractului,odată atașate nu mai pot fi reziliate,b
201,Indemnizația oferită de asigurarea suplimentară în cazul producerii riscului de deces din accident:,se primește doar cea mai mare valoare dintre asigurarea de viață de pe contractul de bază și asigurarea suplimentară de deces din accident,"se cumulează cu asigurarea de bază, de deces din orice cauză",are o primă variabilă pe durata contractului de asigurare,b
202,Opțiunea de scutire de plată a primelor de asigurare:,"se aplică pe o perioadă determinată de timp, la finalul căreia contractantul va relua plata primelor","oferă beneficiarului o indemnizație ce constă într-o sumă fixă, stabilită încă de la momentul semnării cererii de asigurare, în vederea acoperirii costurilor generate de problemele medicale ce au dus la o incapacitate permanentă de muncă a persoanei asigurate",exonerează contractantul de plata primelor,c
203,În cazul opțiunii suplimentare de sistare a plății primelor:,suma asigurată la supraviețuire va fi mai mare,"suma asigurată la supraviețuire se va recalcula, ținând cont de perioada în care prima de economisire nu a mai fost plătită",suma asigurată la supraviețuire rămâne neschimbată,b
204,"Care din următoarele afirmații, cu privire la opțiunea de creștere garantată a sumei asigurate, este adevărată:","oferă posibilitatea creșterii, fie a sumelor asigurate, fie a primelor de asigurare, după caz, cu un anumit procent, fără evaluarea medicală a persoanei asigurate","oferă posibilitatea creșterii, fie a sumelor asigurate, fie a primelor de asigurare, după caz, cu un anumit procent, cu evaluarea medicală a persoanei asigurate","oferă posibilitatea creșterii, fie a sumelor asigurate, fie a primelor de asigurare, după caz, cu un anumit procent, cu evaluarea medicală atât a persoanei asigurate cât și a contractantului persoană fizică, deoarece el este cel care plătește primele de asigurare",a
205,"Vânzarea de tip ""push"" presupune:",ofertarea de produse de asigurare on-line,"atragerea clienților către societatea de asigurare, clienții știind deja ce anume caută","mișcarea produselor și serviciilor de asigurări de viață, prin distribuitorii în asigurări și/sau reasigurări, către consumatorul final",c
206,"Vânzarea de tip ""pull"" presupune:",ofertarea de produse de asigurare on-line,"atragerea clienților către compania de asigurări, clienții știind deja ce anume caută","mișcarea produselor și serviciilor de asigurări de viață, prin intermediari, către consumatorul final",b
207,Care dintre următoarele afirmații privind analiza de nevoi pe care distribuitorii în asigurări și/sau reasigurări o realizează împreună cu prospectul/clientul este adevărată:,analiza de nevoie este un pas opțional,analiza de nevoi presupune și completarea unui chestionar medical privind starea de sănătate a persoanei asigurate,"analiza de nevoi presupune identificarea nevoii de protecție personală și a familiei, în caz de deces sau în cazul apariției unor probleme de sănătate",c
208,Care din afirmațiile următoare privind analiza de nevoi este adevărată:,analiza de nevoi nu este obligatorie în cazul intermedierii de asigurări de viață,analiza de nevoi este un pas obligatoriu în cazul distribuției asigurărilor de viață,analiza de nevoi este opțională în cazul intermedierii de asigurări de viață,b
209,"În câte categorii se împart asigurările de viață, conform prevederilor legale în vigoare?",asigurări de viață și asigurări de sănătate,"asigurări de viață, anuități și asigurări de viață suplimentare, asigurări de căsătorie, asigurări de naștere, asigurări de viață și anuități care sunt legate de fonduri de investiții","asigurări de viață, asigurări de călătorie, anuități și asigurări de viață suplimentare, asigurări de căsătorie",b
210,Care sunt evenimentele asigurate prin asigurarea mixtă de viață?,decesul și supraviețuirea persoanei asigurate,decesul persoanei asigurate,supraviețuirea persoanei asigurate,a
211,Care sunt evenimentele asigurate prin asigurarea de viață pe termen limitat?,decesul din accident,decesul din orice cauză,decesul din boală,b
212,"Privind riscul investițional, indicați afirmația corectă:","riscul investiţional, la asigurarea cu termen limitat, aparţine societăţii de asigurări, în totalitate","riscul investiţional, la asigurarea de sănătate, aparţine societăţii de asigurări, în totalitate","riscul investițional, la asigurarea de tip Unit Linked, aparţine clientului, în totalitate",c
213,Tehnica AIDA:,este o tehnică de obținere de recomandări,"ajută în comunicarea eficientă cu clientul/prospectul, în mod special pentru a-l determina să acționeze","se aplică doar altor produse financiare, diferite de asigurările de viață",b
214,AIDA este un acronim pentru:,"Atenție, Interes, Demontare de obiecții, Acțiune","Atenție, Insistență, Determinare, Acțiune","Atenție, Interes, Dorință, Acțiune",c
215,"Privind digitalizarea, indicați care dintre următoarele afirmații este falsă:",se bazează pe principiul WIN-WIN-WIN,"pune societatea de asigurare și produsele de asigurare pe primul loc, pentru că fără ele clienții nu ar putea accesa protecția de care au nevoie","vizează dezvoltarea unei relații pe termen mediu și lung, bazată pe încredere",b
216,Principalul motor care determină societățile de asigurare să urmărească digitalizarea este dat de dorința de a le oferi clienților:,cât mai multe informații despre produsele de asigurare,posibilitatea de a achiziționa produse de asigurare exclusiv on-line,"o relație personalizată cu compania, informație decizională și comoditate în accesarea produselor de asigurare",c
217,Revoluția Industrială 4.0 în domeniul asigurărilor accentuează importanța:,vânzătorului de produse financiare,consultanței în vânzări,produselor și serviciilor financiare identice pentru toți clienții,b
218,Ce este ”valoarea de răscumpărare”?,"reprezintă suma pe care asigurătorul are obligaţia să o plătească în cazul rezilierii contractului de asigurare, în situaţiile specificate în condiţiile contractuale","suma de bani pe care asigurătorul o plătește în cazul în care un client solicită rezilierea unei asigurări, cu componentă exclusivă de risc, înainte de maturitatea poliței",suma de bani pe care asigurătorul o plătește în cazul în care polița ajunge la maturitate,a
219,"Ce este ""perioada de grație""?","perioada de 30, 60 sau 90 de zile în care, dacă polița nu a fost plătită, aceasta rămâne în vigoare, dar acoperirea dată de asigurare diferă în funcție de numărul de zile de întârziere","intervalul de timp după scadență de 30, 60 sau 90 zile, în care titularul nu a achitat prima de asigurare datorată, iar polița de asigurare nu produce efecte","intervalul de timp după scadență de 30, 60 sau 90 zile, în care titularul a achitat parțial prima de asigurare datorată, iar polița de asigurare nu produce efecte",a
220,"În cazul asigurării de viață, indicați când contractantul diferă de persoana asigurată:",în cazul în care asigurarea este încheiată de titular,în cazul în care asiguratul este angajatorul,"în cazul entităților persoane juridice, în calitate de contractant, care încheie asigurări de viață pentru angajaţii lor",c
221,"Pentru un asigurător, asigurarea de viață reprezintă:","o promisiune că va plăti o sumă asigurată către beneficiar, la cererea acestuia","o obligație de a plăti o sumă asigurată către beneficiar, la cererea beneficiarului",o modalitate de preluare a riscului financiar legat de pierderea vieţii sau de deteriorarea sănătăţii unui individ sau a unui grup de indivizi supuşi aceluiaşi risc,c
222,"Pentru contractant, asigurarea de viață reprezintă:","o înțelegere prin care acesta plătește o sumă de bani (prima de asigurare) cu o anumită frecvență, beneficiarul asigurării urmând să primească în schimbul acesteia o indemnizație de asigurare, în cazul producerii evenimentului asigurat","o formă de protecție personală, în cazul producerii evenimentelor asigurate prin contract",o modalitate de a economisi și de a beneficia în același timp de protecția dată de riscurile acoperite prin asigurare,a
223,Care sunt tipurile de asigurări de viață care satisfac nevoia de economisire sigură pentru momentele importante din viață?,asigurările de viață de tip Unit Linked,asigurările de viață cu componentă exclusivă de protecție financiară,asigurările de viață cu sume garantate la capitalizare,c
224,"Care sunt tipurile de asigurări de viață care satisfac doar nevoia de protecție financiară împotriva riscurilor care pot afecta individul (deces, boli, accidente)?",asigurările de viață de tip Unit Linked,asigurările de viață cu sume garantate la capitalizare,asigurările de viață cu componentă exclusivă de protecție financiară,c
225,Indicați varianta corectă privind situația în care are loc încetarea contractului de asigurare de viață:,la data decesului beneficiarului asigurării de viață,în momentul în care se împlinesc 30 de zile de neplată a primei de asigurare,"odată cu decesul contractantului persoană fizică, dar și în cazul încetării existenței contractantului persoană juridică",c
226,Ce este denunțarea unilaterală a contractului de asigurare?,o acțiune care poate fi inițiată doar de contractant și care duce la încetarea contractului de asigurare,o acțiune care poate fi inițiată doar de asigurător și care duce la încetarea contractului de asigurare,o acțiune a contractantului sau a asigurătorului care duce la încetarea contractului de asigurare,c
227,Care sunt asigurările de viață care permit investiții cu un grad sporit de risc și cu posibilități de câștig mari?,asigurările de viață cu sume garantate la capitalizare,asigurările de tip Unit Linked,asigurările de viață cu componentă exclusiv de risc,b
228,Evenimentele care duc la încetarea contractului de asigurare de viață sunt:,"maturitatea poliței, denunțarea unilaterală a contractului sau decesul persoanei asigurate",doar maturitatea poliței sau decesul persoanei asigurate,doar denunțarea unilaterală a contractului sau decesul persoanei asigurate,a
229,Pot apărea modificări în contractul de asigurare de viață după încheierea acestuia?,după încheierea contractului de asigurare de viață nu mai este posibilă nicio modificare,la cererea persoanei asigurate se pot aduce modificări contractului de asigurare de viață după încheierea acestuia,se pot aduce modificări contractului de asigurare de viață după încheierea acestuia doar la cererea asigurătorului,b
230,Prin intermediul unui contract de asigurare de viaţă:,asiguratul preia riscurile asigurătorului,asigurătorul preia riscurile asiguratului,contractantul preia riscurile asiguratului,b
231,"Prin contractul de asigurare de viață, se obligă să plătească primele de asigurare:",persoana asigurată,beneficiarul,contractantul,c
232,"După frecvența de plată, primele de asigurare ale unui contract de asigurare de viață pot fi:",eșalonate sau unice,doar eșalonate,doar unice,a
233,Care dintre următoarele exemple reprezintă o excepție de la plata indemnizației de asigurare în cazul unei asigurări de viață?,decesul cauzat direct sau indirect de război,decesul în urma unui accidentul rutier,decesul cauzat de boală,a
234,"În situația în care decesul persoanei asigurate are loc în urma unui act al beneficiarului, pentru care s-a pronunțat o sentință penală împotriva acestuia:",asigurătorul va plăti beneficiarului valoarea de răscumpărare a contractului de asigurare de viață,asigurătorul nu are obligația de a plăti beneficiarului nicio sumă,asigurătorul va plăti beneficiarului suma asigurată în caz de deces precizată în contractul de asigurare de viață,b
235,"Care dintre următoarele afirmații, cu privire la funcția de protecție financiară, este corectă:",îi dă beneficiarului asigurării accesul la indemnizația de asigurare,le dă oamenilor posibilitatea de a economisi pentru momentele fericite din viața lor,îi ajută pe oameni să acumuleze capital,a
236,"În cazul decesului persoanei asigurate, dacă nu au fost desemnați beneficiari în contractul de asigurare de viață, indemnizația de asigurare revine:",asigurătorului,moștenitorilor legali,statului,b
237,Asigurarea de viață atașată creditelor este:,"o asigurare pe termen limitat, a cărei sumă asigurată crește pe măsură ce clientul achită din credit","o asigurare pe termen limitat, a cărei sumă asigurată rămâne constantă pe măsură ce clientul achită din credit","o asigurare pe termen limitat, a cărei sumă asigurată scade pe măsură ce clientul achită din credit",c
238,"În cazul unei asigurări de căsătorie, indemnizația de asigurare se plătește:",doar sub forma unei sume unice,sub forma unei sume unice sau ca anuitate,doar ca anuitate,b
239,Anuitățile sunt acel tip de asigurare de viață în care beneficiile sunt plătite de către asigurător atât timp cât este în viață:,persoana asigurată,beneficiarul asigurării,contractantul asigurării,b
240,Asigurările auto sunt:,doar asigurări din categoria celor obligatorii,doar asigurări din categoria asigurărilor facultative,"atât asigurări obligatorii, cât și facultative",c
241,Indicați care este obiectul asigurării în cazul contractului de asigurare RCA:,vehiculul asigurat,răspunderea civilă obligatorie a proprietarului de vehicul,răspunderea civilă a asiguratului sau a conducătorului auto pentru prejudicii produse prin intermediul vehiculului menționat în contractul RCA,c
242,Scopul asigurării RCA este:,despăgubirea pentru pagube materiale și vătămările corporale produse persoanei responsabile de producerea accidentului,"despăgubirea pagubelor materiale și vătămările corporale produse terților în urma unui accident, precum și despăgubirea cheltuielilor terților păgubiți în procesul civil",acordarea despăgubirii doar pentru pagube materiale și numai terților păgubiți de cetățenie română,b
243,Asigurarea de răspundere civilă auto pentru prejudicii produse terțelor persoane prin accidente de vehicule și de tramvaie este obligatorie:,"pentru persoanele fizice sau juridice care au în proprietate vehicule supuse înmatriculării sau înregistrării în România, precum și tramvaie care se pot înmatricula legal",doar dacă se încheie și o asigurare facultativă pentru același autovehicul,"pentru persoanele fizice sau juridice care au în proprietate vehiculele supuse înmatriculării sau înregistrării în România, vehicule pe care le utilizează exclusiv în scopul antrenamentelor, curselor, întrecerilor sau raliurilor organizate legal",a
244,Fac excepție de la obligativitatea încheierii asigurării RCA:,"persoanele fizice și juridice care utilizează vehiculele exclusiv în scopul antrenamentelor, curselor, întrecerilor sau raliurilor organizate legal",persoanele fizice și juridice care utilizează vehiculele exclusiv în scopuri de agrement,persoanele fizice sau juridice care dețin vehicule utilizate pentru întreceri organizate ocazional,a
245,Părțile contractuale ale unei asigurări RCA sunt:,"asigurătorul, asiguratul (proprietarul) și utilizatorul","asiguratorul, proprietarul (asiguratul), utilizatorul și beneficiarul nenominalizat al contractului (terțul prejudiciat)","asigurătorul, asiguratul (proprietarul)",b
246,"La emiterea poliței RCA, sistemul claselor de Bonus-Malus cuprinde:",10 clase de Bonus și 6 clase de Malus,8 clase de Bonus și 8 clase de Malus,"8 clase de Bonus și 8 clase de Malus, plus clasa de bază B0 corespunzătoare unui asigurat fără istoric de daune în asigurări",c
247,"Valoarea despăgubirii în urma avariilor rezultate dintr-un eveniment rutier, în cazul unui contract RCA, poate fi:","egală cu costul integral al reparațiilor, indiferent de valoarea acestora",limita prevăzută în contract,costul reparației stabilit de orice unitate reparatoare,b
248,"Conform legii, oferta RCA este valabilă pentru minimum:",10 zile lucrătoare,90 de zile lucrătoare,30 de zile calendaristice,a
249,Se pot anexa clauze suplimentare la încheierea asigurării RCA sau pe parcursul derulării acesteia?,pentru asigurarea RCA nu se pot adăuga clauze suplimentare,"da, doar dacă clauzele suplimentare prevăd introducerea de franșize stabilite de asigurător","da, se pot anexa clauze suplimentare precum decontarea directă",c
250,"În cazul asigurării RCA, clauza de decontare directă reprezintă gestionarea daunelor direct la:",asiguratorul părții responsabile de producerea accidentului,propriul asigurător unde s-a încheiat asigurarea RCA,Biroul Asiguratorilor Auto din România,b
251,"Intermediarii și/sau asigurătorii au obligația să informeze asigurații, respectiv contractanții cu privire la încetarea contractului RCA și la posibilitatea de reînnoire acestuia cu:",60 de zile înainte de încetarea contractului RCA aflat în vigoare,90 de zile înainte de încetarea contractului RCA aflat în vigoare,30 de zile înainte de încetarea contractului RCA aflat în vigoare,a
252,"La reînnoirea asigurării RCA, canalul de comunicare utilizat pentru schimbul de informații este stabilit:",doar de asigurător și doar prin mijloacele de comunicare impuse de către acesta,doar de asigurat și doar prin mijloacele de comunicare impuse de către acesta,de comun acord între asigurat și asigurător,c
253,"În cazul asigurării RCA, răspunderea asigurătorului începe:",din momentul efectuării inspecției de risc și a plății primei de asigurare,din a cincea zi după emiterea contractului de asigurare RCA,"din ziua următoare celei în care s-a încheiat contractul RCA, pentru persoanele care nu aveau o asigurare RCA valabilă la momentul încheierii asigurării",c
254,Asigurătorul RCA are obligația să efectueze constatarea prejudiciilor în termen de:,3 zile lucrătoare de la data notificării primite de la persoana prejudiciată sau la o dată ulterioară convenită de părți,30 de zile lucrătoare de la data notificării primite de la persoana prejudiciată sau la o dată ulterioară convenită de părți,maximum 10 zile lucrătoare de la data notificării primite de la persoana prejudiciată,a
255,Limita de despăgubire în cazul asigurării RCA este:,maximum 2 evenimente - unul pentru vătămări corporale și unul pentru prejudicii materiale,stabilită prin normele metodologice ale fiecărui asigurător,"un număr nelimitat de evenimente, în limita despăgubirii înscrise în contractul de asigurare pentru prejudicii materiale și pentru vătămări corporale",c
256,"La evaluarea inițială a daunelor, rezultate în urma producerii unui eveniment asigurat prin contractul de asigurare RCA, specialistul constatare daune întocmește:",procesul-verbal de constatare al daunei,avizarea privind dinamica accidentului pe care o înmânează clientului,procesul-verbal de contravenție privind Codul Rutier,a
257,"La efectuarea lucrărilor de reparație, dacă se constată și alte pagube produse ca urmare a riscului asigurat prin contractul de asigurare RCA, reconstatarea se poate realiza:",la cererea scrisă a păgubitului sau împuternicitului legal sau a unității reparatoare,la cererea sau solicitarea scrisă a martorilor accidentului,doar la solicitarea persoanei responsabile de producerea accidentului,a
258,"În situația în care, la data producerii accidentului, existau mai multe asigurări RCA valabile, plata despăgubirii se face integral de către:","asigurătorul căruia s-a adresat persoana prejudiciată, urmând ca asigurătorul să recupereze, prin acțiune de regres, cotă parte egală din cuantumul despăgubirii achitate de la ceilalți asigurători",asigurătorul care a încheiat prima poliță,toți asigurătorii la care au fost încheiate respectivele asigurări RCA,a
259,Precizați situația în care asiguratorul RCA nu acordă despăgubiri pentru prejudiciile rezultate în urma producerii evenimentului:,pentru vătămări corporale sau decesul terțelor persoane prejudiciate,pentru prejudiciile produse bunurilor aflate în proprietatea conducătorului vehiculului care a produs accidentul,"pentru prejudicii provocate terților, drept consecință a conducerii vehiculului sub influența băuturilor alcoolice sau a stupefiantelor",b
260,"Privind contractul de asigurare RCA, indicați care dintre afirmațiile următoare este adevărată:",limitele teritoriale ale contractului RCA cuprind teritoriul României,limitele teritoriale ale contractului RCA nu cuprind teritoriul statelor membre UE,limitele teritoriale ale contractului RCA nu cuprind teritoriile statelor în care nu există Birou Naţional Auto,a
261,Asigurarea Carte Verde reprezintă un certificat de asigurare în baza căruia asiguratul beneficiază de protecție pentru accidente rutiere produse:,de conducători auto care nu dețin asigurare RCA,pe teritoriul statelor membre din Sistemul Carte Verde,teritoriului României și în țările limitrofe,b
262,"Conform prevederilor legale în vigoare, societățile de asigurare din România tipăresc polițele de asigurare Carte Verde pe:",suport de hârtie verde,suport de hârtie verde sau albă,suport de hârtie albă,c
263,Contractul de asigurare Carte Verde este:,"un mecanism de protecție pentru terțe persoane, victime implicate într-un accident rutier transfrontalier",un mecanism de protecție pentru victimele aflate în propriul autovehicul implicat într-un accident rutier transfrontalier,un mecanism de protecție pentru victimele ambelor autovehicule implicate într-un accident rutier transfrontalier,a
264,Contractul de asigurare Carte Verde facilitează:,traficul transfrontalier,traficul intern,traficul intern și transfrontalier,a
265,Contractul de asigurare Carte Verde este necesar pentru:,a evita aglomerația în punctele de frontieră ale României,a evita necesitatea ca autovehiculele să obțină acoperirea asigurărilor la fiecare dintre frontierele celor 48 de țări membre,a conferii unui utilizator dreptul de conducere transfrontalier,b
266,Asigurarea de frontieră este necesară:,celor care doresc să intre pe teritoriul României fără a deține o asigurare RCA valabilă la acea dată,"celor care dețin o poliță RCA care urmează să expire, emisă în altă țară","celor care doresc să intre în România fără a avea o asigurare RCA valabilă la acea dată și celor care dețin o poliță RCA care urmează să expire, emisă în altă țară",c
267,Asigurarea de frontieră poate fi încheiată la data la care autovehiculul urmează să intre pe teritoriul României și poate fi emisă pentru o perioadă de:,30 de zile și nu se poate prelungi pe perioade noi,"15 de zile, cu posibilitatea prelungirii pe noi perioade de câte 15 de zile","30 de zile, cu posibilitatea prelungirii pe noi perioade de câte 30 de zile",c
268,"Privind asigurarea CASCO, precizați cine poate încheia acest tip de asigurare::",doar profesioniștii,doar consumatorii de produse de asigurare,persoanele juridice și fizice,c
269,Asigurarea CASCO este o asigurare facultativă care acoperă daunele produse:,unui autovehicul terț implicat în același accident auto,"propriului autovehicul, indiferent de persoana responsabilă de producerea evenimentului",atât propriului autovehicul cât și celorlalte autovehicule implicate în același eveniment,b
270,Asigurarea facultativă CASCO se încheie pentru vehicule:,"înmatriculate în România, aparținând persoanelor fizice sau juridice, inclusiv pentru remorcile și semiremorcile tractate de acestea","ce nu pot fi înmatriculate în România, aparținând persoanelor fizice sau juridice, inclusiv remorcile și semiremorcile tractate de acestea",care nu dețin asigurare RCA,a
271,"În cazul societăţilor de leasing, prima de asigurare pentru asigurarea CASCO este achitată de:",societatea de leasing în calitate de asigurat,"societatea de leasing și de utilizator, în părți egale","utilizator, deși calitatea de asigurat o are societatea de leasing",c
272,"La încheierea unui contract de asigurare CASCO, suma asigurată din contract este stabilită de:","client, în urma negocierii directe cu asigurătorul","asigurător și reprezintă, în principal, valoarea rămasă la momentul evaluării prin diminuarea valorii de nou a autovehiculului cu coeficientul de uzură",asigurător și reprezintă valoarea medie stabilită pe baza ofertelor concurențiale din piață,b
273,"În cazul asigurării facultative CASCO, urmare a producerii unui eveniment asigurat, cuantumul prejudiciului este stabilit:","de către asigurat, prin autoconstatare",de către unitatea reparatoare,de către asigurător sau intermediarii autorizați ai acestuia,c
274,"În cazul unor daune parțiale suferite de un vehicul asigurat CASCO, modalitatea de despăgubire poate fi reparația vehiculului:","în reprezentanțe, unități reparatorii partenere asigurătorului sau în regie proprie",doar în reprezentanțe sau unități reparatorii partenere asiguratorului,doar în reprezentanțe sau în regie proprie,a
275,"Procedura de subscriere, în cazul asigurării facultative CASCO, se realizează în baza realizării inspecției de risc, care vizează:","verificarea vehiculului privind datele de identificare, integritate, stare de întreținere, realizare a fotografiilor de ansamblu și de detaliu","verificarea vehiculului privind datele de identificare, integritate, stare de întreținere, dotări suplimentare, număr de kilometri parcurși, fotografii de ansamblu și de detaliu",verificarea documentelor originale de înmatriculare și a numărului de kilometri parcurși de vehicul,b
276,"Procesul de despăgubire în cazul asigurării CASCO, se declanșează:",odată cu notificarea asigurătorului în maximum 30 de zile calendaristice de la data producerii evenimentului,"la orice dată dorește asiguratul, asigurarea CASCO, fiind facultativă, nu impune un termen limită de notificare a evenimentului la asigurător",odată cu notificarea asigurătorului în maximum 3 zile lucrătoare de la data producerea evenimentului,c
277,"Procesul de despăgubire pentru furtul total al vehiculului, în cazul asigurării facultative CASCO, se declanșează prin notificarea asigurătorului privind producerea riscului asigurat, în termen de maximum:",3 zilei calendaristice de la constatarea evenimentului,1 zi lucrătoare de la constatarea evenimentului,30 de zile lucrătoare de la constatarea evenimentului,b
278,Franșiza specificată într-un contract de asigurare CASCO reprezintă partea din daună ce urmează a fi suportată de către:,persoana responsabilă de producerea evenimentului,asigurător și asigurat în cote egale,asigurat,c
279,"În situația contractului de asigurare CASCO, în cazul evenimentului de daună totală, franșiza reprezintă un procent din suma asigurată și este deductibilă din:",despăgubirea cuvenită asiguratului,impozitul anual datorat de asigurat pentru taxe și impozite locale,primele de asigurare neachitate,a
280,"În cazul asigurării CASCO, suma de bani pe care clientul a fost de acord să nu o primească în situația în care se produce dauna, reprezintă:",franșiza deductibilă,franșiza atinsă,franșiza fixă sau relativă,b
281,"În cazul asigurării CASCO, suma de bani care va fi suportată de client și scăzută din valoarea despăgubirii, indiferent de valoarea daunei, se numește:",franșiză deductibilă,franșiză atinsă,franșiză fixă sau relativă,a
282,Indicați categoriile de bunuri ce pot face obiectul asigurărilor de bunuri:,"locuințe, clădiri, echipamente electronice, bunuri aflate în clădiri, locuințe, stocuri","locuințe, clădiri, echipamente electronice, bunuri aflate în clădiri, locuințe, stocuri, terenuri aferente clădirilor","locuințe, clădiri, echipamente electronice, bunuri aflate în clădiri/locuințe, stocuri, terenuri aferente clădirilor și luciu de apă",a
283,Care sunt riscurile de bază acoperite printr-o asigurare de bunuri?,"incendiu, trăsnet, explozie, căderi de corpuri","incendiu, trăsnet, explozie, căderi de corpuri, inundație provocată de apa de conductă și de refulare, bunuri casabile","incendiu, cutremur, trăsnet, explozie, căderi de corpuri",a
284,"În cazul asigurării bunurilor, suma asigurată reprezintă:",valoarea despăgubirii la data producerii unuia sau mai multor evenimente asigurate,valoarea pentru care se încheie asigurarea şi care reprezintă maximul răspunderii asigurătorului în cazul producerii sau apariţiei unuia sau a mai multor evenimente asigurate,valoarea înscrisă în contract care se acordată asiguratului indiferent de cuantumul daunei,b
285,"Subasigurarea, în cazul asigurării bunurilor, reprezintă situația în care suma asigurată a bunurilor este:",inferioară valorii acestora,superioară valorii acestora,inferioară valorii stabilite de un evaluator autorizat,a
286,"Supraasigurarea, în cazul asigurării bunurilor, reprezintă situația în care suma asigurată a bunurilor este:",inferioară valorii acestora,superioară valorii acestora,superioară valorii stabilite de un evaluator autorizat,b
287,"În cazul asigurării bunurilor, inspecția de risc are ca principal obiectiv evaluarea riscului în vederea stabilirii:",sumei asigurate,condițiilor de preluare în asigurare,primei de asigurare și a sumei asigurate,b
288,"În cazul asigurărilor de bunuri, franșiza poate fi partea din dauna ce urmează a fi suportată de:",asigurător,asigurător și asigurat în cote proporționale,asigurat,c
289,"În cazul asigurărilor de bunuri, franșiza poate fi:",atinsă sau deductibilă,doar atinsă,doar deductibilă,a
290,Asigurarea facultativă a locuinței vine în completarea asigurării:,de răspundere civilă generală,PAD,de răspundere civilă față de terți,b
291,"Prin asigurarea facultativă a locuinței, la secțiunea clădire se asigură:","locuința cu dotări și instalațiile fixe (central termică, instalația electrică, instalația de gaz, ferestre, uși și tot ce este montat fix pe clădire)",locuința fără dotări și instalații fixe,locuința și bunurile conținute în aceasta,a
292,"În cazul asigurărilor facultative de locuințe, clădirile ce fac obiectul excluderii în cazul acoperirii de incendiu și calamități naturale pot fi:","clădiri expertizate tehnic pentru riscul de cutremur, clădiri în curs de construcţie sau nefinalizate, clădiri situate în zone cu istoric de alunecări, prăbuşiri de teren sau clădiri de patrimoniu",clădiri noi construite în cartiere rezidențiale cu acces restricționat prin bariere și care pot îngreuna intervenția rapidă a echipajelor de pompieri,"clădirile cu destinație locuințe, care nu sunt încă locuite",a
293,Acronimul PAID este dat de:,Pool-ul de Asigurare Împotriva Distrugerilor,Pool-ul de Asigurare și Investigarea Daunelor,Pool-ul de Asigurare Împotriva Dezastrelor Naturale,c
294,"Conform prevederilor legale, asigurarea PAD este:",o asigurare obligatorie doar dacă nu există o asigurare facultativă încheiată pentru locuință,o asigurare facultativă,o asigurare obligatorie,c
295,Ce riscuri acoperă polița obligatorie PAD?,"incendiu, trăsnet, explozie, căderi de corpuri","cutremure, inundații naturale, alunecări de teren","vandalismul, terorismul, contaminarea nucleară și alte riscuri extreme",b
296,Emiterea poliței de asigurare facultativă a locuinței este condiționată de existența:,asigurării de răspundere civilă a proprietarului,certificării biroului teritorial local de urbanism,poliței PAD,c
297,O poliță PAD nou încheiată intră în valabilitate:,la ora 00:00 a următoarei zile de la emitere,după 24 de ore de la emitere,după 5 zile calendaristice,c
298,Sumele asigurate standard pentru asigurările PAD sunt:,"100.000 LEI, pentru locuința tip B și 50.000 LEI, pentru locuința de tip A","100.000 LEI, pentru locuința tip A și 50.000 LEI, pentru locuința de tip B","100.000 LEI, pentru locuința locuită permanent și 50.000 LEI, pentru locuința locuită temporar",b
299,Primele de asigurare standard pentru asigurările PAD sunt:,"130 LEI/an, pentru locuința de tip A, respectiv 50 LEI/an, pentru locuința de tip B","50 LEI/an, pentru locuința de tip A, respectiv 100 LEI/an, pentru locuința de tip B","100 LEI/an, pentru orice tip de locuință",a
300,"Asigurarea PAD, pentru o locuința de tip A, se încheie pentru suma asigurată:",10.000 euro,100.000 LEI,stabilită de client și acceptată de societatea de asigurare,b
301,"Asigurarea PAD, pentru o locuința de tip B, se încheie pentru suma asigurată:",50.000 LEI,20.000 euro,stabilită de client de comun acord cu societatea de asigurare,a
302,"O construcție cu structura de rezistență din beton armat, metal ori lemn sau cu pereți exteriori din piatră, cărămidă arsă, lemn ori din orice alte materiale rezultate în urma unui tratament termic și/sau chimic, pentru încheierea asigurării PAD este considerată o locuință:",de tip A,de tip B,de tip C,a
303,"O construcție cu pereți exteriori din cărămidă nearsă sau din orice alte materiale nesupuse unui tratament termic și/sau chimic, pentru a se încheia polița PAD este considerată o locuință:",de tip A,de tip B,de tip C,b
304,"Prin asigurarea de călătorie, asigurătorul oferă protecție pentru:",tratamente de recuperare medicală,asistenţa medicală de urgenţă pentru accidente sau îmbolnăviri neprevăzute,afecțiunile medicale pre-existente,b
305,Asigurarea de călătorie preia riscul pentru:,intervențiile stomatologice de urgență,"război, terorism, reacții nucleare",afecțiunile de natură nervoasă sau tulburări psihice preexistente,a
306,"Prin asigurarea de călătorie, asigurătorul oferă protecție pentru:",autovătămările provocate cu intenţie de către asigurat,"îmbolnăviri sau accidente ca urmare a consumului de băuturi alcoolice, droguri, narcotice sau a consumului abuziv de medicamente",cheltuielile de repatriere în cazul decesului persoanei asigurate,c
307,Asigurările de călătorie oferă protecție:,firmelor de turism în caz de insolvență,cliențílor în scopul de a proteja anumite evenimente neprevăzute ce pot să apară în perioada călătoriei,cliențílor pentru turismul de recuperare medicală sau persoanelor care pleacă la muncă în străinătate,b
308,"Prin asigurarea de călătorie, asigurătorul se obligă să despăgubească:",doar cheltuielile medicale neprevăzute,doar pierderile financiare ce pot să apară în această perioadă,"toate cheltuielile medicale neprevăzute, precum și pierderile financiare ce pot să apară în această perioadă",c
309,Scopul asigurării de incendiu și alte riscuri pentru activele persoanelor juridice este protecția financiară pentru:,doar avarierea bunurilor asigurate ca urmare a producerii unui eveniment asigurat prin contractul de asigurare,"avarierea, distrugerea, pierderea bunurilor asigurate ca urmare a producerii unui eveniment asigurat prin contractul de asigurare",doar distrugerea și pierderea bunurilor asigurate ca urmare a apariției unui eveniment neasigurat prin polița de asigurare,b
310,Asigurarea de incendiu și alte riscuri pentru activele persoanelor juridice acoperă:,asigurarea imobilelor cu destinație de locuință pentru persoanele juridice,"asigurarea imobilelor și a altor bunuri (mașini, utilaje, instalatii, etc.) destinate desfășurării activităților industriale, comerciale, economice, administrative și social-culturale",asigurarea construcțiilor și a altor bunuri împotriva riscului de faliment al anteprenorului,b
311,"Privind asigurarea de incendiu și alte riscuri pentru activele persoanelor juridice, indicați varianta completă privind obiectul asigurării:","clădirile, alte construcții, mijloacele fixe, bunurile mobile prin natura lor sau prin determinarea legii","clădirile și alte construcții, mijloacele fixe, stocul de produse finite, stocul de materii prime, stocul în procesare","clădirile și alte construcții, conținutul privind stocul de produse finite, stocul de materii prime, stocul în procesare, mijloacele mobile",b
312,"Asigurarea de incendiu și alte riscuri pentru activele persoanelor juridice, de tip “All Risks”, oferă protecție pentru:",toate riscurile dorite de asigurat,toate riscurile propuse de asigurător,"toate riscurile, mai puțin excluderile menționate în contract",c
313,"În cazul producerii riscului asigurat, deținătorul unei polițe de asigurarea de incendiu și alte riscuri pentru activele persoanelor juridice, trebuie să înainteze:","cerere către asigurător, în termen rezonabil de la data producerii evenimentului asigurat, pentru deschiderea dosarului de daună și evaluarea prejudiciului","sesizare la Registrul Comerțului, să anunțe ANAF-ul și să sesizeze secția de poliție cea mai apropiată","cerere către asigurător, în termenul stipulat în contractul de asigurare de la data producerii evenimentului asigurat, pentru deschiderea dosarului de daună și evaluarea prejudiciului",c
314,Principiile care stau la baza despăgubirilor ce decurg din asigurarea de incendiu și alte riscuri pentru activele persoanelor juridice sunt:,"principiul răspunderii proporționale, principiul primului risc, principiul răspunderii limitate","principiul bunei încrederi, principiul dispersiei riscului, principiul întrajutorării","principiul acordării de șanse pentru redresare, principiul responzabilizării asiguratului, principiul reasigurării asiguratorului",a
315,Asigurarea Afacerilor Mici și Mijlocii se adresează persoanelor juridice și persoanelor fizice autorizate care dețin și/sau utilizează bunuri în scopul desfășurării unei:,activități de producție industrială,activități economice,activități economice sau de producție industrială,
316,Domeniile de activitate eligibile pentru Asigurarea Afacerilor Mici și Mijlocii sunt:,producție industrială,"cercetare, producție industrială și servicii","comerț, horeca, prestări servicii, sănătate și asistență socială",c
317,Scopul asigurării Afacerilor Mici și Mijlocii constă în:,"protecția financiară pentru avarierea, distrugerea, pierderea bunurilor asigurate ca urmare a producerii sau apariției unui eveniment asigurat",posibilitatea ca societatea să intre în insolvență sau în faliment,"posibilitatea ca societatea să înregistreze pierderi financiare din cauza riscului de țară, inflației, atacurilor armate și grevei naționale",a
318,Bunurile asigurate prin intermediul contractului de asigurare a Afacerilor Mici și Mijlocii sunt:,"doar clădirile și alte construcții, inclusiv mijloacele fixe","clădirile și alte construcții precum și mijloacele fixe, stocul de produse finite, stocul de materii prime, stocul în procesare","doar stocul de produse finite, stocul de materii prime, stocul în procesare",b
319,Protecția oferită de polița de asigurare a Afacerilor Mici și Mijlocii constă în:,"asigurarea bunurilor, asigurarea riscului de întrerupere a activității, asigurarea de accidente ale angajaților și asigurarea de răspundere civilă","asigurarea bunurilor, asigurarea riscului de întrerupere a activității și asigurarea de accidente ale angajaților","asigurarea bunurilor, asigurarea de accidente a angajaților și asigurarea de răspundere civilă",a
320,Asigurarea de Răspundere Civilă conferă asiguratului:,doar protecţia financiară,doar respectarea cerinţelor legiuitorului,"protecţia financiară, respectarea cerinţelor legiuitorului și/sau respectarea cerinţelor partenerului contractual",c
321,Beneficiarul asigurării de Răspundere Civilă este:,contractantul,asiguratul,persoana prejudiciată (terțul),c
322,Limita de răspundere a asigurării de Răspundere Civilă reprezintă suma maximă ce poate fi plătită de asigurător asiguratului în cazul producerii unui eveniment asigurat și poate fi stabilită:,pentru fiecare eveniment asigurat sau pe întreaga perioadă de asigurare,doar pentru fiecare eveniment asigurat,doar pentru întreaga perioadă de asigurare,a
323,Prima de asigurare pentru Răspunderea Civilă se stabilește în funcție de:,perioada de asigurare și istoricul daunelor,"tipul și volumul activității desfășurate de asigurat, nivelul limitei de răspundere, durata perioadei de asigurare și istoricul daunelor",tipul și volumul activității desfășurate de asigurat și durata perioadei de asigurare,b
324,"Criteriile uzuale, pe baza cărora este dimensionată limita răspunderii pentru asigurarea de răspunderea civilă, au în vedere:","cerințele legale aplicabile și, în unele situații, cerințele beneficiarului serviciilor profesionistului",doar cerințele legale și propria analiză a asiguratului privind prejudiciile pe care le-ar putea produce,"cerințele beneficiarului serviciilor profesionistului, cerințele legale aplicabile, propria analiză a asiguratului privind prejudiciile pe care le-ar putea produce",c
325,Asigurarea de răspundere civilă publică acoperă daunele cauzate terților ca urmare a:,vătămării corporale provocate de neglijenţa angajatorului sau a angajaţilor,pagubelor materiale provocate de neglijenţa angajatorului sau a angajaţilor,vătămării corporale sau a pagubelor materiale provocate de neglijenţa angajatorului sau a angajaţilor,c
326,Prin asigurarea de răspundere civilă publică sunt acoperite daunele cauzate terților ca urmare a:,folosirii sau consumului produselor comercializate,problemelor ce pot să apară prin serviciile prestate,folosirii sau consumului produselor și/sau a serviciilor prestate,c
327,Asigurarea de răspundere civilă a angajatorului față de proprii angajați acoperă pagubele cauzate de:,"erorile, defecţiunile sau omisiunile angajatului",lipsa de pregătire profesională a angajatului sau a profesionalismului acestuia,"problemele ce pot să apară la un angajat sau un fost angajat care suferă o vătămare corporală sau o îmbolnăvire datorită neglijenţei, erorilor, defecţiunilor sau omisiunilor angajatorului",c
328,Cele mai frecvente tipuri de produse pentru care se încheie asigurarea de răspundere civilă a producătorului sunt:,producții de cereale și procesarea acestora,producții de energie alternativă,"medicamente şi alte produse farmaceutice, aparatură medicală, azbest, tutun, instalaţii de recreere, produse mecanice şi electrice, produse chimice şi pesticide",c
329,Prin asigurarea de răspundere civilă a angajatorului față de proprii angajați se urmărește asigurarea protecției pentru:,pierderile financiare provocate de lipsa angajaților,"pierderile, cheltuielile legate de răniri, îmbolnăviri determinate de neglijenţa angajatorului",pierderile provocate de conducerea societații,b
330,"Care dintre următoarele afirmații, privind asigurările individuale de sănătate, este adevărată:","contractantul asigurării poate fi același cu persoana asigurată și poate achiziționa acest produs de asigurare doar pentru sine, dar nu și pentru membrii familiei sale","pentru a achiziționa acest produs de de asigurare, contractantul asigurării trebuie să fie diferit de persoana asigurată",contractantul asigurării poate coincide cu persoana asigurată și poate achiziționa această protecție pentru sine și/sau pentru membrii familiei sale,c
331,"În cazul contractelor de asigurare de sănătate, contractantul poate fi:",doar persoană fizică,"atât persoană fizică, cât și juridică",doar persoană juridică,b
332,"Precizați dacă, în cazul asigurărilor de sănătate, persoana asigurată este și beneficiarul asigurării:",da,depinde de tipul asigurării,niciodată,a
333,"Suma despăgubită, în cazul acoperirii parțiale a riscului printr-o asigurare de sănătate, este exprimată:",doar ca o valoare absolută,doar ca o valoare procentuală din suma totală asigurată,"fie ca valoare absolută, fie ca procent din suma asigurată a riscului acoperit",c
334,"Asigurările de sănătate se clasifică, în funcție de serviciile medicale acoperite, în:",asigurări de grup și individuale,asigurări de tip complementar și suplimentar,asigurări de grup,b
335,Asigurările de sănătate de tip complementar:,"acoperă coplata datorată de persoana asigurată, conform prevederilor legale",acoperă total sau parțial plata pentru orice tip de servicii necuprinse în pachetul de servicii medicale de bază,nu acoperă coplata datorată de persoana asigurată,a
336,Asigurările de sănătate de tip suplimentar:,"acoperă coplata datorată de asigurat, în condițiile legislației aplicabile",acoperă integral sau parțial plata pentru toate serviciile care nu sunt cuprinse în pachetul de servicii medicale de bază,acoperă total sau parțial plata doar pentru serviciile cuprinse în pachetul de servicii medicale de bază,b
337,"Din punctul de vedere al duratei contractuale, asigurările de sănătate se pot încheia:",doar pe o perioadă determinată de timp,pe toată durata vieții persoanei asigurate,"pe o perioadă determinată sau pe toată durata vieții persoanei asigurate, cu reînnoire anuală",c
338,"Prima de asigurare, în cazul asigurărilor de sănătate, poate fi modificată anual de către asigurător, în funcție de:",evoluția salariului mediu pe economie,numărul de recomandări date de către persoana asigurată,"vârsta persoanei asigurate, rata inflației, valoarea despăgubirilor plătite clientului și valoarea totală a despăgubirilor înregistrate pe produsul de asigurare în anul anterior de contract",c
339,Indicați care sunt riscurile acoperite prin asigurările de sănătate:,decesul din orice cauză,"spitalizarea, cu sau fără intervenție chirurgicală","incapacitatea permanentă de muncă, ca urmare a unei boli sau a unui accident",b
340,În cazul asigurării de sănătate:,se acoperă spitalizarea doar dacă există un număr minim de zile de spitalizare,se acoperă spitalizarea indiferent de numărul de zile de spitalizare,este acoperită doar intervenția chirurgicală,a
341,"În cazul asigurărilor de sănătate, indemnizația în cazul unei intervenții chirurgicale:",poate reprezenta o sumă fixă sau un anumit procent din suma asigurată,"este o sumă variabilă, la latitudinea asigurătorului","poate fi doar un procent din suma asigurată, în funcție de complexitatea intervenției chirurgicale",a
342,Ce reprezintă excluderile unei polițe de asigurare de sănătate?,"riscurile care nu sunt prevăzute în condițiile de asigurare, dar pot fi preluate contra cost",riscurile și situațiile care nu sunt cuprinse în asigurare și pentru care asigurătorul nu acordă despăgubiri,anexe la polița de asigurare,b
343,"În cazul unei asigurări suplimentare de spitalizare, riscurile acoperite pot fi:",doar cele care rezultă în urma producerii unui accident,doar cele care rezultă în urma îmbolnăvirii,"la alegerea contractantului, fie riscurile produse ca urmare a unui accident, fie riscurile produse ca urmare atât a unei îmbolnăviri cât și a unui accident",c
344,"În cazul asigurării suplimentare de invaliditate permanentă, indemnizația de asigurare:","este reprezentată, de obicei, printr-un procent aplicat sumei asigurate, procent ce diferă în funcție de gravitatea invalidității și care este specificat în condițiile contractuale",depinde de vârsta persoanei asigurate,depinde de durata contractului de asigurare,a
345,"În cazul asigurării suplimentare de afecțiuni grave, prima de asigurare este:",variabilă,constantă,variabilă sau constantă,a
346,Prin intermediul asigurării de accidente se urmărește:,"protejarea persoanelor fizice împotriva evenimentelor care pot afecta sănătatea corporală sau viaţa altor persoane, produse doar din vina asiguratului",protejarea persoanelor fizice împotriva îmbolnăvirilor,"protejarea persoanelor fizice împotriva acelor evenimente care pot afecta sănătatea corporală, capacitatea de muncă sau viaţa persoanei asigurate și care sunt determinate de un accident",c
347,"În cazul asigurărilor de sănătate și accidente, prin accident se înțelege:","orice eveniment nedorit, neintenţionat şi neaşteptat, independent de voinţa asiguratului, datorat unei cauze exterioare, unor temperaturi foarte ridicate sau scăzute, gazelor, aburilor, radiaţiilor, curentului electric sau intoxicaţiilor care generează asiguratului sau terţilor pagube materiale, invaliditate sau deces","un eveniment produs ca urmare a unei îmbolnăviri și care poate provoca rănirea, vătămarea corporală sau decesul asiguratului","un eveniment dorit, acoperit prin asigurare",a
348,"În polița de asigurare de accidente, pot fi incluse persoane:",indiferent de vârsta pe care o au,cu vârsta cuprinsă între 18 și 70 de ani,cu vârsta cuprinsă între 16 și 70 de ani,c
349,Asigurarea de accidente:,"este opțională, indiferent de domeniul de activitate al organizației","poate fi impusă prin lege, pentru activități specifice sau prin politica de protejare a angajaţilor unei organizații a cărei activitate presupune riscuri semnificative","este obligatorie pentru toate persoanele cu vârsta mai mare de 35 de ani, indiferent de domeniul de activitate",b
350,Identificați riscurile excluse de asigurarea de accidente:,"accidentele de circulație, accidentele rezultate din practicarea sporturilor, accidentele provocate de funcționarea mașinilor, aparatelor sau instalațiilor","diagnosticarea cu o afecțiune gravă, incapacitatea permanentă de muncă generată de o îmbolnăvire și spitalizarea ca urmare a îmbolnăvirii","accidentele produse ca urmare a acțiunii armelor de foc, alunecării de teren, fulgerului, trăsnetului și exploziilor",b
351,Asigurarea de accidente exclude acoperirea riscului cauzat de:,intoxicări ca urmare a abuzului de medicamente și droguri,atacul unei alte persoane sau al animalelor,"efortul fizic excesiv și subit, determinat de evenimente de forță majoră pentru salvarea vieții",a
352,Intoxicațiile determinate de consumul de alcool se numără printre excluderile asigurării de accidente?,acest risc este preluat începând cu anul al doilea de valabilitate a contractului,da,"da, doar în primii doi ani de valabilitate a contractului, după care acest risc nu mai este asigurat",b
353,"Conform legii, asigurările de sănătate sunt deductibile fiscal în limita a:",200 de euro pe an fiscal pentru fiecare angajat,300 de euro pe an fiscal pentru fiecare angajat,400 de euro pe an fiscal pentru fiecare angajat,c
354,"Contractantul persoană juridică, plătitor de impozit pe venit, beneficiază de deductibilitatea fiscală a asigurărilor de sănătate atunci când:",plătește impozitul pe venit,plătește impozitul pe profit,plătește impozitul pe dividend,c
355,Asigurarea de sănătate reprezintă:,"un contract încheiat între contractant și asigurător, prin care asigurătorul preia riscurile medicale stipulate în contract","un contract încheiat între contractant și asigurător, prin care asigurătorul preia riscul de deces din accident","un contract încheiat între contractant și asigurător, prin care asigurătorul preia riscul de deces din orice cauză",a
356,"În ce măsură este despăgubită, printr-o asigurare de sănătate, orice afecțiune sau boală preexistentă, nedeclarată în chestionarul medical din cererea de asigurare și/sau neacceptată de asigurător?",este acoperită dacă persoana asigurată recunoaște că a omis să o declare,situația nu este acoperită prin asigurarea de sănătate,"este acoperită, dar parțial",b
357,"În cazul acoperirii riscului de diagnosticare cu cancer, indemnizația reprezintă:",doar o sumă fixă,doar un procent din suma asigurată,o sumă fixă sau un procent din suma asigurată corespunzător nivelului de asigurare ales de contractant,c
358,"În cazul opțiunii suplimentare ce acoperă riscul de arsuri, plata indemnizației se face:",în cazul în care persoana asigurată are arsuri de un anumit grad și pe o anumită suprafață a corpului,doar dacă arsurile sunt provocate de evenimente casnice,către contractantul asigurării deoarece el este cel care plătește primele de asigurare,a
359,Se consideră că managementul relației distribuitorului în asigurări și/sau reasigurări cu clienții săi începe:,în momentul în care distribuitorul în asigurări și/sau reasigurări se întâlnește pentru prima dată cu clientul,"chiar înainte ca distribuitorul în asigurări și/sau reasigurări și clientul acestuia să discute sau să se întâlnească - debutează cu momentul în care distribuitorul în asigurări și/sau reasigurări își începe procesul de pregătire profesională, continuă cu activitățile de prospectare a pieței, cu cele de vânzare propriu-zisă și merge mai departe, în faza de acțiuni post-vânzare",din etapa de post-vânzare,b
360,Clientul distribuitorului în asigurări și/sau reasigurări poate fi definit drept:,numai asiguratul și eventualii co-asigurați,"orice persoană sau organizație care are un rol în cadrul procesului de asigurare - contractant, asigurat/asigurați/co-asigurați, beneficiari ai contractului de asigurare",numai contractantul poliței de asigurare,b
361,"Categoria de clienți care achiziționează soluții de asigurare în scopuri private, pentru propria persoană sau pentru membri ai familiei, este cea a:",clienților instituțiilor publice,"clienților organizațiilor persoane juridice, așa-numitul segment de business, corporate sau B2B","clienților individuali, persoane fizice, așa-numitul segment de retail sau B2C",c
362,"Categoria de clienți care achiziționează o mare varietate de soluții de asigurare pentru protecția membrilor lor, respectiv a patrimoniilor pe care le posedă este cea a:",clienților ”premium”,"clienților persoane juridice, așa-numitul segment de business, corporate sau B2B","clienților persoane fizice, așa-numitul segment de retail sau B2C",b
363,"În piața de asigurări, segmentul clienților de business poate fi clasificat, în funcție de calitatea proprietarilor acelor entități, în următoarele categorii:",organizații private și instituții publice,clienți business mici și clienți business mari,clienți instituții publice și clienți Instituții Mici și Mijlocii,a
364,"Pentru ca în piața de asigurări să se poată realiza o tranzacție (încheia și derula un contract de asigurare), este nevoie de existența și exercitarea la nivelul clientului de asigurări a:","trei roluri precise - cumpărător, plătitor și utilizator",două roluri precise - plătitor și utilizator,două roluri precise - cumpărător și utilizator,a
365,"În piața de asigurări, împărțirea rolurilor unui client (în cumpărător, utilizator și plătitor) poartă denumirea de:",asimetrie informațională,specializarea rolurilor,antiselecția riscurilor,b
366,"Practica asigurărilor identifică câteva motive pentru care se produce fenomenul de specializare a rolurilor la nivelul clientului, în cumpărător, plătitor și utilizator, iar unul dintre motive este:","numărul egal al asiguraților cu cel al contractanților polițelor de asigurare, la nivelul întregii piețe",lipsa puterii de cumpărare,fenomenul de antiselecție a riscurilor,b
367,"Practica asigurărilor identifică câteva motive pentru care se produce fenomenul de specializare a rolurilor la nivelul clientului, în cumpărător, plătitor și utilizator, iar unul dintre motive este:",lipsa de cunoștințe în domeniul asigurărilor,fenomenul de antiselecție a riscurilor,procesul de evaluare a riscurilor (underwriting),a
368,"Situația în care un produs de asigurare cu segment de capitalizare pentru finanțarea studiilor copiilor este achiziționat de către părinte pentru copilul său, este un exemplu în care:",utilizatorul este cumpărător și plătitor,"utilizatorul nu este nici cumpărător, nici plătitor","utilizatorul este plătitor, dar nu este cumpărător",b
369,Situația în care directorul general al unei companii deleagă sarcina achiziționării unei asigurări de răspundere civilă managerială către directorul de achiziții sau către directorul financiar este un exemplu în care:,utilizatorul este cumpărător și plătitor,"utilizatorul nu este nici cumpărător, nici plătitor","utilizatorul este plătitor, dar nu este cumpărător",c
370,"Situația în care o companie își asigură clădirile și utilajele de producție, plătește primele corespunzătoare, iar la producerea riscului asigurat încasează despăgubirea cuvenită, este un exemplu în care:",utilizatorul este cumpărător și plătitor,"utilizatorul nu este nici cumpărător, nici plătitor","utilizatorul este plătitor, dar nu este cumpărător",a
371,"Sentimentul de atașament sau de preferință al clienților față de furnizorul de servicii financiare, față de distribuitorul în asigurări și/sau reasigurări sau față de produsele serviciile acestora, reprezintă un fenomen care poartă denumirea de:",evaluarea clienților (Underwriting),loializarea clienților,antiselecția clienților,b
372,"Beneficiile generate de către un client loial la nivelul distribuitorului în asigurări și/sau reasigurări sunt numeroase și diverse, printre cele mai relevante aflându-se:","un client loial continuă să își deruleze afacerile cu distribuitorul în asigurări și/sau reasigurări, mai precis își duce la maturitate polițele, fie că e vorba de asigurări de viață, sănătate, bunuri, de riscuri financiare sau răspundere civilă",un client loial apelează la același distribuitor în asigurări și/sau reasigurări doar dacă este vorba de asigurările facultative,un client loial apelează la același distribuitor în asigurări și/sau reasigurări doar dacă este vorba de asigurările obligatorii,a
373,"Beneficiile generate de către un client loial, la nivelul distribuitorului în asigurări și/sau reasigurări, sunt numeroase și diverse, printre cele mai relevante aflându-se:","un client loial, atunci cât are o nouă necesitate de protecție financiară, își contactează același distribuitor în asigurări și/sau reasigurări pentru a-i analiza în detaliu respectiva necesitate, pentru a-i concepe soluții financiare pentru acoperirea acesteia","un client loial achiziționează mai multe asigurări decât are nevoie, doar ca să își arate mulțumirea față de distribuitorul său în asigurări și/sau reasigurări",un client loial apelează la același distribuitor în asigurări și/sau reasigurări doar dacă acesta îi acordă reduceri pentru prima de asigurare,a
374,Principalele etape ale interacțiunii dintre un distribuitor în asigurări și/sau reasigurări și clienții săi sunt:,etapa pre și post-vânzare,"etapa pre-vânzare, procesul de vânzare efectiv și activitățile post-vânzare",etapa de vânzare și post-vânzare,b
375,"Prospectarea reprezintă activitatea de căutare și identificare de noi potențiali clienți, respectiv alcătuirea ”Listei de potențiali clienți”. În cadrul procesului de vânzare, aceasta face parte din etapa:",de vânzare,de pre-vânzare,de post-vânzare,b
376,Potențialii clienți sunt contactați de către distribuitorul în asigurări și/sau reasigurări deoarece:,"au nevoie de un produs de asigurare, dețin bunuri ce necesită a fi protejate sau dependenți financiari precum copii sau părinți în vârstă",sunt doar persoane care locuiesc în zone urbane,sunt doar persoane care locuiesc în zone rurale,a
377,"Vânzarea în care distribuitorul în asigurări și/sau reasigurări se concentrează cu precădere pe tranzacția care are loc în prezent, evidențiază avantajele ofertei în raport cu costurile și chiar insistă ca tranzacția să se realizeze cât mai rapid, inclusiv pentru că acest lucru înseamnă încasarea comisionului său într-un viitor mai apropiat, este numită:",vânzare consultativă,vânzare tranzacțională,vânzare agresivă,b
378,"Tipul de vânzare care se bazează pe două principii - construirea unei relații de afaceri puternice, pe termen lung, de tip câștig-câștig și concentrarea pe nevoile clientului, beneficiile pe care acesta le dorește - se numește:",vânzare agresivă,vânzare consultativă,vânzare cu responsabilitate socială,b
379,"Etapa procesului de vânzare în care obiectivul distribuitorului în asigurări este să obțină cât mai multe informații privind necesitățile de protecție financiară, planurile de viitor, posibilitățile financiare ale clientului său, respectiv de existență a anumitor produse de asigurare, informații pe baza cărora va concepe soluția financiară, este cunoscută ca fiind etapa:",post-vânzare,identificare a necesităților financiare ale clientului,pre-vânzare,b
380,"Soluția financiară pentru un client individual, concepută de către distribuitorul în asigurări și/sau reasigurări, poate să fie alcătuită:","doar dintr-un singur produs (de exemplu - o asigurare de viață cu acumulare tip Unit Linked, cu clauze suplimentare pentru riscurile de spitalizare din accident sau boală, inclusiv pentru co- asigurații soție și copil minor)","dintr-o combinație de produse - asigurarea de viață (de exemplu - o asigurare de viață cu acumulare tip Unit Linked, cu clauze suplimentare pentru riscurile de spitalizare din accident sau boală, inclusiv pentru co-asigurații soție și copil minor), precum și o asigurare facultativă de locuință (cu încheierea obligatorie a asigurării PAD), precum și o asigurare CASCO (cu încheierea obligatorie a unei asigurări RCA)","doar dintr-o combinație de asigurare obligatorie și asigurare facultativă (de exemplu - RCA + CASCO, sau PAD + Asigurare facultativă a locuinței)",b
381,"În cazul în care clientul este satisfăcut de soluția de protecție financiară concepută de către distribuitorul în asigurări și/sau reasigurări, se trece la:","completarea cererii de asigurare, expedierea acesteia către sediul central al asiguratorului și, în cazul în care toată documentația necesară este completă, se va emite polița de asigurare (deci protecția financiară la riscuri devine activă)",completarea Formularului de Analiză a Nevoilor,completarea declarației GDPR,a
382,Asistența post-vânzare pentru clienți se referă la faptul că:,"interesele, drepturile și nevoile clienților sunt luate în considerare de către societățile de asigurare pe tot parcursul ciclului de viață al produsului, până la finalizarea relațiilor contractuale",distribuitorul în asigurări și/sau reasigurări ”predă ștafeta” privind relaționarea cu clienții către Departamentul de Clienți din cadrul asiguratorului sau al companiei de brokeraj,"distribuitorul în asigurări și/sau reasigurări este obligat să-și continue comunicarea cu clientul său doar prim mijloace de comunicare scrisă (e-mail, SMS, mesaje tip conversație)",a
383,În etapa de post-vânzare sunt incluse activități precum:,verificarea și actualizarea elementelor principale ale contractului de asigurare,evaluarea riscului asiguratului,antiselecția riscurilor,a
384,"Pentru un viitor asigurat, necesitatea reprezintă:","intenția unei entități de a obține cât mai multă satisfacție (peste cât este absolut necesar), în vederea îmbunătățirii condiției actuale existente","o condiție, o stare, un context al unei entități (persoane sau organizații) care este nesatisfăcătoare, care crează disconfort și care determină acea entitate să întreprindă o acțiune clară în direcția diminuării sau chiar eliminării acelui disconfort",un aspect care poate fi neglijat de către distribuitorul în asigurări și/sau reasigurări,b
385,"Pentru un viitor asigurat, dorința reprezintă:","intenția unei entități de a obține cât mai multă satisfacție (peste nivelul absolut necesar), în vederea îmbunătății condiției actuale existente","o condiție, o stare, un context al unei entități (persoane fizice sau juridice) care este nesatisfăcătoare, care crează disconfort și care determină acea entitate să întreprindă o acțiune clară în direcția diminuării sau chiar eliminării acelui disconfort",un aspect care poate fi neglijat de către distribuitorul în asigurări și/sau reasigurări,a
386,Așteptările unui potențial asigurat se pot defini ca reprezentând:,ceea ce o persoană crede că este probabil să se întâmple sau este sigură că se va întâmpla (de exemplu - cum urmează să fie tratată când interacționează cu un distribuitor în asigurări și/sau reasigurări),"procesul prin care o persoană selectează, organizează și interpretează informațiile primite, pentru a le da un înțeles, un sens",o stare emoțională pe care o regăsim doar în cazul clienților nemulțumiți,a
387,"Pentru un viitor asigurat, percepția reprezintă:",ceea ce o persoană crede că este probabil să se întâmple sau este sigură că se va întâmpla (cum urmează să fie tratată când interacționează cu un distribuitor în asigurări și/sau reasigurări),"procesul prin care o persoană selectează, organizează și interpretează informațiile primite, pentru a le da un înțeles, un sens","o situație eronată, pe care o regăsim doar în cazul clienților care manifestă comportamente iraționale",b
388,Printre factorii care determină crearea așteptărilor unei persoane (ale unui client) se numără:,interacțiunile sau experiențele precedente în situații asemănătoare sau identice,interacțiunile sau experiențele pe care o persoană urmează să le aibă în viitor,vârsta persoanei,a
389,"Legat de așteptările unei persoane, indicați afirmația corectă:",așteptările cresc pe măsură ce calitatea serviciilor sporește,așteptările sunt identice pentru toți clienții din piața de asigurări,așteptările scad pe măsură ce clientul (asiguratul) avansează în vârstă,a
390,"Privind următoarea situație - ”când percepe un lucru sau o situație, o persoană nu doar constată fapte, care sunt ”bucăți” obiective de informație despre care se poate dovedi că sunt adevărate, însă și interpretează acele fapte prin prisma (filtrul) propriilor cunoștințe și experiențe anterioare” - aceasta se aplică:",doar în ceea ce îl privește pe distribuitorul în asigurări și/sau reasigurări,doar în ceea ce îl privește pe clientul distribuitorului în asigurări și/sau reasigurări,"atât în ceea ce îl privește pe distribuitorul în asigurări și/sau reasigurări, cât și pe clientul acestuia",c
391,"Atunci când nivelul de calitate perceput al unui serviciu este mai mic, sub nivelul de calitate al serviciului așteptat, se constată:",o asimetrie informațională,un decalaj de servicii,o antiselecție de riscuri,b
392,Componentele principale ale procesului de comunicare sunt:,"participanții la comunicare, obiectele comunicării, procesele din cadrul comunicării","emițătorul, receptorul, dar nu și mesajul","mesajul, dar nu și bruiajele",a
393,"Emițătorul și receptorul reprezintă elemente ale procesului de comunicare, denumite generic:",obiecte ale comunicării,participanți la comunicare,procese din cadrul comunicării,b
394,"Informația pe care emițătorul o transmite interlocutorului, respectiv mediul ales de către interlocutori pentru a comunica, reprezintă elemente ale comunicării denumite generic:",obiecte ale comunicării,participanți la comunicare,procese din cadrul comunicării,a
395,"Codarea mesajului, transmiterea și recepționarea mesajului, decodarea mesajului, respectiv feedback-ul și bruiajele reprezintă elemente ale comunicării denumite generic:",obiecte ale comunicării,participanți la comunicare,procese din cadrul comunicării,c
396,"În procesul de comunicare, în funcție de natura mesajului, se poate distinge una din următoarele forme de comunicare:","comunicare verbală, non-verbală și globală","comunicare verbală, para-verbală și universală","comunicare verbală, non-verbală și para-verbală",c
397,"Tipul de comunicare care folosește limbajul ca formă de exprimare orală, respectiv scrisă este:",comunicarea non-verbală,comunicarea verbală,comunicarea para-verbală,b
398,Acel tip de comunicare care utilizează anumite manifestări ale corpului ca purtătoare de mesaje se numește:,comunicare non-verbală,comunicare verbală,comunicare para-verbală,a
399,"Tipul de comunicare care se bazează pe intonație-frazare, cadența vorbirii, viteza vorbirii, tonalitatea, volumul, accentul pe cuvinte, pauzele între cuvinte, este cunoscut ca fiind:",comunicare non-verbală,comunicare verbală,comunicare para-verbală,c
400,"Stilul caracteristic unei persoane introvertite, emotive, care îi pune pe ceilalți înaintea sa, care se poate considera inferioară acestora, este:",stilul de comunicare pasiv,stilul de comunicare asertiv,stilul de comunicare agresiv,a
401,"Stilul caracteristic celui care consideră că egalitatea este cheia comunicării, are un nivel ridicat al stimei de sine, manifestă respect față de propria persoană și față de ceilalți, este:",stilul de comunicare pasiv,stilul de comunicare asertiv,stilul de comunicare agresiv,b
402,"Stilul de comunicare caracteristic persoanei care se simte superioară celorlalți, îndreptățită la un tratament special și la favoruri, este:",stilul de comunicare pasiv,stilul de comunicare asertiv,stilul de comunicare agresiv,c
403,"Privind ascultarea activă, precizați varianta corectă:","ascultarea activă este doar un concept teoretic, care nu poate fi aplicat în practică","procesul ascultării active poate fi definit ca fiind activitatea prin care receptorul unui mesaj se concentrează în totalitate pe toate elementele de comunicare verbală, non-verbală și para- verbală ale interlocutorului său",ascultarea activă este o abilitate necesară distribuitorilor în asigurări și/sau reasigurări pentru a face față situațiilor conflictuale cu clienții,b
404,"Privind Modelul CARESS al ascultării active, următoarea afirmație este corectă:","elementul Cercetează încurajează distribuitorul în asigurări și/sau reasigurări să desfășoare o activitate de prospectare cât mai consistentă, înainte de a începe abordarea potențialilor clienți","elementul Controlează-ți/Gestionează-ți emoțiile reprezintă o activitate de autocontrol a reacțiilor negative pe care distribuitorul în asigurări și/sau reasigurări le-ar putea avea ca răspuns la ceea ce clientul ar putea spune sau face, respectiv situații în care clientul, repetat, nu înțelege anumite mesaje (sau nu vrea să le înțeleagă)","modelul CARESS este un concept pur teoretic, fără aplicabilitate practică în domeniul distribuției de asigurări, deoarece distribuitorul în asigurări și/sau reasigurări nu trebuie să-și cenzureze reacțiile negative față de mesajele ofensatoare ale prospectului",b
405,Entitatea implicată în procesul de asigurare care angajează relația de asigurare și are rolul de a achita primele scadente este:,asiguratul,contractantul,beneficiarul,b
406,"Entitatea a cărei viață, sănătate sau bunuri sunt protejate, din punct de vedere financiar, printr-un contract de asigurare poartă denumirea de:",asigurat,contractant,beneficiar,a
407,"Persoana sau organizația îndreptățită să încaseze despăgubirile aferente unei polițe de asigurare, în cazul producerii riscului asigurat, poartă denumirea de:",asigurat,contractant,beneficiar,c
408,Se consideră că sunt clienți ai distribuitorului în asigurări și/sau reasigurări:,doar asiguratul și contractantul,doar contractantul persoană juridică,"asiguratul, contractantul și beneficiarul",c
409,Segmentul de clienți persoane fizice mai poartă denumirea de:,retail sau B2C (Business-to-Consumer),corporate sau B2B (Business-to-Business),segmentul organizațiilor private,a
410,Segmentul de clienți organizații mai poartă denumirea de:,retail sau B2C (Business-to-Consumer),corporate sau B2B (Business-to-Business),segmentul organizațiilor private,b
411,B2C se referă la segmentul de clienți al unui distribuitor în asigurări și/sau reasigurări care poate fi denumit:,retail,corporate,segmentul organizațiilor private,a
412,B2B se referă la segmentul de clienți al unui distribuitor în asigurări și/sau reasigurări care poate fi denumit:,retail,corporate,segmentul organizațiilor private,b
413,"Un client, în cadrul procesului de asigurare, poate îndeplini rolul de selectare și achiziționare a unui anumit produs de asigurare, adică rolul de:",cumpărare,achitare,utilizare,a
414,"Unul dintre rolurile pe care le poate îndeplini un client în cadrul procesului de asigurare, rol care presupune faptul că acel client plătește efectiv pentru un anumit produs de asigurare, este rolul de:",cumpărare,achitare,utilizare,b
415,"Dintre rolurile pe care le poate îndeplini un client în cadrul procesului de asigurare, cel care presupune faptul că acel client încasează efectiv despăgubirile este cunoscut drept:",cumpărare,achitare,utilizare,c
416,"Beneficiile generate de către un client loial, la nivelul distribuitorului în asigurări și/sau reasigurări, sunt numeroase și diverse, printre care:","un client loial apelează la același distribuitor în asigurări și/sau reasigurări pentru reînnoirea asigurărilor sale, atunci când acestea expiră",un client loial apelează la același distribuitor în asigurări și/sau reasigurări doar dacă este vorba de asigurările facultative,un client loial apelează la același distribuitor în asigurări și/sau reasigurări doar dacă este vorba de asigurările obligatorii,a
417,"Beneficiile generate de către un client loial, la nivelul distribuitorului în asigurări și/sau reasigurări, sunt numeroase și diverse, printre care se numără:","un client loial apelează la același distribuitor de asigurări doar dacă este vorba de noi asigurări facultative, încheiate pe durata de minimum 5 ani","un client loial îl recomandă pe distribuitorul în asigurări și/sau reasigurări prietenilor, cunoștințelor și colegilor, adică devine un generator de noi clienți pentru distribuitorul în cauză",un client loial apelează la același distribuitor în asigurări și/sau reasigurări doar dacă este vorba de asigurări cu componentă investițională,b
418,"Activitatea de Prospectare a pieței se încadrează, în cadrul procesului de vânzare, în etapa:",pre-vânzare,procesul de vânzare efectiv,post-vânzare,a
419,Lista de potențiali clienți reprezintă un instrument pe care distribuitorul în asigurări și/sau reasigurări îl utilizează în etapa procesului de vânzare denumită:,pre-vânzare,procesul de vânzare efectiv,post-vânzare,a
420,Se recomandă ca distribuitorul în asigurări și/sau reasigurări să abordeze în interacțiunea cu clienții săi:,vânzarea tranzacțională,vânzarea consultativă,orice subiect fără ca acesta să aibă însă legătură cu vânzarea consultativă,b
421,Etapa din cadrul procesului de distribuție a produselor de asigurare care poate fi considerată fundamentul procesului de vânzare consultativă poartă denumirea de:,prospectare,identificarea necesităților de protecție financiară a clientului,conceperea soluției de protecție financiară a clientului,b
422,Care dintre următoarele afirmații legate de etapa de Identificare a necesităților de protecție financiară ale clientului este adevărată:,această etapă nu este obligatorie în cazul în care distribuitorul în asigurări și/sau reasigurări dorește să vândă o asigurare facultativă non-life,"această etapă este opțională în distribuția produselor de asigurare, indiferent de clasele de asigurare","această etapă trebuie realizată atât în cazul clienților individuali, cât și în cazul organizațiilor",c
423,Care dintre următoarele afirmații legate de etapa de Identificare a necesităților de protecție financiară ale clientului este adevărată:,această etapă nu este obligatorie în cazul în care distribuitorul în asigurări și/sau reasigurări dorește să vândă o asigurare facultativă non-life,"această etapă este opțională, indiferent de momentul în care se află distribuitorul în asigurări și/sau reasigurări în procesul de distribuție","această etapă trebuie realizată atât în cazul asigurărilor de viață, cât și în cazul asigurărilor de bunuri",c
424,"O stare, un context al unei entități care este nesatisfăcătoare, care crează disconfort care determină acea entitate să întreprindă o acțiune clară în direcția diminuării sau chiar eliminării acelui disconfort, este cunoscută drept:",dorință,necesitate,percepție,b
425,Intenția unei entități de a obține cât mai multă satisfacție (peste cât este absolut necesar) în vederea îmbunătățirii condiției actuale existente reprezintă:,dorință,necesitate,percepție,a
426,Necesitățile unei persoane sunt determinate:,doar de caracteristicile personale ale acelui individ,doar de caracteristicile fizice ale mediului în care acea persoană trăiește,"atât de caracteristicile personale ale acelui individ, cât și de caracteristicile fizice ale mediului în care acea persoană trăiește",c
427,”Formula” corectă a decalajului de servicii este:,decalajul de servicii = Serviciul așteptat + Serviciul perceput,decalajul de servicii = Serviciul perceput - Serviciul așteptat,decalajul de servicii = Serviciul așteptat - Serviciul perceput,c
428,"Din perspectiva conceptului ”decalaj de servicii”, educația financiară a clienților conduce la:",creșterea decalajului de servicii,menținerea constantă a decalajului de servicii,diminuarea sau chiar eliminarea decalajului de servicii,c
429,Indicați care din următoarele cuvinte sunt recomandate a se utiliza de către distribuitorul în asigurări și/sau reasigurări în comunicarea cu clienții săi:,"obligație, cost, eșec, răspundere","pierdere, contract, cheltuială, plată","câștig, sănătate, siguranță, valoare, control, confort",c
430,"Conform Modelului ”Client - Distribuitor”, clientul este:",entitatea care nu este specializată într-un anumit domeniu și care îl împuternicește pe distribuitorul în asigurări și/sau reasigurări să acționeze în numele său,entitatea care este specializată într-un anumit domeniu și care acționează în numele său,contractantul asigurării,a
431,"Conform Modelului ”Client - Distribuitor”, distribuitorul în asigurări și/sau reasigurări este:",entitatea care este specializată într-un anumit domeniu și care acționează pentru și în numele Clientului,beneficiarul poliței de asigurare,contractantul asigurării,a
432,"Potrivit modelului ”Client - Distribuitor”, aplicat în cazul pieței de asigurări, următoarea afirmație este adevărată:","clientul și distribuitorul sunt, de cele mai multe ori, una și aceiași persoană (entitate)",distribuitorul în asigurări și/sau reasigurări trebuie să acționeze pe bază de bună credință față de clientul său,distribuitorul în asigurări și/sau reasigurări are doar drepturi în relația sa cu clientul și nicio obligație specifică,b
433,Asimetria informațională este:,mai accentuată în zona bunurilor tangibile,"mai accentuată în zona bunurilor intangibile, a serviciilor, deoarece în acest caz este mai dificil clientului să evalueze ceea ce achiziționează","identicată în cazul bunurilor tangibile, cu situația bunurilor intangibile și a serviciilor",b
434,"În domeniul asigurărilor, atunci când nivelul de informații și cunoștințe al uneia dintre părțile implicate într-o tranzacție este foarte ridicat (ne referim la distribuitorul în asigurări și/sau reasigurări), în timp ce gradul de pregătire al celeilalte părți este, de regulă, mai scăzut (potențialul asigurat), avem de-a face cu fenomenul denumit:",antiselecția riscurilor,asimetrie informațională,evaluarea riscurilor (Underwriting),b
435,Pentru a se putea încheia tranzacții în piața de asigurări este necesar ca:,potențialul client să nu aibă încredere în distribuitorul în asigurări și/sau reasigurări,distribuitorul în asigurări și/sau reasigurări să interacționeze permanent cu clienții săi în scopul identificării noilor necesități de asigurare,"potențialul client să aibă încredere în distribuitorul în asigurări și/sau reasigurări cu care colaborează, iar interacțiunea dintre cele două părți să se bazeze pe buna credință",c
436,Sistemul de Compensare Directă prin Comision (SCDC) este:,"un sistem de recompensare a distribuitorilor în asigurări și/sau reasigurări bazat pe rezultat, pe performanța efectivă înregistrată de către aceștia, număr de polițe vândute, valoarea Primelor Brute Subscrise",un sistem de compensare bazat pe plata de salarii fixe distribuitorilor în asigurări și/sau reasigurări,un sistem asemănător sistemului de decontare directă,a
437,"În cazul produselor de asigurare de tip Unit Linked, structura în care se vor investi primele de investiție este aleasă de:",asigurat,beneficiar,asigurător,a
438,Structura de alocare a primelor de investiție între programele de investiție oferite de asigurător pentru asigurările de tip Unit Linked se poate modifica de către asigurat:,doar cu acordul asigurătorului,oricând,doar la aniversarea contractului,b
439,"Riscul investițional, în ceea ce privește contractele de asigurare de tip Unit linked, revine în întregime:",asigurătorului,beneficiarului,clientului,c
440,"Care dintre afirmațiile următoare, cu privire la contractele de tip Unit Linked, este adevărată?",suma asigurată în caz de deces nu este garantată de asigurător,contul contractantului reprezintă echivalentul valoric al unităților deținute în fondurile financiare ale asigurătorului,"riscul investiției nu aparține clientului, ci asigurătorului",b
441,"Din punct de vedere al primelor, contractele de tip Unit Linked pot avea:",doar primă unică,doar primă eșalonată,"atât primă eșalonată, cât și primă unică",c
442,"Care dintre afirmațiile următoare, cu privire la contractele de tip Unit Linked, este adevărată?","contractantul poate alege procentul în care prima de investiție se va aloca între programele selectate, iar în ceea ce privește plata primelor viitoare, clientul poate opta pentru schimbarea procentului de alocare oricând pe durata contractului","contractantul poate alege fondurile către care să direcționeze prima de investiție, dar nu poate alege procentul de alocare între acestea",contractantul nu poate opta pentru schimbarea procentului de alocare a primei de investiție între fondurile disponibile,a
443,"Avantajele unui fond de investiții includ următoarele, cu excepția:",accesul la instrumente ușor de abordat de micul investitor,posibilitatea de a efectua depuneri suplimentare,"transparența cu privire la evoluția valorii contului și la structura portofoliului de investiție, inclusiv la zona de taxe și comisioane",a
444,Valoarea unei unități de fond se stabilește:,doar la aniversarea contractului,"periodic (zilnic, săptămânal), la momentul evaluării fondurilor","lunar, trimestrial, semestrial sau anual",b
445,Printre instrumentele pieței monetare se regăsesc:,"depozitele bancare, contractele futures şi pe opţiuni","certificatele de trezorerie, acțiunile, obligațiunile și instrumentele derivate","depozitele bancare, instrumentele de credit pe termen scurt și certificatele de trezorerie",c
446,Care dintre următoarele afirmații este adevărată?,obligațiunile sunt titluri financiare pentru care emitentul plătește dobândă doar dacă înregistrează profit,acțiunile pot plăti dividende și pot avea doar o evoluție pozitivă în timp,obligațiunile sunt titluri financiare pentru care emitentul plătește periodic o dobândă,c
447,Activul net al unui fond:,se calculează scăzând din activul total taxa de administrare a programului de investiții,este independent de taxele de administrare ale programului de investiții,este egal cu valoarea activelor ce compun programul de investiții,a
448,Care dintre următoarele afirmații este falsă?,valoarea unei unități de fond de obține împărțind numărul de unități de fond aflate în circulație la activul net,valoarea unei unități de fond se obține împărțind activul net la numărul de unități de fond aflate în circulație,denumirea oficială a valorii unității de fond este Valoarea Unitară a Activului Net (VUAN),a
449,Care dintre afirmațiile următoare privind contractele de tip Unit Linked este falsă?,contractele Unit Linked permit retragerea unei părți din valoarea activului,contractele Unit Linked permit răscumpărarea totală prin rezilierea anticipată a contractului,"contractantul nu poate încheia un contract Unit Linked fără componenta de protecție, dar poate renunța complet la ea începând cu anul doi de contract",c
450,Taxele și comisioanele aferente contractelor de asigurare de tip Unit Linked:,"sunt suportate de asigurător, deoarece el este cel care se ocupă de investirea banilor",se rețin din unitățile de fond,se rețin doar la finalul contractului,c
451,"În cazul contractelor de asigurare de tip Unit Linked, suma asigurată:",este constantă pe perioada de plată a primelor de către contractant,poate fi mărită sau micșorată conform condițiilor contractuale,"este constantă, însă se pot efectua depuneri suplimentare, la care clientul are acces oricând",b
452,Care dintre următoarele afirmații este falsă?,"primele suplimentare se pot efectua doar pe un contract de tip Unit Linked cu primă eșalonată, nu și pe cele cu primă unică","clientul are dreptul să retragă o cotă din numărul unit-urilor din contul său, cotă exprimată ca procent sau sumă fixă",contractele de tip Unit Linked se diferențiază de contractele tradiționale de asigurare printr-o flexibilitate mai mare oferită clientului,a
453,Un contract de tip Unit Linked cu sumă asigurată redusă se caracterizează prin:,o nouă sumă asigurată egală cu valoarea contului contractantului la momentul încetării plății primelor,păstrarea sumei asigurate inițiale,imposibilitatea de a mai schimba beneficiarii în caz de deces,a
454,"La asigurările de tip Unit Linked, sunt acceptate:",doar răscumpărări parțiale,"răscumpărări parțiale sau totale, precum și depuneri suplimentare",doar răscumpărări totale,b
455,Care sunt tipurile de asigurări de viață care satisfac nevoia de multiplicare a veniturilor?,asigurările de viață cu componentă exclusivă de protecție financiară,asigurările de viață cu sume garantate la capitalizare,asigurările de viață de tip Unit Linked,c
456,Care sunt riscurile asociate unui program de investiții?,"riscul de credit, riscul de dobândă și riscul de inflație","riscul de credit, riscul de piață și riscul de dobândă","riscul de inflație, riscul de piață și riscul de dobândă",b
457,Riscul de piață reprezintă:,riscul de pierdere a valorii portofoliului ca urmare a fluctuației valorii instrumentelor din portofoliu,posibilitatea ca valoarea în lei a investițiilor să fie afectată de ratele de schimb valutar,riscul de pierdere a valorii în situația în care emitentul unui instrument din portofoliu nu își îndeplinește obligațiile față de fond,
458,Riscul de dobândă reprezintă:,o dificultate în vânzarea unui titlu de valoare,riscul ca prețul de piață al unui instrument din portofoliu să scadă pe măsură ce ratele dobânzii cresc,riscul de pierdere a valorii în situația în care emitentul unui instrument din portofoliu nu își îndeplinește obligațiile față de fond,
459,Riscul de credit reprezintă:,riscul de pierdere a valorii portofoliului ca urmare a fluctuației valorii instrumentelor din portofoliu,riscul ca prețul de piață al unui instrument din portofoliu să scadă pe măsură ce ratele dobânzii cresc,riscul de pierdere a valorii în situația în care emitentul unui instrument din portofoliu nu își îndeplinește obligațiile față de fond,c
460,Riscul de schimb valutar reprezintă:,riscul de pierdere a valorii în situația în care emitentul unui instrument din portofoliu nu își îndeplinește obligațiile față de fond,posibilitatea ca valoarea în lei a investițiilor să fie afectată de ratele de schimb valutar,o dificultate în vânzarea unui titlu de valoare,b
461,Riscul de lichiditate reprezintă:,o dificultate în vânzarea unui titlu de valoare,riscul ca prețul de piață al unui instrument din portofoliu să scadă pe măsură ce ratele dobânzii cresc,posibilitatea ca valoarea în lei a investițiilor să fie afectată de ratele de schimb valutar,b
462,Care dintre următoarele afirmații cu privire la analiza de venituri și cheltuieli este falsă:,"în situația în care nu există un venit disponibil, putem reveni asupra cheltuielilor esențiale și neesențiale pentru a ne asigura că împărțirea acestora este una echilibrată",la venitul disponibil ne raportăm atunci când stabilim cât este dispus să aloce clientul/prospectul în vederea acoperirii integrale sau parțiale a decalajelor identificate în analiza de nevoi,este un pas opțional în discuția cu clientul/prospectul,c
463,Ce instrument se folosește pentru evaluarea toleranței clientului la risc în cazul asigurărilor de viață?,documentul de informare KID,formularul de evaluare a cerințelor și nevoilor (DNT),profilul de risc,c
464,Pentru a evalua toleranța la risc a clientului este necesar să aflăm:,"nivelul cunoștințelor privind instrumentele financiare, ce decizii ar lua în cazul unor fluctuații ale randamentelor și modul în care se raportează și anticipează evoluția viitoare a veniturilor sale","doar comportamentul clientului cu privire la investiții, respectiv alegerile acestuia în situația scăderii valorii investiției sale într-un timp scurt",doar situația financiară actuală şi viitoare a potențialului client,a
465,”Profilul de risc” reprezintă:,un instrument prin care se verifică dacă clientul poate încheia un contract de asigurare,un instrument prin care se evaluează modul de raportare la risc al potențialului client,un instrument prin care asigurătorul decide dacă preia sau nu riscul clientului,b
466,"În legătură cu profilul de risc, indicați care din afirmațiile următoare este falsă:",profilul de risc al unui client poate varia de la unul prudent până la unul dinamic,persoanele cu un profil de risc dinamic sunt persoane care își asumă riscurile și pot fi considerate investitori activi,"persoanelor cu un profil de risc prudent li se recomandă o alocare cu un grad mai mare de risc, pentru a căpăta încredere în potențialul ridicat de creștere dat de programele de investiție",c
467,Ce este asigurarea de tip Unit Linked ?,"o asigurare cu o componentă de investiţii, ce oferă acoperire prin componenta de asigurare, dar şi posibilitatea investirii unei sume de bani","o asigurare cu o componentă de investiţii, care oferă acoperire doar prin componenta de asigurare fără posibilitatea investirii unei sume de bani","o asigurare cu o componentă de investiţii, care oferă doar posibilitatea investirii unei sume de bani",a
468,Componenta investițională a contractelor de tip Unit Linked:,"oferă dreptul contractantului de a investi o sumă de bani, însă distribuția acestora între programele de investiții este la latitudinea asigurătorului","presupune cumpărarea de unităţi de fond – unit-uri – în programele financiare special constituite, conform politicii de investiții definită pentru programul de investiții pe care clientul îl alege",oferă clienților posibilitatea să investească bani fără să declare sursa acestora,b
469,Un unit reprezintă:,"o diviziune a programului de investiții, oferind dreptul clientului de a beneficia de performanţa acestuia","o diviziune a programului de investiții, iar performanța acestuia se împarte în mod egal între contractant și asigurător","o diviziune a programului de investiții, a cărei valoare din momentul achiziției este garantată de asigurător",a
470,"Care dintre următoarele afirmații, privind contractele Unit Linked cu primă eșalonată, este corectă:",permit clientului efectuarea de micșorări de primă pe parcursul perioadei de plată a primelor,pot fi transformate oricând într-un contract de tip tradițional,permit schimbarea persoanei asigurate după anul doi de contract,a
471,Contractele Unit Linked cu primă eșalonată permit clientului schimbarea frecvenței plată?,"da, doar la aniversarea contractului","da, oricând pe parcursul contractului","nu, pentru că sunt contracte cu primă eșalonată",a
472,Posibilitatea indexării cu inflația se aplică și contractelor de tip Unit Linked?,"da, doar în ceea ce privește prima de economisire","da, doar în ceea ce privește prima de protecție","da, doar în cazul contractelor cu primă eșalonată",c
473,Contractantul asigurării de tip Unit Linked are posibilitatea să redirecționeze primele viitoare în alte programe de investiție?,"da, doar în cazul în care contractantul este același cu persoana asigurată","da, oricând pe durata de plată a primelor de asigurare","da, dar doar după primii doi ani de contract",b
474,"În cazul adăugării de clauze suplimentare unui contract de tip Unit Linked, prima aferentă acestora se poate deduce:",doar din prima de protecție,din contul contractantului prin reducerea numărului de unit-uri sau poate fi evidențiată separat în prima de protecție,doar din prima de economisire,b
475,"Printre avantajele pe care le are un angajator orientat spre beneficii extrasalariale, precum asigurările de viață sau de sănătate, se numără:",poziționarea în piață drept un angajator orientat către oamenii cu care își dezvoltă businessul și către nevoile de protecție ale acestora,sume asigurate mici cu prime mari,retenția doar a acelor angajați care apreciază aceste beneficii,a
476,Produsele de asigurare de grup sunt ca formă:,doar nenominale,nominale sau nenominale,doar nominale,b
477,"În cazul asigurărilor de grup, contractantul poate fi:","atât o persoană fizică, cât și o persoană juridică",doar o persoană juridică,doar o persoană fizică,b
478,Acoperirea standard a unei asigurări de grup presupune:,"acoperirea evenimentelor produse atât în timpul programului de lucru, cât și în afara acestuia",acoperirea evenimentelor produse doar în afara programului de lucru,acoperirea evenimentelor produse doar în timpul programului de lucru,c
479,Acoperirea extinsă a unei asigurări de grup presupune:,"acoperirea evenimentelor produse atât în timpul programului de lucru, cât și în afara acestuia",acoperirea evenimentelor produse doar în afara programului de lucru,acoperirea evenimentelor produse doar în timpul programului de lucru,a
480,Flexibilitatea asigurărilor de grup se referă la faptul că:,"angajatorul poate opta pentru mai multe pachete de beneficii, personalizate, în funcție de tipul de activitate desfășurată de către angajații săi, de importanța acestora în business și, totodată, în funcție de vechimea lor în companie",angajații își pot prelua asigurarea în momentul în care se mută într-o altă companie,"fiecare angajat își poate alege orice tip de acoperire dorește, în funcție de nevoi și posibilitățile financiare",a
481,"Facilitatea fiscală care se aplică asigurărilor de sănătate de grup este reprezentată de un plafon maxim de deductibilitate fiscală, pentru fiecare angajat asigurat, în valoare de:",200 de euro pe an fiscal,400 de euro pe an fiscal,800 de euro pe an fiscal,b
482,Cine poate fi contractantul unei asigurări de sănătate de grup?,"angajatorul, persoană juridică","angajații firmelor, precum şi membrii familiilor acestora",asociațiile de proprietari pentru anumiți membri ai acestora,a
483,"Categoria de servicii ambulatorii, în cazul asigurării de sănătate de grup, reprezintă servicii pentru care:",este necesară spitalizarea,nu este necesară o intervenție chirurgicală,nu este necesară spitalizarea,c
484,"Prin intermediul unei polițe de asigurare de grup pot fi asigurate evenimentele produse în drum spre locul de muncă, respectiv de la locul de munca spre casă?","da, pot fi asigurate evenimentele produse în drum spre locul de muncă, respectiv de la locul de munca spre casă","da, inclusiv pentru membrii familiei care nu fac parte din asigurare","da, doar dacă se folosește mașina de serviciu",a
485,"Ce tipuri de servicii sunt incluse în asigurarea de sănătate la categoria ""ambulatoriu""?",doar consultații medicale,"consultații medicale, proceduri medicale și investigații, teste de laborator, servicii stomatologice, servicii de imagistică","doar procedurile medicale, serviciile de imagistică și intervențiile chirurgicale",b
486,Care dintre afirmațiile următoare este adevărată:,"în cazul asigurării de sănătate de grup, asigurarea de bază este reprezentată de acoperirea riscului de deces","în cazul asigurării de viață de grup, asigurarea de bază este reprezentată de acoperirea riscului de spitalizare și intervenție chirurgicală","în cazul asigurării de sănătate de grup, asigurarea de bază este reprezentată de acoperirea riscului de spitalizare și intervenție chirurgicală",c
487,"Despăgubirea, în cazul asigurărilor de sănătate de grup:",include un profit pentru asigurat,"reprezintă suma de bani plătită de asigurător asiguratului sau, după caz, furnizorului de servicii medicale agreat prin contract","se plătește contractantului, respectiv angajatorului, deoarece el este cel care plătește primele de asigurare",b
488,"În cazul producerii evenimentelor asigurate printr-o asigurare de grup, după analizarea cererii de despăgubire primite, asigurătorul poate emite o decizie de neplată?","nu, acesta trebuie să își îndeplinească obligațiile contractuale","da, dacă sunt furnizate informații false, înșelătoare, incomplete sau incorecte de către asigurat sau de către beneficiarii acestuia","da, doar în cazul în care prima de asigurare nu era plătită la zi",b
489,"În cazul în care decesul asiguratului are loc înainte de plata indemnizației de asigurare, suma indemnizației este achitată:",contractantului asigurării,nu se va achita și va rămâne asigurătorului,beneficiarilor asiguratului,c
490,"Privind asigurările de grup, precizați care dintre următoarele afirmații este falsă:",contractantul este exceptat de la a parcurge analiza de nevoi,"angajatorul va parcurge un proces de identificare a nevoilor sale și ale angajaților săi, pornind de la specificul activității și riscul pe care aceasta îl presupune","asigurătorul evaluează riscul asigurabil pe baza analizei de nevoi, a informațiilor din cererea de asigurare și a documentelor anexate",a
491,"Indicați care dintre următoarele afirmații, cu privire la asigurările de grup, este falsă:","în cazul unui risc prea mare, în ceea ce privește asigurarea de grup nominală, asigurătorul poate prelua angajații, dar cu o primă mai mare","în cazul unui risc prea mare, în ceea ce privește asigurarea de grup nominală, asigurătorul poate refuza includerea în grup a anumitor angajați","în cazul asigurărilor de grup nominale, asigurătorul nu poate refuza includerea unui angajat în asigurare",c
492,"În situația în care se produce un eveniment asigurat, iar contractul de asigurare se află în perioada de grație și primele de asigurare nu au fost încă achitate la zi, precizați dacă persoana asigurată beneficiază de acoperire prin acel contract :","da, după ce sunt achitate în totalitate primele scadente","nu, deoarece contractul nu era plătit la zi","da, cu condiția ca plata primelor să fie făcută la un moment dat de către contractant",a
493,Valoarea primei de asigurare pentru asigurarea de grup variază în funcție de:,categoriile ocupaționale ale angajaților și de gradul de risc în care aceștia sunt încadrați,statutul civil al angajaților,senioritatea angajaților în companie,a
494,"Orice operator de transport rutier, care transportă mărfuri de la o destinație la alta, este expus riscurilor și, pe cale de consecință, are o răspundere față de proprietarul mărfii pe care o asigură prin:",asigurarea obligatorie de răspundere civilă pentru prejudicii produse prin accidente de autovehicule,asigurarea facultativă a autovehiculelor,asigurarea de răspundere civilă a transportatorilor pentru mărfurile transportate,c
495,Asigurarea de răspundere civilă a transportatorilor pentru mărfurile transportate acoperă răspunderea transportatorului pentru marfa transportată în calitate de:,cărăuș,expeditor,distribuitor,a
496,"""Scrisoarea de trăsură"" CMR este:","o clauză atașată contractului, dacă transportatorul folosește autovehicule închiriate sau împrumutate","o clauză contractuală obligatorie, dacă transportatorul folosește autovehicule preluate în leasing","un contract de transport internațional de mărfuri pe șosele, semnate de expeditor și de transportator",c
497,Părțile contractuale ale unei asigurări de răspundere a transportatorilor pentru mărfurile transportate sunt:,"asigurătorul, contractantul, transportatorul","asigurătorul, contractantul, transportatorul și beneficiarul","asigurătorul, contractantul și beneficiarul",b
498,"Într-un contract de asigurare de răspundere civilă a transportatorilor pentru mărfurile transportate, cabotajul reprezintă:","un transport național de mărfuri, care este parte a unui transport internațional (încărcare- descărcare între 2 state), efectuat pe teritoriul unui stat membru al UE, cu același autovehicul de un transportator înregistrat într-o altă țară membră UE",atacul din mers al autovehiculelor ce transportă mărfuri de către grupuri infracționale organizate,procesul de încărcare-descărcare a mărfii la expeditor sau la destinatar,a
499,"Prin intermediul contractului de asigurare de răspundere civilă a transportatorilor pentru mărfurile transportate, un transportator rutier care efectuează operaţiuni contra cost în numele unui terţ, titular al unei licenţe comunitare, are dreptul să efectueze până la:","maximum două operaţiuni de cabotaj consecutive pe teritoriul unei ţări, ca parte a unui transport internaţional","maximum trei operaţiuni de cabotaj consecutive pe teritoriul unei ţări, ca parte a unui transport internaţional","maximum o operaţiune de cabotaj consecutivă, pe teritoriul unei ţări, ca parte a unui transport internaţional",b
500,Prin intermediul asigurării de răspundere civilă a transportatorilor pentru mărfurile transportate se asigură răspunderea transportatorului:,doar în țara în care efectuează transportul,din momentul părăsirii țării de origine a mărfurilor,în țară și străinătate,c
501,"Contractul de asigurare de răspundere civilă a transportatorilor pentru mărfurile transportate protejează împotriva unei pierderi fizice sau valorice, totală sau parțială, mărfurilor transportate, precum și:","depășirea termenului de livrare ce decurge din contractul pentru transport de mărfuri, în limitele de despăgubire agreate","furtul total sau parțial al mărfurilor transportate, dacă nu au fost respectate prevederile contractuale",pagubele produse mărfurilor ca urmare a nerespectării normelor de ancorare,a
502,"Valabilitatea asigurării de răspundere civilă a transportatorilor pentru mărfurile transportate, inclusiv pentru contractele de cabotaj, este:",de la momentul şi locul primirii mărfii de către cărăuş la momentul şi locul prevăzut pentru eliberarea mărfurilor,de la momentul şi locul primirii mărfii de către cărăuş și momentul producerii evenimentului asigurat,de la momentul descărcării și reîncărcării mărfii,a
503,Unul din cele mai importante riscuri preluat prin asigurarea de răspundere civilă a transportatorilor pentru mărfurile transportate îl reprezintă:,"pagubele produse mărfurilor pe perioada transportului sau depozitării, respectiv în perioada descărcării vehiculului","pagubele produse în urma avarierii containerului, remorcilor/semiremorcilor tractate cu care sunt transportate mărfurile","pagubele produse mărfurilor terţilor de către operatorii de transport autorizați, pe parcursul transporturilor naționale și/sau internaționale de mărfuri",c
504,"În baza contractului de asigurare de răspundere civilă a transportatorilor pentru mărfurile transportate, asigurătorul poate oferi despăgubiri suplimentare, în baza prezentării de documente justificative, pentru:","furtul mărfii, inclusiv în situația lipsei avizării de către poliţie","cheltuielile efectuate pentru limitarea prejudiciului, depozitarea mărfurilor, limitarea distrugerii mărfurilor avariate ca urmare a producerii unui risc asigurat, transbordare","pagubele produse mărfurilor transportate ca urmare a lipsei sau a defecțiunii ambalajului pentru mărfurile expuse, prin natura lor, la stricăciuni",b
505,"Un risc important, preluat prin asigurarea de răspundere civilă a transportatorilor pentru mărfurile transportate, este:","riscul avarierii containerului, remorcilor/semiremorcilor tractate cu care sunt transportate mărfurile",riscul de război,"riscul de furt al mărfurilor transportate, produs prin efracție și/sau acte de tâlhărie",c
506,Asigurarea RCA pentru flote este asigurarea care se adresează:,"persoanelor juridice ce au în proprietate mai multe autovehicule înmatriculate sau înregistrate, temporar sau permanent","persoanelor fizice ce au în proprietate mai multe autovehicule înmatriculate sau înregistrate, temporar sau permanent",parcurilor auto deținute exclusiv de statul român,a
507,Asigurarea RCA pentru flote acoperă răspunderea civilă pentru daunele:,cauzate terților de către vehiculele din flota deţinută,cauzate de terți autovehiculelelor din flota deţinută,"cauzate terților de către vehiculele din flota deţinută, cât și cauzate de terți autovehiculelelor din propria flotă",a
508,Asigurarea RCA a parcurilor auto acoperă răspunderea civilă pentru daunele cauzate terților de către:,autovehiculele deținute de angajați și de rudele acestora,autovehiculele ce urmează să circule în afara teritoriului național,autovehiculele care fac parte din flota deținută de asigurat,c
509,Asigurarea CASCO pentru flote se adresează:,"persoanelor juridice sau fizice ce au în proprietate mai multe autovehicule înmatriculate sau înregistrate, temporar sau permanent, în România","doar persoanelor fizice ce au în proprietate mai multe autovehicule înmatriculate sau înregistrate, temporar sau permanent, în România",parcurilor auto deținute exclusiv de firme de transport,a
510,Asigurarea CASCO pentru flote acoperă daunele:,cauzate terților de către autovehiculele din flota deţinută,cauzate de terți autovehiculelelor din flota deţinută,"cauzate terților de către autovehiculele din flota deţinută, cât și cauzate de terți autovehiculelelor din propria flotă",b
511,"Un client, persoană juridică, solicită distribuitorului de asigurări oferta pentru asigurarea CASCO a flotei sale, după ce prezintă unul din următoarele documente:",inspecția de risc a fiecărui autovehicul în parte,cazierul judiciar,mandatul de reprezentare,c
512,"Prin condițiile de bază ale asigurării pentru toate riscurile lucrărilor de construcții- montaj și răspunderea constructorului sunt preluate în asigurare pierderile financiare, materiale și chiar vătămările corporale ale lucrătorilor sau ale unui terț păgubit, rezultate din:",lucrări de demolare și de construcţii,lucrări de montaj și dezasamblare,lucrări de construcţii și montaj,c
513,"De obicei, asigurările pentru toate riscurile lucrărilor de construcții-montaj și răspunderea constructorului sunt asigurări facultative, însă acestea devin obligatorii următoarele cazuri:",când contractul de execuție este făcut cu instituțiile statului pentru construcții de importanță națională,"când se accesează fonduri europene, în relaţia firmelor cu autorităţile statului sau când beneficiarul solicită această poliţă în mod expres în contractul de execuţie",când contractorul/antreprenorul lucrează cu materialele clientului și utilaje închiriate,b
514,Asigurarea pentru toate riscurile lucrărilor de construcții-montaj și răspunderea constructorului se adresează:,beneficiarilor de construcții civile,"doar arhitecților, proiectanților și firmelor de consultanță","firmelor de construcţii, arhitecţilor, proiectanţilor, diriginţilor de şantier, responsabililor tehnici cu execuţia, distribuitorilor de materiale de construcţii, depozitelor de materiale de construcţii, firmelor de consultanţă",c
515,Prin condițiile de bază ale asigurării pentru toate riscurile lucrărilor de construcții- montaj și răspunderea constructorului/montorului sunt preluate în asigurare:,pierderile emoționale,vătămările corporale ale animalelor,"pierderile financiare, materiale și chiar vătămările corporale ale lucrătorilor sau ale unui terț",c
516,"Printre riscurile acoperite prin asigurarea pentru toate riscurile lucrărilor de construcții montaj și răspunderea constructorului/montorului, se numără:","pagubele produse în perioada de garanție, mentenanță, remediere a defectelor","poluarea, scurgerea, contaminarea sau decontaminarea de orice natură şi din orice cauză","pierderea sau distrugerea datelor, respectiv a programelor software",a
517,Printre riscurile neacoperite prin asigurarea pentru toate riscurile lucrărilor de construcții montaj și răspunderea constructorului/montorului se numără:,lucrările de inginerie civilă,"faptele săvârşite cu intenţie de către persoanele alese sau desemnate de către asigurat, contractant sau beneficiar",răspunderea civilă faţă de terţi,b
518,Asigurarea echipamentelor electronice este o asigurare:,facultativă,obligatorie,"obligatorie, dacă se desfășoară contracte de mentenanță cu statul român",a
519,Scopul asigurării echipamentelor electronice constă în acoperirea:,pierderilor și/sau distrugerii datelor și/sau a programelor software în urma atacurilor cibernetice,"pierderilor sau distrugerii echipamentelor electronice personale ale angajaților (telefoane, tablete, laptopuri)","avariilor echipamentelor electronice utilizate în domeniu industrial, economic sau social",c
520,"Asigurarea echipamentelor electronice oferă protecție pentru avarierea, distrugerea sau pierderea oricăror echipamente electronice utilizate în:","domeniu industrial, economic sau social",industria cercetării aero-spațiale,industria social-media,a
521,Identificați riscul care poate fi preluat prin asigurarea echipamentelor electronice:,"ștergerea, coruperea, lipsa disponibilității sau deformarea structurilor originale, produse direct de un incident cibernetic",daunele materiale neprevăzute (avariere sau distrugere) provocate oricărei componente a echipamentelor electronice,"distrugerea, deteriorarea, perturbarea sau obținerea accesului la sisteme informatice sau mecanisme similare",b
522,Asigurarea BI reprezintă:,asigurarea pierderilor din exploatare rezultate din cauza falimentului,asigurarea pierderilor din exploatare rezultate din greșeli de conducere,asigurarea pierderilor din exploatare rezultate din întreruperea activității,c
523,Prin asigurarea pierderilor din exploatare sunt acoperite pierderile ca urmare a:,producerii riscurilor acoperite prin asigurările de bunuri ale aceluiași asigurat,"producerii riscurilor acoperite prin polițele corporate, polițe emise de mai mulți asiguratori",contractelor neperformante derulate de asigurat,a
524,"Asigurarea pierderilor din exploatare, rezultate din întreruperea activității, include riscurile privind:",pierderile din exploatare cauzate de incendiu şi de catastrofe naturale,avariile accidentale produse echipamentelor,"pierderile din exploatare cauzate de incendiu şi alte riscuri, avarii accidentale, daune produse echipamentelor electronice",c
525,"Asigurarea pierderilor din exploatare, rezultate din întreruperea activității, poate acoperi cheltuielile pentru reducerea pierderilor cum ar fi:",cheltuieli suplimentare cu servicii executate de terţi sau cheltuieli suplimentare pentru adaptarea de tehnologii,cheltuieli suplimentare pentru mutarea activității la o nouă locație și asigurarea desfășurării acesteia prin mijloace de comunicare la distanță,cheltuieli suplimentare pentru identificarea necesităților de pregătire și pregătirea profesională a angajaților care nu au performanță,a
526,Asigurarea pierderilor din exploatare rezultate din întreruperea activității poate acoperi cheltuieli pentru reducerea pierderilor generate de:,activitatea economică desfăşurată de asigurat în afara unor contracte încheiate cu diverși clienți,înlocuirea bunurilor avariate cu intenţie de către prepușii asiguratului,capitalul necesar pentru reconstrucţia sau înlocuirea bunurilor distruse sau avariate,c
527,"Asigurarea care oferă protecţie pentru daunele materiale şi financiare provocate de profesionişti unor terţe persoane, beneficiari ai serviciilor acestora, se numește:",asigurarea de risc financiar,asigurarea de răspundere civilă profesională,asigurarea privind protecția în cazul insolvenței,b
528,"Asigurarea de răspundere civilă profesională acoperă răspunderea asumată contractual fața de clienți, ca urmare a unor fapte:",produse cu intenție,produse din neglijență,produse din culpă sau neglijență,c
529,Asigurarea de răspundere civilă profesională acoperă despăgubirea pentru pretenţiile emise:,"de asigurat pentru daunele care au loc în perioada de asigurare sau ulterior, în legătură directă cu activitatea profesională a asiguratului",împotriva angajatorului pentru daunele care au loc în perioada de asigurare și se referă la orice răspundere a angajatorului în legătură directă cu activitatea profesională a angajatului,împotriva asiguratului pentru daunele care au loc în perioada de asigurare sau ulterior și se referă la orice răspundere în legătură directă cu activitatea profesională a asiguratului,c
530,Asigurarea de răspundere civilă profesională oferă protecție următoarelor categorii de ocupații:,"aviatori, marinari, militari profesioniști, polițiști și altor categorii de profesii cu grad ridicat de risc","arhitecţi, constructori, medici, avocaţi, notari, contabili, auditori, brokeri, consultanţi, dezvoltatori de software şi, în general, toate profesiile sau meseriile care presupun o activitate cu răspundere mare (inclusiv manageri)","miniștri, parlamentari, senatori, secretari de stat, primari, consilieri și alte categorii cu grad ridicat de expunere publică",b
531,Beneficiarul unei asigurări de răspundere civilă profesională este:,asiguratul sau contractantul,angajatorul asiguratului,persoana prejudiciată,c
532,Protecțía oferită de asigurarea de răspundere civilă profesională constă în acoperirea pierderilor pentru:,"daunele materiale produse din culpa asiguratului, pierderile financiare suportate de asigurat în procesul civil, cheltuielile de judecată făcute de persoana prejudiciată","pierderile financiare suportate de asigurat în procesul civil, cheltuielile de judecată făcute de persoana implicată",daunele materiale produse din culpa asiguratului,a
533,Asigurarea de răspundere civilă profesională a directorilor şi membrilor consiliilor de administraţie acoperă:,riscul de fraudă produs cu intenție,riscurile determinate de crizele economice naționale,riscurile rezultate din erorile şi neglijenţa conducerii organizației,c
534,Asigurarea de răspundere civilă profesională a directorilor şi membrilor consiliilor de administraţie nu acoperă:,erorile şi neglijenţa în conducerea unei companii,"situaţiile în care conducătorii se implică în mod intenţionat în acte ilegale, conflict de interese, fraude, obţinerea de profit sau avantaje personale",cheltuielile de judecată şi compensaţiile financiare pe care conducerea ar trebui să le plătească,b
535,Asigurările de risc financiar permit unei companii să:,recupereze pierderile provocate de riscul de șomaj de la clienții săi,minimizeze riscul de neplată a facturilor către clienții săi,recupereze pierderile financiare de la clienții săi,b
536,În mecanismul asigurării de risc financiar sunt implicați:,creditorul și asigurătorul,cumpărătorul și garantul,"creditorul, debitorul și garantul",c
537,În mecanismul asigurării de risc financiar răspunderea privind rambursarea creditului revine:,garantului,creditorului,cumpărătorului (debitor),c
538,Asigurările de risc financiar se împart în:,asigurări de pierderi sentimentale și asigurări de credit intern/export,"asigurări de debit, asigurări de garanție/cauțiune","asigurări de pierderi financiare, asigurări de credit intern/export și asigurări de garanție/cauțiune",c
539,Asigurarea STORNO acoperă pierderea financiară suferită de:,asigurat în cazul anulării unei călătorii din motive neprevăzute,operatorul de turism în cazul anulării unei călătorii de către operatorul de transport,operatorul de transport în cazul anulării sau amânării unei călătorii,a
540,Asigurarea privind protecția în caz de insolvență a agențiilor de turism este o asigurare care acoperă rambursarea:,pierderilor financiare rezultate din alte cauze decât insolvența asiguratului,"sumelor solicitate de turist, dacă acesta nu mai poate efectua călătoria din motive neprevăzute",cheltuielilor de repatriere și/sau sumele achitate de către călător în cazul insolvenței agenției de turism,c
541,Asigurarea privind protecția în caz de insolvență a agențiilor de turism este:,"obligatorie, dacă agenția de turism nu deține licență",obligatorie,facultativă,b
542,Asigurările de credit protejează:,"doar consumatorii care cumpără, închiriază bunuri sau beneficiază de facilități de credit",intermediarii de servicii,"comercianţii şi producătorii în faţa riscului de neplată de către consumatorii care cumpără, închiriază bunuri sau beneficiază de facilităţi de credit",c
543,Asigurările de credite pot fi:,"asigurări interne, asigurări de export, asigurări ale ratelor de credit şi asigurări ale creditelor de investiţii","asigurări interne, asigurări de export, asigurări pe rata dobânzii",asigurări ale ratelor de credit şi asigurări ale creditelor de investiţii,a
544,"Prin asigurarea creditelor interne, asiguratul se protejează împotriva riscurilor generate:",doar de insolvabilitatea sa înainte de vânzarea finală către consumator,doar de neplata prelungită a cumpărătorului,neplata prelungită a cumpărătorului sau a insolvabilităţii sale înainte de vânzarea finală către consumator,c
545,"Contractul de asigurare utilizat frecvent în tranzacţiile comerciale internaţionale, în care termenul de plată este amânat, se numește:",asigurare de garanție,asigurare de insolvență,asigurare a creditelor de export,c
546,Asigurarea de fidelitate acordă protecție financiară entității asigurate împotriva unor prejudicii produse:,de directori şi membrii consiliilor de administraţie,"activelor, ca urmare a fluctuației de personal","activelor, ca urmare a unor acțiuni frauduloase făcute de angajați",c
547,Asigurările de garanție/cauțiune sunt garanţii accesorii încheiate între:,"beneficiar şi contractant/asigurat, prin care asigurătorul îşi asumă efectuarea plăţii sau satisfacerea solicitărilor de despăgubire în favoarea beneficiarului","asigurator şi contractant/asigurat, prin care compania de asigurări îşi asumă efectuarea plăţii sau satisfacerea solicitărilor de despăgubire în favoarea asiguratului","asigurator şi contractant/asigurat, prin care compania de asigurări îşi asumă efectuarea plăţii sau satisfacerea solicitărilor de despăgubire în favoarea beneficiarului",a
548,Asigurările de garanție/cauțiune sunt:,"de participare la licitaţie, de bună execuţie a contractului, de returnare a avansului și de mentenanţă a contractului","de participare la licitaţie, de bună execuţie a contractului și de returnare a avansului","de participare la licitaţie, de bună execuţie a contractului și de garanţie privind perioada de mentenanţă a contractului",a
549,Obiectul asigurării de garanţie de participare la licitaţie conferă beneficiarului licitației:,garanția de participare la licitație,garanția că participanții la licitație îşi vor menţine ofertele pe toată durata licitaţiei până la anunţarea rezultatului acesteia,garanția de bună execuție a lucrărilor,b
550,Obiectul asigurării de garanţie privind buna execuţie a contractului este reprezentat de:,garanția îndeplinirii obligaţiilor contractuale în perioada de testare a lucrărilor,certitudinea beneficiarului de îndeplinire a obligaţiilor contractuale asumate de către executant,"garanția rambursării sumelor plătite cu titlu de avans de către beneficiarul contractului executantului, conform prevederilor contractuale",b
551,Asigurările agricole asigură acoperirea pierderilor financiare suferite de agricultori în urma:,"intemperiilor atmosferice, distrugerilor provocate de animale, furtului","intemperiilor atmosferice, distrugerilor provocate de animale, furtului, dezvoltării rapide a buruienilor",intemperiilor atmosferice,c
552,Obiectul asigurărilor de animale îl reprezintă:,"animalele pentru care asiguratul are un interes patrimonial în calitate de proprietar, administrator, custode sau alte calități dovedite cu acte",animalele pentru care asiguratul nu are un interes patrimonial,animalele primite spre creștere sau îngrășare pentru care asiguratul are un interes patrimonial în calitate de custode dovedit cu acte,a
553,Prin asigurarea CARGO sunt preluate riscurile de:,distrugere a bunurilor pe perioada depozitării la expeditor,pierderea bunurilor în fabrica expeditorului,distrugerea sau pierderea bunurilor pe perioada transportului,c
554,Asigurarea CARGO preia riscurile de distrugere sau pierderea bunurilor în timpul transportului:,neliminat,de persoane,"terestru, maritim și aerian",c
555,Asigurarea CARGO oferă protecție financiară în special pentru întreprinzători precum:,dezvoltatori imobiliari,agricultori și zootehniști,"importatori, exportatori, producători, distribuitori sau prestatori de servicii",c
556,Asigurările de aviație se adresează:,persoanelor fizice sau juridice care dețin bărci,fabricanților de piese pentru aeroporturi,"liniilor aeriene, operatorilor aerieni, fabricanților de aeronave sau de componente de aeronavă, aerocluburilor, unităților militare de aviație și persoanelor fizice sau juridice care dețin aeronave pentru transport privat",c
557,Principalele categorii de asigurări de aviație sunt:,"asigurări pentru transportatorii aerieni, asigurări pentru producătorii de aeronave, asigurări pentru aeroporturi, asigurări generale de aviaţie și asigurări pentru riscul de război",asigurări pentru transportatorii rutieri,asigurări pentru riscul de răscoală,a
558,Principalele categorii de asigurări maritime se adresează:,doar asigurării navelor,asigurării navelor și asigurării de răspundere a armatorilor navei,doar asigurării de răspundere a armatorilor navei,b
559,Varianta corectă și completă privind principalele categorii de asigurări maritime este:,"asigurarea navei (Hull), asigurarea mărfii (Cargo), asigurarea de răspundere (Liability) și asigurările pentru platformele petroliere",asigurarea navei (Hull) și asigurarea mărfii (Cargo),asigurarea de răspundere (Liability),a
560,"Cum se procedează dacă trebuie efectuată inspecția de risc pentru încheierea asigurării CASCO, iar autovehiculul este acoperit de praf și noroi?","se realizează fotografii de aproape, astfel încât să fie vizibil că autovehiculul este acoperit cu praf și noroi",se menționează acest fapt în raportul inspecției de risc,inspecția de risc se reprogramează pentru o dată la care clientul trebuie să se prezinte cu autoturismul curat,c
561,În ce condiții o persoană fizică poate să încheie în România asigurarea CASCO a autoturismului său înmatriculat în alt stat membru al Uniunii Europene?,cu franșiză de 10% din suma asigurată pentru riscul de avarie totală,"conform legislației naționale aplicabile, autoturismele înmatriculate în alte țări nu se pot asigura CASCO în România",cu franșiză de 10% per eveniment pentru daune parțiale,b
562,"O clădire cu o valoarea de 375.000 LEI a fost asigurată printr-o poliță obligatorie PAD și o polița facultativă. În cazul în care, în urma producerii unui cutremur are loc și un incendiu, iar dauna înregistrată este de 50.000 LEI, precizați care este polița de asigurare prin care sunt acoperite daunele generate de incendiu:",polița PAD,polița facultativă,ambele polițe în procente egale,a
563,"Suma estimată pentru care un bun ar putea fi schimbat, la data evaluării, între un cumpărător hotărât şi un vânzător hotărât, într-o tranzacţie nepărtinitoare, după o activitate de marketing adecvată şi în care părţile au acţionat fiecare în cunoştinţă de cauză, prudent şi fără constrângere reprezintă:",valoare de nou,valoare de piață,valoare de înlocuire,b
564,Valoarea de înlocuire a bunului din care se scade uzura reprezintă:,valoarea de înlocuire,valoarea de piață,valoarea reală,c
565,"Costul construirii, producerii sau achiziţionării bunului asigurat sau al unui bun similar din punct de vedere al parametrilor funcţionali şi constructivi, la preţurile uzuale de piaţă în care sunt incluse costurile de transport, de instalare, de punere în funcţiune, precum şi taxe şi comisioane vamale reprezintă:",valoarea de înlocuire,valoarea de piață,valoarea reală,a
566,"Un bun în valoare de 10.000 lei a fost asigurat la 5.000 lei (după condițiile principiului primului risc), iar acesta, pe durata contractului de asigurare, a suferit o daună de 4.000 lei. Precizați care va fi valoarea despăgubirii acordată de asigurător:",5.000 lei,10.000 lei,4.000 lei,c
567,"Valoarea de asigurare a unei locuințe la data producerii evenimentului asigurat era de 600.000 LEI, iar suma asigurată înscrisă în polița de asigurare facultativă era de 300.000 LEI (valoare de piață), cu franșiza zero per eveniment. Asiguratul are încheiată și o poliță PAD. În urma producerii riscului de incendiu, locuința a suferit daună de 250.000 LEI. Precizați care este valoarea maximă a despăgubirii pe care o poate primi asiguratul:",250.000 LEI,125.000 LEI,300.000 LEI,b
568,"Valoarea de asigurare a unei locuințe, la data producerii evenimentului asigurat, este 300.000 LEI, iar suma asigurată înscrisă în polița de asigurare facultativă este în valoare de 600.000 LEI. Pentru locuință este încheiată o polița facultativă, cu franșiza zero per eveniment, și o poliță PAD la o sumă asigurată de 100.000 LEI. În cazul producerii riscului de cutremur, care a provocat o daună în valoare de 300.000 LEI, precizați care este valoarea maximă a despăgubirii pe care o poate primi asiguratul:",600.000 LEI,300.000 LEI,200.000 LEI,c
569,"Datele pentru încheierea unei polițe ""Asigurarea Afacerilor Mici și Mijlocii"" pentru un centru medical care își desfășoară activitatea în 2 locații sunt următoarele: Cifra de afaceri an anterior = 500.000 euro, Locația 1 - SA clădire = 1.000.000 euro, SA aparate aer condiționat = 5.000 euro, SA centrală termică = 6.000 euro; Locația 2 - SA clădire = 1.000.000 euro, SA aparate aer condiționat = 5.000 euro, SA centrală termică = 6.000 euro. Precizați care este valoarea totală a sumei asigurate preluate în asigurare:",2.022.000 euro,2.000.000 euro,2.010.000 euro,a
570,"Proprietarul unui magazin dorește încheierea unei polițe ""Asigurarea Afacerilor Mici și Mijlocii"" pentru suma asigurată a clădirii de 60.000 euro, respectiv pentru suma asigurată a mărfii și a stocurilor în valoare de 30.000 euro. La data de 31.12.XXX, cifra de afaceri avea valoarea de 100.000 euro. Indicați care este suma asigurată aferentă secțiunii asigurării pierderilor din exploatare rezultate din întreruperea activității:",90.000 euro,60.000 euro,30.000 euro,c
571,"Domnul X deține o fabrică de materiale textile cu o suprafață de 500 mp, situată într-o clădire din București construită în anul 1960. Spațiul este închiriat, iar pentru siguranță, dorește încheierea unei asigurări pentru următoarele sume asigurate - clădire la valoarea de 2.000.000 euro, utilaje la valoare de 70.000 euro și stocuri marfă la valoarea de 500.000 euro. Indicați ce tip de asigurare poate încheia Domnul X:",asigurarea Afacerilor Mici și Mijlocii,răspundere civila față de proprietar,polița de incendiu și alte riscuri pentru activele persoanelor juridice PD de tip “All Risks”,c
572,"În cazul subasigurării bunurilor, se aplică principiul proporționalității. Care este formula corectă?",valoarea daunei x (valoarea de asigurare/suma asigurată),valoarea daunei x (suma asigurată/valoarea de asigurare) - franșiza,valoarea daunei x (suma asigurată - valoarea de asigurare),b
573,Care este tendința clienților în cumpărarea serviciilor de asigurare?,să cumpere aceste servicii de pe platformele digitale,să facă analize personale pentru mai multe produse de asigurare,să se consulte cu un prieten,a
574,Ce anume indică nivelul de complexitate al activității de distribuție de asigurări?,numărul mare de potențiali clienți,activitățile diversificate incluse în proces,durata procesului,b
575,În ce perioadă a vieții protecția financiară pentru familie poate reprezenta nevoia principală de protecție?,perioada 45 – 65 ani,perioada 18 – 27 ani,perioada 27 – 45 ani,c
576,Perioada din viață în care o persoană începe să se gândească mai mult la pensionare este:,perioada 45 – 65 ani,perioada 18 – 27 ani,perioada 27 – 45 ani,a
577,Clienții din portofoliu pot face cele mai bune recomandări de noi prospecți deoarece:,așteaptă o ”atenție” din partea distribuitorului,"cunosc deja produsele companiei pe care o reprezintă distribuitorul, au încredere în produse și în distribuitor",cunosc tehnicile de vânzare,b
578,Prospectarea se poate face:,pe tot parcursul procesului de vânzare,doar în timpul discuției preliminare,doar dacă se realizează vânzarea,a
579,Rolul distribuitorului de asigurări și/sau reasigurări este:,să se întâlnească cu clienții,să abordeze prospecții,să identifice și să ofere o soluție de asigurare adecvată cerințelor și nevoilor clienților și ale prospecților,c
580,Care sunt elementele necesare pentru construirea ofertei de asigurare:,tipurile de asigurări deținute de prietenii prospectului,identificarea nevoilor de protecție și posibilitățile financiare ale potențialului client,riscurile pe care le cunoaște potențialul client,b
581,Furnizarea de informații legate de contractele de asigurare trebuie să ofere clarificări asupra:,modului de gestionare a parcului auto al clienților,"modului de prioritizare al asigurărilor, prin comparații de preț și de produse",modului în care sunt pregătiți profesional agenții,b
582,În ce perioadă a vieții există posibilitatea ca nevoia principală să fie cea de protecție individuală împotriva riscurilor?,perioada 18 – 27 ani,perioada 27 – 45 ani,perioada 45 – 65 ani,a
583,În ce perioadă a vieții există posibilitatea ca nevoia de protecție pentru cheltuieli medicale sau de deces să devină foarte importantă?,perioada 27 – 45 ani,perioada peste 65 ani,perioada 18 – 27 ani,b
584,Ce este prospectarea?,pasul în care are loc prezentarea ofertei de asigurare,pasul în care are loc identificarea nevoilor și cerințelor potențialului client,primul pas din procesul de vânzare în care are loc identificarea și calificarea unor potențiali clienți,c
585,De ce cross-sell și up-sell în portofoliu reprezintă modalități eficiente de atragere a clienților?,deoarece ajută la câștigarea celui mai bun comision pentru un anumit produs de asigurare,deoarece determină creșterea numărului de clienți noi de pe rețelele de socializare,deoarece clienții existenți în portofoliu au conștientizat deja importanța produselor de asigurare,c
586,Cunoașterea tehnicilor de prospectare îl ajută pe distribuitorul în asigurări și/sau reasigurări::,să aibă mai multă încredere în el și să depășească teama de a cere recomandări,să dezvolte un sentiment de încredere față de produsele de asigurare,să consilieze clientul pentru încheierea contractului de asigurare,a
587,"În era digitalizării, un distribuitor trebuie să fie prezent:",la întâlnirea cu prospecții,"în mediul virtual, pe platforme de social-media",la sediul asiguratorului,b
588,Succesul unei discuții preliminare poate fi influențat de:,"modul de gândire cuprinzător, de construirea și consolidarea relației de încredere",modul de gândire simplist și atitudinea supusă,mediul în care se desfășoară întâlnirea și modul de prezentare,a
589,Alege varianta care definește cel mai bine mentalitatea de ”consultant” a unui distribuitor în asigurări și/sau reasigurări?,să îi ofere potențialului client o ofertă orientativă,să dețină cunoștințele și competențele necesare și să fie atent la semnalele verbale și non- verbale ale prospectului,să nu uite să ceară recomandări,b
590,Un element esențial pentru modul în care decurge interacțiunea cu prospectul la discuția preliminară îl reprezintă:,conexiunea cu prospectul la începutul întâlnirii,modalitatea prin care atrage atenția asupra caracteristicilor tehnice ale produselor,stabilirea nevoilor și cerințelor potențialului client,a
591,Cum trebuie să fie limbajul folosit de distribuitor la întâlnirea cu prospectul?,"coerent și logic, fără ezitări, termeni negativi sau tehnici",cât mai elaborat și cu multe noțiuni tehnice,"agresiv și hotărât, pentru a înțelege prospectul cine conduce discuția",a
592,Ce este ascultarea activă?,modalitatea prin care nu spui nimic,modalitatea prin care răspunzi doar la întrebările prospectului,modalitatea prin care îi arăți clientului/prospectului că îi acorzi atenție completă la ceea ce spune,c
593,Ce trebuie să facă distribuitorul în asigurări și/sau reasigurări pentru ca un client/prospect să se simtă ascultat?,să îl întrerupă des pe client/prospect,"să îi arate interes clientului/prospectului, să aibă răbdare și nu îl întrerupă",să asculte selectiv întrebările pe care clientul/prospectul le pune,b
594,Primul pas în construirea soluției de asigurare îl reprezintă:,analiza informațiilor obținute în cadrul discuției preliminare,asistarea clientului pe durata derulării contractului de asigurare,cunoașterea operării pe calculator pentru elaborarea ofertei de asigurare,a
595,Ce reprezintă soluția optimă pentru client?,"soluția care îi acoperă cât mai multe dintre nevoi, încadrându-se în bugetul pe care este dispus să îl aloce",soluția care costă cel mai puțin,soluția care acoperă cele mai puține riscuri,a
596,Care sunt motivele pentru care oamenii cumpără ceva?,"dorință, modă, instinct și bani","nevoie, dorință, bani și modă","nevoie, ajutor, bani și urgență",c
597,Care este primul motiv de cumpărare al unui potențial client?,dacă este la modă,conștientizarea nevoii,dacă au și prietenii lui acel produs,b
598,Cum poate fi evidențiat clientului ajutorul pe care îl poate oferi asigurarea?,prin menționarea prețului asigurării,prin sublinierea corelației dintre caracteristicile și beneficiile produsului de asigurare și nevoia clientului,"prin folosirea unui limbaj foarte tehnic, pe baza condițiilor contractuale",b
599,Care este avantajul manifestării empatiei în relația cu clienții?,consolidarea relației de încredere cu clienții din portofoliu personal,enervarea clienților,acordarea de ajutor în a înțelege mai bine condițiile contractuale,a
600,Care sunt două dintre cele mai des întâlnite și eficiente activități practice pentru dezvoltarea empatiei?,evitarea presupunerilor și păstrarea unei stări pozitive pe toată durata zilei,exerciții de respirație și cultivarea plantelor,gândirea analitică și interpretarea datelor,a
601,Un sistem de evidență a bazei de date cu clienții existenți este un instrument util ulterior pentru:,a felicita clienții pentru evenimente personale din viața lor,a număra câți clienți ai în portofoliu,a face cross-sell și up-sell în portofoliu,c
602,Un proces important în distribuția de asigurări se referă la:,cunoașterea tuturor tipurilor de asigurări,oferirea consultanței cu privire la beneficiile și mecanismele de funcționare ale produselor de asigurare,prezentarea prețului pentru anumite tipuri de asigurări,b
603,În categoria instrumentelor de evaluare a gradului de satisfacție al clienților sunt cuprinse:,doar instrumentele de evaluare cantitativă precum sondajele de opinie (chestionare) la nivelul clienților,"doar instrumentele de evaluare calitativă cu focus pe grupuri cu clienții, interviuri sau acțiuni de genul ”client misterios”","atât instrumentele de evaluare calitativă, cât și cele de evaluare cantitativă",c
604,"Un indicator care evaluează calitatea relației dintre clienți și asiguratori, respectiv companiile de brokeraj îl reprezintă:",numărul de apeluri înregistrate anual de call center-ul societăților de asigurare,numărul de reclamații primite,numărul de apeluri din call center-ul companiilor de brokeraj în asigurări,b
605,"Atunci când în relația client - distribuitor în asigurări și/sau reasigurări apar anumite obiecții, mici nemulțumiri și neînțelegeri, dar care sunt ușor de controlat și soluționat, iar efectul pozitiv de rezolvare al situației conflictuale apare destul de repede, sub impactul unor tehnici mai simple de comunicare și negociere, avem de-a face cu o situație conflictuală:",de criză,la cel mai slab nivel,de nivel mediu,b
606,"Atunci când obiecțiile și neînțelegerile în relația cu clienții devin frustrări, certuri, acuze, agresiuni verbale și jigniri, escaladări ale discuțiilor la nivel organizațional, avem de-a face:",cu o situație de criză,cu un conflict la cel mai slab nivel,cu un conflict de nivel mediu,c
607,"Acele situații când clienții nemulțumiți reclamă în medii publice, social-media sau la nivelul organismelor de evaluare și control din piață, iar impactul public și efectele negative asupra organizației pot fi majore, este vorba de:",o situație de criză,un conflict la cel mai slab nivel,un conflict de nivel mediu,a
608,Metoda de rezolvare a unui conflict cu clienții care presupune ca părțile implicate să își modifice cerințele astfel încât să se realizeze un compromis acceptabil pentru cei implicați poartă denumirea de:,conciliere,negociere,mediere,b
609,"În situația în care, o entitate aflată într-o poziție de putere (tribunalul) cere ambelor părți implicate într-un conflict, să-și prezinte poziția, respectiv adresează numeroase întrebări pentru a determina poziția fiecărei părți, controlează de cele mai multe ori cine are voie să vorbească și chiar ce trebuie să spună, iar în cele din urmă impune soluția de rezolvare a problemei, avem de-a face cu o situație de:",conciliere,negociere,rezolvare pe cale judiciară a litigiului,c
610,Reasigurarea are ca scop:,creșterea capacității financiare a asiguratului,creșterea stabilității financiare a asigurătorului,întărirea relației sale cu asiguratul,b
611,"Prin reasigurare, compania de asigurare cedează:",întotdeauna întregul risc asumat prin contractul de asigurare,"o parte din riscuri exprimată în cota procentuală, limită de sumă sau de daună","o parte din prima de reasigurare, fără legătură cu riscurile preluate de reasigurător",b
612,Prima de reasigurare reprezintă:,aceeași valoare ca și prima de asigurare inițială,suma corespunzătoare condițiilor de reasigurare conform contractului de asigurare,suma corespunzătoare condițiilor de reasigurare conform contractului de reasigurare,c
613,"Prin reasigurare, compania de asigurare:",poate să își asigure mai multă flexibilitate privind dimensiunile și tipurile de riscuri pe care le poate subscrie,"nu are niciun avantaj privind flexibilitatea, dimensiunile și tipurile de riscuri pe care le poate subscrie","își va asuma orice dimensiuni și tipuri de riscuri, nefiind necesar să apeleze la reasigurare",a
614,Reasigurarea este utilă pentru următoarele tipuri de protecție:,protecția prin reasigurare a autovehiculului unei persoane,catastrofa naturală sau catastrofa produsă de om,protecția prin asigurare a autovehiculului unei persoane,b
615,Contractul de reasigurare se încheie între:,o persoana fizică și o companie de reasigurare,una sau mai multe persoane fizice și o companie de asigurare/reasigurare,o companie de asigurare și o companie de reasigurare,c
616,Dispersia riscurilor prin reasigurare:,"se produce automat, fiind o funcție a reasigurării",este doar o funcție a asigurării,nu are nicio legătură cu dispersia riscurilor,a
617,În caz de daună:,clientul recuperează contravaloarea daunei de la asigurător,clientul recuperează contravaloarea daunei de la asigurător și de la reasigurător conform contractului de reasigurare,clientul recuperează contravaloarea daunei de la reasigurător,a
618,Formele de reasigurare sunt:,facultativă și proporțională,proporțională și ne-proporțională,open covers și pool-uri,b
619,Reasigurarea proporțională cotă-parte presupune:,selecția riscurilor cedate de asigurător,stabilirea unei sume limită a daunei,"participarea cu aceeași proporție la risc, primă și daună",c
620,Identitatea de interese a companiei cedente și a reasigurătorului apar la:,reasigurarea excedent de daună,reasigurarea proporțională quota share,reasigurarea open-covers,b
621,Posibilitatea selecției riscurilor cedate în reasigurare se poate face în cazul:,reasigurării excedent de daună,reasigurării facultative,reasigurării excedent de sumă,b
622,Cea mai simplă reasigurare sub aspectul structurării contractului și administrării este:,reasigurarea neproporțională excedent de daună,reasigurarea facultativă,reasigurarea proporțională cotă-parte,c
623,Selecția riscurilor în reasigurare se poate face la contractele de reasigurare:,facultativă și proporțională,proporțională și ne-proporțională,doar la reasigurarea facultativă,c
624,"Un ""plin"" în contractul de asigurare reprezintă:",suma maximă pe care compania cedentă acceptă să şi-o reţină pe cont propriu la contractele excedent de sumă,suma maximă pe care compania cedentă acceptă să şi-o reţină pe cont propriu la contractele excedent de daună,suma maximă pe care compania cedentă acceptă să şi-o reţină pe cont propriu la contractele excedent de rată a daunei,a
625,Reasigurarea neproporțională se folosește pentru riscuri:,numai FLEXA,"FLEXA, catastrofe naturale, acumulări de daune, accidente, răspundere",numai catastrofe naturale și răspundere,b
626,"Asigurătorul direct şi reasigurătorul nu au legătură cu sumele asigurate acceptate, ci cu mărimea daunelor suferite în contractul de tip:",excedent de daună,excedent de sumă,reasigurare facultativă,a
627,Zonele de răspundere (layer-e) în reasigurarea neproporțională reprezintă:,limitele valorice pe care reasiguratorul le va plăti în caz de daună după retenția cedentei în cazul producerii riscului,limitele procentuale pe care reasiguratorul le va plăti în caz de daună după retenția cedentei în cazul producerii riscului,procentul din dauna totală suportată de reasigurator,a
628,"Privind asigurarea facultativă, indicați varianta de răspuns corectă:",asigurarea facultativă are cea mai complexă și costisitoare administrare a contractului,asigurarea facultativă are cea mai simplă administrare a contractului,administrarea asigurării facultative este comparabilă cu cea a contractului excedent de sumă,a
629,În vederea încheierii unei reasigurări facultative:,selecția riscului/riscurilor ce fac obiectul reasigurării este făcută de compania cedentă,selecția riscului/riscurilor ce fac obiectul reasigurării este făcută de reasigurator,selecția riscului/riscurilor ce fac obiectul reasigurării este făcută împreună de compania cedentă și de reasigurator,a
630,Metodele de reasigurare sunt:,facultativă și contractuală,proporțională și ne-proporțională,open covers și pool-uri,a
631,Diferența dintre metodele de reasigurare constă în:,bunurile acceptate în asigurare și cedate în reasigurare,selecția riscului/riscurilor ce fac obiectul reasigurării,acoperirea geografică,b
632,Metoda facultativ obligatorie înseamnă că este:,obligatorie pentru asiguratorii direcți și facultativă pentru reasigurătorii care pot selecta riscurile,obligatorie pentru cedentă și reasigurător în configurație standard,facultativă pentru asiguratorii direcţi şi obligatorie pentru reasigurător să accepte oferta în configuraţia propusă de compania cedentă,c
633,Precizați varianta corectă și completă de răspuns privind constituirea Pool-urilor de reasigurare:,prin participarea cu capital a mai multor societăţi luând naştere o entitate de sine-stătătoare care va avea ca obiect de activitate reasigurarea unei anumite părţi a riscurilor subscrise de aceste companii,societate cu răspundere limitată și cu activitate ca o societate comercială care subscrie riscuri de la diverse companii de asigurare din piaţă,organizaţie non-profit,a
634,Indicați varianta de răspuns care reprezintă definiția completă a managementului companiei:,acțiunile desfășurate de către conducerea companiei prin intermediul cărora se asigură funcționalitatea activității companiei,activități și metode implementate de către conducerea companiei în scopul asigurării funcționalității activității,"ansamblul de activități, metode, tehnici, instrumente și acțiuni desfășurate de către conducerea executivă a companiei prin intermediul căruia se asigură funcționalitatea eficientă a activității în scopul realizării obiectivelor companiei",c
635,Managerul companiei este împuternicit:,"să conducă şi să coordoneze activitatea curentă, el fiind învestit cu competenţa de a angaja răspunderea companiei","să coordoneze activitatea curentă, nefiind învestit cu competenţa de a angaja răspunderea companiei","să conducă activitatea curentă, fiind învestit cu competenţa de a angaja doar răspunderea propriei persoane",a
636,"În cadrul unei companii, nivelul ierarhic este constituit din:",departamente sau grupuri de persoane care desfășoară activități similare și sunt conduse de un manager,ansamblul responsabilităților ce revin persoanelor din organizație,"totalitatea subdiviziunilor organizatorice care se situează la aceeași distanță, din punct de vedere ierarhic, de conducerea companiei",c
637,Companiile de brokeraj funcționează ca entități independente și oferă:,"produse de asigurare adresate unor categorii diversificate de clienți, persoane fizice și/sau juridice",produse de asigurare adresate doar companiilor multinaționale,produse de asigurare adresate anumitor persoane fizice,a
638,Organigrama societății comerciale reprezintă:,întreaga structură organizatorică a acesteia,structura conducerii,felul în care este organizat un departament,a
639,Categoriile de componente ale structurii organizatorice sunt:,"departamentul, relațiile organizatorice, nivelul ierarhic","postul, funcția, departamentul, relațiile organizatorice, nivelul ierarhic","relațiile organizatorice, nivelul ierarhic",b
640,Comunicarea în cadrul companiei:,este importantă dacă are loc dinspre manageri către subordonați,nu trebuie adaptată la contextul respectivei organizații,stă la baza luării deciziilor în organizație,c
641,Organizarea și funcționarea intermediarilor principali și a intermediarilor secundari are în vedere:,respectarea prevederilor Normei A.S.F. nr.19/2017 privind aplicarea Legii nr. 236/2018,respectarea prevederilor Normei A.S.F. nr. 22/2021 privind distribuția de asigurări,respectarea prevederilor Normei A.S.F. nr.12/2020,b
642,"În cadrul structurii organizatorice, postul se referă la:","ansamblul obiectivelor, sarcinilor, competențelor și responsabilităților ce revin unei persoane în organizație",ansamblul obiectivelor urmărite de o persoană în organizație,ansamblul responsabilităților ce revin unei persoane în organizație,a
643,Printre atribuțiile directorului executiv se numără și următoarele activități:,operează afacerile companiei cu scopul de a aduce profitabilitate doar pe termen scurt,"dezvoltă și implementează strategia societății și operează afacerile acesteia sub supravegherea asociaților/administratorilor sau, după caz, a acționarilor/consiliului de administrație, cu scopul de a aduce soliditate și predictibilitate societății pe termen scurt, mediu și lung",dezvoltă și implementează strategia societății fără a fi sub supravegherea asociaților/consiliului de administrație,b
644,"Având în vedere complexitatea activității managerului, este necesar ca acesta să cunoască și să evalueze, cel puțin următoarele situații financiare:",rapoartele financiar-contabile ale societății și situațiile privind primele și comisioanele intermediate,"rapoartele financiar-contabile ale societății; raportările obligatorii ale societății către autorități; situațiile privind polițele intermediate, primele subscrise, primele încasate și comisioanele; legislația cu normele de aplicare actualizate",rapoartele financiar-contabile ale societății,b
645,Printre cele mai importante aptitudini ale managerului se numără:,"intransigența și dorința de a-și impune opiniile, indiferent de rezultat",controlul repetat și amănunțit al activității fiecărui angajat,"previziunea, controlul, evaluarea situațiilor, capacitatea de a organiza activitatea, luarea deciziilor corecte în cadrul organizației, găsirea soluțiilor în situații dificile",c
646,Managerul trebuie să poată comunica:,"doar cu persoanele aflate în funcții de conducere, atât în propria organizație cât și cu colaboratorii","cu orice persoană din propria organizație, cu colaboratorii, clienții și partenerii, întotdeauna într-o atmosferă pozitivă, dovedind politețe, încredere, tact și constanță în luarea de poziții","cu orice persoană din propria organizație, întotdeauna într-un cadru oficial",b
647,"Ca metodă de management, ședința poate fi utilizată:","în scopul instruirii participanților, motivării, luării deciziilor, brainstorming","pentru întâlnirea participanților, în scopul de a se cunoaște mai bine",pentru facilitarea comunicării între angajați,a
648,Caracteristicile stilului directiv al managerului sunt:,"comunicarea în ambele sensuri, de la manager către angajat sau colaborator, ținând cont în special de opiniile angajaților în stabilirea obiectivelor și sarcinilor de serviciu","comunicarea într-un singur sens, de la manager către angajat sau colaborator, stabilirea obiectivelor și sarcinilor de serviciu, organizarea resurselor, fixarea termenelor limită şi a metodelor de evaluare a performanței","comunicarea cu angajații și organizarea de comun acord cu aceștia a resurselor, stabilirea termenelor limită şi a metodelor de evaluare a performanței",b
649,Indicați prin ce se caracterizează stilul suportiv al managerului:,"organizează activități, acțiuni și ia decizii ce au ca scop îmbunătățirea abilităților individuale și a moralului echipei, precum și dezvoltarea de relații interpersonale, care să ducă la îmbunătățirea mediului de lucru","ia decizii unilaterale, trasează sarcini și comunică într-un singur sens cu echipa în scopul atingerii obiectivelor urmărite",organizează activități distractive și urmărește dezvoltarea de relații interpersonale în scopul de a afla dacă unii membri ai echipei sunt în dezacord cu deciziile sale,a
650,Persoanele care îndeplinesc funcțiile de conducere în cadrul societăților de intermediere:,"comunică personalului angajat să respecte prevederile Normei A.S.F. nr.22/2021 privind distribuția de asigurări, în cadrul fluxurilor de lucru",se asigură că prevederile Normei A.S.F. nr.22/2021 privind distribuția de asigurări sunt implementate corect în cadrul fluxurilor și procedurilor interne de lucru și dispun cu regularitate verificarea respectării acestora,se asigură că prevederile Normei A.S.F. nr.22/2021 au fost comunicate în cadrul organizației,b
651,Indicați care sunt aptitudinile necesare unui manager de succes:,"capacitatea de a organiza activitatea, luarea deciziilor corecte în cadrul organizației, găsirea soluțiilor în situații dificile","previziunea, controlul, evaluarea situațiilor, capacitatea de a organiza activitatea, luarea deciziilor corecte în cadrul organizației, găsirea soluțiilor în situații dificile","capacitatea de a organiza activitatea, luarea deciziilor în cadrul organizației",b
652,Trăsăturile umane ale unui manager performant sunt:,"echilibru și stăpânire de sine, optimism, pragmatism și perseverență",optimism și capacitatea de a lua decizii rapide fără a mai fi nevoie de analiză,"pesimism, pragmatism, gândire critică",a
653,Guvernanța corporativă eficientă presupune:,o înțelegere clară a rolului personalului angajat subordonat managementului,"o înțelegere clară a rolurilor respective ale managementului, consiliului de administrație și ale acționarilor, relațiile între aceștia și relațiile lor cu alte părți interesate",funcționarea pe baza principiului raportării către subordonați,b
654,Principalele responsabilități ale managerului sunt:,"planificarea strategică, managementul riscurilor și raportarea financiară",comunicările către angajați,planificarea cheltuielilor,a
655,Managementul resurselor umane implică:,planificarea și organizarea resurselor umane necesare atingerii obiectivelor organizației,o serie de activități interne fără legătură directă cu obiectivele organizației,"o serie de activități cu angajații, care nu necesită planificare",a
656,Pașii necesari recrutării de personal sunt:,"identificarea resurselor de recrutare, primirea CV-urilor","planificarea recrutării, stabilirea profilului candidatului, identificarea resurselor de recrutare, accesarea surselor de recrutare, primirea CV-urilor","identificarea resurselor de recrutare, accesarea surselor de recrutare, primirea CV-urilor",b
657,Sursele de recrutare pot fi:,numai externe,numai interne,interne și externe,c
658,Etapele procesului de selecție cuprind:,"selecția preliminară, primul interviu și integrarea profesională","selecția preliminară, primul interviu, interviul final, decizia de angajare, integrarea profesională",interviul final și integrarea profesională,b
659,În cadrul unei organizații pot fi identificate următoarele forme de comunicare:,doar orală,orală și scrisă,doar scrisă,b
660,"În cadrul pregătirii profesionale inițiale în domeniul distribuției de asigurări, activitatea de mentorat este importantă deoarece:",este un proces de consiliere și suport care se manifestă interactiv și complex și are ca scop îndrumarea și formarea debutanților,este un proces interactiv de comunicare între mentori,este un proces de consiliere și suport acordat managementului,a
661,"În funcție de direcție, comunicarea în organizație poate fi:",exclusiv de sus în jos,exclusiv de jos în sus sau orizontală,"de sus în jos, de jos în sus, orizontală și inter-departamentală",c
662,Pregătirea profesională continuă în domeniul distribuției de asigurări reprezintă:,o parte a procesului de pregătire profesională inițială,actualizarea informațiilor și formarea inițială a competențelor,"actualizarea, dezvoltarea și consolidarea competențelor, precum și acumularea de noi cunoștințe",c
663,"În scopul perfecționării angajaților, în cadrul unei organizații se pot organiza activități:",de pregătire profesională inițială,"de dezvoltare profesională și personală, activități interne sau externe care sunt recomandate să facă parte dintr-un proces structurat de pregătire","de recreere, prin surse externalizate",b
664,Identificarea necesităților de pregătire profesională se face prin:,"analiza cerințelor postului, evaluarea nivelului de cunoștințe al angajaților și colaboratorilor intermediari secundari, analizarea rezultatelor și a activității acestora, chestionare, teste",analiza cerințelor postului,analiza rezultatelor obținute de către angajați,a
665,Tehnicile de motivare a angajaților pot fi:,activități și decizii prin care se plătesc sume de bani angajaților,"recompense financiare (bani, excursii, bunuri) și non-financiare (promovare, recunoașterea meritelor)",activități care duc la planificarea unor sarcini greu de realizat,b
666,"Conducătorii instituie și aplică un sistem de guvernanță funcțional și eficient în cadrul companiilor, astfel încât acesta:","să fie stabilit în conformitate cu principiul proporționalității, să reprezinte o structură organizatorică transparentă și să fie supus cu regularitate controlului intern, cel puțin pe probleme de conformitate și de audit intern",să se bazeze exclusiv pe controlul intern,"să fie aplicat în mod unitar, fără a se lua în considerare structura organizatorică",a
667,Auditul intern reprezintă:,activitatea de examinare subiectivă a ansamblului activității unei societăți în scopul furnizării unei evaluări proprii a managementului riscului,activitatea de examinare subiectivă a managementului riscului,activitatea prin care se examinează în mod obiectiv întregul ansamblu al activităților societății,c
668,Persoanele care conduc o companie trebuie să dețină:,"competență profesională, bună reputație și integritate morală",competență profesională,competențe de lucru pe computer și bună reputație,a
669,Relația dintre conducerea executivă și angajați reprezintă:,procesul prin care are loc trasarea obiectivelor individuale și de echipă,procesul prin care se derulează transmiterea deciziilor managementului către angajați,"procesul prin care se derulează contractele de muncă în integritatea lor, cu elemente ce țin de timpul de lucru, salarizare, concedii de odihnă, sporuri și indemnizații",c
670,Metodele de evaluare a performanțelor personalului sunt:,"autoevaluarea, evaluarea de sus în jos, evaluarea de jos în sus",autoevaluarea și evaluarea de jos în sus,evaluarea de sus în jos,a
671,Etapele managementului performanței sunt:,"diagnosticarea situației actuale, stabilirea obiectivelor, evaluarea performanțelor","diagnosticarea situației actuale, stabilirea obiectivelor, urmărirea realizării obiectivelor, evaluarea performanțelor","diagnosticarea situației actuale, urmărirea realizării obiectivelor",b
672,"În cadrul unei organizații, obiectivele de echipă presupun:","contribuția tuturor membrilor echipei, acestea fiind agreate și comunicate către toți membrii echipei",contribuția unei persoane în organizație,contribuția acelor membri ai echipei care vor să fie mai mult implicați,a
673,Obiectivele SMART sunt:,"atractive, realiste, încadrate în timp","specifice, măsurabile, atractive","specifice, măsurabile, atractive, realiste, încadrate în timp",c
674,Principalele procese din cadrul companiei de brokeraj sunt:,"procesul de administrare polițe de asigurare, procesul de raportare","procesul de brokeraj, procesul de operare, procesul de administrare polițe de asigurare, procesul de raportare","procesul de operare, procesul de raportare",b
675,Pentru o guvernanță corporativă eficientă este necesară:,o înțelegere clară a rolurilor managementului,"o înțelegere clară a rolurilor respective, ale managementului, administratorului, consiliului de administrație, asociaților și ale acționarilor, relațiile între aceștia și relațiile lor cu alte părți interesate","o înțelegere clară a rolurilor acționarilor, relațiile între aceștia și relațiile lor cu alte părți interesate",b
676,Responsabilitățile managementului includ:,managementul riscurilor,planificarea strategică și raportarea financiară,"planificarea strategică, managementul riscurilor și raportarea financiară",c
677,Guvernanța corporativă funcționează pe baza următoarelor principii:,transparență și competență,"integritate, transparență, răspundere și competență",integritate și răspundere,b
678,Controlul intern are prerogative în ceea ce priveşte:,"prevenirea unor rezultate nedorite, eliminarea unor nereguli constatate și a eventualelor conflicte din interiorul companiei sau dintre companie și entități terțe (clienți, autorități, creditori)",eliminarea neregulilor și eventualelor conflicte din interiorul entității,"eliminarea neregulilor dintre entitate și terți (organe fiscale, clienți, creditori)",a
679,Auditul intern are următoarele obiective:,"verificarea conformității activității societății cu politicile, programele și managementul, stabilite potrivit prevederilor legale","verificarea conformității activității societății în raport cu politicile, programele și managementul, stabilite potrivit prevederilor legale; evaluarea gradului de adecvare și aplicare a controalelor financiare și nefinanciare, dispuse de către management; evaluarea gradului de corectitudine și obiectivitate a informațiilor financiare și nefinanciare și a datelor care sunt destinate managementului societății, în scopul cunoașterii realității economico-financiare a companiei, pentru protejarea elementelor de patrimoniu",evaluarea gradului de adecvare a datelor/informațiilor financiare și nefinanciare destinate managementului societății pentru cunoașterea realității economico-financiare și protejarea elementelor patrimoniale,b
680,"În etapa de funcționare optimă, managerul organizației trebuie să:","stabilească obiectivele, să ofere feedback, să analizeze informațiile, să organizeze resursele interne",traseze sarcini tuturor membrilor echipei aducându-le la cunoștință rezultatele pe care le așteaptă de la aceștia,"comunice în scris membrilor echipei procedura de lucru și să micșoreze, pe cât posibil, perioada acordată pentru acomodarea persoanelor aflate în etapa de formare",a
681,"În ceea ce privește eficacitatea unei echipe, managerul companiei:",trebuie să analizeze eforturile și rezultatele colective,trebuie să analizeze doar succesele individuale,"trebuie să analizeze eforturile, satisfacțiile și succesele individuale și colective",c
682,Etapele procesului de pregătire profesională sunt:,"identificarea necesităților de pregătire profesională, derularea propriu-zisă a programelor de pregătire profesională care presupune planificarea și susținerea acestora, evaluarea rezultatelor procesului prin testarea cunoștințelor, verificarea gradului de îmbunătățire a unor comportamente","identificarea necesităților și cerințelor de pregătire profesională, verificarea rezultatelor",evaluarea rezultatelor procesului de pregătire prin testarea cunoștințelor,a
683,"În cadrul derulării raportului de muncă, actele decizionale ale managementului se caracterizează prin:","acțiuni de consultare, transparenţă și echitate, păstrând proporțiile corecte între optimism şi pesimism, între pragmatism şi empatie","acțiuni de sancționare a celui bănuit că ar fi adus o încălcare a prevederilor contractuale, dovedind astfel pragmatism",acțiuni de comunicare către angajați cu privire la obligațiile lor contractuale,a
684,"În cadrul managementului performanței, în etapa de stabilire a obiectivelor, se au în vedere următoarele:",identificarea ariilor-cheie de performanță pentru care se stabilesc obiectivele și formularea obiectivelor pentru fiecare arie de performanță,identificarea ariilor de interes ale companiei,identificarea ariilor de interes din mediul extern,a
685,Caracteristicile stilului transformațional al managerului sunt:,"vizionar, inteligent, comunică în permanență membrilor echipei sarcinile de îndeplinit","putere mare de anticipare și de adaptare în condiții în schimbare, vizionar și foarte bun comunicator, inteligență emoțională ridicată, pune accent pe echipă, este carismatic, are toleranță la risc, inspiră membrii echipei să gândească independent, să fie motivați, are ca obiectiv nevoile și obiectivele întregii echipe","inteligență emoțională ridicată, se adaptează cu dificultate, nu are toleranță la risc, dar are ca obiectiv creșterea activității companiei",b
686,Controlul de conformitate vizează următoarele obiective generale:,"verificarea pe fluxurile de distribuție, verificarea pe fluxurile financiare, verificarea respectării procedurilor implementate în cadrul organizației privind raportările către autorități","verificarea pe fluxurile de distribuție, verificarea soldului conturilor colectoare de prime",verificarea respectării procedurilor implementate în cadrul organizației privind resursele umane,a
687,Guvernanța corporativă funcționează pe baza următoarelor principii:,"inteligență, comunicare și toleranță la risc","integritate, transparență, răspundere și competență","oportunități, comunicare și apetit pentru risc",b
688,"Pregătirea profesională continuă, în domeniul distribuției de asigurări, reprezintă:","totalitatea acțiunilor ce vizează dezvoltarea și consolidarea competențelor, actualizarea acestora, precum și acumularea de noi cunoștințe în domeniul distribuției de asigurări și/sau reasigurări",totalitatea acțiunilor ce cuprind pregătirea profesională a mentorilor,totalitatea acțiunilor destinate pregătirii profesionale inițiale,a
689,"În etapa de formare, managerul trebuie:",să îi ajute pe membrii echipei să se cunoască mai bine și să acționeze împreună pentru a atinge obiectivele strategice ale entității,"să îi ajute pe membrii echipei să se cunoască mai bine și să se simtă în largul lor, să vorbească și să-și exprime opiniile, să le ofere idei, să-i ghideze, să-i ajute și să-i susțină, pentru ca temerile, confuziile și incertitudinile acestora să fie reduse cât mai mult","să îi ajute pe membrii echipei să vorbească și să-și exprime opiniile, astfel încât să acționeze în mod unitar pentru realizarea sarcinilor",b
690,Rezultatele evaluării performanței reprezintă:,recunoașterea performanței și rezolvarea problemelor,"recunoașterea performanței, identificarea și rezolvarea problemelor de performanță, stabilirea de obiective pentru perioada următoare","recunoașterea performanței, identificarea și rezolvarea problemelor de performanță acolo unde a fost cazul, stabilirea de obiective pentru perioada următoare, elaborarea planului de dezvoltare personală, acordarea de beneficii în funcție de performanță",c
691,Enumerați câteva din atribuțiile principale ale directorului executiv (CEO):,"întocmește și analizează situațiile financiare ale companiei, întocmește planurile și bugetele de funcționare","dezvoltă și implementează strategia societății, prezintă asociaților/consiliului de administrație în mod corect situațiile financiare și rezultatele operațiunilor companiei, întocmește planurile și bugetele de funcționare, asigură reziliența și continuitatea afacerii","asigură reziliența și continuitatea afacerii, analizează situațiile financiare ale companiei",b
692,Enumerați câteva din preocupările permanente ale managerului:,"creșterea calității muncii sale, nevoia de a se informa în tot ceea ce privește mediul de afaceri în care se dezvoltă, cunoașterea tendințelor pieței, noutățile legislative ce pot avea un impact asupra organizației pe care o conduce",scăderea cheltuielilor fixe și cunoașterea tendințelor pieței,creșterea volumului de vânzări pe o anumită clasă de asigurări,a
693,Experiența de lucru a managerului trebuie să fie:,suficient de solidă pentru a-i permite să asigure funcționarea societății,suficient de solidă pentru a-i permite să asigure un management performant,"suficient de solidă pentru a-i permite să asigure un management performant, asigurând continuitatea afacerii și să pună un diagnostic rapid unei situației de criză",c
694,Comunicarea orală are trei componente:,"limbajul verbal, scris și nonverbal","limbajul verbal, paraverbal și nonverbal","limbajul verbal, paraverbal și scris",b
695,Luarea de decizii (ne)etice de către o persoană este influențată:,doar de un factor intern - nivelul (gradul) de etică al persoanei,doar de un factor extern - situația (contextul) în care individul se află când ia o decizie sau alta (variabile asociate cu organizația),de doi factori - unul intern și altul extern,c
696,"Privind nivelurile de dezvoltare etică ale indivizilor, indicați afirmația adevărată:","include și nivelul 1, denumit pre-convențional, iar persoanele aflate în această categorie pun în balanță, pur rațional, ”beneficiile” unei potențiale acțiuni neetice, în raport cu sancțiunile, iar în situația în care balanța înclină în favoarea avantajelor, există o probabilitate ridicată de a acționa în acel mod neetic","include doar un nivel, denumit convențional, iar persoanele situate la acest nivel execută doar acțiunile considerate ”bune”, ”corecte” la nivelul societății, a grupurilor apropiate din care fac parte, iar motivația de a realiza acțiuni etice este ridicată, dacă societatea consideră astfel",conțin 5 niveluri de dezvoltare în vederea asigurării garanției unui comportament etic,a
697,"Care afirmație este adevărată, în legătură cu nivelurile de dezvoltare etică (morală) ale indivizilor?","include și nivelul 2, denumit convențional, iar persoanele situate la acest nivel realizează doar acțiunile considerate ”bune”, ”corecte” la nivelul societății, iar motivația de a realiza acțiuni etice este ridicată, dacă societatea consideră astfel","include doar un nivel, denumit principial, iar persoanele situate în această categorie depășesc prin acțiunile pe care le întreprind așteptările societății, de multe ori fiind chiar inițiatorii unor noi comportamente, suplimentar celor etice deja existente",conțin 5 niveluri de dezvoltare în vederea asigurării garanției unui comportament etic,a
698,"Legat de comportamentele (ne)etice al distribuitorilor în asigurări și/sau reasigurări profesioniști vs. neprofesioniști, este corectă următoarele afirmație:","distribuitorii în asigurări și/sau reasigurări profesioniști sunt cei pentru care distribuția de produse de asigurare este percepută ca fiind o activitate cu responsabilități clare și importante, sunt persoane care înțeleg faptul că satisfacerea necesităților clienților trebuie să fie în centrul preocupărilor lor, se concentrează pe dezvoltarea unui portofoliu superior calitativ (care să existe o perioadă îndelungată) și sunt conștienți că orice acțiune neetică poate să distrugă foarte repede tot ceea ce s-au străduit să dezvolte în ani de zile","distribuitorii în asigurări și/sau reasigurări profesioniști sunt cei care activează în domeniul asigurărilor cu miza unică și clară de a câștiga rapid sume consistente de bani, persoane pentru care interesele personale primează în fața celor ale clientului, au un nivel de pregătire îndoielnic și, în consecință, probabilitatea de a se angaja în practici neetice este ridicată","nu există absolut nicio diferență, sub aspect etic, între comportamentele distribuitorilor profesioniști și cele ale distribuitorilor neprofesioniști",a
699,Factorii situaționali care influențează modul în care distribuitorul în asigurări și/sau reasigurări ia decizii (ne)etice sunt:,doar factori corespunzători contextului imediat al postului ocupat,doar factori corespunzători culturii organizaționale,"factori aferenți atât contextului, cât și culturii",c
700,"Legat de acțiunile de ranforsare a comportamentelor distribuitorilor în asigurări și/sau reasigurări, indicați afirmația corectă:",acțiunile de ranforsare a comportamentelor distribuitorilor nu au niciun efect în cadrul organizației,"o organizație are capacitatea de a influența (modela) comportamentele (ne)etice ale distribuitorilor săi prin acțiuni de recompensare a acțiunilor dorite, dar mai ales prin sancționarea celor nedorite (avertismente verbale sau scrise, penalități aplicate prin reducerea veniturilor încasate de către distribuitori sau, în cazuri extreme, excluderea acestora din organizație)",acțiunile de ranforsare a comportamentelor distribuitorilor au efecte doar la nivelul managerilor,b
701,Comportamentele neetice ale distribuitorilor în asigurări și/sau reasigurări sunt influențate direct de:,acțiunile de ”ranforsare” instituite în cadrul organizației,sloganul asigurătorului sau al companiei de brokeraj în cadrul căreia distribuitorul în asigurări și/sau reasigurări lucrează,rețeaua teritorială a asiguratorului sau intermediarului principal pentru care lucrează,a
702,"Pentru ce categorii de persoane majoritatea comportamentelor neetice nu se produc, neapărat, pentru a obține anumite câștiguri personale, ci mai degrabă pentru că indivizii își doresc să atingă obiectivele de performanță pe care le au în cadrul organizației din care fac parte:",pentru toate categoriile de distribuitori în asigurări și/sau reasigurări,doar pentru intermediarii secundari persoane fizice,"doar pentru conducerea executivă a intermediarilor principali, respectiv a intermediarilor secundari persoane juridice",a
703,"Cultura organizațională, ca element care influențează comportamentele (ne)etice ale distribuitorilor în asigurări și/sau reasigurări, cuprinde:",numai Codurile etice și mecanismele de control,numai Sistemul de referință oferit de către colegi și responsabilitatea pentru consecințele propriilor acțiuni,"Codurile Etice (Codurile de Conduită), mecanismele de control, sistemul de referință oferit de colegi și responsabilitatea pentru consecințele acțiunilor proprii",c
704,"Existența și aplicarea unor reguli clare privind recompensarea comportamentelor etice, dar mai ales sancționarea celor neetice, reprezintă:",un mecanism de control al acțiunilor distribuitorilor în asigurări și/sau reasigurări,responsabilitatea privind consecințele propriilor acțiuni,un sistem de audit intern,b
705,"Legat de ”Sistemul de referință oferit de către colegi” în ceea ce privește comportamentele (ne)etice ale distribuitorilor în asigurări și/sau reasigurări, care din afirmațiile următoare este adevărată:","organizațiile care au toleranță scăzută (sau chiar zero) pentru practicile neetice, sancționând prompt și consistent distribuitorii în asigurări și/sau reasigurări cu acțiuni indezirabile, transmit un mesaj extrem de clar către întreaga echipă de vânzări - ne dorim un climat etic la cele mai înalte standarde, iar pentru acest lucru suntem dispuși să recurgem chiar la eliminarea persoanelor cu acțiuni neadecvate, astfel încât să reducem (sau chiar eliminăm) riscul de contaminare al celorlalți",sistemul de referință oferit de către colegi nu are influență asupra comportamentelor etice,"sistemul de referință oferit de către colegi are influență doar asupra comportamentelor etice ale angajaților companiilor de brokeraj, nu și a celor care activează în cadrul unui asigurator",a
706,"În categoria recomandărilor pentru conducerea executivă a companiilor de brokeraj, direcția sporirii comportamentelor etice la nivelul distribuitorilor în asigurări din organizațiile pe care le coordonează, pot fi incluse acțiuni precum:","luarea în considerare a aspectelor privind profilul etic al candidaților în procesul de în recrutare și selecție a distribuitorilor în asigurări, pe lângă evaluarea elementelor ce țin de nivelul de cunoștințe în domeniu și abilități necesare promovării și vânzării produselor de asigurare (comunicare, negociere, etc.)",luarea în considerare doar a aspectelor cantitative ale rezultatelor de vânzări obținute de către distribuitori în stabilirea sistemelor de carieră și cele de recompensare,"recrutarea de distribuitori în asigurări, exclusiv din instituțiile de credit",a
707,"În categoria recomandărilor pentru conducerea executivă a companiilor de brokeraj, direcția sporirii comportamentelor etice la nivelul distribuitorilor în asigurări din organizațiile pe care le coordonează, pot fi incluse acțiuni precum:",conceperea și implementarea unui sistem de instruire (training) cât mai ”lejer”,"conceperea și aplicarea strictă a Codurilor Etice (Condurilor de Conduită) în fiecare organizație, sancționarea tuturor celor care sunt descoperiți cu practici neetice",aplicarea de amenzi doar pentru distribuitorii în asigurări care sunt descoperiți că au furat de la clienți sume mai mari de 1.000 RON,b
708,"Pentru evaluarea cunoștințelor, competenței și experienței profesionale corespunzătoare poziției vizate se iau în considerare, în cazul conducătorilor executivi ai companiilor de brokeraj, următoarele:",cunoștințele teoretice obținute pe baza studiilor și formării profesionale,"experiența profesională în domeniul asigurărilor, numai dacă aceasta este mai mare de 10 ani","vechimea în industria asigurărilor, numai dacă aceasta este mai mare de 15 ani",a
709,Buna reputație și integritatea conducătorilor executivi ai companiilor de brokeraj pot fi puse la îndoială în situația în care există informații cu privire la existența uneia din următoarele situații:,condamnare sau urmărire penală în cazuri care implică infracțiuni legate de legislația bancară și financiară,persoana respectivă posedă mai multe polițe de asigurare de viață,persoana în cauză este și asigurat și contractant al unei asigurări de viață cu o valoare mare a sumei asigurate,a
710,"Cerința de guvernanță a unei companii de brokeraj, legată de conducerea executivă, face referire la aspecte precum:",existența unui posibil conflict de interese,restricții și incompatibilități între calitatea de asigurat și de contractant al unui contract de asigurare de viață,restricții și incompatibilități între calitatea de asigurat și contractant pe o poliță de asigurare de sănătate,a
711,"Notificarea, reclamaţia, sesizarea formulată în scris ori prin poșta electronică, prin intermediul căreia o persoană fizică sau juridică, care deține calitatea de asigurat, contractant, beneficiar, persoană păgubită sau reprezentanți ai acestora, își exprimă nemulțumirea cu privire la activitatea societăţilor de asigurare şi/sau a companiilor brokeraj poartă denumirea de:",petiție,nemulțumire,frustrare,a
712,"Asigurații/contractanții/păgubiții pot depune petiții (reclamații, sesizări, plângeri):",doar la sediul asigurătorului sau al companiei de brokeraj (inclusiv reprezentanțele teritoriale ale acestora),"atât la sediul asigurătorului sau al al companiei de brokeraj (inclusiv reprezentanțele teritoriale ale acestora), cât și la sediul A.S.F.",doar la sediul A.S.F.,b
713,"Conform prevederilor normative privind procedura de soluționare a petițiilor referitoare la activitatea societăților de asigurare și/sau reasigurare și companiilor de brokeraj, atât asigurătorii, cât și companiile de brokeraj au obligația:",să dețină proceduri scrise de primire și soluționare a petițiilor atât la sediul central cât și la sediile teritoriale,"să refuze accesul clientului la sediu, deoarece acesta ar putea perturba buna desfășurare a activităților zilnice ale entității în cauză",să soluționeze toate aceste petiții doar prin intermediul unei entități de soluționare alternativă a litigiilor,a
714,"Conform prevederilor normative privind procedura de soluționare a petițiilor referitoare la activitatea societăților de asigurare și/sau reasigurare și a companiilor brokeraj, atât asigurătorii, cât și companiile de brokeraj, au obligația:","să dețină și să mențină un registru unic de petiții în format electronic securizat în care să înregistreze cronologic, în ordinea primirii, fără ca numerele de înregistrare atribuite să se repete, toate petițiile, inclusiv pe cele primite la sediile teritoriale, indiferent de modalitatea de de primire a acestora - prin registratură, prin poștă electronică, prin sistemul on-line existent pe site- ul oficial al societăților","să dețină și să mențină operațional numai un sistem on-line de primire a petițiilor, atât la sediul central cât și în cadrul reprezentanțele teritoriale ale acestora",să soluționeze toate aceste petiții doar prin intermediul A.S.F.,a
715,Alegeți afirmația adevărată legată de SAL-FIN.,SAL-FIN este o structură creată în cadrul ISF pentru a asigura informarea consumatorilor privind modalitatea de soluționare alternativă a litigiilor în domeniul financiar nonbancar,"principala atribuție a SAL-FIN constă în organizarea și soluționarea prin proceduri SAL (Soluționarea Alternativă a Litigiilor) a litigiilor interne sau transfrontaliere, născute din contracte de vânzare sau de prestare de servicii încheiate de consumatori cu societățile de asigurare",SAL-FIN este o structură creată în cadrul UNSAR pentru a asigura suport consumatorilor care au litigii cu societățile de asigurare aflate în faliment,b
716,"Companiile de brokeraj au obligația de a transmite rapoarte și situații către autorități, astfel:","trimestrial, numai pentru veniturile înregistrate","trimestrial, semestrial, anual, la momentul autorizării/constatării unei modificări și ori de câte ori autoritățile solicită alte tipuri de situații și raportări",anual și ori de câte ori se constată modificări față de anul anterior,b
717,Raportările companiilor de brokeraj privind petițiile înregistrate în legătură cu activitatea desfășurată:,sunt obligatorii și se transmit către A.S.F semestrial,nu sunt obligatorii,sunt obligatorii și se transmit către A.S.F. numai dacă se înregistrează un anumit număr de petiții,a
718,Raportările financiare și tehnice reflectă:,"informații corecte și complete, legate de evidențele financiar-contabile și tehnico-operative ale tuturor entităților supravegheate","informații corecte și complete, legate de evidența numărului de angajați ai entităților supravegheate",informații legate de metodologia de lucru și fluxurile operative ale tuturor entităților supravegheate,a
719,"Companiile de brokeraj au obligaţia, conform prevederilor legale, să întocmească şi depună la A.S.F.:",numai raportările financiare,raportările financiare și tehnice,numai raportările tehnice,b
720,"În vederea rezolvării corespunzătoare în termenul legal a petiţiilor care le sunt adresate, companiile de brokeraj:","deţin proceduri scrise de primire şi soluţionare a petiţiilor, atât la sediul central, cât şi la sediile lor teritoriale, în vederea rezolvării petiţiilor care le sunt adresate, acționând cu celeritate şi în termenele legale","trebuie să poată primi petiţii atât la sediul central, cât şi la sediile teritoriale","trebuie să înregistreze petițiile într-un registru, atât la sediul central, cât şi la sediile teritoriale",a
721,Raportarea companiilor de brokeraj privind taxa de funcționare pentru activitatea de distribuție și situațiile rectificative aferente face parte din categoria raportărilor:,trimestriale,semestriale,anuale,a
722,"Raportarea companiilor de brokeraj referitoare la auditarea sistemelor informatice, conform reglementărilor în vigoare privind gestionarea riscurilor operaționale generate de sistemele informatice se efectuează:",trimestrial,anual,lunar,b
723,Companiile de brokeraj transmit către A.S.F. raportările și informațiile solicitate în vederea:,întocmirii listelor necesare pentru controlul periodic,desfășurării procesului de monitorizare și supraveghere,îmbunătățirii metodologiilor de lucru pentru entitățile supravegheate,b
724,Norma ce conține actualizările privind aplicarea Legii nr.236/2018 este:,Norma A.S.F. nr.89/2022,Norma A.S.F. nr.15/2017,Norma A.S.F. nr.22/2021,c
725,Precizați dacă distribuitorii în asigurări și/sau reasigurări care își desfășoară activitatea în România în baza dreptului de stabilire au obligații de raportare către A.S.F.,nu,"nu, deoarece se presupune că efectuează raportări în țara de origine",da,c
726,"Conform prevederilor legale în vigoare, companiile de brokeraj au obligaţia depunerii:",raportării privind situația veniturilor totale obținute din activitatea de distribuție,raportării privind numărul dosarelor de daune pe anul în curs,raportării privind numărul de clienți persoane fizice,a
727,Raportarea privind activitatea de distribuție în care este cuprinsă și activitatea de co- brokeraj se realizează:,semestrial,trimestrial,anual,b
728,"Companiile de brokeraj au obligația de a întocmi și publica situațiile financiare anuale individuale, situațiile financiare interimare și situațiile financiare consolidate:",în orice monedă și într-o limbă de circulație internațională,"în moneda națională și în limba română, în conformitate cu reglementările contabile",în orice monedă de circulație europeană și în limba română,b
729,"Auditarea, respectiv verificarea, situațiilor financiare anuale ale companiei de brokeraj se face în funcție de următoarele criterii de mărime ale companiei:",numărul de contracte intermediate și numărul minim de salariați,"total active, număr de contracte intermediate","cifra de afaceri netă, total active, număr mediu de salariați",c
730,Situațiile financiare ale unei companii de brokeraj pot fi:,anuale și interimare,doar interimare,doar anuale,a
731,"În scopul întocmirii situațiilor financiare anuale și a situațiilor financiare interimare, companiile de brokeraj trebuie să procedeze la:",inventarierea contractelor de asigurare și a capitalurilor proprii,"inventarierea și evaluarea elementelor de natura activelor, datoriilor și capitalurilor proprii",inventarierea și evaluarea datoriilor,b
732,Situațiile financiare anuale ale unei companii de brokeraj cuprind:,"bilanțul, numărul de contracte anulate, situația modificărilor capitalului propriu","bilanțul, contul de profit și pierdere, situația contractelor încheiate","bilanțul, contul de profit și pierdere, situația modificărilor capitalului propriu, situația fluxurilor de trezorerie, note explicative",c
733,Bilanțul este:,documentul analitic prin care este prezentat capitalul propriu al entității la sfârșitul exercițiului financiar,"documentul de sinteză prin intermediul căruia sunt prezentate elementele de activ, datoriile și capitalul propriu la sfârșitul unui exercițiu financiar",documentul analitic prin care sunt prezentate datoriile și capitalul social ale entității la sfârșitul exercițiului financiar,b
734,Raportările financiare anuale sunt întocmite de entităţile:,autorizate să funcţioneze în afara teritoriului României,deschise în România de alte entităţi din afara Spațiului Economic European,"autorizate să funcționeze pe teritoriul României, dar și de subunitățile deschise în România de entitățile cu sediul în state aparținând Spațiului Economic European",c
735,"Situațiile financiare anuale și interimare sunt semnate de persoanele de drept, cuprinzând și:","calitatea persoanei care le-a întocmit (director economic, contabil-șef sau altă persoană desemnată prin decizie scrisă de administrator, persoană autorizată potrivit legii)","numele și prenumele persoanei care le-a întocmit, înscrise în clar, calitatea acesteia (director economic, contabil-șef sau altă persoană desemnată prin decizie scrisă de administrator, persoană autorizată potrivit legii), numărul de înregistrare în organismul profesional, dacă este cazul",numele celeilalte persoane autorizate care le-a avizat și numărul de înregistrare ale acesteia în cadrul organismului profesional din care face parte,b
736,Situația modificărilor capitalurilor proprii include:,informații privind comisioane neîncasate,informații privind primele decontate cu asigurătorii,"informații de sinteză (profitul sau pierderea perioadei), informații extracontabile și reconcilieri ale conturilor de capitaluri proprii",c
737,Contul de profit și pierdere este un raport:,"static, prin care sunt evidențiate veniturile înregistrate în perioada de timp curentă","dinamic (comparație între două exerciții financiare), prin care sunt evidențiate veniturile și cheltuielile înregistrate în perioada de timp acoperită","static, prin care sunt evidențiate cheltuielile înregistrate în perioada de timp curentă",b
738,Notele explicative conțin informații cum ar fi:,"imobilizări corporale, creanțe, datorii, provizioane, capital și rezerve, contul de profit și pierdere",creanțe,extrase de cont,a
739,Precizați varianta de răspuns corectă pentru situația în care este necesară corectarea erorilor din situațiile financiare anuale:,"este necesar ca erorile să fie corectate, doar dacă sunt greșeli matematice de aplicare a politicilor financiar-contabile","este necesar ca erorile să fie corectate, deoarece pot apărea efecte ale greșelilor matematice, greșeli de aplicare a politicilor contabile, efecte ale ignorării unor evenimente sau interpretării greșite a acestora precum și efecte ale fraudelor",este necesar ca erorile să fie corectate doar la sesizarea și solicitarea expresă a autorității,b
740,Situațiile financiare interimare reprezintă:,situațiile financiare care sunt destinate repartizării de dividende în cursul exercițiului financiar curent,"situațiile financiare nefinalizate, aflate în lucru",situațiile financiare rectificative,a
741,"În cadrul contabilităţii companiilor de brokeraj, un cont financiar specific acestora se referă la:",decontările privind activitatea de intermediere,situația inventarului,capitalul social subscris,a
742,"Completați cu varianta corectă și completă pentru următorul enunț - ""Entitățile reglementate realizează evaluări de risc prin care…"":","gestionează riscul de spălare a banilor și/sau de finanțare a terorismului la nivelul clienților și a serviciilor de asigurare prestate, în scopul demonstrării aplicării corecte a prevederilor legale","identifică, evaluează și gestionează riscul de spălare a banilor și de finanțare a terorismului la nivelul clienților, a serviciilor și a produselor oferite, precum și la nivelul întregii activități desfășurate, astfel încât să poată arăta că înțeleg și administrează corect riscurile la care sunt sau ar putea fi expuse",identifică riscul de spălare a banilor și de finanțare a terorismului la nivelul clientelei,b
743,Entitățile reglementate:,"au obligația de a stabili mecanisme interne de protejare a persoanelor desemnate, a ofițerilor de conformitate și a angajaților care raportează încălcări ale legislației privind riscul de spălare a banilor/finanțare terorism","nu au nicio obligație cu privire la instituirea unor mecanisme interne de protejare a persoanelor desemnate, a ofițerilor de conformitate și a angajaților care raportează încălcări ale legislației privind riscul de spălare a banilor și de finanțare a terorismului","nu au nicio obligație față de terți sau față de persoanele desemnate, ofițerii de conformitate și angajații care raportează încălcări ale legislației privind riscul de spălare a banilor/finanțare terorism",a
744,"Conform Legii nr. 129/2019, identificarea clienților și a beneficiarilor reali se face:",anterior inițierii sau perfectării relației de afaceri sau efectuării tranzacției ocazionale,după efectuarea unei tranzacții,"oricând, la alegerea fiecărei entități",a
745,Precizați dacă printre elementele necesare identificării clientului sunt incluse seria şi numărul documentului de identitate:,"da, deoarece este unul din elementele identificării persoanei fizice","nu, deoarece se presupune că persoana și-a declarat deja numele și prenumele","da, dar numai dacă este cetățean român",a
746,"Potrivit legislației în vigoare privind prevenirea şi combaterea spălării banilor şi a finanţării terorismului, entitățile raportoare:","au obligaţia de a raporta către Oficiu tranzacţiile cu sume în numerar, în lei sau în valută, a căror limită minimă reprezintă echivalentul în lei a 10.000 euro, inclusiv operaţiunile care au o legătură între ele","au obligaţia de a raporta către Oficiu tranzacţiile cu sume în numerar, în lei sau în valută, a căror limită minimă reprezintă echivalentul în lei a 20.000 euro, inclusiv operaţiunile care au o legătură intre ele","nu au nicio obligaţie de a raporta către Oficiu tranzacţiile cu sume în numerar, în lei sau în valută",a
747,Obligația de auditare a situaţiilor financiare anuale ale entităților autorizate apare:,atunci când sunt depăşite trei dintre criteriile de mărime în decursul a trei exerciţii financiare consecutive,atunci când sunt depăşite două dintre criteriile de mărime în decursul a două exerciţii financiare consecutive,indiferent de criteriile de mărime ale entității,b
748,"Modalitatea de implementare a măsurilor de securitate informatică este stabilită de fiecare entitate, astfel:",în funcție de numărul de incidente înregistrate în anul curent,"în funcție de profilul de risc, de riscurile identificate și de incidentele apărute",în funcție de numărul angajaților,b
749,"Identificați situaţia financiară care prezintă în formă sintetică elementele de activ, datorii şi capitalul propriu ale entităţii la finalul unui exerciţiu financiar:",bilanțul,situația inventarului,situația capitalurilor proprii,a
750,"Entitățile reglementate de către A.S.F. care sunt încadrate în categoria de risc scăzut au obligația de a audita sistemele IT importante utilizate, extern sau cu resurse interne certificate, la următoarele intervale de timp:","la fiecare 2 ani, astfel încât perioada supusă auditului să fie de 2 ani calendaristici consecutivi","la fiecare 4 ani, iar perioada supusă auditului să fie de 4 ani calendaristici consecutivi","la fiecare 8 ani, astfel încât perioada supusă auditului să fie de 8 ani calendaristici consecutivi",b
751,Entitățile reglementate de către A.S.F. sunt obligate să efectueze anual:,o verificare a funcționării sistemului informatic,"o scanare de vulnerabilități, prin teste de penetrare, având drept obiectiv testarea securității aplicațiilor incluse în scopul auditului, testarea securității sistemelor de operare utilizate și testarea securității infrastructurii rețelei",o scanare a documentației utilizată în procedura de lucru,b
752,Intrările şi ieşirile de numerar şi echivalente de numerar generate de activitatea companiei sunt grupate în situaţie financiară denumită:,listă de inventar,situaţia fluxurilor de trezorerie,notă contabilă,b
753,"Conform prevederilor normative emise de A.S.F., entitățile autorizate au obligația de efectua un audit IT extern. În baza cărui tip de document trebuie contractat auditul?","în baza unui contract de audit IT, încheiat între entitatea care a solicitat auditarea și un auditor IT extern înscris în Lista auditorilor IT externi menținută de A.S.F.",în baza unei convenții civile încheiată cu un specialist IT,în baza unui contract de audit IT,a
754,Entitatea autorizată are obligația de a menține evidența următoarelor modificări majore ale sistemelor informatice importante:,schimbarea unei stații de lucru,înlocuirea unei persoane din cadrul echipei,"schimbarea integrală a sistemelor/programelor informatice importante, externalizarea unor servicii IT, schimbarea proceselor de arhivare electronică, de restaurare sau de sincronizare a bazelor de date",c
755,Valoarea de inventar a unui activ reprezintă:,valoarea amortizată,"valoarea activului casat, stabilită cu ocazia evaluării la inventariere","valoarea contabilă a activului, stabilită cu ocazia evaluării la inventariere, respectiv valoarea înscrisă în listele de inventariere",c
756,"Cu privire la raportările de prevenirea și combaterea spălării banilor, conform prevederilor legale aplicabile, sunt cuprinse în categoria entităților care au obligația raportare și intermediarii de asigurări, atunci când aceștia distribuie:",produse de asigurări generale,"produse de investiţii bazate pe asigurări, produse de asigurare de viaţă, produse încadrate în categoria asigurărilor de garanţii",produse de asigurare de accidente,b
757,"Din categoria entităților autorizate care sunt exceptate de la obligația raportărilor privind prevenirea și combaterea spălării banilor, conform prevederilor legale aplicabile, fac parte:","intermediarii secundari așa cum sunt definiţi în Legea nr. 236/2018, cu completările ulterioare",intermediarii principali,societățile de asigurare-reasigurare,a
758,"Conform reglementărilor A.S.F. privind instituirea măsurilor de prevenire și combatere a spălării banilor și a finanțării terorismului prin intermediul sectoarelor financiare supravegheate, entitățile supravegheate:","au obligația să desemneze una sau mai multe persoane din cadrul personalului propriu, care să aibă responsabilități în întocmirea unor proceduri interne","au obligația să desemneze una sau mai multe persoane din rândul personalului propriu, cu responsabilități în aplicarea și respectarea prevederilor legale în vigoare privind combaterea spălării banilor și a finanțării actelor de terorism","au obligația să desemneze una sau mai multe persoane din cadrul personalului propriu, care să aibă responsabilități în verificarea fluxurilor de numerar",b
759,"Conform principiului contabilității de angajament, situațiile financiare sunt elaborate astfel încât:",efectele tranzacțiilor și ale altor evenimente să fie recunoscute atunci când acestea se produc și sunt înregistrate în evidențele contabile și raportate în situațiile financiare ale perioadelor aferente,efectele tranzacțiilor și ale altor evenimente să fie recunoscute atunci când se întocmesc situațiile financiare anuale,"efectele tranzacţiilor sunt înregistrate în evidenţele contabile, dar nu influențează rezultatele",a
760,"Entitățile reglementate iau măsuri de identificare și evaluare a riscului de spălare a banilor și/sau de finanțare a actelor de terorism, la un nivel proporțional:",cu amploarea și complexitatea activității,cu numărul de angajați,cu numărul polițelor intermediate în anul precedent,a
761,"Potrivit prevederilor normative ale A.S.F, fiecare entitate autorizată se încadrează în una dintre următoarele categorii de risc:",risc major și risc mediu,risc important și risc scăzut,"risc major, risc important, risc mediu, risc scăzut",c
762,"Potrivit Normei A.S.F. nr.4/2018, entităţile autorizate/avizate/înregistrate, reglementate şi/sau supravegheate de către A.S.F. sunt obligate să:",modernizeze anual sistemele informatice,dispună măsuri de identificare și evaluare a riscului de spălare a banilor și/sau de finanțare a actelor de terorism,raporteze anual numele persoanelor care accesează sistemul informatic,b
763,"În situația în care, în urma întocmirii Raportului de audit au fost identificate deficiențe și/sau vulnerabilități, entitățile autorizate au obligația de a transmite reglementatorului:",lista angajaților care au avut acces în sistemul informatic în perioada auditării,câteva variante privind modalitatea de remediere a deficiențelor,Raportul de audit împreună cu Planul de acțiune din care să rezulte și modalitatea de remediere a deficiențelor/vulnerabilităților identificate de auditor,c
764,"În cadrul companiei de brokeraj, procedurile privind soluţionarea petiţiilor se aprobă de către:",managerul departamentului de vânzări,conducerea executivă a societății,juristul societății,b
765,"Încadrarea entității, care prestează mai multe tipuri de activități autorizate și care se clasifică în mai multe categorii de risc, se face:",în categoria de risc scăzut,în categoria de risc mediu,în categoria de risc cea mai ridicată,c
766,Precizați cine răspunde de îndeplinirea cerințelor de competenţă profesională a distribuitorilor în asigurări și/sau reasigurări:,Autoritatea de Supraveghere Financiară,"societăţile de asigurare, respectiv intermediarii principali, prin intermediul cărora desfășoară activitatea de distribuție",furnizorii de programe autorizați de Autoritatea de Supraveghere Financiară,b
767,Pregătirea profesională în domeniul distribuției de asigurări se realizează prin:,evenimente organizate în scop educațional la sală sau în sistem online,"cursuri organizate de furnizorii de programe autorizați, respectiv avizați, după caz, de A.S.F., respectiv de societăți pentru angajații proprii",programe de mentorat combinate cu seminarii cu tematici specifice domeniului distribuției de asigurări,b
768,Registrul furnizorilor de programe poate fi consultat:,pe site-ul Autorității de Supraveghere Financiară,pe site-ul Institutului de Studii Finaciare,pe site-ul Autorității Naționale pentru Calificări,a
769,Examenul de absolvire a programelor de pregătire profesională în domeniul distribuției de asigurări este organizat de:,Autoritatea de Supraveghere Financiară,Institutul de Studii Financiare,Furnizorii de programe autorizați de Autoritatea de Supraveghere Financiară,b
770,Programele de pregătire profesională continuă sunt structurate:,"pe module de pregătire, fiecare modul având o durată de minimum 5 ore",conform recomandării lectorilor care asigură livrarea programului,pe tematici propuse de furnizorul de programe autorizat,a
771,Distribuitorii în asigurări și/sau reasigurări pot parcurge programe de pregătire profesională continuă:,doar dacă acestea au fost aprobate de ISF,doar dacă acestea au în structura cel puțin 3 module de pregătire,doar dacă furnizorul a obținut avizarea acestora de la A.S.F.,a
772,"Pentru a opta pentru susținerea examenului de definitivat în domeniul distribuției de asigurări, distribuitorul trebuie să:",dovedească finalizarea liceului,probeze că deține studii liceale absolvite cu diploma de bacalaureat,probeze că are experiență profesională relevantă domeniul distribuției de asigurări,b
773,Examenul de definitivat se poate susține la ISF doar dacă distribuitorul în asigurări și/sau reasigurări:,a efectuat anual programe de pregătire profesională continuă,dovedește că are o bună reputație,a parcurs 3 cicluri de pregătire profesională finalizate cu promovarea examenului la ISF,c
774,Menținerea de către un distribuitor în asigurări și/sau reasigurări a certificatului de absolvire a definitivatului se realizează prin:,"acumularea, în fiecare an calendaristic, a cel puțin 15 ore (credite) de pregătire profesională continuă și înregistrarea dovezii în contul său din platforma ISF",susținerea unui examen de pregătire profesională continuă la perioade succesive de 3 ani de la data obținerii definitivatului,încheierea anuală de contracte de asigurare complexe,a
775,Un distribuitor în asigurări și/sau reasigurări cu definitivat își poate redobândi dreptul de a profesa:,fără a mai susține examenul de definitivat prin recuperarea tuturor creditelor de pregătire profesională continuă și absolvirea unui nou examen de pregătire profesională continuă în termen de 6 luni de la data la care trebuiau acumulate creditele,prin acumularea a 45 de ore de pregătire profesională continuă,"prin susținerea, în cel mai scurt timp, a unui nou examen de definitivat",a
